ISO-10303-21;
HEADER;
/* Generated by software containing ST-Developer
 * from STEP Tools, Inc. (www.steptools.com) 
 */

FILE_DESCRIPTION(
/* description */ (''),
/* implementation_level */ '2;1');

FILE_NAME(
/* name */ 'arm_bottom.step',
/* time_stamp */ '2026-08-19T17:06:24-05:00',
/* author */ (''),
/* organization */ (''),
/* preprocessor_version */ 'ST-DEVELOPER v20.1',
/* originating_system */ 'Autodesk Translation Framework v15.8.0.0',
/* authorisation */ '');

FILE_SCHEMA (('AUTOMOTIVE_DESIGN { 1 0 10303 214 3 1 1 }'));
ENDSEC;

DATA;
#10=MECHANICAL_DESIGN_GEOMETRIC_PRESENTATION_REPRESENTATION('',(#13),#6389);
#11=SHAPE_REPRESENTATION_RELATIONSHIP('SRR','None',#6399,#12);
#12=ADVANCED_BREP_SHAPE_REPRESENTATION('',(#14),#6388);
#13=STYLED_ITEM('',(#6408),#14);
#14=MANIFOLD_SOLID_BREP('Body1',#3907);
#15=B_SPLINE_SURFACE_WITH_KNOTS('',3,1,((#5988,#5989),(#5990,#5991),(#5992,
#5993),(#5994,#5995),(#5996,#5997),(#5998,#5999)),.UNSPECIFIED.,.F.,.F.,
 .F.,(4,2,4),(2,2),(3.63403957242264,3.69320427802871,4.48749536979184),
(0.,0.254),.UNSPECIFIED.);
#16=B_SPLINE_SURFACE_WITH_KNOTS('',3,1,((#6008,#6009),(#6010,#6011),(#6012,
#6013),(#6014,#6015)),.UNSPECIFIED.,.F.,.F.,.F.,(4,4),(2,2),(0.0857983746265553,
0.690698088015795),(0.,0.254),.UNSPECIFIED.);
#17=B_SPLINE_SURFACE_WITH_KNOTS('',3,3,((#6181,#6182,#6183,#6184),(#6185,
#6186,#6187,#6188),(#6189,#6190,#6191,#6192),(#6193,#6194,#6195,#6196)),
 .UNSPECIFIED.,.F.,.F.,.F.,(4,4),(4,4),(0.627241525987864,0.727474820569704),
(0.74243943763171,0.888888888888891),.UNSPECIFIED.);
#18=B_SPLINE_SURFACE_WITH_KNOTS('',3,3,((#6295,#6296,#6297,#6298),(#6299,
#6300,#6301,#6302),(#6303,#6304,#6305,#6306),(#6307,#6308,#6309,#6310)),
 .UNSPECIFIED.,.F.,.F.,.F.,(4,4),(4,4),(0.241120811725983,0.341860567530152),
(0.732329598276972,0.888888888888932),.UNSPECIFIED.);
#19=B_SPLINE_CURVE_WITH_KNOTS('',3,(#5782,#5783,#5784,#5785),
 .UNSPECIFIED.,.F.,.F.,(4,4),(-0.60292050044746,0.),.UNSPECIFIED.);
#20=B_SPLINE_CURVE_WITH_KNOTS('',3,(#5823,#5824,#5825,#5826),
 .UNSPECIFIED.,.F.,.F.,(4,4),(0.,0.00626684924760734),.UNSPECIFIED.);
#21=B_SPLINE_CURVE_WITH_KNOTS('',3,(#5832,#5833,#5834,#5835,#5836,#5837,
#5838),.UNSPECIFIED.,.F.,.F.,(4,3,4),(-0.851952237234956,-0.0590604732685869,
0.),.UNSPECIFIED.);
#22=B_SPLINE_CURVE_WITH_KNOTS('',3,(#5844,#5845,#5846,#5847),
 .UNSPECIFIED.,.F.,.F.,(4,4),(0.127372803862117,0.364842026573454),
 .UNSPECIFIED.);
#23=B_SPLINE_CURVE_WITH_KNOTS('',3,(#5906,#5907,#5908,#5909),
 .UNSPECIFIED.,.F.,.F.,(4,4),(0.0648501044709982,0.327937818762494),
 .UNSPECIFIED.);
#24=B_SPLINE_CURVE_WITH_KNOTS('',3,(#6002,#6003,#6004,#6005,#6006,#6007),
 .UNSPECIFIED.,.F.,.F.,(4,2,4),(3.63403957242264,3.69320427802871,4.48749536979184),
 .UNSPECIFIED.);
#25=B_SPLINE_CURVE_WITH_KNOTS('',3,(#6018,#6019,#6020,#6021),
 .UNSPECIFIED.,.F.,.F.,(4,4),(0.0857983746265553,0.690698088015795),
 .UNSPECIFIED.);
#26=B_SPLINE_CURVE_WITH_KNOTS('',3,(#6177,#6178,#6179,#6180),
 .UNSPECIFIED.,.F.,.F.,(4,4),(-1.19605145184439,-0.855359648278103),
 .UNSPECIFIED.);
#27=B_SPLINE_CURVE_WITH_KNOTS('',3,(#6198,#6199,#6200,#6201),
 .UNSPECIFIED.,.F.,.F.,(4,4),(0.0538516328277896,0.220269909124498),
 .UNSPECIFIED.);
#28=B_SPLINE_CURVE_WITH_KNOTS('',3,(#6203,#6204,#6205,#6206),
 .UNSPECIFIED.,.F.,.F.,(4,4),(0.0562079313503398,0.745642916706838),
 .UNSPECIFIED.);
#29=B_SPLINE_CURVE_WITH_KNOTS('',3,(#6207,#6208,#6209,#6210),
 .UNSPECIFIED.,.F.,.F.,(4,4),(-0.792568425740813,-0.0175554256133641),
 .UNSPECIFIED.);
#30=B_SPLINE_CURVE_WITH_KNOTS('',3,(#6311,#6312,#6313,#6314),
 .UNSPECIFIED.,.F.,.F.,(4,4),(0.119058457916905,0.125102513282614),
 .UNSPECIFIED.);
#31=B_SPLINE_CURVE_WITH_KNOTS('',3,(#6316,#6317,#6318,#6319),
 .UNSPECIFIED.,.F.,.F.,(4,4),(0.,0.0062187582083077),.UNSPECIFIED.);
#32=B_SPLINE_CURVE_WITH_KNOTS('',3,(#6321,#6322,#6323,#6324),
 .UNSPECIFIED.,.F.,.F.,(4,4),(0.0552597233917978,0.463377850201151),
 .UNSPECIFIED.);
#33=B_SPLINE_CURVE_WITH_KNOTS('',3,(#6325,#6326,#6327,#6328),
 .UNSPECIFIED.,.F.,.F.,(4,4),(0.0575035358343249,0.74797197004082),
 .UNSPECIFIED.);
#34=FACE_BOUND('',#423,.T.);
#35=FACE_BOUND('',#445,.T.);
#36=FACE_BOUND('',#447,.T.);
#37=FACE_BOUND('',#478,.T.);
#38=FACE_BOUND('',#487,.T.);
#39=FACE_BOUND('',#488,.T.);
#40=FACE_BOUND('',#493,.T.);
#41=FACE_BOUND('',#494,.T.);
#42=FACE_BOUND('',#518,.T.);
#43=FACE_BOUND('',#519,.T.);
#44=FACE_BOUND('',#524,.T.);
#45=FACE_BOUND('',#540,.T.);
#46=FACE_BOUND('',#541,.T.);
#47=FACE_BOUND('',#542,.T.);
#48=PLANE('',#3927);
#49=PLANE('',#3928);
#50=PLANE('',#3929);
#51=PLANE('',#3930);
#52=PLANE('',#3934);
#53=PLANE('',#3935);
#54=PLANE('',#3939);
#55=PLANE('',#3940);
#56=PLANE('',#3941);
#57=PLANE('',#3942);
#58=PLANE('',#3943);
#59=PLANE('',#3944);
#60=PLANE('',#3945);
#61=PLANE('',#3946);
#62=PLANE('',#3947);
#63=PLANE('',#3948);
#64=PLANE('',#3949);
#65=PLANE('',#3950);
#66=PLANE('',#3951);
#67=PLANE('',#3952);
#68=PLANE('',#3956);
#69=PLANE('',#3957);
#70=PLANE('',#3958);
#71=PLANE('',#3959);
#72=PLANE('',#3960);
#73=PLANE('',#3961);
#74=PLANE('',#3962);
#75=PLANE('',#3963);
#76=PLANE('',#3964);
#77=PLANE('',#3965);
#78=PLANE('',#3966);
#79=PLANE('',#3969);
#80=PLANE('',#3970);
#81=PLANE('',#3973);
#82=PLANE('',#3974);
#83=PLANE('',#3977);
#84=PLANE('',#3978);
#85=PLANE('',#3979);
#86=PLANE('',#3980);
#87=PLANE('',#3981);
#88=PLANE('',#3982);
#89=PLANE('',#3983);
#90=PLANE('',#3984);
#91=PLANE('',#3985);
#92=PLANE('',#3986);
#93=PLANE('',#3987);
#94=PLANE('',#3988);
#95=PLANE('',#3989);
#96=PLANE('',#3990);
#97=PLANE('',#3991);
#98=PLANE('',#3992);
#99=PLANE('',#3996);
#100=PLANE('',#3997);
#101=PLANE('',#4001);
#102=PLANE('',#4002);
#103=PLANE('',#4006);
#104=PLANE('',#4007);
#105=PLANE('',#4011);
#106=PLANE('',#4015);
#107=PLANE('',#4016);
#108=PLANE('',#4020);
#109=PLANE('',#4021);
#110=PLANE('',#4022);
#111=PLANE('',#4023);
#112=PLANE('',#4024);
#113=PLANE('',#4033);
#114=PLANE('',#4042);
#115=PLANE('',#4043);
#116=PLANE('',#4044);
#117=PLANE('',#4045);
#118=PLANE('',#4046);
#119=PLANE('',#4047);
#120=PLANE('',#4048);
#121=PLANE('',#4049);
#122=PLANE('',#4050);
#123=PLANE('',#4051);
#124=PLANE('',#4052);
#125=PLANE('',#4061);
#126=PLANE('',#4062);
#127=PLANE('',#4063);
#128=PLANE('',#4064);
#129=PLANE('',#4065);
#130=PLANE('',#4066);
#131=PLANE('',#4067);
#132=PLANE('',#4068);
#133=PLANE('',#4069);
#134=PLANE('',#4070);
#135=PLANE('',#4071);
#136=PLANE('',#4072);
#137=PLANE('',#4073);
#138=PLANE('',#4074);
#139=PLANE('',#4075);
#140=PLANE('',#4076);
#141=PLANE('',#4079);
#142=PLANE('',#4080);
#143=PLANE('',#4087);
#144=PLANE('',#4088);
#145=PLANE('',#4089);
#146=PLANE('',#4090);
#147=PLANE('',#4091);
#148=PLANE('',#4092);
#149=PLANE('',#4093);
#150=PLANE('',#4094);
#151=PLANE('',#4095);
#152=PLANE('',#4096);
#153=PLANE('',#4097);
#154=PLANE('',#4098);
#155=PLANE('',#4099);
#156=PLANE('',#4100);
#157=PLANE('',#4101);
#158=PLANE('',#4114);
#159=PLANE('',#4117);
#160=PLANE('',#4118);
#161=PLANE('',#4119);
#162=PLANE('',#4120);
#163=PLANE('',#4121);
#164=PLANE('',#4122);
#165=PLANE('',#4123);
#166=PLANE('',#4124);
#167=PLANE('',#4125);
#168=PLANE('',#4126);
#169=PLANE('',#4127);
#170=PLANE('',#4128);
#171=PLANE('',#4131);
#172=PLANE('',#4132);
#173=PLANE('',#4133);
#174=PLANE('',#4134);
#175=PLANE('',#4135);
#176=PLANE('',#4136);
#177=PLANE('',#4137);
#178=PLANE('',#4138);
#179=PLANE('',#4139);
#180=PLANE('',#4140);
#181=PLANE('',#4141);
#182=PLANE('',#4142);
#183=PLANE('',#4144);
#184=PLANE('',#4146);
#185=PLANE('',#4147);
#186=PLANE('',#4148);
#187=PLANE('',#4150);
#188=PLANE('',#4151);
#189=PLANE('',#4153);
#190=PLANE('',#4154);
#191=PLANE('',#4155);
#192=PLANE('',#4156);
#193=PLANE('',#4157);
#194=PLANE('',#4158);
#195=PLANE('',#4159);
#196=PLANE('',#4160);
#197=PLANE('',#4161);
#198=PLANE('',#4162);
#199=PLANE('',#4163);
#200=PLANE('',#4164);
#201=PLANE('',#4165);
#202=PLANE('',#4166);
#203=PLANE('',#4167);
#204=PLANE('',#4168);
#205=PLANE('',#4169);
#206=PLANE('',#4170);
#207=PLANE('',#4171);
#208=PLANE('',#4172);
#209=FACE_OUTER_BOUND('',#399,.T.);
#210=FACE_OUTER_BOUND('',#400,.T.);
#211=FACE_OUTER_BOUND('',#401,.T.);
#212=FACE_OUTER_BOUND('',#402,.T.);
#213=FACE_OUTER_BOUND('',#403,.T.);
#214=FACE_OUTER_BOUND('',#404,.T.);
#215=FACE_OUTER_BOUND('',#405,.T.);
#216=FACE_OUTER_BOUND('',#406,.T.);
#217=FACE_OUTER_BOUND('',#407,.T.);
#218=FACE_OUTER_BOUND('',#408,.T.);
#219=FACE_OUTER_BOUND('',#409,.T.);
#220=FACE_OUTER_BOUND('',#410,.T.);
#221=FACE_OUTER_BOUND('',#411,.T.);
#222=FACE_OUTER_BOUND('',#412,.T.);
#223=FACE_OUTER_BOUND('',#413,.T.);
#224=FACE_OUTER_BOUND('',#414,.T.);
#225=FACE_OUTER_BOUND('',#415,.T.);
#226=FACE_OUTER_BOUND('',#416,.T.);
#227=FACE_OUTER_BOUND('',#417,.T.);
#228=FACE_OUTER_BOUND('',#418,.T.);
#229=FACE_OUTER_BOUND('',#419,.T.);
#230=FACE_OUTER_BOUND('',#420,.T.);
#231=FACE_OUTER_BOUND('',#421,.T.);
#232=FACE_OUTER_BOUND('',#422,.T.);
#233=FACE_OUTER_BOUND('',#424,.T.);
#234=FACE_OUTER_BOUND('',#425,.T.);
#235=FACE_OUTER_BOUND('',#426,.T.);
#236=FACE_OUTER_BOUND('',#427,.T.);
#237=FACE_OUTER_BOUND('',#428,.T.);
#238=FACE_OUTER_BOUND('',#429,.T.);
#239=FACE_OUTER_BOUND('',#430,.T.);
#240=FACE_OUTER_BOUND('',#431,.T.);
#241=FACE_OUTER_BOUND('',#432,.T.);
#242=FACE_OUTER_BOUND('',#433,.T.);
#243=FACE_OUTER_BOUND('',#434,.T.);
#244=FACE_OUTER_BOUND('',#435,.T.);
#245=FACE_OUTER_BOUND('',#436,.T.);
#246=FACE_OUTER_BOUND('',#437,.T.);
#247=FACE_OUTER_BOUND('',#438,.T.);
#248=FACE_OUTER_BOUND('',#439,.T.);
#249=FACE_OUTER_BOUND('',#440,.T.);
#250=FACE_OUTER_BOUND('',#441,.T.);
#251=FACE_OUTER_BOUND('',#442,.T.);
#252=FACE_OUTER_BOUND('',#443,.T.);
#253=FACE_OUTER_BOUND('',#444,.T.);
#254=FACE_OUTER_BOUND('',#446,.T.);
#255=FACE_OUTER_BOUND('',#448,.T.);
#256=FACE_OUTER_BOUND('',#449,.T.);
#257=FACE_OUTER_BOUND('',#450,.T.);
#258=FACE_OUTER_BOUND('',#451,.T.);
#259=FACE_OUTER_BOUND('',#452,.T.);
#260=FACE_OUTER_BOUND('',#453,.T.);
#261=FACE_OUTER_BOUND('',#454,.T.);
#262=FACE_OUTER_BOUND('',#455,.T.);
#263=FACE_OUTER_BOUND('',#456,.T.);
#264=FACE_OUTER_BOUND('',#457,.T.);
#265=FACE_OUTER_BOUND('',#458,.T.);
#266=FACE_OUTER_BOUND('',#459,.T.);
#267=FACE_OUTER_BOUND('',#460,.T.);
#268=FACE_OUTER_BOUND('',#461,.T.);
#269=FACE_OUTER_BOUND('',#462,.T.);
#270=FACE_OUTER_BOUND('',#463,.T.);
#271=FACE_OUTER_BOUND('',#464,.T.);
#272=FACE_OUTER_BOUND('',#465,.T.);
#273=FACE_OUTER_BOUND('',#466,.T.);
#274=FACE_OUTER_BOUND('',#467,.T.);
#275=FACE_OUTER_BOUND('',#468,.T.);
#276=FACE_OUTER_BOUND('',#469,.T.);
#277=FACE_OUTER_BOUND('',#470,.T.);
#278=FACE_OUTER_BOUND('',#471,.T.);
#279=FACE_OUTER_BOUND('',#472,.T.);
#280=FACE_OUTER_BOUND('',#473,.T.);
#281=FACE_OUTER_BOUND('',#474,.T.);
#282=FACE_OUTER_BOUND('',#475,.T.);
#283=FACE_OUTER_BOUND('',#476,.T.);
#284=FACE_OUTER_BOUND('',#477,.T.);
#285=FACE_OUTER_BOUND('',#479,.T.);
#286=FACE_OUTER_BOUND('',#480,.T.);
#287=FACE_OUTER_BOUND('',#481,.T.);
#288=FACE_OUTER_BOUND('',#482,.T.);
#289=FACE_OUTER_BOUND('',#483,.T.);
#290=FACE_OUTER_BOUND('',#484,.T.);
#291=FACE_OUTER_BOUND('',#485,.T.);
#292=FACE_OUTER_BOUND('',#486,.T.);
#293=FACE_OUTER_BOUND('',#489,.T.);
#294=FACE_OUTER_BOUND('',#490,.T.);
#295=FACE_OUTER_BOUND('',#491,.T.);
#296=FACE_OUTER_BOUND('',#492,.T.);
#297=FACE_OUTER_BOUND('',#495,.T.);
#298=FACE_OUTER_BOUND('',#496,.T.);
#299=FACE_OUTER_BOUND('',#497,.T.);
#300=FACE_OUTER_BOUND('',#498,.T.);
#301=FACE_OUTER_BOUND('',#499,.T.);
#302=FACE_OUTER_BOUND('',#500,.T.);
#303=FACE_OUTER_BOUND('',#501,.T.);
#304=FACE_OUTER_BOUND('',#502,.T.);
#305=FACE_OUTER_BOUND('',#503,.T.);
#306=FACE_OUTER_BOUND('',#504,.T.);
#307=FACE_OUTER_BOUND('',#505,.T.);
#308=FACE_OUTER_BOUND('',#506,.T.);
#309=FACE_OUTER_BOUND('',#507,.T.);
#310=FACE_OUTER_BOUND('',#508,.T.);
#311=FACE_OUTER_BOUND('',#509,.T.);
#312=FACE_OUTER_BOUND('',#510,.T.);
#313=FACE_OUTER_BOUND('',#511,.T.);
#314=FACE_OUTER_BOUND('',#512,.T.);
#315=FACE_OUTER_BOUND('',#513,.T.);
#316=FACE_OUTER_BOUND('',#514,.T.);
#317=FACE_OUTER_BOUND('',#515,.T.);
#318=FACE_OUTER_BOUND('',#516,.T.);
#319=FACE_OUTER_BOUND('',#517,.T.);
#320=FACE_OUTER_BOUND('',#520,.T.);
#321=FACE_OUTER_BOUND('',#521,.T.);
#322=FACE_OUTER_BOUND('',#522,.T.);
#323=FACE_OUTER_BOUND('',#523,.T.);
#324=FACE_OUTER_BOUND('',#525,.T.);
#325=FACE_OUTER_BOUND('',#526,.T.);
#326=FACE_OUTER_BOUND('',#527,.T.);
#327=FACE_OUTER_BOUND('',#528,.T.);
#328=FACE_OUTER_BOUND('',#529,.T.);
#329=FACE_OUTER_BOUND('',#530,.T.);
#330=FACE_OUTER_BOUND('',#531,.T.);
#331=FACE_OUTER_BOUND('',#532,.T.);
#332=FACE_OUTER_BOUND('',#533,.T.);
#333=FACE_OUTER_BOUND('',#534,.T.);
#334=FACE_OUTER_BOUND('',#535,.T.);
#335=FACE_OUTER_BOUND('',#536,.T.);
#336=FACE_OUTER_BOUND('',#537,.T.);
#337=FACE_OUTER_BOUND('',#538,.T.);
#338=FACE_OUTER_BOUND('',#539,.T.);
#339=FACE_OUTER_BOUND('',#543,.T.);
#340=FACE_OUTER_BOUND('',#544,.T.);
#341=FACE_OUTER_BOUND('',#545,.T.);
#342=FACE_OUTER_BOUND('',#546,.T.);
#343=FACE_OUTER_BOUND('',#547,.T.);
#344=FACE_OUTER_BOUND('',#548,.T.);
#345=FACE_OUTER_BOUND('',#549,.T.);
#346=FACE_OUTER_BOUND('',#550,.T.);
#347=FACE_OUTER_BOUND('',#551,.T.);
#348=FACE_OUTER_BOUND('',#552,.T.);
#349=FACE_OUTER_BOUND('',#553,.T.);
#350=FACE_OUTER_BOUND('',#554,.T.);
#351=FACE_OUTER_BOUND('',#555,.T.);
#352=FACE_OUTER_BOUND('',#556,.T.);
#353=FACE_OUTER_BOUND('',#557,.T.);
#354=FACE_OUTER_BOUND('',#558,.T.);
#355=FACE_OUTER_BOUND('',#559,.T.);
#356=FACE_OUTER_BOUND('',#560,.T.);
#357=FACE_OUTER_BOUND('',#561,.T.);
#358=FACE_OUTER_BOUND('',#562,.T.);
#359=FACE_OUTER_BOUND('',#563,.T.);
#360=FACE_OUTER_BOUND('',#564,.T.);
#361=FACE_OUTER_BOUND('',#565,.T.);
#362=FACE_OUTER_BOUND('',#566,.T.);
#363=FACE_OUTER_BOUND('',#567,.T.);
#364=FACE_OUTER_BOUND('',#568,.T.);
#365=FACE_OUTER_BOUND('',#569,.T.);
#366=FACE_OUTER_BOUND('',#570,.T.);
#367=FACE_OUTER_BOUND('',#571,.T.);
#368=FACE_OUTER_BOUND('',#572,.T.);
#369=FACE_OUTER_BOUND('',#573,.T.);
#370=FACE_OUTER_BOUND('',#574,.T.);
#371=FACE_OUTER_BOUND('',#575,.T.);
#372=FACE_OUTER_BOUND('',#576,.T.);
#373=FACE_OUTER_BOUND('',#577,.T.);
#374=FACE_OUTER_BOUND('',#578,.T.);
#375=FACE_OUTER_BOUND('',#579,.T.);
#376=FACE_OUTER_BOUND('',#580,.T.);
#377=FACE_OUTER_BOUND('',#581,.T.);
#378=FACE_OUTER_BOUND('',#582,.T.);
#379=FACE_OUTER_BOUND('',#583,.T.);
#380=FACE_OUTER_BOUND('',#584,.T.);
#381=FACE_OUTER_BOUND('',#585,.T.);
#382=FACE_OUTER_BOUND('',#586,.T.);
#383=FACE_OUTER_BOUND('',#587,.T.);
#384=FACE_OUTER_BOUND('',#588,.T.);
#385=FACE_OUTER_BOUND('',#589,.T.);
#386=FACE_OUTER_BOUND('',#590,.T.);
#387=FACE_OUTER_BOUND('',#591,.T.);
#388=FACE_OUTER_BOUND('',#592,.T.);
#389=FACE_OUTER_BOUND('',#593,.T.);
#390=FACE_OUTER_BOUND('',#594,.T.);
#391=FACE_OUTER_BOUND('',#595,.T.);
#392=FACE_OUTER_BOUND('',#596,.T.);
#393=FACE_OUTER_BOUND('',#597,.T.);
#394=FACE_OUTER_BOUND('',#598,.T.);
#395=FACE_OUTER_BOUND('',#599,.T.);
#396=FACE_OUTER_BOUND('',#600,.T.);
#397=FACE_OUTER_BOUND('',#601,.T.);
#398=FACE_OUTER_BOUND('',#602,.T.);
#399=EDGE_LOOP('',(#2566,#2567,#2568,#2569));
#400=EDGE_LOOP('',(#2570,#2571,#2572,#2573,#2574));
#401=EDGE_LOOP('',(#2575,#2576,#2577,#2578));
#402=EDGE_LOOP('',(#2579,#2580,#2581,#2582,#2583));
#403=EDGE_LOOP('',(#2584,#2585,#2586,#2587,#2588));
#404=EDGE_LOOP('',(#2589,#2590,#2591,#2592));
#405=EDGE_LOOP('',(#2593,#2594,#2595,#2596,#2597));
#406=EDGE_LOOP('',(#2598,#2599,#2600,#2601));
#407=EDGE_LOOP('',(#2602,#2603,#2604,#2605));
#408=EDGE_LOOP('',(#2606,#2607,#2608,#2609));
#409=EDGE_LOOP('',(#2610,#2611,#2612,#2613));
#410=EDGE_LOOP('',(#2614,#2615,#2616,#2617));
#411=EDGE_LOOP('',(#2618,#2619,#2620,#2621));
#412=EDGE_LOOP('',(#2622,#2623,#2624,#2625));
#413=EDGE_LOOP('',(#2626,#2627,#2628,#2629));
#414=EDGE_LOOP('',(#2630,#2631,#2632,#2633));
#415=EDGE_LOOP('',(#2634,#2635,#2636,#2637));
#416=EDGE_LOOP('',(#2638,#2639,#2640,#2641));
#417=EDGE_LOOP('',(#2642,#2643,#2644,#2645));
#418=EDGE_LOOP('',(#2646,#2647,#2648,#2649));
#419=EDGE_LOOP('',(#2650,#2651,#2652,#2653));
#420=EDGE_LOOP('',(#2654,#2655,#2656,#2657));
#421=EDGE_LOOP('',(#2658,#2659,#2660,#2661));
#422=EDGE_LOOP('',(#2662,#2663,#2664,#2665,#2666,#2667,#2668,#2669,#2670,
#2671,#2672,#2673,#2674,#2675,#2676,#2677,#2678,#2679,#2680,#2681));
#423=EDGE_LOOP('',(#2682,#2683,#2684,#2685,#2686,#2687,#2688,#2689,#2690,
#2691,#2692,#2693,#2694,#2695,#2696,#2697,#2698,#2699,#2700,#2701,#2702,
#2703));
#424=EDGE_LOOP('',(#2704,#2705,#2706,#2707));
#425=EDGE_LOOP('',(#2708,#2709,#2710,#2711));
#426=EDGE_LOOP('',(#2712,#2713,#2714,#2715));
#427=EDGE_LOOP('',(#2716,#2717,#2718,#2719));
#428=EDGE_LOOP('',(#2720,#2721,#2722,#2723));
#429=EDGE_LOOP('',(#2724,#2725,#2726,#2727));
#430=EDGE_LOOP('',(#2728,#2729,#2730,#2731));
#431=EDGE_LOOP('',(#2732,#2733,#2734,#2735));
#432=EDGE_LOOP('',(#2736,#2737,#2738,#2739));
#433=EDGE_LOOP('',(#2740,#2741,#2742,#2743));
#434=EDGE_LOOP('',(#2744,#2745,#2746,#2747));
#435=EDGE_LOOP('',(#2748,#2749,#2750,#2751));
#436=EDGE_LOOP('',(#2752,#2753,#2754,#2755));
#437=EDGE_LOOP('',(#2756,#2757,#2758,#2759));
#438=EDGE_LOOP('',(#2760,#2761,#2762,#2763));
#439=EDGE_LOOP('',(#2764,#2765,#2766,#2767));
#440=EDGE_LOOP('',(#2768,#2769,#2770,#2771));
#441=EDGE_LOOP('',(#2772,#2773,#2774,#2775));
#442=EDGE_LOOP('',(#2776,#2777,#2778,#2779));
#443=EDGE_LOOP('',(#2780,#2781,#2782,#2783));
#444=EDGE_LOOP('',(#2784,#2785,#2786,#2787,#2788,#2789,#2790,#2791,#2792,
#2793,#2794,#2795,#2796,#2797,#2798,#2799,#2800,#2801,#2802,#2803,#2804,
#2805));
#445=EDGE_LOOP('',(#2806));
#446=EDGE_LOOP('',(#2807,#2808,#2809,#2810,#2811,#2812,#2813,#2814,#2815,
#2816,#2817,#2818,#2819,#2820,#2821,#2822,#2823,#2824,#2825,#2826,#2827,
#2828));
#447=EDGE_LOOP('',(#2829));
#448=EDGE_LOOP('',(#2830,#2831,#2832,#2833));
#449=EDGE_LOOP('',(#2834,#2835,#2836,#2837));
#450=EDGE_LOOP('',(#2838,#2839,#2840,#2841));
#451=EDGE_LOOP('',(#2842,#2843,#2844,#2845));
#452=EDGE_LOOP('',(#2846,#2847,#2848,#2849));
#453=EDGE_LOOP('',(#2850,#2851,#2852,#2853));
#454=EDGE_LOOP('',(#2854,#2855,#2856,#2857));
#455=EDGE_LOOP('',(#2858,#2859,#2860,#2861));
#456=EDGE_LOOP('',(#2862,#2863,#2864,#2865));
#457=EDGE_LOOP('',(#2866,#2867,#2868,#2869));
#458=EDGE_LOOP('',(#2870,#2871,#2872,#2873));
#459=EDGE_LOOP('',(#2874,#2875,#2876,#2877));
#460=EDGE_LOOP('',(#2878,#2879,#2880,#2881));
#461=EDGE_LOOP('',(#2882,#2883,#2884,#2885));
#462=EDGE_LOOP('',(#2886,#2887,#2888,#2889));
#463=EDGE_LOOP('',(#2890,#2891,#2892,#2893));
#464=EDGE_LOOP('',(#2894,#2895,#2896,#2897));
#465=EDGE_LOOP('',(#2898,#2899,#2900,#2901));
#466=EDGE_LOOP('',(#2902,#2903,#2904,#2905));
#467=EDGE_LOOP('',(#2906,#2907,#2908,#2909));
#468=EDGE_LOOP('',(#2910,#2911,#2912,#2913));
#469=EDGE_LOOP('',(#2914,#2915,#2916,#2917));
#470=EDGE_LOOP('',(#2918,#2919,#2920,#2921));
#471=EDGE_LOOP('',(#2922,#2923,#2924,#2925));
#472=EDGE_LOOP('',(#2926,#2927,#2928,#2929));
#473=EDGE_LOOP('',(#2930,#2931,#2932,#2933));
#474=EDGE_LOOP('',(#2934,#2935,#2936,#2937));
#475=EDGE_LOOP('',(#2938,#2939,#2940,#2941));
#476=EDGE_LOOP('',(#2942,#2943,#2944,#2945));
#477=EDGE_LOOP('',(#2946,#2947,#2948,#2949,#2950,#2951,#2952,#2953,#2954,
#2955,#2956,#2957,#2958,#2959,#2960,#2961,#2962,#2963,#2964,#2965));
#478=EDGE_LOOP('',(#2966,#2967,#2968,#2969,#2970,#2971,#2972,#2973,#2974,
#2975,#2976,#2977,#2978,#2979,#2980,#2981,#2982,#2983,#2984,#2985,#2986,
#2987));
#479=EDGE_LOOP('',(#2988,#2989,#2990,#2991));
#480=EDGE_LOOP('',(#2992,#2993));
#481=EDGE_LOOP('',(#2994,#2995,#2996,#2997,#2998,#2999));
#482=EDGE_LOOP('',(#3000,#3001,#3002,#3003));
#483=EDGE_LOOP('',(#3004,#3005));
#484=EDGE_LOOP('',(#3006,#3007,#3008,#3009,#3010,#3011));
#485=EDGE_LOOP('',(#3012,#3013,#3014,#3015));
#486=EDGE_LOOP('',(#3016,#3017,#3018,#3019,#3020,#3021));
#487=EDGE_LOOP('',(#3022));
#488=EDGE_LOOP('',(#3023));
#489=EDGE_LOOP('',(#3024,#3025,#3026,#3027));
#490=EDGE_LOOP('',(#3028,#3029,#3030,#3031));
#491=EDGE_LOOP('',(#3032,#3033,#3034,#3035));
#492=EDGE_LOOP('',(#3036,#3037,#3038,#3039,#3040));
#493=EDGE_LOOP('',(#3041));
#494=EDGE_LOOP('',(#3042));
#495=EDGE_LOOP('',(#3043,#3044,#3045,#3046));
#496=EDGE_LOOP('',(#3047,#3048,#3049,#3050));
#497=EDGE_LOOP('',(#3051,#3052,#3053,#3054,#3055,#3056,#3057,#3058,#3059,
#3060,#3061,#3062));
#498=EDGE_LOOP('',(#3063,#3064,#3065,#3066));
#499=EDGE_LOOP('',(#3067,#3068,#3069,#3070));
#500=EDGE_LOOP('',(#3071,#3072,#3073,#3074));
#501=EDGE_LOOP('',(#3075,#3076,#3077,#3078,#3079,#3080,#3081,#3082,#3083,
#3084,#3085,#3086,#3087,#3088,#3089));
#502=EDGE_LOOP('',(#3090,#3091,#3092,#3093,#3094));
#503=EDGE_LOOP('',(#3095,#3096,#3097,#3098));
#504=EDGE_LOOP('',(#3099,#3100,#3101,#3102,#3103,#3104));
#505=EDGE_LOOP('',(#3105,#3106,#3107,#3108));
#506=EDGE_LOOP('',(#3109,#3110,#3111,#3112));
#507=EDGE_LOOP('',(#3113,#3114,#3115,#3116));
#508=EDGE_LOOP('',(#3117,#3118,#3119,#3120,#3121,#3122,#3123,#3124));
#509=EDGE_LOOP('',(#3125,#3126,#3127,#3128));
#510=EDGE_LOOP('',(#3129,#3130,#3131,#3132,#3133,#3134,#3135,#3136,#3137,
#3138,#3139,#3140,#3141,#3142,#3143,#3144,#3145,#3146,#3147,#3148,#3149,
#3150,#3151,#3152));
#511=EDGE_LOOP('',(#3153,#3154,#3155,#3156));
#512=EDGE_LOOP('',(#3157,#3158,#3159,#3160));
#513=EDGE_LOOP('',(#3161,#3162,#3163,#3164));
#514=EDGE_LOOP('',(#3165,#3166,#3167,#3168));
#515=EDGE_LOOP('',(#3169,#3170,#3171,#3172,#3173,#3174));
#516=EDGE_LOOP('',(#3175,#3176,#3177,#3178,#3179,#3180,#3181,#3182,#3183,
#3184,#3185,#3186,#3187,#3188,#3189,#3190));
#517=EDGE_LOOP('',(#3191,#3192,#3193,#3194,#3195,#3196,#3197,#3198,#3199,
#3200,#3201,#3202,#3203));
#518=EDGE_LOOP('',(#3204));
#519=EDGE_LOOP('',(#3205));
#520=EDGE_LOOP('',(#3206,#3207,#3208,#3209));
#521=EDGE_LOOP('',(#3210,#3211,#3212,#3213));
#522=EDGE_LOOP('',(#3214,#3215,#3216,#3217));
#523=EDGE_LOOP('',(#3218,#3219,#3220,#3221,#3222,#3223,#3224,#3225,#3226,
#3227));
#524=EDGE_LOOP('',(#3228,#3229,#3230,#3231,#3232,#3233,#3234,#3235,#3236,
#3237,#3238,#3239,#3240,#3241,#3242,#3243,#3244,#3245,#3246,#3247));
#525=EDGE_LOOP('',(#3248,#3249,#3250,#3251));
#526=EDGE_LOOP('',(#3252,#3253,#3254,#3255));
#527=EDGE_LOOP('',(#3256,#3257,#3258,#3259,#3260,#3261,#3262,#3263,#3264,
#3265,#3266,#3267));
#528=EDGE_LOOP('',(#3268,#3269,#3270,#3271));
#529=EDGE_LOOP('',(#3272,#3273,#3274,#3275));
#530=EDGE_LOOP('',(#3276,#3277,#3278,#3279));
#531=EDGE_LOOP('',(#3280,#3281,#3282,#3283));
#532=EDGE_LOOP('',(#3284,#3285,#3286,#3287));
#533=EDGE_LOOP('',(#3288,#3289,#3290,#3291));
#534=EDGE_LOOP('',(#3292,#3293,#3294,#3295));
#535=EDGE_LOOP('',(#3296,#3297,#3298,#3299));
#536=EDGE_LOOP('',(#3300,#3301,#3302,#3303));
#537=EDGE_LOOP('',(#3304,#3305,#3306,#3307));
#538=EDGE_LOOP('',(#3308,#3309,#3310));
#539=EDGE_LOOP('',(#3311,#3312,#3313,#3314,#3315));
#540=EDGE_LOOP('',(#3316,#3317,#3318,#3319,#3320,#3321,#3322,#3323,#3324,
#3325,#3326,#3327,#3328,#3329,#3330,#3331,#3332));
#541=EDGE_LOOP('',(#3333,#3334,#3335));
#542=EDGE_LOOP('',(#3336,#3337,#3338,#3339,#3340,#3341,#3342,#3343,#3344,
#3345,#3346,#3347,#3348,#3349,#3350,#3351,#3352,#3353,#3354,#3355,#3356));
#543=EDGE_LOOP('',(#3357,#3358,#3359,#3360,#3361,#3362,#3363,#3364,#3365,
#3366,#3367,#3368));
#544=EDGE_LOOP('',(#3369,#3370,#3371,#3372,#3373,#3374));
#545=EDGE_LOOP('',(#3375,#3376,#3377,#3378));
#546=EDGE_LOOP('',(#3379,#3380,#3381));
#547=EDGE_LOOP('',(#3382,#3383,#3384,#3385));
#548=EDGE_LOOP('',(#3386,#3387));
#549=EDGE_LOOP('',(#3388,#3389,#3390));
#550=EDGE_LOOP('',(#3391,#3392,#3393,#3394));
#551=EDGE_LOOP('',(#3395,#3396,#3397,#3398));
#552=EDGE_LOOP('',(#3399,#3400,#3401,#3402,#3403,#3404,#3405));
#553=EDGE_LOOP('',(#3406,#3407,#3408,#3409,#3410,#3411));
#554=EDGE_LOOP('',(#3412,#3413,#3414,#3415,#3416));
#555=EDGE_LOOP('',(#3417,#3418,#3419,#3420));
#556=EDGE_LOOP('',(#3421,#3422,#3423,#3424));
#557=EDGE_LOOP('',(#3425,#3426,#3427,#3428));
#558=EDGE_LOOP('',(#3429,#3430,#3431,#3432));
#559=EDGE_LOOP('',(#3433,#3434,#3435,#3436));
#560=EDGE_LOOP('',(#3437,#3438,#3439,#3440,#3441,#3442,#3443,#3444,#3445));
#561=EDGE_LOOP('',(#3446,#3447,#3448,#3449,#3450,#3451,#3452,#3453));
#562=EDGE_LOOP('',(#3454,#3455,#3456));
#563=EDGE_LOOP('',(#3457,#3458,#3459,#3460));
#564=EDGE_LOOP('',(#3461,#3462,#3463,#3464));
#565=EDGE_LOOP('',(#3465,#3466,#3467,#3468,#3469,#3470));
#566=EDGE_LOOP('',(#3471,#3472,#3473,#3474,#3475,#3476,#3477,#3478));
#567=EDGE_LOOP('',(#3479,#3480,#3481,#3482));
#568=EDGE_LOOP('',(#3483,#3484,#3485,#3486));
#569=EDGE_LOOP('',(#3487,#3488,#3489,#3490));
#570=EDGE_LOOP('',(#3491,#3492,#3493,#3494));
#571=EDGE_LOOP('',(#3495,#3496,#3497,#3498));
#572=EDGE_LOOP('',(#3499,#3500,#3501,#3502));
#573=EDGE_LOOP('',(#3503,#3504,#3505,#3506));
#574=EDGE_LOOP('',(#3507,#3508,#3509));
#575=EDGE_LOOP('',(#3510,#3511,#3512,#3513));
#576=EDGE_LOOP('',(#3514,#3515,#3516,#3517,#3518,#3519));
#577=EDGE_LOOP('',(#3520,#3521,#3522,#3523,#3524,#3525,#3526,#3527,#3528,
#3529,#3530,#3531,#3532));
#578=EDGE_LOOP('',(#3533,#3534,#3535,#3536,#3537,#3538,#3539));
#579=EDGE_LOOP('',(#3540,#3541,#3542,#3543));
#580=EDGE_LOOP('',(#3544,#3545,#3546,#3547));
#581=EDGE_LOOP('',(#3548,#3549,#3550,#3551,#3552,#3553,#3554));
#582=EDGE_LOOP('',(#3555,#3556,#3557,#3558));
#583=EDGE_LOOP('',(#3559,#3560,#3561,#3562));
#584=EDGE_LOOP('',(#3563,#3564,#3565,#3566));
#585=EDGE_LOOP('',(#3567,#3568,#3569,#3570,#3571,#3572));
#586=EDGE_LOOP('',(#3573,#3574,#3575,#3576,#3577,#3578));
#587=EDGE_LOOP('',(#3579,#3580,#3581,#3582,#3583,#3584));
#588=EDGE_LOOP('',(#3585,#3586,#3587,#3588,#3589,#3590,#3591,#3592,#3593,
#3594));
#589=EDGE_LOOP('',(#3595,#3596,#3597,#3598));
#590=EDGE_LOOP('',(#3599,#3600,#3601,#3602));
#591=EDGE_LOOP('',(#3603,#3604,#3605,#3606,#3607,#3608,#3609,#3610,#3611,
#3612,#3613,#3614,#3615,#3616,#3617));
#592=EDGE_LOOP('',(#3618,#3619,#3620));
#593=EDGE_LOOP('',(#3621,#3622,#3623,#3624));
#594=EDGE_LOOP('',(#3625,#3626,#3627,#3628,#3629,#3630,#3631,#3632,#3633,
#3634,#3635,#3636));
#595=EDGE_LOOP('',(#3637,#3638,#3639,#3640,#3641));
#596=EDGE_LOOP('',(#3642,#3643,#3644,#3645));
#597=EDGE_LOOP('',(#3646,#3647,#3648,#3649,#3650,#3651,#3652,#3653,#3654,
#3655,#3656,#3657,#3658,#3659,#3660,#3661,#3662,#3663,#3664,#3665));
#598=EDGE_LOOP('',(#3666,#3667,#3668,#3669,#3670,#3671,#3672,#3673,#3674,
#3675));
#599=EDGE_LOOP('',(#3676,#3677,#3678,#3679));
#600=EDGE_LOOP('',(#3680,#3681,#3682,#3683));
#601=EDGE_LOOP('',(#3684,#3685,#3686,#3687));
#602=EDGE_LOOP('',(#3688,#3689,#3690,#3691));
#603=LINE('',#5168,#1084);
#604=LINE('',#5175,#1085);
#605=LINE('',#5179,#1086);
#606=LINE('',#5180,#1087);
#607=LINE('',#5183,#1088);
#608=LINE('',#5185,#1089);
#609=LINE('',#5186,#1090);
#610=LINE('',#5189,#1091);
#611=LINE('',#5191,#1092);
#612=LINE('',#5193,#1093);
#613=LINE('',#5194,#1094);
#614=LINE('',#5197,#1095);
#615=LINE('',#5199,#1096);
#616=LINE('',#5201,#1097);
#617=LINE('',#5202,#1098);
#618=LINE('',#5205,#1099);
#619=LINE('',#5207,#1100);
#620=LINE('',#5208,#1101);
#621=LINE('',#5213,#1102);
#622=LINE('',#5216,#1103);
#623=LINE('',#5219,#1104);
#624=LINE('',#5221,#1105);
#625=LINE('',#5222,#1106);
#626=LINE('',#5225,#1107);
#627=LINE('',#5227,#1108);
#628=LINE('',#5228,#1109);
#629=LINE('',#5234,#1110);
#630=LINE('',#5237,#1111);
#631=LINE('',#5239,#1112);
#632=LINE('',#5240,#1113);
#633=LINE('',#5244,#1114);
#634=LINE('',#5246,#1115);
#635=LINE('',#5248,#1116);
#636=LINE('',#5249,#1117);
#637=LINE('',#5252,#1118);
#638=LINE('',#5254,#1119);
#639=LINE('',#5255,#1120);
#640=LINE('',#5258,#1121);
#641=LINE('',#5260,#1122);
#642=LINE('',#5261,#1123);
#643=LINE('',#5264,#1124);
#644=LINE('',#5266,#1125);
#645=LINE('',#5267,#1126);
#646=LINE('',#5270,#1127);
#647=LINE('',#5272,#1128);
#648=LINE('',#5273,#1129);
#649=LINE('',#5276,#1130);
#650=LINE('',#5278,#1131);
#651=LINE('',#5279,#1132);
#652=LINE('',#5282,#1133);
#653=LINE('',#5284,#1134);
#654=LINE('',#5285,#1135);
#655=LINE('',#5288,#1136);
#656=LINE('',#5290,#1137);
#657=LINE('',#5291,#1138);
#658=LINE('',#5294,#1139);
#659=LINE('',#5296,#1140);
#660=LINE('',#5297,#1141);
#661=LINE('',#5300,#1142);
#662=LINE('',#5302,#1143);
#663=LINE('',#5303,#1144);
#664=LINE('',#5306,#1145);
#665=LINE('',#5308,#1146);
#666=LINE('',#5309,#1147);
#667=LINE('',#5312,#1148);
#668=LINE('',#5314,#1149);
#669=LINE('',#5315,#1150);
#670=LINE('',#5317,#1151);
#671=LINE('',#5319,#1152);
#672=LINE('',#5321,#1153);
#673=LINE('',#5325,#1154);
#674=LINE('',#5327,#1155);
#675=LINE('',#5331,#1156);
#676=LINE('',#5333,#1157);
#677=LINE('',#5336,#1158);
#678=LINE('',#5337,#1159);
#679=LINE('',#5340,#1160);
#680=LINE('',#5341,#1161);
#681=LINE('',#5343,#1162);
#682=LINE('',#5345,#1163);
#683=LINE('',#5347,#1164);
#684=LINE('',#5349,#1165);
#685=LINE('',#5351,#1166);
#686=LINE('',#5353,#1167);
#687=LINE('',#5355,#1168);
#688=LINE('',#5356,#1169);
#689=LINE('',#5359,#1170);
#690=LINE('',#5360,#1171);
#691=LINE('',#5363,#1172);
#692=LINE('',#5364,#1173);
#693=LINE('',#5367,#1174);
#694=LINE('',#5368,#1175);
#695=LINE('',#5371,#1176);
#696=LINE('',#5372,#1177);
#697=LINE('',#5375,#1178);
#698=LINE('',#5376,#1179);
#699=LINE('',#5379,#1180);
#700=LINE('',#5380,#1181);
#701=LINE('',#5383,#1182);
#702=LINE('',#5384,#1183);
#703=LINE('',#5387,#1184);
#704=LINE('',#5388,#1185);
#705=LINE('',#5391,#1186);
#706=LINE('',#5392,#1187);
#707=LINE('',#5395,#1188);
#708=LINE('',#5396,#1189);
#709=LINE('',#5398,#1190);
#710=LINE('',#5402,#1191);
#711=LINE('',#5405,#1192);
#712=LINE('',#5406,#1193);
#713=LINE('',#5409,#1194);
#714=LINE('',#5410,#1195);
#715=LINE('',#5414,#1196);
#716=LINE('',#5417,#1197);
#717=LINE('',#5418,#1198);
#718=LINE('',#5421,#1199);
#719=LINE('',#5422,#1200);
#720=LINE('',#5426,#1201);
#721=LINE('',#5429,#1202);
#722=LINE('',#5430,#1203);
#723=LINE('',#5432,#1204);
#724=LINE('',#5437,#1205);
#725=LINE('',#5439,#1206);
#726=LINE('',#5441,#1207);
#727=LINE('',#5443,#1208);
#728=LINE('',#5445,#1209);
#729=LINE('',#5447,#1210);
#730=LINE('',#5449,#1211);
#731=LINE('',#5451,#1212);
#732=LINE('',#5453,#1213);
#733=LINE('',#5455,#1214);
#734=LINE('',#5457,#1215);
#735=LINE('',#5459,#1216);
#736=LINE('',#5461,#1217);
#737=LINE('',#5463,#1218);
#738=LINE('',#5465,#1219);
#739=LINE('',#5467,#1220);
#740=LINE('',#5469,#1221);
#741=LINE('',#5471,#1222);
#742=LINE('',#5473,#1223);
#743=LINE('',#5475,#1224);
#744=LINE('',#5477,#1225);
#745=LINE('',#5478,#1226);
#746=LINE('',#5481,#1227);
#747=LINE('',#5483,#1228);
#748=LINE('',#5484,#1229);
#749=LINE('',#5487,#1230);
#750=LINE('',#5488,#1231);
#751=LINE('',#5491,#1232);
#752=LINE('',#5492,#1233);
#753=LINE('',#5495,#1234);
#754=LINE('',#5496,#1235);
#755=LINE('',#5499,#1236);
#756=LINE('',#5500,#1237);
#757=LINE('',#5503,#1238);
#758=LINE('',#5504,#1239);
#759=LINE('',#5507,#1240);
#760=LINE('',#5508,#1241);
#761=LINE('',#5511,#1242);
#762=LINE('',#5512,#1243);
#763=LINE('',#5515,#1244);
#764=LINE('',#5516,#1245);
#765=LINE('',#5519,#1246);
#766=LINE('',#5520,#1247);
#767=LINE('',#5523,#1248);
#768=LINE('',#5524,#1249);
#769=LINE('',#5528,#1250);
#770=LINE('',#5530,#1251);
#771=LINE('',#5532,#1252);
#772=LINE('',#5533,#1253);
#773=LINE('',#5538,#1254);
#774=LINE('',#5542,#1255);
#775=LINE('',#5544,#1256);
#776=LINE('',#5545,#1257);
#777=LINE('',#5548,#1258);
#778=LINE('',#5550,#1259);
#779=LINE('',#5551,#1260);
#780=LINE('',#5556,#1261);
#781=LINE('',#5560,#1262);
#782=LINE('',#5562,#1263);
#783=LINE('',#5563,#1264);
#784=LINE('',#5566,#1265);
#785=LINE('',#5568,#1266);
#786=LINE('',#5569,#1267);
#787=LINE('',#5574,#1268);
#788=LINE('',#5578,#1269);
#789=LINE('',#5580,#1270);
#790=LINE('',#5581,#1271);
#791=LINE('',#5584,#1272);
#792=LINE('',#5586,#1273);
#793=LINE('',#5587,#1274);
#794=LINE('',#5592,#1275);
#795=LINE('',#5596,#1276);
#796=LINE('',#5598,#1277);
#797=LINE('',#5599,#1278);
#798=LINE('',#5605,#1279);
#799=LINE('',#5608,#1280);
#800=LINE('',#5610,#1281);
#801=LINE('',#5611,#1282);
#802=LINE('',#5614,#1283);
#803=LINE('',#5616,#1284);
#804=LINE('',#5617,#1285);
#805=LINE('',#5623,#1286);
#806=LINE('',#5627,#1287);
#807=LINE('',#5629,#1288);
#808=LINE('',#5631,#1289);
#809=LINE('',#5632,#1290);
#810=LINE('',#5635,#1291);
#811=LINE('',#5637,#1292);
#812=LINE('',#5638,#1293);
#813=LINE('',#5640,#1294);
#814=LINE('',#5641,#1295);
#815=LINE('',#5643,#1296);
#816=LINE('',#5645,#1297);
#817=LINE('',#5647,#1298);
#818=LINE('',#5649,#1299);
#819=LINE('',#5651,#1300);
#820=LINE('',#5653,#1301);
#821=LINE('',#5655,#1302);
#822=LINE('',#5657,#1303);
#823=LINE('',#5659,#1304);
#824=LINE('',#5661,#1305);
#825=LINE('',#5662,#1306);
#826=LINE('',#5664,#1307);
#827=LINE('',#5668,#1308);
#828=LINE('',#5674,#1309);
#829=LINE('',#5681,#1310);
#830=LINE('',#5686,#1311);
#831=LINE('',#5692,#1312);
#832=LINE('',#5699,#1313);
#833=LINE('',#5704,#1314);
#834=LINE('',#5706,#1315);
#835=LINE('',#5708,#1316);
#836=LINE('',#5710,#1317);
#837=LINE('',#5712,#1318);
#838=LINE('',#5713,#1319);
#839=LINE('',#5717,#1320);
#840=LINE('',#5718,#1321);
#841=LINE('',#5719,#1322);
#842=LINE('',#5722,#1323);
#843=LINE('',#5723,#1324);
#844=LINE('',#5726,#1325);
#845=LINE('',#5727,#1326);
#846=LINE('',#5731,#1327);
#847=LINE('',#5733,#1328);
#848=LINE('',#5735,#1329);
#849=LINE('',#5737,#1330);
#850=LINE('',#5738,#1331);
#851=LINE('',#5741,#1332);
#852=LINE('',#5743,#1333);
#853=LINE('',#5744,#1334);
#854=LINE('',#5747,#1335);
#855=LINE('',#5749,#1336);
#856=LINE('',#5750,#1337);
#857=LINE('',#5753,#1338);
#858=LINE('',#5755,#1339);
#859=LINE('',#5757,#1340);
#860=LINE('',#5759,#1341);
#861=LINE('',#5761,#1342);
#862=LINE('',#5763,#1343);
#863=LINE('',#5765,#1344);
#864=LINE('',#5767,#1345);
#865=LINE('',#5768,#1346);
#866=LINE('',#5771,#1347);
#867=LINE('',#5773,#1348);
#868=LINE('',#5774,#1349);
#869=LINE('',#5777,#1350);
#870=LINE('',#5778,#1351);
#871=LINE('',#5787,#1352);
#872=LINE('',#5790,#1353);
#873=LINE('',#5793,#1354);
#874=LINE('',#5797,#1355);
#875=LINE('',#5801,#1356);
#876=LINE('',#5805,#1357);
#877=LINE('',#5809,#1358);
#878=LINE('',#5811,#1359);
#879=LINE('',#5815,#1360);
#880=LINE('',#5818,#1361);
#881=LINE('',#5821,#1362);
#882=LINE('',#5827,#1363);
#883=LINE('',#5830,#1364);
#884=LINE('',#5839,#1365);
#885=LINE('',#5842,#1366);
#886=LINE('',#5849,#1367);
#887=LINE('',#5850,#1368);
#888=LINE('',#5853,#1369);
#889=LINE('',#5855,#1370);
#890=LINE('',#5856,#1371);
#891=LINE('',#5860,#1372);
#892=LINE('',#5862,#1373);
#893=LINE('',#5864,#1374);
#894=LINE('',#5865,#1375);
#895=LINE('',#5868,#1376);
#896=LINE('',#5870,#1377);
#897=LINE('',#5871,#1378);
#898=LINE('',#5874,#1379);
#899=LINE('',#5876,#1380);
#900=LINE('',#5878,#1381);
#901=LINE('',#5880,#1382);
#902=LINE('',#5881,#1383);
#903=LINE('',#5884,#1384);
#904=LINE('',#5885,#1385);
#905=LINE('',#5888,#1386);
#906=LINE('',#5890,#1387);
#907=LINE('',#5892,#1388);
#908=LINE('',#5894,#1389);
#909=LINE('',#5896,#1390);
#910=LINE('',#5898,#1391);
#911=LINE('',#5899,#1392);
#912=LINE('',#5901,#1393);
#913=LINE('',#5903,#1394);
#914=LINE('',#5904,#1395);
#915=LINE('',#5911,#1396);
#916=LINE('',#5912,#1397);
#917=LINE('',#5913,#1398);
#918=LINE('',#5915,#1399);
#919=LINE('',#5917,#1400);
#920=LINE('',#5919,#1401);
#921=LINE('',#5921,#1402);
#922=LINE('',#5922,#1403);
#923=LINE('',#5925,#1404);
#924=LINE('',#5926,#1405);
#925=LINE('',#5929,#1406);
#926=LINE('',#5930,#1407);
#927=LINE('',#5933,#1408);
#928=LINE('',#5934,#1409);
#929=LINE('',#5937,#1410);
#930=LINE('',#5938,#1411);
#931=LINE('',#5940,#1412);
#932=LINE('',#5944,#1413);
#933=LINE('',#5946,#1414);
#934=LINE('',#5948,#1415);
#935=LINE('',#5950,#1416);
#936=LINE('',#5952,#1417);
#937=LINE('',#5954,#1418);
#938=LINE('',#5956,#1419);
#939=LINE('',#5957,#1420);
#940=LINE('',#5959,#1421);
#941=LINE('',#5961,#1422);
#942=LINE('',#5962,#1423);
#943=LINE('',#5965,#1424);
#944=LINE('',#5967,#1425);
#945=LINE('',#5969,#1426);
#946=LINE('',#5971,#1427);
#947=LINE('',#5973,#1428);
#948=LINE('',#5977,#1429);
#949=LINE('',#5979,#1430);
#950=LINE('',#5981,#1431);
#951=LINE('',#5984,#1432);
#952=LINE('',#5986,#1433);
#953=LINE('',#5987,#1434);
#954=LINE('',#6001,#1435);
#955=LINE('',#6017,#1436);
#956=LINE('',#6025,#1437);
#957=LINE('',#6029,#1438);
#958=LINE('',#6031,#1439);
#959=LINE('',#6041,#1440);
#960=LINE('',#6045,#1441);
#961=LINE('',#6047,#1442);
#962=LINE('',#6048,#1443);
#963=LINE('',#6051,#1444);
#964=LINE('',#6052,#1445);
#965=LINE('',#6055,#1446);
#966=LINE('',#6057,#1447);
#967=LINE('',#6059,#1448);
#968=LINE('',#6060,#1449);
#969=LINE('',#6062,#1450);
#970=LINE('',#6063,#1451);
#971=LINE('',#6065,#1452);
#972=LINE('',#6067,#1453);
#973=LINE('',#6069,#1454);
#974=LINE('',#6071,#1455);
#975=LINE('',#6073,#1456);
#976=LINE('',#6075,#1457);
#977=LINE('',#6077,#1458);
#978=LINE('',#6079,#1459);
#979=LINE('',#6081,#1460);
#980=LINE('',#6084,#1461);
#981=LINE('',#6088,#1462);
#982=LINE('',#6094,#1463);
#983=LINE('',#6097,#1464);
#984=LINE('',#6101,#1465);
#985=LINE('',#6103,#1466);
#986=LINE('',#6104,#1467);
#987=LINE('',#6106,#1468);
#988=LINE('',#6108,#1469);
#989=LINE('',#6112,#1470);
#990=LINE('',#6114,#1471);
#991=LINE('',#6115,#1472);
#992=LINE('',#6117,#1473);
#993=LINE('',#6119,#1474);
#994=LINE('',#6121,#1475);
#995=LINE('',#6123,#1476);
#996=LINE('',#6124,#1477);
#997=LINE('',#6126,#1478);
#998=LINE('',#6127,#1479);
#999=LINE('',#6129,#1480);
#1000=LINE('',#6132,#1481);
#1001=LINE('',#6134,#1482);
#1002=LINE('',#6137,#1483);
#1003=LINE('',#6139,#1484);
#1004=LINE('',#6141,#1485);
#1005=LINE('',#6144,#1486);
#1006=LINE('',#6148,#1487);
#1007=LINE('',#6153,#1488);
#1008=LINE('',#6156,#1489);
#1009=LINE('',#6157,#1490);
#1010=LINE('',#6160,#1491);
#1011=LINE('',#6161,#1492);
#1012=LINE('',#6164,#1493);
#1013=LINE('',#6165,#1494);
#1014=LINE('',#6168,#1495);
#1015=LINE('',#6170,#1496);
#1016=LINE('',#6172,#1497);
#1017=LINE('',#6174,#1498);
#1018=LINE('',#6176,#1499);
#1019=LINE('',#6212,#1500);
#1020=LINE('',#6214,#1501);
#1021=LINE('',#6216,#1502);
#1022=LINE('',#6217,#1503);
#1023=LINE('',#6220,#1504);
#1024=LINE('',#6221,#1505);
#1025=LINE('',#6223,#1506);
#1026=LINE('',#6226,#1507);
#1027=LINE('',#6227,#1508);
#1028=LINE('',#6230,#1509);
#1029=LINE('',#6232,#1510);
#1030=LINE('',#6236,#1511);
#1031=LINE('',#6238,#1512);
#1032=LINE('',#6241,#1513);
#1033=LINE('',#6245,#1514);
#1034=LINE('',#6247,#1515);
#1035=LINE('',#6248,#1516);
#1036=LINE('',#6251,#1517);
#1037=LINE('',#6252,#1518);
#1038=LINE('',#6255,#1519);
#1039=LINE('',#6256,#1520);
#1040=LINE('',#6259,#1521);
#1041=LINE('',#6260,#1522);
#1042=LINE('',#6261,#1523);
#1043=LINE('',#6264,#1524);
#1044=LINE('',#6266,#1525);
#1045=LINE('',#6267,#1526);
#1046=LINE('',#6271,#1527);
#1047=LINE('',#6272,#1528);
#1048=LINE('',#6274,#1529);
#1049=LINE('',#6276,#1530);
#1050=LINE('',#6280,#1531);
#1051=LINE('',#6285,#1532);
#1052=LINE('',#6286,#1533);
#1053=LINE('',#6288,#1534);
#1054=LINE('',#6289,#1535);
#1055=LINE('',#6292,#1536);
#1056=LINE('',#6293,#1537);
#1057=LINE('',#6294,#1538);
#1058=LINE('',#6330,#1539);
#1059=LINE('',#6332,#1540);
#1060=LINE('',#6334,#1541);
#1061=LINE('',#6337,#1542);
#1062=LINE('',#6338,#1543);
#1063=LINE('',#6340,#1544);
#1064=LINE('',#6344,#1545);
#1065=LINE('',#6347,#1546);
#1066=LINE('',#6349,#1547);
#1067=LINE('',#6350,#1548);
#1068=LINE('',#6354,#1549);
#1069=LINE('',#6355,#1550);
#1070=LINE('',#6358,#1551);
#1071=LINE('',#6360,#1552);
#1072=LINE('',#6362,#1553);
#1073=LINE('',#6363,#1554);
#1074=LINE('',#6365,#1555);
#1075=LINE('',#6366,#1556);
#1076=LINE('',#6367,#1557);
#1077=LINE('',#6369,#1558);
#1078=LINE('',#6371,#1559);
#1079=LINE('',#6373,#1560);
#1080=LINE('',#6374,#1561);
#1081=LINE('',#6375,#1562);
#1082=LINE('',#6380,#1563);
#1083=LINE('',#6383,#1564);
#1084=VECTOR('',#4180,0.05);
#1085=VECTOR('',#4187,0.393700787401575);
#1086=VECTOR('',#4190,0.393700787401575);
#1087=VECTOR('',#4191,0.393700787401575);
#1088=VECTOR('',#4194,0.393700787401575);
#1089=VECTOR('',#4195,0.393700787401575);
#1090=VECTOR('',#4196,0.393700787401575);
#1091=VECTOR('',#4199,0.393700787401575);
#1092=VECTOR('',#4200,0.393700787401575);
#1093=VECTOR('',#4201,0.393700787401575);
#1094=VECTOR('',#4202,0.393700787401575);
#1095=VECTOR('',#4205,0.393700787401575);
#1096=VECTOR('',#4206,0.393700787401575);
#1097=VECTOR('',#4207,0.393700787401575);
#1098=VECTOR('',#4208,0.393700787401575);
#1099=VECTOR('',#4211,0.393700787401575);
#1100=VECTOR('',#4212,0.393700787401575);
#1101=VECTOR('',#4213,0.393700787401575);
#1102=VECTOR('',#4218,0.393700787401575);
#1103=VECTOR('',#4221,0.393700787401575);
#1104=VECTOR('',#4224,0.393700787401575);
#1105=VECTOR('',#4225,0.393700787401575);
#1106=VECTOR('',#4226,0.393700787401575);
#1107=VECTOR('',#4229,0.393700787401575);
#1108=VECTOR('',#4230,0.393700787401575);
#1109=VECTOR('',#4231,0.393700787401575);
#1110=VECTOR('',#4238,0.393700787401575);
#1111=VECTOR('',#4241,0.393700787401575);
#1112=VECTOR('',#4242,0.393700787401575);
#1113=VECTOR('',#4243,0.393700787401575);
#1114=VECTOR('',#4246,0.393700787401575);
#1115=VECTOR('',#4247,0.393700787401575);
#1116=VECTOR('',#4248,0.393700787401575);
#1117=VECTOR('',#4249,0.393700787401575);
#1118=VECTOR('',#4252,0.393700787401575);
#1119=VECTOR('',#4253,0.393700787401575);
#1120=VECTOR('',#4254,0.393700787401575);
#1121=VECTOR('',#4257,0.393700787401575);
#1122=VECTOR('',#4258,0.393700787401575);
#1123=VECTOR('',#4259,0.393700787401575);
#1124=VECTOR('',#4262,0.393700787401575);
#1125=VECTOR('',#4263,0.393700787401575);
#1126=VECTOR('',#4264,0.393700787401575);
#1127=VECTOR('',#4267,0.393700787401575);
#1128=VECTOR('',#4268,0.393700787401575);
#1129=VECTOR('',#4269,0.393700787401575);
#1130=VECTOR('',#4272,0.393700787401575);
#1131=VECTOR('',#4273,0.393700787401575);
#1132=VECTOR('',#4274,0.393700787401575);
#1133=VECTOR('',#4277,0.393700787401575);
#1134=VECTOR('',#4278,0.393700787401575);
#1135=VECTOR('',#4279,0.393700787401575);
#1136=VECTOR('',#4282,0.393700787401575);
#1137=VECTOR('',#4283,0.393700787401575);
#1138=VECTOR('',#4284,0.393700787401575);
#1139=VECTOR('',#4287,0.393700787401575);
#1140=VECTOR('',#4288,0.393700787401575);
#1141=VECTOR('',#4289,0.393700787401575);
#1142=VECTOR('',#4292,0.393700787401575);
#1143=VECTOR('',#4293,0.393700787401575);
#1144=VECTOR('',#4294,0.393700787401575);
#1145=VECTOR('',#4297,0.393700787401575);
#1146=VECTOR('',#4298,0.393700787401575);
#1147=VECTOR('',#4299,0.393700787401575);
#1148=VECTOR('',#4302,0.393700787401575);
#1149=VECTOR('',#4303,0.393700787401575);
#1150=VECTOR('',#4304,0.393700787401575);
#1151=VECTOR('',#4307,0.393700787401575);
#1152=VECTOR('',#4308,0.393700787401575);
#1153=VECTOR('',#4309,0.393700787401575);
#1154=VECTOR('',#4312,0.393700787401575);
#1155=VECTOR('',#4313,0.393700787401575);
#1156=VECTOR('',#4316,0.393700787401575);
#1157=VECTOR('',#4317,0.393700787401575);
#1158=VECTOR('',#4320,0.393700787401575);
#1159=VECTOR('',#4321,0.393700787401575);
#1160=VECTOR('',#4322,0.393700787401575);
#1161=VECTOR('',#4323,0.393700787401575);
#1162=VECTOR('',#4324,0.393700787401575);
#1163=VECTOR('',#4325,0.393700787401575);
#1164=VECTOR('',#4326,0.393700787401575);
#1165=VECTOR('',#4327,0.393700787401575);
#1166=VECTOR('',#4328,0.393700787401575);
#1167=VECTOR('',#4329,0.393700787401575);
#1168=VECTOR('',#4330,0.393700787401575);
#1169=VECTOR('',#4331,0.393700787401575);
#1170=VECTOR('',#4334,0.393700787401575);
#1171=VECTOR('',#4335,0.393700787401575);
#1172=VECTOR('',#4338,0.393700787401575);
#1173=VECTOR('',#4339,0.393700787401575);
#1174=VECTOR('',#4342,0.393700787401575);
#1175=VECTOR('',#4343,0.393700787401575);
#1176=VECTOR('',#4346,0.393700787401575);
#1177=VECTOR('',#4347,0.393700787401575);
#1178=VECTOR('',#4350,0.393700787401575);
#1179=VECTOR('',#4351,0.393700787401575);
#1180=VECTOR('',#4354,0.393700787401575);
#1181=VECTOR('',#4355,0.393700787401575);
#1182=VECTOR('',#4358,0.393700787401575);
#1183=VECTOR('',#4359,0.393700787401575);
#1184=VECTOR('',#4362,0.393700787401575);
#1185=VECTOR('',#4363,0.393700787401575);
#1186=VECTOR('',#4366,0.393700787401575);
#1187=VECTOR('',#4367,0.393700787401575);
#1188=VECTOR('',#4370,0.393700787401575);
#1189=VECTOR('',#4371,0.393700787401575);
#1190=VECTOR('',#4374,0.393700787401575);
#1191=VECTOR('',#4379,0.393700787401575);
#1192=VECTOR('',#4382,0.393700787401575);
#1193=VECTOR('',#4383,0.393700787401575);
#1194=VECTOR('',#4386,0.393700787401575);
#1195=VECTOR('',#4387,0.393700787401575);
#1196=VECTOR('',#4392,0.393700787401575);
#1197=VECTOR('',#4395,0.393700787401575);
#1198=VECTOR('',#4396,0.393700787401575);
#1199=VECTOR('',#4399,0.393700787401575);
#1200=VECTOR('',#4400,0.393700787401575);
#1201=VECTOR('',#4405,0.393700787401575);
#1202=VECTOR('',#4408,0.393700787401575);
#1203=VECTOR('',#4409,0.393700787401575);
#1204=VECTOR('',#4412,0.393700787401575);
#1205=VECTOR('',#4417,0.393700787401575);
#1206=VECTOR('',#4418,0.393700787401575);
#1207=VECTOR('',#4419,0.393700787401575);
#1208=VECTOR('',#4420,0.393700787401575);
#1209=VECTOR('',#4421,0.393700787401575);
#1210=VECTOR('',#4422,0.393700787401575);
#1211=VECTOR('',#4423,0.393700787401575);
#1212=VECTOR('',#4424,0.393700787401575);
#1213=VECTOR('',#4425,0.393700787401575);
#1214=VECTOR('',#4426,0.393700787401575);
#1215=VECTOR('',#4427,0.393700787401575);
#1216=VECTOR('',#4428,0.393700787401575);
#1217=VECTOR('',#4429,0.393700787401575);
#1218=VECTOR('',#4430,0.393700787401575);
#1219=VECTOR('',#4431,0.393700787401575);
#1220=VECTOR('',#4432,0.393700787401575);
#1221=VECTOR('',#4433,0.393700787401575);
#1222=VECTOR('',#4434,0.393700787401575);
#1223=VECTOR('',#4435,0.393700787401575);
#1224=VECTOR('',#4436,0.393700787401575);
#1225=VECTOR('',#4437,0.393700787401575);
#1226=VECTOR('',#4438,0.393700787401575);
#1227=VECTOR('',#4441,0.393700787401575);
#1228=VECTOR('',#4442,0.393700787401575);
#1229=VECTOR('',#4443,0.393700787401575);
#1230=VECTOR('',#4446,0.393700787401575);
#1231=VECTOR('',#4447,0.393700787401575);
#1232=VECTOR('',#4450,0.393700787401575);
#1233=VECTOR('',#4451,0.393700787401575);
#1234=VECTOR('',#4454,0.393700787401575);
#1235=VECTOR('',#4455,0.393700787401575);
#1236=VECTOR('',#4458,0.393700787401575);
#1237=VECTOR('',#4459,0.393700787401575);
#1238=VECTOR('',#4462,0.393700787401575);
#1239=VECTOR('',#4463,0.393700787401575);
#1240=VECTOR('',#4466,0.393700787401575);
#1241=VECTOR('',#4467,0.393700787401575);
#1242=VECTOR('',#4470,0.393700787401575);
#1243=VECTOR('',#4471,0.393700787401575);
#1244=VECTOR('',#4474,0.393700787401575);
#1245=VECTOR('',#4475,0.393700787401575);
#1246=VECTOR('',#4478,0.393700787401575);
#1247=VECTOR('',#4479,0.393700787401575);
#1248=VECTOR('',#4482,0.393700787401575);
#1249=VECTOR('',#4483,0.393700787401575);
#1250=VECTOR('',#4486,0.393700787401575);
#1251=VECTOR('',#4487,0.393700787401575);
#1252=VECTOR('',#4488,0.393700787401575);
#1253=VECTOR('',#4489,0.393700787401575);
#1254=VECTOR('',#4494,0.393700787401575);
#1255=VECTOR('',#4499,0.393700787401575);
#1256=VECTOR('',#4500,0.393700787401575);
#1257=VECTOR('',#4501,0.393700787401575);
#1258=VECTOR('',#4504,0.393700787401575);
#1259=VECTOR('',#4505,0.393700787401575);
#1260=VECTOR('',#4506,0.393700787401575);
#1261=VECTOR('',#4511,0.393700787401575);
#1262=VECTOR('',#4516,0.393700787401575);
#1263=VECTOR('',#4517,0.393700787401575);
#1264=VECTOR('',#4518,0.393700787401575);
#1265=VECTOR('',#4521,0.393700787401575);
#1266=VECTOR('',#4522,0.393700787401575);
#1267=VECTOR('',#4523,0.393700787401575);
#1268=VECTOR('',#4528,0.393700787401575);
#1269=VECTOR('',#4533,0.393700787401575);
#1270=VECTOR('',#4534,0.393700787401575);
#1271=VECTOR('',#4535,0.393700787401575);
#1272=VECTOR('',#4538,0.393700787401575);
#1273=VECTOR('',#4539,0.393700787401575);
#1274=VECTOR('',#4540,0.393700787401575);
#1275=VECTOR('',#4545,0.393700787401575);
#1276=VECTOR('',#4550,0.393700787401575);
#1277=VECTOR('',#4551,0.393700787401575);
#1278=VECTOR('',#4552,0.393700787401575);
#1279=VECTOR('',#4559,0.393700787401575);
#1280=VECTOR('',#4562,0.393700787401575);
#1281=VECTOR('',#4563,0.393700787401575);
#1282=VECTOR('',#4564,0.393700787401575);
#1283=VECTOR('',#4567,0.393700787401575);
#1284=VECTOR('',#4568,0.393700787401575);
#1285=VECTOR('',#4569,0.393700787401575);
#1286=VECTOR('',#4576,0.393700787401575);
#1287=VECTOR('',#4579,0.393700787401575);
#1288=VECTOR('',#4580,0.393700787401575);
#1289=VECTOR('',#4581,0.393700787401575);
#1290=VECTOR('',#4582,0.393700787401575);
#1291=VECTOR('',#4585,0.393700787401575);
#1292=VECTOR('',#4586,0.393700787401575);
#1293=VECTOR('',#4587,0.393700787401575);
#1294=VECTOR('',#4590,0.393700787401575);
#1295=VECTOR('',#4591,0.393700787401575);
#1296=VECTOR('',#4592,0.393700787401575);
#1297=VECTOR('',#4593,0.393700787401575);
#1298=VECTOR('',#4594,0.393700787401575);
#1299=VECTOR('',#4595,0.393700787401575);
#1300=VECTOR('',#4596,0.393700787401575);
#1301=VECTOR('',#4597,0.393700787401575);
#1302=VECTOR('',#4598,0.393700787401575);
#1303=VECTOR('',#4599,0.393700787401575);
#1304=VECTOR('',#4600,0.393700787401575);
#1305=VECTOR('',#4601,0.393700787401575);
#1306=VECTOR('',#4602,0.393700787401575);
#1307=VECTOR('',#4605,0.393700787401575);
#1308=VECTOR('',#4608,0.393700787401575);
#1309=VECTOR('',#4615,0.0750000000000002);
#1310=VECTOR('',#4624,0.075);
#1311=VECTOR('',#4629,0.393700787401575);
#1312=VECTOR('',#4636,0.0750000000000002);
#1313=VECTOR('',#4645,0.075);
#1314=VECTOR('',#4650,0.393700787401575);
#1315=VECTOR('',#4651,0.393700787401575);
#1316=VECTOR('',#4652,0.393700787401575);
#1317=VECTOR('',#4653,0.393700787401575);
#1318=VECTOR('',#4654,0.393700787401575);
#1319=VECTOR('',#4655,0.393700787401575);
#1320=VECTOR('',#4658,0.393700787401575);
#1321=VECTOR('',#4659,0.393700787401575);
#1322=VECTOR('',#4660,0.393700787401575);
#1323=VECTOR('',#4663,0.393700787401575);
#1324=VECTOR('',#4664,0.393700787401575);
#1325=VECTOR('',#4667,0.393700787401575);
#1326=VECTOR('',#4668,0.393700787401575);
#1327=VECTOR('',#4671,0.393700787401575);
#1328=VECTOR('',#4672,0.393700787401575);
#1329=VECTOR('',#4673,0.393700787401575);
#1330=VECTOR('',#4674,0.393700787401575);
#1331=VECTOR('',#4675,0.393700787401575);
#1332=VECTOR('',#4678,0.393700787401575);
#1333=VECTOR('',#4679,0.393700787401575);
#1334=VECTOR('',#4680,0.393700787401575);
#1335=VECTOR('',#4683,0.393700787401575);
#1336=VECTOR('',#4684,0.393700787401575);
#1337=VECTOR('',#4685,0.393700787401575);
#1338=VECTOR('',#4688,0.393700787401575);
#1339=VECTOR('',#4689,0.393700787401575);
#1340=VECTOR('',#4690,0.393700787401575);
#1341=VECTOR('',#4691,0.393700787401575);
#1342=VECTOR('',#4692,0.393700787401575);
#1343=VECTOR('',#4693,0.393700787401575);
#1344=VECTOR('',#4694,0.393700787401575);
#1345=VECTOR('',#4695,0.393700787401575);
#1346=VECTOR('',#4696,0.393700787401575);
#1347=VECTOR('',#4699,0.393700787401575);
#1348=VECTOR('',#4700,0.393700787401575);
#1349=VECTOR('',#4701,0.393700787401575);
#1350=VECTOR('',#4704,0.393700787401575);
#1351=VECTOR('',#4705,0.393700787401575);
#1352=VECTOR('',#4708,0.393700787401575);
#1353=VECTOR('',#4711,0.393700787401575);
#1354=VECTOR('',#4714,0.393700787401575);
#1355=VECTOR('',#4717,0.393700787401575);
#1356=VECTOR('',#4720,0.393700787401575);
#1357=VECTOR('',#4723,0.393700787401575);
#1358=VECTOR('',#4726,0.393700787401575);
#1359=VECTOR('',#4727,0.393700787401575);
#1360=VECTOR('',#4730,0.393700787401575);
#1361=VECTOR('',#4733,0.393700787401575);
#1362=VECTOR('',#4736,0.393700787401575);
#1363=VECTOR('',#4737,0.393700787401575);
#1364=VECTOR('',#4740,0.393700787401575);
#1365=VECTOR('',#4741,0.393700787401575);
#1366=VECTOR('',#4744,0.393700787401575);
#1367=VECTOR('',#4745,0.393700787401575);
#1368=VECTOR('',#4746,0.393700787401575);
#1369=VECTOR('',#4749,0.393700787401575);
#1370=VECTOR('',#4750,0.393700787401575);
#1371=VECTOR('',#4751,0.393700787401575);
#1372=VECTOR('',#4754,0.393700787401575);
#1373=VECTOR('',#4755,0.393700787401575);
#1374=VECTOR('',#4756,0.393700787401575);
#1375=VECTOR('',#4757,0.393700787401575);
#1376=VECTOR('',#4760,0.393700787401575);
#1377=VECTOR('',#4761,0.393700787401575);
#1378=VECTOR('',#4762,0.393700787401575);
#1379=VECTOR('',#4765,0.393700787401575);
#1380=VECTOR('',#4766,0.393700787401575);
#1381=VECTOR('',#4767,0.393700787401575);
#1382=VECTOR('',#4768,0.393700787401575);
#1383=VECTOR('',#4769,0.393700787401575);
#1384=VECTOR('',#4772,0.393700787401575);
#1385=VECTOR('',#4773,0.393700787401575);
#1386=VECTOR('',#4776,0.393700787401575);
#1387=VECTOR('',#4777,0.393700787401575);
#1388=VECTOR('',#4778,0.393700787401575);
#1389=VECTOR('',#4779,0.393700787401575);
#1390=VECTOR('',#4780,0.393700787401575);
#1391=VECTOR('',#4781,0.393700787401575);
#1392=VECTOR('',#4782,0.393700787401575);
#1393=VECTOR('',#4783,0.393700787401575);
#1394=VECTOR('',#4784,0.393700787401575);
#1395=VECTOR('',#4785,0.393700787401575);
#1396=VECTOR('',#4786,0.393700787401575);
#1397=VECTOR('',#4787,0.393700787401575);
#1398=VECTOR('',#4788,0.393700787401575);
#1399=VECTOR('',#4789,0.393700787401575);
#1400=VECTOR('',#4790,0.393700787401575);
#1401=VECTOR('',#4791,0.393700787401575);
#1402=VECTOR('',#4792,0.393700787401575);
#1403=VECTOR('',#4793,0.393700787401575);
#1404=VECTOR('',#4796,0.393700787401575);
#1405=VECTOR('',#4797,0.393700787401575);
#1406=VECTOR('',#4800,0.393700787401575);
#1407=VECTOR('',#4801,0.393700787401575);
#1408=VECTOR('',#4804,0.393700787401575);
#1409=VECTOR('',#4805,0.393700787401575);
#1410=VECTOR('',#4808,0.393700787401575);
#1411=VECTOR('',#4809,0.393700787401575);
#1412=VECTOR('',#4812,0.393700787401575);
#1413=VECTOR('',#4815,0.393700787401575);
#1414=VECTOR('',#4816,0.393700787401575);
#1415=VECTOR('',#4817,0.393700787401575);
#1416=VECTOR('',#4818,0.393700787401575);
#1417=VECTOR('',#4819,0.393700787401575);
#1418=VECTOR('',#4820,0.393700787401575);
#1419=VECTOR('',#4821,0.393700787401575);
#1420=VECTOR('',#4822,0.393700787401575);
#1421=VECTOR('',#4823,0.393700787401575);
#1422=VECTOR('',#4824,0.393700787401575);
#1423=VECTOR('',#4825,0.393700787401575);
#1424=VECTOR('',#4828,0.393700787401575);
#1425=VECTOR('',#4829,0.393700787401575);
#1426=VECTOR('',#4830,0.393700787401575);
#1427=VECTOR('',#4831,0.393700787401575);
#1428=VECTOR('',#4832,0.393700787401575);
#1429=VECTOR('',#4835,0.393700787401575);
#1430=VECTOR('',#4836,0.393700787401575);
#1431=VECTOR('',#4837,0.393700787401575);
#1432=VECTOR('',#4840,0.393700787401575);
#1433=VECTOR('',#4843,0.393700787401575);
#1434=VECTOR('',#4844,0.393700787401575);
#1435=VECTOR('',#4845,0.393700787401575);
#1436=VECTOR('',#4846,0.393700787401575);
#1437=VECTOR('',#4849,0.393700787401575);
#1438=VECTOR('',#4852,0.393700787401575);
#1439=VECTOR('',#4853,0.393700787401575);
#1440=VECTOR('',#4862,0.393700787401575);
#1441=VECTOR('',#4867,0.393700787401575);
#1442=VECTOR('',#4868,0.393700787401575);
#1443=VECTOR('',#4869,0.393700787401575);
#1444=VECTOR('',#4872,0.393700787401575);
#1445=VECTOR('',#4873,0.393700787401575);
#1446=VECTOR('',#4876,0.393700787401575);
#1447=VECTOR('',#4877,0.393700787401575);
#1448=VECTOR('',#4878,0.393700787401575);
#1449=VECTOR('',#4879,0.393700787401575);
#1450=VECTOR('',#4880,0.393700787401575);
#1451=VECTOR('',#4881,0.393700787401575);
#1452=VECTOR('',#4884,0.393700787401575);
#1453=VECTOR('',#4887,0.393700787401575);
#1454=VECTOR('',#4890,0.393700787401575);
#1455=VECTOR('',#4893,0.393700787401575);
#1456=VECTOR('',#4896,0.393700787401575);
#1457=VECTOR('',#4899,0.393700787401575);
#1458=VECTOR('',#4902,0.393700787401575);
#1459=VECTOR('',#4905,0.393700787401575);
#1460=VECTOR('',#4908,0.393700787401575);
#1461=VECTOR('',#4913,0.393700787401575);
#1462=VECTOR('',#4916,0.393700787401575);
#1463=VECTOR('',#4921,0.393700787401575);
#1464=VECTOR('',#4924,0.393700787401575);
#1465=VECTOR('',#4927,0.393700787401575);
#1466=VECTOR('',#4928,0.393700787401575);
#1467=VECTOR('',#4929,0.393700787401575);
#1468=VECTOR('',#4930,0.393700787401575);
#1469=VECTOR('',#4931,0.393700787401575);
#1470=VECTOR('',#4934,0.393700787401575);
#1471=VECTOR('',#4935,0.393700787401575);
#1472=VECTOR('',#4936,0.393700787401575);
#1473=VECTOR('',#4937,0.393700787401575);
#1474=VECTOR('',#4938,0.393700787401575);
#1475=VECTOR('',#4939,0.393700787401575);
#1476=VECTOR('',#4940,0.393700787401575);
#1477=VECTOR('',#4941,0.393700787401575);
#1478=VECTOR('',#4944,0.393700787401575);
#1479=VECTOR('',#4945,0.393700787401575);
#1480=VECTOR('',#4946,0.393700787401575);
#1481=VECTOR('',#4949,0.393700787401575);
#1482=VECTOR('',#4950,0.393700787401575);
#1483=VECTOR('',#4953,0.393700787401575);
#1484=VECTOR('',#4956,0.393700787401575);
#1485=VECTOR('',#4957,0.393700787401575);
#1486=VECTOR('',#4960,0.393700787401575);
#1487=VECTOR('',#4965,0.393700787401575);
#1488=VECTOR('',#4974,0.393700787401575);
#1489=VECTOR('',#4977,0.393700787401575);
#1490=VECTOR('',#4978,0.393700787401575);
#1491=VECTOR('',#4981,0.393700787401575);
#1492=VECTOR('',#4982,0.393700787401575);
#1493=VECTOR('',#4985,0.393700787401575);
#1494=VECTOR('',#4986,0.393700787401575);
#1495=VECTOR('',#4989,0.393700787401575);
#1496=VECTOR('',#4990,0.393700787401575);
#1497=VECTOR('',#4991,0.393700787401575);
#1498=VECTOR('',#4992,0.393700787401575);
#1499=VECTOR('',#4993,0.393700787401575);
#1500=VECTOR('',#4996,0.393700787401575);
#1501=VECTOR('',#4999,0.393700787401575);
#1502=VECTOR('',#5002,0.393700787401575);
#1503=VECTOR('',#5003,0.393700787401575);
#1504=VECTOR('',#5006,0.393700787401575);
#1505=VECTOR('',#5007,0.393700787401575);
#1506=VECTOR('',#5010,0.393700787401575);
#1507=VECTOR('',#5013,0.393700787401575);
#1508=VECTOR('',#5014,0.393700787401575);
#1509=VECTOR('',#5017,0.393700787401575);
#1510=VECTOR('',#5018,0.393700787401575);
#1511=VECTOR('',#5021,0.393700787401575);
#1512=VECTOR('',#5022,0.393700787401575);
#1513=VECTOR('',#5027,0.393700787401575);
#1514=VECTOR('',#5032,0.393700787401575);
#1515=VECTOR('',#5033,0.393700787401575);
#1516=VECTOR('',#5034,0.393700787401575);
#1517=VECTOR('',#5037,0.393700787401575);
#1518=VECTOR('',#5038,0.393700787401575);
#1519=VECTOR('',#5041,0.393700787401575);
#1520=VECTOR('',#5042,0.393700787401575);
#1521=VECTOR('',#5045,0.393700787401575);
#1522=VECTOR('',#5046,0.393700787401575);
#1523=VECTOR('',#5047,0.393700787401575);
#1524=VECTOR('',#5050,0.393700787401575);
#1525=VECTOR('',#5051,0.393700787401575);
#1526=VECTOR('',#5052,0.393700787401575);
#1527=VECTOR('',#5057,0.393700787401575);
#1528=VECTOR('',#5058,0.393700787401575);
#1529=VECTOR('',#5061,0.393700787401575);
#1530=VECTOR('',#5064,0.393700787401575);
#1531=VECTOR('',#5069,0.393700787401575);
#1532=VECTOR('',#5078,0.393700787401575);
#1533=VECTOR('',#5079,0.393700787401575);
#1534=VECTOR('',#5082,0.393700787401575);
#1535=VECTOR('',#5083,0.393700787401575);
#1536=VECTOR('',#5086,0.393700787401575);
#1537=VECTOR('',#5087,0.393700787401575);
#1538=VECTOR('',#5088,0.393700787401575);
#1539=VECTOR('',#5091,0.393700787401575);
#1540=VECTOR('',#5094,0.393700787401575);
#1541=VECTOR('',#5097,0.393700787401575);
#1542=VECTOR('',#5100,0.393700787401575);
#1543=VECTOR('',#5101,0.393700787401575);
#1544=VECTOR('',#5104,0.393700787401575);
#1545=VECTOR('',#5111,0.393700787401575);
#1546=VECTOR('',#5116,0.393700787401575);
#1547=VECTOR('',#5117,0.393700787401575);
#1548=VECTOR('',#5118,0.393700787401575);
#1549=VECTOR('',#5123,0.393700787401575);
#1550=VECTOR('',#5124,0.393700787401575);
#1551=VECTOR('',#5127,0.393700787401575);
#1552=VECTOR('',#5128,0.393700787401575);
#1553=VECTOR('',#5129,0.393700787401575);
#1554=VECTOR('',#5130,0.393700787401575);
#1555=VECTOR('',#5131,0.393700787401575);
#1556=VECTOR('',#5132,0.393700787401575);
#1557=VECTOR('',#5133,0.393700787401575);
#1558=VECTOR('',#5136,0.393700787401575);
#1559=VECTOR('',#5139,0.393700787401575);
#1560=VECTOR('',#5142,0.393700787401575);
#1561=VECTOR('',#5143,0.393700787401575);
#1562=VECTOR('',#5144,0.393700787401575);
#1563=VECTOR('',#5153,0.393700787401575);
#1564=VECTOR('',#5158,0.393700787401575);
#1565=CIRCLE('',#3922,0.08);
#1566=CIRCLE('',#3923,0.08);
#1567=CIRCLE('',#3925,0.0787401574803149);
#1568=CIRCLE('',#3926,0.0787401574803149);
#1569=CIRCLE('',#3932,0.0787401574803149);
#1570=CIRCLE('',#3933,0.0787401574803149);
#1571=CIRCLE('',#3937,0.0787401574803149);
#1572=CIRCLE('',#3938,0.0787401574803149);
#1573=CIRCLE('',#3953,0.0787401574803149);
#1574=CIRCLE('',#3954,0.0787401574803149);
#1575=CIRCLE('',#3955,0.0787401574803149);
#1576=CIRCLE('',#3968,0.0787401574803149);
#1577=CIRCLE('',#3972,0.0787401574803149);
#1578=CIRCLE('',#3976,0.0787401574803149);
#1579=CIRCLE('',#3994,0.0787401574803149);
#1580=CIRCLE('',#3995,0.0787401574803149);
#1581=CIRCLE('',#3999,0.0787401574803149);
#1582=CIRCLE('',#4000,0.0787401574803149);
#1583=CIRCLE('',#4004,0.0787401574803149);
#1584=CIRCLE('',#4005,0.0787401574803149);
#1585=CIRCLE('',#4009,0.0787401574803149);
#1586=CIRCLE('',#4010,0.0787401574803149);
#1587=CIRCLE('',#4013,0.0787401574803149);
#1588=CIRCLE('',#4014,0.0787401574803149);
#1589=CIRCLE('',#4018,0.0787401574803149);
#1590=CIRCLE('',#4019,0.0787401574803149);
#1591=CIRCLE('',#4025,0.0750000000000002);
#1592=CIRCLE('',#4027,0.0750000000000002);
#1593=CIRCLE('',#4028,0.0750000000000002);
#1594=CIRCLE('',#4029,0.0750000000000002);
#1595=CIRCLE('',#4031,0.075);
#1596=CIRCLE('',#4032,0.075);
#1597=CIRCLE('',#4034,0.0750000000000002);
#1598=CIRCLE('',#4036,0.0750000000000002);
#1599=CIRCLE('',#4037,0.0750000000000002);
#1600=CIRCLE('',#4038,0.0750000000000002);
#1601=CIRCLE('',#4040,0.075);
#1602=CIRCLE('',#4041,0.075);
#1603=CIRCLE('',#4053,0.850000027127153);
#1604=CIRCLE('',#4055,0.850000027127153);
#1605=CIRCLE('',#4056,0.850000027127153);
#1606=CIRCLE('',#4057,0.850000027127153);
#1607=CIRCLE('',#4058,0.850000027127153);
#1608=CIRCLE('',#4059,0.850000027127153);
#1609=CIRCLE('',#4060,0.850000027127153);
#1610=CIRCLE('',#4077,0.625000019946436);
#1611=CIRCLE('',#4078,0.625000019946436);
#1612=CIRCLE('',#4081,1.0000000319143);
#1613=CIRCLE('',#4082,1.0000000319143);
#1614=CIRCLE('',#4083,1.05);
#1615=CIRCLE('',#4084,1.025);
#1616=CIRCLE('',#4085,1.0000000319143);
#1617=CIRCLE('',#4086,1.);
#1618=CIRCLE('',#4102,1.);
#1619=CIRCLE('',#4103,1.);
#1620=CIRCLE('',#4104,1.0000000319143);
#1621=CIRCLE('',#4105,0.625000019946436);
#1622=CIRCLE('',#4106,0.625000019946436);
#1623=CIRCLE('',#4108,1.0000000319143);
#1624=CIRCLE('',#4109,1.0000000319143);
#1625=CIRCLE('',#4111,1.);
#1626=CIRCLE('',#4113,1.05);
#1627=CIRCLE('',#4115,1.025);
#1628=CIRCLE('',#4129,0.625000019946436);
#1629=CIRCLE('',#4130,0.625000019946436);
#1630=CIRCLE('',#4143,0.625000019946436);
#1631=CIRCLE('',#4145,0.625000019946436);
#1632=VERTEX_POINT('',#5165);
#1633=VERTEX_POINT('',#5167);
#1634=VERTEX_POINT('',#5171);
#1635=VERTEX_POINT('',#5172);
#1636=VERTEX_POINT('',#5174);
#1637=VERTEX_POINT('',#5176);
#1638=VERTEX_POINT('',#5178);
#1639=VERTEX_POINT('',#5182);
#1640=VERTEX_POINT('',#5184);
#1641=VERTEX_POINT('',#5188);
#1642=VERTEX_POINT('',#5190);
#1643=VERTEX_POINT('',#5192);
#1644=VERTEX_POINT('',#5196);
#1645=VERTEX_POINT('',#5198);
#1646=VERTEX_POINT('',#5200);
#1647=VERTEX_POINT('',#5204);
#1648=VERTEX_POINT('',#5206);
#1649=VERTEX_POINT('',#5210);
#1650=VERTEX_POINT('',#5212);
#1651=VERTEX_POINT('',#5214);
#1652=VERTEX_POINT('',#5218);
#1653=VERTEX_POINT('',#5220);
#1654=VERTEX_POINT('',#5224);
#1655=VERTEX_POINT('',#5226);
#1656=VERTEX_POINT('',#5230);
#1657=VERTEX_POINT('',#5232);
#1658=VERTEX_POINT('',#5236);
#1659=VERTEX_POINT('',#5238);
#1660=VERTEX_POINT('',#5242);
#1661=VERTEX_POINT('',#5243);
#1662=VERTEX_POINT('',#5245);
#1663=VERTEX_POINT('',#5247);
#1664=VERTEX_POINT('',#5251);
#1665=VERTEX_POINT('',#5253);
#1666=VERTEX_POINT('',#5257);
#1667=VERTEX_POINT('',#5259);
#1668=VERTEX_POINT('',#5263);
#1669=VERTEX_POINT('',#5265);
#1670=VERTEX_POINT('',#5269);
#1671=VERTEX_POINT('',#5271);
#1672=VERTEX_POINT('',#5275);
#1673=VERTEX_POINT('',#5277);
#1674=VERTEX_POINT('',#5281);
#1675=VERTEX_POINT('',#5283);
#1676=VERTEX_POINT('',#5287);
#1677=VERTEX_POINT('',#5289);
#1678=VERTEX_POINT('',#5293);
#1679=VERTEX_POINT('',#5295);
#1680=VERTEX_POINT('',#5299);
#1681=VERTEX_POINT('',#5301);
#1682=VERTEX_POINT('',#5305);
#1683=VERTEX_POINT('',#5307);
#1684=VERTEX_POINT('',#5311);
#1685=VERTEX_POINT('',#5313);
#1686=VERTEX_POINT('',#5318);
#1687=VERTEX_POINT('',#5320);
#1688=VERTEX_POINT('',#5322);
#1689=VERTEX_POINT('',#5324);
#1690=VERTEX_POINT('',#5326);
#1691=VERTEX_POINT('',#5328);
#1692=VERTEX_POINT('',#5330);
#1693=VERTEX_POINT('',#5332);
#1694=VERTEX_POINT('',#5334);
#1695=VERTEX_POINT('',#5338);
#1696=VERTEX_POINT('',#5339);
#1697=VERTEX_POINT('',#5342);
#1698=VERTEX_POINT('',#5344);
#1699=VERTEX_POINT('',#5346);
#1700=VERTEX_POINT('',#5348);
#1701=VERTEX_POINT('',#5350);
#1702=VERTEX_POINT('',#5352);
#1703=VERTEX_POINT('',#5354);
#1704=VERTEX_POINT('',#5358);
#1705=VERTEX_POINT('',#5362);
#1706=VERTEX_POINT('',#5366);
#1707=VERTEX_POINT('',#5370);
#1708=VERTEX_POINT('',#5374);
#1709=VERTEX_POINT('',#5378);
#1710=VERTEX_POINT('',#5382);
#1711=VERTEX_POINT('',#5386);
#1712=VERTEX_POINT('',#5390);
#1713=VERTEX_POINT('',#5394);
#1714=VERTEX_POINT('',#5400);
#1715=VERTEX_POINT('',#5404);
#1716=VERTEX_POINT('',#5408);
#1717=VERTEX_POINT('',#5412);
#1718=VERTEX_POINT('',#5416);
#1719=VERTEX_POINT('',#5420);
#1720=VERTEX_POINT('',#5424);
#1721=VERTEX_POINT('',#5428);
#1722=VERTEX_POINT('',#5435);
#1723=VERTEX_POINT('',#5436);
#1724=VERTEX_POINT('',#5438);
#1725=VERTEX_POINT('',#5440);
#1726=VERTEX_POINT('',#5442);
#1727=VERTEX_POINT('',#5444);
#1728=VERTEX_POINT('',#5446);
#1729=VERTEX_POINT('',#5448);
#1730=VERTEX_POINT('',#5450);
#1731=VERTEX_POINT('',#5452);
#1732=VERTEX_POINT('',#5454);
#1733=VERTEX_POINT('',#5456);
#1734=VERTEX_POINT('',#5458);
#1735=VERTEX_POINT('',#5460);
#1736=VERTEX_POINT('',#5462);
#1737=VERTEX_POINT('',#5464);
#1738=VERTEX_POINT('',#5466);
#1739=VERTEX_POINT('',#5468);
#1740=VERTEX_POINT('',#5470);
#1741=VERTEX_POINT('',#5472);
#1742=VERTEX_POINT('',#5474);
#1743=VERTEX_POINT('',#5476);
#1744=VERTEX_POINT('',#5480);
#1745=VERTEX_POINT('',#5482);
#1746=VERTEX_POINT('',#5486);
#1747=VERTEX_POINT('',#5490);
#1748=VERTEX_POINT('',#5494);
#1749=VERTEX_POINT('',#5498);
#1750=VERTEX_POINT('',#5502);
#1751=VERTEX_POINT('',#5506);
#1752=VERTEX_POINT('',#5510);
#1753=VERTEX_POINT('',#5514);
#1754=VERTEX_POINT('',#5518);
#1755=VERTEX_POINT('',#5522);
#1756=VERTEX_POINT('',#5526);
#1757=VERTEX_POINT('',#5527);
#1758=VERTEX_POINT('',#5529);
#1759=VERTEX_POINT('',#5531);
#1760=VERTEX_POINT('',#5535);
#1761=VERTEX_POINT('',#5537);
#1762=VERTEX_POINT('',#5541);
#1763=VERTEX_POINT('',#5543);
#1764=VERTEX_POINT('',#5547);
#1765=VERTEX_POINT('',#5549);
#1766=VERTEX_POINT('',#5553);
#1767=VERTEX_POINT('',#5555);
#1768=VERTEX_POINT('',#5559);
#1769=VERTEX_POINT('',#5561);
#1770=VERTEX_POINT('',#5565);
#1771=VERTEX_POINT('',#5567);
#1772=VERTEX_POINT('',#5571);
#1773=VERTEX_POINT('',#5573);
#1774=VERTEX_POINT('',#5577);
#1775=VERTEX_POINT('',#5579);
#1776=VERTEX_POINT('',#5583);
#1777=VERTEX_POINT('',#5585);
#1778=VERTEX_POINT('',#5589);
#1779=VERTEX_POINT('',#5591);
#1780=VERTEX_POINT('',#5595);
#1781=VERTEX_POINT('',#5597);
#1782=VERTEX_POINT('',#5601);
#1783=VERTEX_POINT('',#5603);
#1784=VERTEX_POINT('',#5607);
#1785=VERTEX_POINT('',#5609);
#1786=VERTEX_POINT('',#5613);
#1787=VERTEX_POINT('',#5615);
#1788=VERTEX_POINT('',#5619);
#1789=VERTEX_POINT('',#5621);
#1790=VERTEX_POINT('',#5625);
#1791=VERTEX_POINT('',#5626);
#1792=VERTEX_POINT('',#5628);
#1793=VERTEX_POINT('',#5630);
#1794=VERTEX_POINT('',#5634);
#1795=VERTEX_POINT('',#5636);
#1796=VERTEX_POINT('',#5642);
#1797=VERTEX_POINT('',#5644);
#1798=VERTEX_POINT('',#5646);
#1799=VERTEX_POINT('',#5648);
#1800=VERTEX_POINT('',#5650);
#1801=VERTEX_POINT('',#5652);
#1802=VERTEX_POINT('',#5654);
#1803=VERTEX_POINT('',#5656);
#1804=VERTEX_POINT('',#5658);
#1805=VERTEX_POINT('',#5660);
#1806=VERTEX_POINT('',#5666);
#1807=VERTEX_POINT('',#5667);
#1808=VERTEX_POINT('',#5671);
#1809=VERTEX_POINT('',#5673);
#1810=VERTEX_POINT('',#5678);
#1811=VERTEX_POINT('',#5680);
#1812=VERTEX_POINT('',#5684);
#1813=VERTEX_POINT('',#5685);
#1814=VERTEX_POINT('',#5689);
#1815=VERTEX_POINT('',#5691);
#1816=VERTEX_POINT('',#5696);
#1817=VERTEX_POINT('',#5698);
#1818=VERTEX_POINT('',#5702);
#1819=VERTEX_POINT('',#5703);
#1820=VERTEX_POINT('',#5705);
#1821=VERTEX_POINT('',#5707);
#1822=VERTEX_POINT('',#5709);
#1823=VERTEX_POINT('',#5711);
#1824=VERTEX_POINT('',#5715);
#1825=VERTEX_POINT('',#5716);
#1826=VERTEX_POINT('',#5721);
#1827=VERTEX_POINT('',#5725);
#1828=VERTEX_POINT('',#5729);
#1829=VERTEX_POINT('',#5730);
#1830=VERTEX_POINT('',#5732);
#1831=VERTEX_POINT('',#5734);
#1832=VERTEX_POINT('',#5736);
#1833=VERTEX_POINT('',#5740);
#1834=VERTEX_POINT('',#5742);
#1835=VERTEX_POINT('',#5746);
#1836=VERTEX_POINT('',#5748);
#1837=VERTEX_POINT('',#5752);
#1838=VERTEX_POINT('',#5754);
#1839=VERTEX_POINT('',#5756);
#1840=VERTEX_POINT('',#5758);
#1841=VERTEX_POINT('',#5760);
#1842=VERTEX_POINT('',#5762);
#1843=VERTEX_POINT('',#5764);
#1844=VERTEX_POINT('',#5766);
#1845=VERTEX_POINT('',#5770);
#1846=VERTEX_POINT('',#5772);
#1847=VERTEX_POINT('',#5776);
#1848=VERTEX_POINT('',#5780);
#1849=VERTEX_POINT('',#5781);
#1850=VERTEX_POINT('',#5786);
#1851=VERTEX_POINT('',#5788);
#1852=VERTEX_POINT('',#5792);
#1853=VERTEX_POINT('',#5794);
#1854=VERTEX_POINT('',#5796);
#1855=VERTEX_POINT('',#5798);
#1856=VERTEX_POINT('',#5800);
#1857=VERTEX_POINT('',#5802);
#1858=VERTEX_POINT('',#5804);
#1859=VERTEX_POINT('',#5806);
#1860=VERTEX_POINT('',#5808);
#1861=VERTEX_POINT('',#5810);
#1862=VERTEX_POINT('',#5812);
#1863=VERTEX_POINT('',#5814);
#1864=VERTEX_POINT('',#5816);
#1865=VERTEX_POINT('',#5820);
#1866=VERTEX_POINT('',#5822);
#1867=VERTEX_POINT('',#5829);
#1868=VERTEX_POINT('',#5831);
#1869=VERTEX_POINT('',#5841);
#1870=VERTEX_POINT('',#5843);
#1871=VERTEX_POINT('',#5848);
#1872=VERTEX_POINT('',#5852);
#1873=VERTEX_POINT('',#5854);
#1874=VERTEX_POINT('',#5858);
#1875=VERTEX_POINT('',#5859);
#1876=VERTEX_POINT('',#5861);
#1877=VERTEX_POINT('',#5863);
#1878=VERTEX_POINT('',#5867);
#1879=VERTEX_POINT('',#5869);
#1880=VERTEX_POINT('',#5873);
#1881=VERTEX_POINT('',#5875);
#1882=VERTEX_POINT('',#5877);
#1883=VERTEX_POINT('',#5879);
#1884=VERTEX_POINT('',#5883);
#1885=VERTEX_POINT('',#5887);
#1886=VERTEX_POINT('',#5889);
#1887=VERTEX_POINT('',#5891);
#1888=VERTEX_POINT('',#5893);
#1889=VERTEX_POINT('',#5895);
#1890=VERTEX_POINT('',#5897);
#1891=VERTEX_POINT('',#5900);
#1892=VERTEX_POINT('',#5902);
#1893=VERTEX_POINT('',#5905);
#1894=VERTEX_POINT('',#5910);
#1895=VERTEX_POINT('',#5914);
#1896=VERTEX_POINT('',#5916);
#1897=VERTEX_POINT('',#5918);
#1898=VERTEX_POINT('',#5920);
#1899=VERTEX_POINT('',#5924);
#1900=VERTEX_POINT('',#5928);
#1901=VERTEX_POINT('',#5932);
#1902=VERTEX_POINT('',#5936);
#1903=VERTEX_POINT('',#5942);
#1904=VERTEX_POINT('',#5943);
#1905=VERTEX_POINT('',#5945);
#1906=VERTEX_POINT('',#5947);
#1907=VERTEX_POINT('',#5949);
#1908=VERTEX_POINT('',#5951);
#1909=VERTEX_POINT('',#5953);
#1910=VERTEX_POINT('',#5955);
#1911=VERTEX_POINT('',#5958);
#1912=VERTEX_POINT('',#5960);
#1913=VERTEX_POINT('',#5964);
#1914=VERTEX_POINT('',#5966);
#1915=VERTEX_POINT('',#5968);
#1916=VERTEX_POINT('',#5970);
#1917=VERTEX_POINT('',#5972);
#1918=VERTEX_POINT('',#5974);
#1919=VERTEX_POINT('',#5976);
#1920=VERTEX_POINT('',#5978);
#1921=VERTEX_POINT('',#5980);
#1922=VERTEX_POINT('',#5982);
#1923=VERTEX_POINT('',#6000);
#1924=VERTEX_POINT('',#6016);
#1925=VERTEX_POINT('',#6023);
#1926=VERTEX_POINT('',#6024);
#1927=VERTEX_POINT('',#6026);
#1928=VERTEX_POINT('',#6028);
#1929=VERTEX_POINT('',#6030);
#1930=VERTEX_POINT('',#6032);
#1931=VERTEX_POINT('',#6034);
#1932=VERTEX_POINT('',#6036);
#1933=VERTEX_POINT('',#6038);
#1934=VERTEX_POINT('',#6040);
#1935=VERTEX_POINT('',#6044);
#1936=VERTEX_POINT('',#6046);
#1937=VERTEX_POINT('',#6050);
#1938=VERTEX_POINT('',#6054);
#1939=VERTEX_POINT('',#6056);
#1940=VERTEX_POINT('',#6058);
#1941=VERTEX_POINT('',#6061);
#1942=VERTEX_POINT('',#6086);
#1943=VERTEX_POINT('',#6087);
#1944=VERTEX_POINT('',#6089);
#1945=VERTEX_POINT('',#6091);
#1946=VERTEX_POINT('',#6093);
#1947=VERTEX_POINT('',#6096);
#1948=VERTEX_POINT('',#6098);
#1949=VERTEX_POINT('',#6100);
#1950=VERTEX_POINT('',#6102);
#1951=VERTEX_POINT('',#6105);
#1952=VERTEX_POINT('',#6107);
#1953=VERTEX_POINT('',#6110);
#1954=VERTEX_POINT('',#6111);
#1955=VERTEX_POINT('',#6113);
#1956=VERTEX_POINT('',#6116);
#1957=VERTEX_POINT('',#6118);
#1958=VERTEX_POINT('',#6120);
#1959=VERTEX_POINT('',#6122);
#1960=VERTEX_POINT('',#6128);
#1961=VERTEX_POINT('',#6130);
#1962=VERTEX_POINT('',#6133);
#1963=VERTEX_POINT('',#6135);
#1964=VERTEX_POINT('',#6140);
#1965=VERTEX_POINT('',#6142);
#1966=VERTEX_POINT('',#6146);
#1967=VERTEX_POINT('',#6155);
#1968=VERTEX_POINT('',#6159);
#1969=VERTEX_POINT('',#6163);
#1970=VERTEX_POINT('',#6167);
#1971=VERTEX_POINT('',#6169);
#1972=VERTEX_POINT('',#6171);
#1973=VERTEX_POINT('',#6173);
#1974=VERTEX_POINT('',#6175);
#1975=VERTEX_POINT('',#6197);
#1976=VERTEX_POINT('',#6202);
#1977=VERTEX_POINT('',#6219);
#1978=VERTEX_POINT('',#6225);
#1979=VERTEX_POINT('',#6229);
#1980=VERTEX_POINT('',#6231);
#1981=VERTEX_POINT('',#6233);
#1982=VERTEX_POINT('',#6235);
#1983=VERTEX_POINT('',#6237);
#1984=VERTEX_POINT('',#6244);
#1985=VERTEX_POINT('',#6246);
#1986=VERTEX_POINT('',#6250);
#1987=VERTEX_POINT('',#6254);
#1988=VERTEX_POINT('',#6258);
#1989=VERTEX_POINT('',#6263);
#1990=VERTEX_POINT('',#6265);
#1991=VERTEX_POINT('',#6270);
#1992=VERTEX_POINT('',#6278);
#1993=VERTEX_POINT('',#6291);
#1994=VERTEX_POINT('',#6315);
#1995=VERTEX_POINT('',#6320);
#1996=VERTEX_POINT('',#6336);
#1997=VERTEX_POINT('',#6348);
#1998=VERTEX_POINT('',#6353);
#1999=VERTEX_POINT('',#6357);
#2000=VERTEX_POINT('',#6359);
#2001=VERTEX_POINT('',#6361);
#2002=VERTEX_POINT('',#6364);
#2003=EDGE_CURVE('',#1632,#1632,#1565,.T.);
#2004=EDGE_CURVE('',#1632,#1633,#603,.T.);
#2005=EDGE_CURVE('',#1633,#1633,#1566,.T.);
#2006=EDGE_CURVE('',#1634,#1635,#1567,.T.);
#2007=EDGE_CURVE('',#1636,#1634,#604,.T.);
#2008=EDGE_CURVE('',#1637,#1636,#1568,.T.);
#2009=EDGE_CURVE('',#1638,#1637,#605,.T.);
#2010=EDGE_CURVE('',#1638,#1635,#606,.T.);
#2011=EDGE_CURVE('',#1638,#1639,#607,.T.);
#2012=EDGE_CURVE('',#1639,#1640,#608,.T.);
#2013=EDGE_CURVE('',#1635,#1640,#609,.T.);
#2014=EDGE_CURVE('',#1640,#1641,#610,.T.);
#2015=EDGE_CURVE('',#1642,#1639,#611,.T.);
#2016=EDGE_CURVE('',#1643,#1642,#612,.T.);
#2017=EDGE_CURVE('',#1643,#1641,#613,.T.);
#2018=EDGE_CURVE('',#1641,#1644,#614,.T.);
#2019=EDGE_CURVE('',#1645,#1643,#615,.T.);
#2020=EDGE_CURVE('',#1646,#1645,#616,.T.);
#2021=EDGE_CURVE('',#1646,#1644,#617,.T.);
#2022=EDGE_CURVE('',#1646,#1647,#618,.T.);
#2023=EDGE_CURVE('',#1647,#1648,#619,.T.);
#2024=EDGE_CURVE('',#1644,#1648,#620,.T.);
#2025=EDGE_CURVE('',#1648,#1649,#1569,.T.);
#2026=EDGE_CURVE('',#1650,#1647,#621,.T.);
#2027=EDGE_CURVE('',#1651,#1650,#1570,.T.);
#2028=EDGE_CURVE('',#1651,#1649,#622,.T.);
#2029=EDGE_CURVE('',#1649,#1652,#623,.T.);
#2030=EDGE_CURVE('',#1653,#1651,#624,.T.);
#2031=EDGE_CURVE('',#1653,#1652,#625,.T.);
#2032=EDGE_CURVE('',#1652,#1654,#626,.T.);
#2033=EDGE_CURVE('',#1655,#1653,#627,.T.);
#2034=EDGE_CURVE('',#1655,#1654,#628,.T.);
#2035=EDGE_CURVE('',#1654,#1656,#1571,.T.);
#2036=EDGE_CURVE('',#1657,#1655,#1572,.T.);
#2037=EDGE_CURVE('',#1657,#1656,#629,.T.);
#2038=EDGE_CURVE('',#1656,#1658,#630,.T.);
#2039=EDGE_CURVE('',#1659,#1657,#631,.T.);
#2040=EDGE_CURVE('',#1659,#1658,#632,.T.);
#2041=EDGE_CURVE('',#1660,#1661,#633,.T.);
#2042=EDGE_CURVE('',#1662,#1660,#634,.T.);
#2043=EDGE_CURVE('',#1663,#1662,#635,.T.);
#2044=EDGE_CURVE('',#1663,#1661,#636,.T.);
#2045=EDGE_CURVE('',#1661,#1664,#637,.T.);
#2046=EDGE_CURVE('',#1665,#1663,#638,.T.);
#2047=EDGE_CURVE('',#1665,#1664,#639,.T.);
#2048=EDGE_CURVE('',#1664,#1666,#640,.T.);
#2049=EDGE_CURVE('',#1667,#1665,#641,.T.);
#2050=EDGE_CURVE('',#1667,#1666,#642,.T.);
#2051=EDGE_CURVE('',#1666,#1668,#643,.T.);
#2052=EDGE_CURVE('',#1669,#1667,#644,.T.);
#2053=EDGE_CURVE('',#1669,#1668,#645,.T.);
#2054=EDGE_CURVE('',#1668,#1670,#646,.T.);
#2055=EDGE_CURVE('',#1671,#1669,#647,.T.);
#2056=EDGE_CURVE('',#1671,#1670,#648,.T.);
#2057=EDGE_CURVE('',#1670,#1672,#649,.T.);
#2058=EDGE_CURVE('',#1673,#1671,#650,.T.);
#2059=EDGE_CURVE('',#1673,#1672,#651,.T.);
#2060=EDGE_CURVE('',#1672,#1674,#652,.T.);
#2061=EDGE_CURVE('',#1675,#1673,#653,.T.);
#2062=EDGE_CURVE('',#1675,#1674,#654,.T.);
#2063=EDGE_CURVE('',#1674,#1676,#655,.T.);
#2064=EDGE_CURVE('',#1677,#1675,#656,.T.);
#2065=EDGE_CURVE('',#1677,#1676,#657,.T.);
#2066=EDGE_CURVE('',#1676,#1678,#658,.T.);
#2067=EDGE_CURVE('',#1679,#1677,#659,.T.);
#2068=EDGE_CURVE('',#1679,#1678,#660,.T.);
#2069=EDGE_CURVE('',#1678,#1680,#661,.T.);
#2070=EDGE_CURVE('',#1681,#1679,#662,.T.);
#2071=EDGE_CURVE('',#1681,#1680,#663,.T.);
#2072=EDGE_CURVE('',#1680,#1682,#664,.T.);
#2073=EDGE_CURVE('',#1683,#1681,#665,.T.);
#2074=EDGE_CURVE('',#1683,#1682,#666,.T.);
#2075=EDGE_CURVE('',#1682,#1684,#667,.T.);
#2076=EDGE_CURVE('',#1685,#1683,#668,.T.);
#2077=EDGE_CURVE('',#1685,#1684,#669,.T.);
#2078=EDGE_CURVE('',#1637,#1642,#670,.T.);
#2079=EDGE_CURVE('',#1636,#1686,#671,.T.);
#2080=EDGE_CURVE('',#1686,#1687,#672,.T.);
#2081=EDGE_CURVE('',#1687,#1688,#1573,.T.);
#2082=EDGE_CURVE('',#1688,#1689,#673,.T.);
#2083=EDGE_CURVE('',#1689,#1690,#674,.T.);
#2084=EDGE_CURVE('',#1690,#1691,#1574,.T.);
#2085=EDGE_CURVE('',#1691,#1692,#675,.T.);
#2086=EDGE_CURVE('',#1692,#1693,#676,.T.);
#2087=EDGE_CURVE('',#1693,#1694,#1575,.T.);
#2088=EDGE_CURVE('',#1694,#1659,#677,.T.);
#2089=EDGE_CURVE('',#1645,#1650,#678,.T.);
#2090=EDGE_CURVE('',#1695,#1696,#679,.T.);
#2091=EDGE_CURVE('',#1696,#1685,#680,.T.);
#2092=EDGE_CURVE('',#1662,#1697,#681,.T.);
#2093=EDGE_CURVE('',#1697,#1698,#682,.T.);
#2094=EDGE_CURVE('',#1698,#1699,#683,.T.);
#2095=EDGE_CURVE('',#1699,#1700,#684,.T.);
#2096=EDGE_CURVE('',#1700,#1701,#685,.T.);
#2097=EDGE_CURVE('',#1701,#1702,#686,.T.);
#2098=EDGE_CURVE('',#1702,#1703,#687,.T.);
#2099=EDGE_CURVE('',#1703,#1695,#688,.T.);
#2100=EDGE_CURVE('',#1704,#1660,#689,.T.);
#2101=EDGE_CURVE('',#1697,#1704,#690,.T.);
#2102=EDGE_CURVE('',#1705,#1704,#691,.T.);
#2103=EDGE_CURVE('',#1698,#1705,#692,.T.);
#2104=EDGE_CURVE('',#1706,#1705,#693,.T.);
#2105=EDGE_CURVE('',#1699,#1706,#694,.T.);
#2106=EDGE_CURVE('',#1707,#1706,#695,.T.);
#2107=EDGE_CURVE('',#1700,#1707,#696,.T.);
#2108=EDGE_CURVE('',#1708,#1707,#697,.T.);
#2109=EDGE_CURVE('',#1701,#1708,#698,.T.);
#2110=EDGE_CURVE('',#1709,#1708,#699,.T.);
#2111=EDGE_CURVE('',#1702,#1709,#700,.T.);
#2112=EDGE_CURVE('',#1710,#1709,#701,.T.);
#2113=EDGE_CURVE('',#1703,#1710,#702,.T.);
#2114=EDGE_CURVE('',#1711,#1710,#703,.T.);
#2115=EDGE_CURVE('',#1695,#1711,#704,.T.);
#2116=EDGE_CURVE('',#1712,#1711,#705,.T.);
#2117=EDGE_CURVE('',#1696,#1712,#706,.T.);
#2118=EDGE_CURVE('',#1658,#1713,#707,.T.);
#2119=EDGE_CURVE('',#1694,#1713,#708,.T.);
#2120=EDGE_CURVE('',#1684,#1712,#709,.T.);
#2121=EDGE_CURVE('',#1713,#1714,#1576,.T.);
#2122=EDGE_CURVE('',#1693,#1714,#710,.T.);
#2123=EDGE_CURVE('',#1714,#1715,#711,.T.);
#2124=EDGE_CURVE('',#1692,#1715,#712,.T.);
#2125=EDGE_CURVE('',#1715,#1716,#713,.T.);
#2126=EDGE_CURVE('',#1691,#1716,#714,.T.);
#2127=EDGE_CURVE('',#1716,#1717,#1577,.T.);
#2128=EDGE_CURVE('',#1690,#1717,#715,.T.);
#2129=EDGE_CURVE('',#1717,#1718,#716,.T.);
#2130=EDGE_CURVE('',#1689,#1718,#717,.T.);
#2131=EDGE_CURVE('',#1718,#1719,#718,.T.);
#2132=EDGE_CURVE('',#1688,#1719,#719,.T.);
#2133=EDGE_CURVE('',#1719,#1720,#1578,.T.);
#2134=EDGE_CURVE('',#1687,#1720,#720,.T.);
#2135=EDGE_CURVE('',#1720,#1721,#721,.T.);
#2136=EDGE_CURVE('',#1686,#1721,#722,.T.);
#2137=EDGE_CURVE('',#1721,#1634,#723,.T.);
#2138=EDGE_CURVE('',#1722,#1723,#724,.T.);
#2139=EDGE_CURVE('',#1724,#1722,#725,.T.);
#2140=EDGE_CURVE('',#1725,#1724,#726,.T.);
#2141=EDGE_CURVE('',#1726,#1725,#727,.T.);
#2142=EDGE_CURVE('',#1727,#1726,#728,.T.);
#2143=EDGE_CURVE('',#1728,#1727,#729,.T.);
#2144=EDGE_CURVE('',#1729,#1728,#730,.T.);
#2145=EDGE_CURVE('',#1730,#1729,#731,.T.);
#2146=EDGE_CURVE('',#1731,#1730,#732,.T.);
#2147=EDGE_CURVE('',#1732,#1731,#733,.T.);
#2148=EDGE_CURVE('',#1733,#1732,#734,.T.);
#2149=EDGE_CURVE('',#1734,#1733,#735,.T.);
#2150=EDGE_CURVE('',#1735,#1734,#736,.T.);
#2151=EDGE_CURVE('',#1736,#1735,#737,.T.);
#2152=EDGE_CURVE('',#1737,#1736,#738,.T.);
#2153=EDGE_CURVE('',#1738,#1737,#739,.T.);
#2154=EDGE_CURVE('',#1739,#1738,#740,.T.);
#2155=EDGE_CURVE('',#1740,#1739,#741,.T.);
#2156=EDGE_CURVE('',#1741,#1740,#742,.T.);
#2157=EDGE_CURVE('',#1742,#1741,#743,.T.);
#2158=EDGE_CURVE('',#1743,#1742,#744,.T.);
#2159=EDGE_CURVE('',#1723,#1743,#745,.T.);
#2160=EDGE_CURVE('',#1732,#1744,#746,.T.);
#2161=EDGE_CURVE('',#1745,#1744,#747,.T.);
#2162=EDGE_CURVE('',#1733,#1745,#748,.T.);
#2163=EDGE_CURVE('',#1731,#1746,#749,.T.);
#2164=EDGE_CURVE('',#1744,#1746,#750,.T.);
#2165=EDGE_CURVE('',#1730,#1747,#751,.T.);
#2166=EDGE_CURVE('',#1746,#1747,#752,.T.);
#2167=EDGE_CURVE('',#1729,#1748,#753,.T.);
#2168=EDGE_CURVE('',#1747,#1748,#754,.T.);
#2169=EDGE_CURVE('',#1728,#1749,#755,.T.);
#2170=EDGE_CURVE('',#1748,#1749,#756,.T.);
#2171=EDGE_CURVE('',#1727,#1750,#757,.T.);
#2172=EDGE_CURVE('',#1749,#1750,#758,.T.);
#2173=EDGE_CURVE('',#1726,#1751,#759,.T.);
#2174=EDGE_CURVE('',#1750,#1751,#760,.T.);
#2175=EDGE_CURVE('',#1725,#1752,#761,.T.);
#2176=EDGE_CURVE('',#1751,#1752,#762,.T.);
#2177=EDGE_CURVE('',#1724,#1753,#763,.T.);
#2178=EDGE_CURVE('',#1752,#1753,#764,.T.);
#2179=EDGE_CURVE('',#1722,#1754,#765,.T.);
#2180=EDGE_CURVE('',#1753,#1754,#766,.T.);
#2181=EDGE_CURVE('',#1755,#1723,#767,.T.);
#2182=EDGE_CURVE('',#1754,#1755,#768,.T.);
#2183=EDGE_CURVE('',#1756,#1757,#769,.T.);
#2184=EDGE_CURVE('',#1756,#1758,#770,.T.);
#2185=EDGE_CURVE('',#1759,#1758,#771,.T.);
#2186=EDGE_CURVE('',#1757,#1759,#772,.T.);
#2187=EDGE_CURVE('',#1760,#1756,#1579,.T.);
#2188=EDGE_CURVE('',#1760,#1761,#773,.T.);
#2189=EDGE_CURVE('',#1758,#1761,#1580,.T.);
#2190=EDGE_CURVE('',#1762,#1760,#774,.T.);
#2191=EDGE_CURVE('',#1762,#1763,#775,.T.);
#2192=EDGE_CURVE('',#1761,#1763,#776,.T.);
#2193=EDGE_CURVE('',#1764,#1762,#777,.T.);
#2194=EDGE_CURVE('',#1764,#1765,#778,.T.);
#2195=EDGE_CURVE('',#1763,#1765,#779,.T.);
#2196=EDGE_CURVE('',#1766,#1764,#1581,.T.);
#2197=EDGE_CURVE('',#1766,#1767,#780,.T.);
#2198=EDGE_CURVE('',#1765,#1767,#1582,.T.);
#2199=EDGE_CURVE('',#1768,#1766,#781,.T.);
#2200=EDGE_CURVE('',#1768,#1769,#782,.T.);
#2201=EDGE_CURVE('',#1767,#1769,#783,.T.);
#2202=EDGE_CURVE('',#1770,#1768,#784,.T.);
#2203=EDGE_CURVE('',#1770,#1771,#785,.T.);
#2204=EDGE_CURVE('',#1769,#1771,#786,.T.);
#2205=EDGE_CURVE('',#1772,#1770,#1583,.T.);
#2206=EDGE_CURVE('',#1772,#1773,#787,.T.);
#2207=EDGE_CURVE('',#1771,#1773,#1584,.T.);
#2208=EDGE_CURVE('',#1774,#1772,#788,.T.);
#2209=EDGE_CURVE('',#1774,#1775,#789,.T.);
#2210=EDGE_CURVE('',#1773,#1775,#790,.T.);
#2211=EDGE_CURVE('',#1776,#1774,#791,.T.);
#2212=EDGE_CURVE('',#1776,#1777,#792,.T.);
#2213=EDGE_CURVE('',#1775,#1777,#793,.T.);
#2214=EDGE_CURVE('',#1778,#1776,#1585,.T.);
#2215=EDGE_CURVE('',#1778,#1779,#794,.T.);
#2216=EDGE_CURVE('',#1777,#1779,#1586,.T.);
#2217=EDGE_CURVE('',#1757,#1780,#795,.T.);
#2218=EDGE_CURVE('',#1781,#1759,#796,.T.);
#2219=EDGE_CURVE('',#1780,#1781,#797,.T.);
#2220=EDGE_CURVE('',#1780,#1782,#1587,.T.);
#2221=EDGE_CURVE('',#1783,#1781,#1588,.T.);
#2222=EDGE_CURVE('',#1782,#1783,#798,.T.);
#2223=EDGE_CURVE('',#1782,#1784,#799,.T.);
#2224=EDGE_CURVE('',#1785,#1783,#800,.T.);
#2225=EDGE_CURVE('',#1784,#1785,#801,.T.);
#2226=EDGE_CURVE('',#1784,#1786,#802,.T.);
#2227=EDGE_CURVE('',#1787,#1785,#803,.T.);
#2228=EDGE_CURVE('',#1786,#1787,#804,.T.);
#2229=EDGE_CURVE('',#1786,#1788,#1589,.T.);
#2230=EDGE_CURVE('',#1789,#1787,#1590,.T.);
#2231=EDGE_CURVE('',#1788,#1789,#805,.T.);
#2232=EDGE_CURVE('',#1790,#1791,#806,.T.);
#2233=EDGE_CURVE('',#1790,#1792,#807,.T.);
#2234=EDGE_CURVE('',#1793,#1792,#808,.T.);
#2235=EDGE_CURVE('',#1791,#1793,#809,.T.);
#2236=EDGE_CURVE('',#1791,#1794,#810,.T.);
#2237=EDGE_CURVE('',#1795,#1793,#811,.T.);
#2238=EDGE_CURVE('',#1794,#1795,#812,.T.);
#2239=EDGE_CURVE('',#1779,#1795,#813,.T.);
#2240=EDGE_CURVE('',#1792,#1789,#814,.T.);
#2241=EDGE_CURVE('',#1755,#1796,#815,.T.);
#2242=EDGE_CURVE('',#1796,#1797,#816,.T.);
#2243=EDGE_CURVE('',#1797,#1798,#817,.T.);
#2244=EDGE_CURVE('',#1798,#1799,#818,.T.);
#2245=EDGE_CURVE('',#1799,#1800,#819,.T.);
#2246=EDGE_CURVE('',#1800,#1801,#820,.T.);
#2247=EDGE_CURVE('',#1801,#1802,#821,.T.);
#2248=EDGE_CURVE('',#1802,#1803,#822,.T.);
#2249=EDGE_CURVE('',#1803,#1804,#823,.T.);
#2250=EDGE_CURVE('',#1804,#1805,#824,.T.);
#2251=EDGE_CURVE('',#1805,#1745,#825,.T.);
#2252=EDGE_CURVE('',#1734,#1805,#826,.T.);
#2253=EDGE_CURVE('',#1806,#1807,#827,.T.);
#2254=EDGE_CURVE('',#1807,#1806,#1591,.T.);
#2255=EDGE_CURVE('',#1808,#1808,#1592,.T.);
#2256=EDGE_CURVE('',#1808,#1809,#828,.T.);
#2257=EDGE_CURVE('',#1807,#1809,#1593,.T.);
#2258=EDGE_CURVE('',#1809,#1806,#1594,.T.);
#2259=EDGE_CURVE('',#1810,#1810,#1595,.T.);
#2260=EDGE_CURVE('',#1810,#1811,#829,.T.);
#2261=EDGE_CURVE('',#1811,#1811,#1596,.T.);
#2262=EDGE_CURVE('',#1812,#1813,#830,.T.);
#2263=EDGE_CURVE('',#1813,#1812,#1597,.T.);
#2264=EDGE_CURVE('',#1814,#1814,#1598,.T.);
#2265=EDGE_CURVE('',#1814,#1815,#831,.T.);
#2266=EDGE_CURVE('',#1813,#1815,#1599,.T.);
#2267=EDGE_CURVE('',#1815,#1812,#1600,.T.);
#2268=EDGE_CURVE('',#1816,#1816,#1601,.T.);
#2269=EDGE_CURVE('',#1816,#1817,#832,.T.);
#2270=EDGE_CURVE('',#1817,#1817,#1602,.T.);
#2271=EDGE_CURVE('',#1818,#1819,#833,.T.);
#2272=EDGE_CURVE('',#1820,#1818,#834,.T.);
#2273=EDGE_CURVE('',#1821,#1820,#835,.T.);
#2274=EDGE_CURVE('',#1822,#1821,#836,.T.);
#2275=EDGE_CURVE('',#1823,#1822,#837,.T.);
#2276=EDGE_CURVE('',#1819,#1823,#838,.T.);
#2277=EDGE_CURVE('',#1824,#1825,#839,.T.);
#2278=EDGE_CURVE('',#1824,#1823,#840,.T.);
#2279=EDGE_CURVE('',#1822,#1825,#841,.T.);
#2280=EDGE_CURVE('',#1825,#1826,#842,.T.);
#2281=EDGE_CURVE('',#1821,#1826,#843,.T.);
#2282=EDGE_CURVE('',#1827,#1820,#844,.T.);
#2283=EDGE_CURVE('',#1826,#1827,#845,.T.);
#2284=EDGE_CURVE('',#1828,#1829,#846,.T.);
#2285=EDGE_CURVE('',#1830,#1828,#847,.T.);
#2286=EDGE_CURVE('',#1831,#1830,#848,.T.);
#2287=EDGE_CURVE('',#1832,#1831,#849,.T.);
#2288=EDGE_CURVE('',#1829,#1832,#850,.T.);
#2289=EDGE_CURVE('',#1833,#1830,#851,.T.);
#2290=EDGE_CURVE('',#1834,#1833,#852,.T.);
#2291=EDGE_CURVE('',#1831,#1834,#853,.T.);
#2292=EDGE_CURVE('',#1819,#1835,#854,.T.);
#2293=EDGE_CURVE('',#1836,#1835,#855,.T.);
#2294=EDGE_CURVE('',#1818,#1836,#856,.T.);
#2295=EDGE_CURVE('',#1837,#1824,#857,.T.);
#2296=EDGE_CURVE('',#1838,#1837,#858,.T.);
#2297=EDGE_CURVE('',#1839,#1838,#859,.T.);
#2298=EDGE_CURVE('',#1840,#1839,#860,.T.);
#2299=EDGE_CURVE('',#1841,#1840,#861,.T.);
#2300=EDGE_CURVE('',#1842,#1841,#862,.T.);
#2301=EDGE_CURVE('',#1843,#1842,#863,.T.);
#2302=EDGE_CURVE('',#1843,#1844,#864,.T.);
#2303=EDGE_CURVE('',#1844,#1835,#865,.T.);
#2304=EDGE_CURVE('',#1828,#1845,#866,.T.);
#2305=EDGE_CURVE('',#1846,#1845,#867,.T.);
#2306=EDGE_CURVE('',#1830,#1846,#868,.T.);
#2307=EDGE_CURVE('',#1829,#1847,#869,.T.);
#2308=EDGE_CURVE('',#1845,#1847,#870,.T.);
#2309=EDGE_CURVE('',#1848,#1849,#19,.T.);
#2310=EDGE_CURVE('',#1850,#1848,#871,.T.);
#2311=EDGE_CURVE('',#1851,#1850,#1603,.T.);
#2312=EDGE_CURVE('',#1849,#1851,#872,.T.);
#2313=EDGE_CURVE('',#1852,#1850,#873,.T.);
#2314=EDGE_CURVE('',#1853,#1852,#1604,.T.);
#2315=EDGE_CURVE('',#1853,#1854,#874,.T.);
#2316=EDGE_CURVE('',#1854,#1855,#1605,.T.);
#2317=EDGE_CURVE('',#1855,#1856,#875,.T.);
#2318=EDGE_CURVE('',#1856,#1857,#1606,.T.);
#2319=EDGE_CURVE('',#1857,#1858,#876,.T.);
#2320=EDGE_CURVE('',#1858,#1859,#1607,.T.);
#2321=EDGE_CURVE('',#1859,#1860,#877,.T.);
#2322=EDGE_CURVE('',#1861,#1860,#878,.T.);
#2323=EDGE_CURVE('',#1861,#1862,#1608,.T.);
#2324=EDGE_CURVE('',#1863,#1862,#879,.T.);
#2325=EDGE_CURVE('',#1864,#1863,#1609,.T.);
#2326=EDGE_CURVE('',#1864,#1851,#880,.T.);
#2327=EDGE_CURVE('',#1865,#1848,#881,.T.);
#2328=EDGE_CURVE('',#1865,#1866,#20,.T.);
#2329=EDGE_CURVE('',#1852,#1866,#882,.T.);
#2330=EDGE_CURVE('',#1867,#1861,#883,.T.);
#2331=EDGE_CURVE('',#1868,#1867,#21,.T.);
#2332=EDGE_CURVE('',#1862,#1868,#884,.T.);
#2333=EDGE_CURVE('',#1869,#1868,#885,.T.);
#2334=EDGE_CURVE('',#1869,#1870,#22,.T.);
#2335=EDGE_CURVE('',#1871,#1870,#886,.T.);
#2336=EDGE_CURVE('',#1863,#1871,#887,.T.);
#2337=EDGE_CURVE('',#1872,#1842,#888,.T.);
#2338=EDGE_CURVE('',#1872,#1873,#889,.T.);
#2339=EDGE_CURVE('',#1843,#1873,#890,.T.);
#2340=EDGE_CURVE('',#1874,#1875,#891,.T.);
#2341=EDGE_CURVE('',#1874,#1876,#892,.T.);
#2342=EDGE_CURVE('',#1876,#1877,#893,.T.);
#2343=EDGE_CURVE('',#1875,#1877,#894,.T.);
#2344=EDGE_CURVE('',#1878,#1872,#895,.T.);
#2345=EDGE_CURVE('',#1879,#1878,#896,.T.);
#2346=EDGE_CURVE('',#1873,#1879,#897,.T.);
#2347=EDGE_CURVE('',#1880,#1841,#898,.T.);
#2348=EDGE_CURVE('',#1881,#1880,#899,.T.);
#2349=EDGE_CURVE('',#1882,#1881,#900,.T.);
#2350=EDGE_CURVE('',#1882,#1883,#901,.T.);
#2351=EDGE_CURVE('',#1878,#1883,#902,.T.);
#2352=EDGE_CURVE('',#1840,#1884,#903,.T.);
#2353=EDGE_CURVE('',#1884,#1880,#904,.T.);
#2354=EDGE_CURVE('',#1885,#1874,#905,.T.);
#2355=EDGE_CURVE('',#1875,#1886,#906,.T.);
#2356=EDGE_CURVE('',#1886,#1887,#907,.T.);
#2357=EDGE_CURVE('',#1887,#1888,#908,.T.);
#2358=EDGE_CURVE('',#1888,#1889,#909,.T.);
#2359=EDGE_CURVE('',#1889,#1890,#910,.T.);
#2360=EDGE_CURVE('',#1890,#1860,#911,.T.);
#2361=EDGE_CURVE('',#1860,#1891,#912,.T.);
#2362=EDGE_CURVE('',#1891,#1892,#913,.T.);
#2363=EDGE_CURVE('',#1892,#1853,#914,.T.);
#2364=EDGE_CURVE('',#1866,#1893,#23,.T.);
#2365=EDGE_CURVE('',#1893,#1894,#915,.T.);
#2366=EDGE_CURVE('',#1647,#1894,#916,.T.);
#2367=EDGE_CURVE('',#1639,#1646,#917,.T.);
#2368=EDGE_CURVE('',#1895,#1638,#918,.T.);
#2369=EDGE_CURVE('',#1896,#1895,#919,.T.);
#2370=EDGE_CURVE('',#1896,#1897,#920,.T.);
#2371=EDGE_CURVE('',#1897,#1898,#921,.T.);
#2372=EDGE_CURVE('',#1898,#1885,#922,.T.);
#2373=EDGE_CURVE('',#1877,#1899,#923,.T.);
#2374=EDGE_CURVE('',#1886,#1899,#924,.T.);
#2375=EDGE_CURVE('',#1899,#1900,#925,.T.);
#2376=EDGE_CURVE('',#1887,#1900,#926,.T.);
#2377=EDGE_CURVE('',#1885,#1901,#927,.T.);
#2378=EDGE_CURVE('',#1901,#1876,#928,.T.);
#2379=EDGE_CURVE('',#1898,#1902,#929,.T.);
#2380=EDGE_CURVE('',#1902,#1901,#930,.T.);
#2381=EDGE_CURVE('',#1900,#1902,#931,.T.);
#2382=EDGE_CURVE('',#1903,#1904,#932,.F.);
#2383=EDGE_CURVE('',#1904,#1905,#933,.T.);
#2384=EDGE_CURVE('',#1905,#1906,#934,.T.);
#2385=EDGE_CURVE('',#1906,#1907,#935,.T.);
#2386=EDGE_CURVE('',#1908,#1907,#936,.T.);
#2387=EDGE_CURVE('',#1908,#1909,#937,.T.);
#2388=EDGE_CURVE('',#1909,#1910,#938,.T.);
#2389=EDGE_CURVE('',#1910,#1888,#939,.T.);
#2390=EDGE_CURVE('',#1911,#1897,#940,.T.);
#2391=EDGE_CURVE('',#1912,#1911,#941,.T.);
#2392=EDGE_CURVE('',#1903,#1912,#942,.T.);
#2393=EDGE_CURVE('',#1913,#1847,#943,.T.);
#2394=EDGE_CURVE('',#1913,#1914,#944,.T.);
#2395=EDGE_CURVE('',#1915,#1914,#945,.T.);
#2396=EDGE_CURVE('',#1916,#1915,#946,.T.);
#2397=EDGE_CURVE('',#1917,#1916,#947,.T.);
#2398=EDGE_CURVE('',#1918,#1917,#1610,.T.);
#2399=EDGE_CURVE('',#1919,#1918,#948,.T.);
#2400=EDGE_CURVE('',#1919,#1920,#949,.T.);
#2401=EDGE_CURVE('',#1921,#1920,#950,.T.);
#2402=EDGE_CURVE('',#1922,#1921,#1611,.T.);
#2403=EDGE_CURVE('',#1846,#1922,#951,.T.);
#2404=EDGE_CURVE('',#1903,#1837,#952,.T.);
#2405=EDGE_CURVE('',#1838,#1912,#953,.T.);
#2406=EDGE_CURVE('',#1923,#1867,#954,.T.);
#2407=EDGE_CURVE('',#1923,#1869,#24,.T.);
#2408=EDGE_CURVE('',#1924,#1849,#955,.T.);
#2409=EDGE_CURVE('',#1924,#1865,#25,.T.);
#2410=EDGE_CURVE('',#1925,#1926,#956,.T.);
#2411=EDGE_CURVE('',#1926,#1927,#1612,.T.);
#2412=EDGE_CURVE('',#1927,#1928,#957,.T.);
#2413=EDGE_CURVE('',#1928,#1929,#958,.T.);
#2414=EDGE_CURVE('',#1929,#1930,#1613,.T.);
#2415=EDGE_CURVE('',#1930,#1931,#1614,.T.);
#2416=EDGE_CURVE('',#1931,#1932,#1615,.T.);
#2417=EDGE_CURVE('',#1932,#1933,#1616,.T.);
#2418=EDGE_CURVE('',#1933,#1934,#959,.T.);
#2419=EDGE_CURVE('',#1934,#1925,#1617,.T.);
#2420=EDGE_CURVE('',#1935,#1919,#960,.T.);
#2421=EDGE_CURVE('',#1936,#1935,#961,.T.);
#2422=EDGE_CURVE('',#1920,#1936,#962,.T.);
#2423=EDGE_CURVE('',#1918,#1937,#963,.T.);
#2424=EDGE_CURVE('',#1937,#1935,#964,.T.);
#2425=EDGE_CURVE('',#1938,#1836,#965,.T.);
#2426=EDGE_CURVE('',#1939,#1938,#966,.T.);
#2427=EDGE_CURVE('',#1939,#1940,#967,.T.);
#2428=EDGE_CURVE('',#1940,#1913,#968,.T.);
#2429=EDGE_CURVE('',#1941,#1832,#969,.T.);
#2430=EDGE_CURVE('',#1827,#1941,#970,.T.);
#2431=EDGE_CURVE('',#1743,#1796,#971,.T.);
#2432=EDGE_CURVE('',#1742,#1797,#972,.T.);
#2433=EDGE_CURVE('',#1741,#1798,#973,.T.);
#2434=EDGE_CURVE('',#1740,#1799,#974,.T.);
#2435=EDGE_CURVE('',#1739,#1800,#975,.T.);
#2436=EDGE_CURVE('',#1738,#1801,#976,.T.);
#2437=EDGE_CURVE('',#1737,#1802,#977,.T.);
#2438=EDGE_CURVE('',#1736,#1803,#978,.T.);
#2439=EDGE_CURVE('',#1735,#1804,#979,.T.);
#2440=EDGE_CURVE('',#1794,#1790,#980,.T.);
#2441=EDGE_CURVE('',#1942,#1943,#981,.T.);
#2442=EDGE_CURVE('',#1944,#1943,#1618,.T.);
#2443=EDGE_CURVE('',#1945,#1944,#1619,.T.);
#2444=EDGE_CURVE('',#1945,#1946,#982,.F.);
#2445=EDGE_CURVE('',#1946,#1942,#1620,.F.);
#2446=EDGE_CURVE('',#1941,#1947,#983,.T.);
#2447=EDGE_CURVE('',#1947,#1948,#1621,.T.);
#2448=EDGE_CURVE('',#1948,#1949,#984,.T.);
#2449=EDGE_CURVE('',#1949,#1950,#985,.T.);
#2450=EDGE_CURVE('',#1950,#1864,#986,.T.);
#2451=EDGE_CURVE('',#1871,#1951,#987,.T.);
#2452=EDGE_CURVE('',#1951,#1952,#988,.T.);
#2453=EDGE_CURVE('',#1952,#1904,#1622,.T.);
#2454=EDGE_CURVE('',#1953,#1954,#989,.F.);
#2455=EDGE_CURVE('',#1955,#1954,#990,.T.);
#2456=EDGE_CURVE('',#1955,#1953,#991,.T.);
#2457=EDGE_CURVE('',#1788,#1956,#992,.T.);
#2458=EDGE_CURVE('',#1956,#1957,#993,.T.);
#2459=EDGE_CURVE('',#1957,#1958,#994,.T.);
#2460=EDGE_CURVE('',#1958,#1959,#995,.T.);
#2461=EDGE_CURVE('',#1959,#1778,#996,.T.);
#2462=EDGE_CURVE('',#1926,#1942,#997,.T.);
#2463=EDGE_CURVE('',#1946,#1933,#998,.T.);
#2464=EDGE_CURVE('',#1932,#1960,#999,.T.);
#2465=EDGE_CURVE('',#1960,#1961,#1623,.T.);
#2466=EDGE_CURVE('',#1961,#1930,#1000,.T.);
#2467=EDGE_CURVE('',#1962,#1929,#1001,.T.);
#2468=EDGE_CURVE('',#1963,#1962,#1624,.T.);
#2469=EDGE_CURVE('',#1927,#1963,#1002,.T.);
#2470=EDGE_CURVE('',#1934,#1945,#1003,.T.);
#2471=EDGE_CURVE('',#1964,#1944,#1004,.T.);
#2472=EDGE_CURVE('',#1965,#1964,#1625,.T.);
#2473=EDGE_CURVE('',#1965,#1925,#1005,.T.);
#2474=EDGE_CURVE('',#1961,#1966,#1626,.T.);
#2475=EDGE_CURVE('',#1966,#1931,#1006,.T.);
#2476=EDGE_CURVE('',#1966,#1960,#1627,.T.);
#2477=EDGE_CURVE('',#1856,#1857,#1007,.T.);
#2478=EDGE_CURVE('',#1858,#1967,#1008,.T.);
#2479=EDGE_CURVE('',#1967,#1859,#1009,.T.);
#2480=EDGE_CURVE('',#1892,#1968,#1010,.T.);
#2481=EDGE_CURVE('',#1968,#1854,#1011,.T.);
#2482=EDGE_CURVE('',#1884,#1969,#1012,.T.);
#2483=EDGE_CURVE('',#1839,#1969,#1013,.T.);
#2484=EDGE_CURVE('',#1889,#1970,#1014,.T.);
#2485=EDGE_CURVE('',#1970,#1971,#1015,.T.);
#2486=EDGE_CURVE('',#1972,#1971,#1016,.T.);
#2487=EDGE_CURVE('',#1973,#1972,#1017,.T.);
#2488=EDGE_CURVE('',#1974,#1973,#1018,.T.);
#2489=EDGE_CURVE('',#1890,#1974,#26,.T.);
#2490=EDGE_CURVE('',#1975,#1924,#27,.T.);
#2491=EDGE_CURVE('',#1976,#1975,#28,.T.);
#2492=EDGE_CURVE('',#1976,#1893,#29,.T.);
#2493=EDGE_CURVE('',#1943,#1965,#1019,.T.);
#2494=EDGE_CURVE('',#1967,#1891,#1020,.T.);
#2495=EDGE_CURVE('',#1972,#1908,#1021,.T.);
#2496=EDGE_CURVE('',#1971,#1909,#1022,.T.);
#2497=EDGE_CURVE('',#1940,#1977,#1023,.T.);
#2498=EDGE_CURVE('',#1914,#1977,#1024,.T.);
#2499=EDGE_CURVE('',#1910,#1970,#1025,.T.);
#2500=EDGE_CURVE('',#1978,#1939,#1026,.T.);
#2501=EDGE_CURVE('',#1977,#1978,#1027,.T.);
#2502=EDGE_CURVE('',#1907,#1979,#1028,.T.);
#2503=EDGE_CURVE('',#1980,#1979,#1029,.T.);
#2504=EDGE_CURVE('',#1981,#1980,#1628,.T.);
#2505=EDGE_CURVE('',#1982,#1981,#1030,.T.);
#2506=EDGE_CURVE('',#1983,#1982,#1031,.T.);
#2507=EDGE_CURVE('',#1973,#1983,#1629,.T.);
#2508=EDGE_CURVE('',#1855,#1968,#1032,.T.);
#2509=EDGE_CURVE('',#1984,#1922,#1033,.T.);
#2510=EDGE_CURVE('',#1985,#1984,#1034,.T.);
#2511=EDGE_CURVE('',#1846,#1985,#1035,.T.);
#2512=EDGE_CURVE('',#1936,#1986,#1036,.T.);
#2513=EDGE_CURVE('',#1986,#1921,#1037,.T.);
#2514=EDGE_CURVE('',#1911,#1987,#1038,.T.);
#2515=EDGE_CURVE('',#1969,#1987,#1039,.T.);
#2516=EDGE_CURVE('',#1988,#1985,#1040,.T.);
#2517=EDGE_CURVE('',#1979,#1988,#1041,.T.);
#2518=EDGE_CURVE('',#1833,#1906,#1042,.T.);
#2519=EDGE_CURVE('',#1953,#1989,#1043,.T.);
#2520=EDGE_CURVE('',#1989,#1990,#1044,.T.);
#2521=EDGE_CURVE('',#1954,#1990,#1045,.T.);
#2522=EDGE_CURVE('',#1991,#1990,#1046,.T.);
#2523=EDGE_CURVE('',#1955,#1991,#1047,.T.);
#2524=EDGE_CURVE('',#1987,#1896,#1048,.T.);
#2525=EDGE_CURVE('',#1991,#1989,#1049,.T.);
#2526=EDGE_CURVE('',#1984,#1992,#1630,.T.);
#2527=EDGE_CURVE('',#1988,#1992,#1050,.T.);
#2528=EDGE_CURVE('',#1937,#1986,#1631,.T.);
#2529=EDGE_CURVE('',#1949,#1916,#1051,.T.);
#2530=EDGE_CURVE('',#1948,#1917,#1052,.T.);
#2531=EDGE_CURVE('',#1915,#1976,#1053,.T.);
#2532=EDGE_CURVE('',#1950,#1975,#1054,.T.);
#2533=EDGE_CURVE('',#1993,#1947,#1055,.T.);
#2534=EDGE_CURVE('',#1993,#1981,#1056,.T.);
#2535=EDGE_CURVE('',#1992,#1980,#1057,.T.);
#2536=EDGE_CURVE('',#1890,#1923,#30,.T.);
#2537=EDGE_CURVE('',#1994,#1974,#31,.T.);
#2538=EDGE_CURVE('',#1995,#1994,#32,.T.);
#2539=EDGE_CURVE('',#1870,#1995,#33,.T.);
#2540=EDGE_CURVE('',#1951,#1995,#1058,.T.);
#2541=EDGE_CURVE('',#1952,#1994,#1059,.T.);
#2542=EDGE_CURVE('',#1905,#1983,#1060,.T.);
#2543=EDGE_CURVE('',#1996,#1982,#1061,.T.);
#2544=EDGE_CURVE('',#1996,#1905,#1062,.T.);
#2545=EDGE_CURVE('',#1993,#1996,#1063,.T.);
#2546=EDGE_CURVE('',#1834,#1993,#1064,.T.);
#2547=EDGE_CURVE('',#1959,#1895,#1065,.T.);
#2548=EDGE_CURVE('',#1958,#1997,#1066,.T.);
#2549=EDGE_CURVE('',#1881,#1997,#1067,.T.);
#2550=EDGE_CURVE('',#1928,#1998,#1068,.T.);
#2551=EDGE_CURVE('',#1962,#1998,#1069,.T.);
#2552=EDGE_CURVE('',#1999,#1978,#1070,.T.);
#2553=EDGE_CURVE('',#1999,#2000,#1071,.T.);
#2554=EDGE_CURVE('',#2001,#2000,#1072,.T.);
#2555=EDGE_CURVE('',#1883,#2001,#1073,.T.);
#2556=EDGE_CURVE('',#2002,#1882,#1074,.T.);
#2557=EDGE_CURVE('',#1957,#2002,#1075,.T.);
#2558=EDGE_CURVE('',#1956,#1894,#1076,.T.);
#2559=EDGE_CURVE('',#1998,#1963,#1077,.T.);
#2560=EDGE_CURVE('',#1938,#1999,#1078,.T.);
#2561=EDGE_CURVE('',#1813,#1806,#1079,.T.);
#2562=EDGE_CURVE('',#2000,#1812,#1080,.T.);
#2563=EDGE_CURVE('',#1807,#1844,#1081,.T.);
#2564=EDGE_CURVE('',#2001,#1879,#1082,.T.);
#2565=EDGE_CURVE('',#2002,#1997,#1083,.T.);
#2566=ORIENTED_EDGE('',*,*,#2003,.F.);
#2567=ORIENTED_EDGE('',*,*,#2004,.T.);
#2568=ORIENTED_EDGE('',*,*,#2005,.F.);
#2569=ORIENTED_EDGE('',*,*,#2004,.F.);
#2570=ORIENTED_EDGE('',*,*,#2006,.F.);
#2571=ORIENTED_EDGE('',*,*,#2007,.F.);
#2572=ORIENTED_EDGE('',*,*,#2008,.F.);
#2573=ORIENTED_EDGE('',*,*,#2009,.F.);
#2574=ORIENTED_EDGE('',*,*,#2010,.T.);
#2575=ORIENTED_EDGE('',*,*,#2011,.T.);
#2576=ORIENTED_EDGE('',*,*,#2012,.T.);
#2577=ORIENTED_EDGE('',*,*,#2013,.F.);
#2578=ORIENTED_EDGE('',*,*,#2010,.F.);
#2579=ORIENTED_EDGE('',*,*,#2014,.F.);
#2580=ORIENTED_EDGE('',*,*,#2012,.F.);
#2581=ORIENTED_EDGE('',*,*,#2015,.F.);
#2582=ORIENTED_EDGE('',*,*,#2016,.F.);
#2583=ORIENTED_EDGE('',*,*,#2017,.T.);
#2584=ORIENTED_EDGE('',*,*,#2018,.F.);
#2585=ORIENTED_EDGE('',*,*,#2017,.F.);
#2586=ORIENTED_EDGE('',*,*,#2019,.F.);
#2587=ORIENTED_EDGE('',*,*,#2020,.F.);
#2588=ORIENTED_EDGE('',*,*,#2021,.T.);
#2589=ORIENTED_EDGE('',*,*,#2022,.T.);
#2590=ORIENTED_EDGE('',*,*,#2023,.T.);
#2591=ORIENTED_EDGE('',*,*,#2024,.F.);
#2592=ORIENTED_EDGE('',*,*,#2021,.F.);
#2593=ORIENTED_EDGE('',*,*,#2025,.F.);
#2594=ORIENTED_EDGE('',*,*,#2023,.F.);
#2595=ORIENTED_EDGE('',*,*,#2026,.F.);
#2596=ORIENTED_EDGE('',*,*,#2027,.F.);
#2597=ORIENTED_EDGE('',*,*,#2028,.T.);
#2598=ORIENTED_EDGE('',*,*,#2029,.F.);
#2599=ORIENTED_EDGE('',*,*,#2028,.F.);
#2600=ORIENTED_EDGE('',*,*,#2030,.F.);
#2601=ORIENTED_EDGE('',*,*,#2031,.T.);
#2602=ORIENTED_EDGE('',*,*,#2032,.F.);
#2603=ORIENTED_EDGE('',*,*,#2031,.F.);
#2604=ORIENTED_EDGE('',*,*,#2033,.F.);
#2605=ORIENTED_EDGE('',*,*,#2034,.T.);
#2606=ORIENTED_EDGE('',*,*,#2035,.F.);
#2607=ORIENTED_EDGE('',*,*,#2034,.F.);
#2608=ORIENTED_EDGE('',*,*,#2036,.F.);
#2609=ORIENTED_EDGE('',*,*,#2037,.T.);
#2610=ORIENTED_EDGE('',*,*,#2038,.F.);
#2611=ORIENTED_EDGE('',*,*,#2037,.F.);
#2612=ORIENTED_EDGE('',*,*,#2039,.F.);
#2613=ORIENTED_EDGE('',*,*,#2040,.T.);
#2614=ORIENTED_EDGE('',*,*,#2041,.F.);
#2615=ORIENTED_EDGE('',*,*,#2042,.F.);
#2616=ORIENTED_EDGE('',*,*,#2043,.F.);
#2617=ORIENTED_EDGE('',*,*,#2044,.T.);
#2618=ORIENTED_EDGE('',*,*,#2045,.F.);
#2619=ORIENTED_EDGE('',*,*,#2044,.F.);
#2620=ORIENTED_EDGE('',*,*,#2046,.F.);
#2621=ORIENTED_EDGE('',*,*,#2047,.T.);
#2622=ORIENTED_EDGE('',*,*,#2048,.F.);
#2623=ORIENTED_EDGE('',*,*,#2047,.F.);
#2624=ORIENTED_EDGE('',*,*,#2049,.F.);
#2625=ORIENTED_EDGE('',*,*,#2050,.T.);
#2626=ORIENTED_EDGE('',*,*,#2051,.F.);
#2627=ORIENTED_EDGE('',*,*,#2050,.F.);
#2628=ORIENTED_EDGE('',*,*,#2052,.F.);
#2629=ORIENTED_EDGE('',*,*,#2053,.T.);
#2630=ORIENTED_EDGE('',*,*,#2054,.F.);
#2631=ORIENTED_EDGE('',*,*,#2053,.F.);
#2632=ORIENTED_EDGE('',*,*,#2055,.F.);
#2633=ORIENTED_EDGE('',*,*,#2056,.T.);
#2634=ORIENTED_EDGE('',*,*,#2057,.F.);
#2635=ORIENTED_EDGE('',*,*,#2056,.F.);
#2636=ORIENTED_EDGE('',*,*,#2058,.F.);
#2637=ORIENTED_EDGE('',*,*,#2059,.T.);
#2638=ORIENTED_EDGE('',*,*,#2060,.F.);
#2639=ORIENTED_EDGE('',*,*,#2059,.F.);
#2640=ORIENTED_EDGE('',*,*,#2061,.F.);
#2641=ORIENTED_EDGE('',*,*,#2062,.T.);
#2642=ORIENTED_EDGE('',*,*,#2063,.F.);
#2643=ORIENTED_EDGE('',*,*,#2062,.F.);
#2644=ORIENTED_EDGE('',*,*,#2064,.F.);
#2645=ORIENTED_EDGE('',*,*,#2065,.T.);
#2646=ORIENTED_EDGE('',*,*,#2066,.F.);
#2647=ORIENTED_EDGE('',*,*,#2065,.F.);
#2648=ORIENTED_EDGE('',*,*,#2067,.F.);
#2649=ORIENTED_EDGE('',*,*,#2068,.T.);
#2650=ORIENTED_EDGE('',*,*,#2069,.F.);
#2651=ORIENTED_EDGE('',*,*,#2068,.F.);
#2652=ORIENTED_EDGE('',*,*,#2070,.F.);
#2653=ORIENTED_EDGE('',*,*,#2071,.T.);
#2654=ORIENTED_EDGE('',*,*,#2072,.F.);
#2655=ORIENTED_EDGE('',*,*,#2071,.F.);
#2656=ORIENTED_EDGE('',*,*,#2073,.F.);
#2657=ORIENTED_EDGE('',*,*,#2074,.T.);
#2658=ORIENTED_EDGE('',*,*,#2075,.F.);
#2659=ORIENTED_EDGE('',*,*,#2074,.F.);
#2660=ORIENTED_EDGE('',*,*,#2076,.F.);
#2661=ORIENTED_EDGE('',*,*,#2077,.T.);
#2662=ORIENTED_EDGE('',*,*,#2078,.F.);
#2663=ORIENTED_EDGE('',*,*,#2008,.T.);
#2664=ORIENTED_EDGE('',*,*,#2079,.T.);
#2665=ORIENTED_EDGE('',*,*,#2080,.T.);
#2666=ORIENTED_EDGE('',*,*,#2081,.T.);
#2667=ORIENTED_EDGE('',*,*,#2082,.T.);
#2668=ORIENTED_EDGE('',*,*,#2083,.T.);
#2669=ORIENTED_EDGE('',*,*,#2084,.T.);
#2670=ORIENTED_EDGE('',*,*,#2085,.T.);
#2671=ORIENTED_EDGE('',*,*,#2086,.T.);
#2672=ORIENTED_EDGE('',*,*,#2087,.T.);
#2673=ORIENTED_EDGE('',*,*,#2088,.T.);
#2674=ORIENTED_EDGE('',*,*,#2039,.T.);
#2675=ORIENTED_EDGE('',*,*,#2036,.T.);
#2676=ORIENTED_EDGE('',*,*,#2033,.T.);
#2677=ORIENTED_EDGE('',*,*,#2030,.T.);
#2678=ORIENTED_EDGE('',*,*,#2027,.T.);
#2679=ORIENTED_EDGE('',*,*,#2089,.F.);
#2680=ORIENTED_EDGE('',*,*,#2019,.T.);
#2681=ORIENTED_EDGE('',*,*,#2016,.T.);
#2682=ORIENTED_EDGE('',*,*,#2090,.T.);
#2683=ORIENTED_EDGE('',*,*,#2091,.T.);
#2684=ORIENTED_EDGE('',*,*,#2076,.T.);
#2685=ORIENTED_EDGE('',*,*,#2073,.T.);
#2686=ORIENTED_EDGE('',*,*,#2070,.T.);
#2687=ORIENTED_EDGE('',*,*,#2067,.T.);
#2688=ORIENTED_EDGE('',*,*,#2064,.T.);
#2689=ORIENTED_EDGE('',*,*,#2061,.T.);
#2690=ORIENTED_EDGE('',*,*,#2058,.T.);
#2691=ORIENTED_EDGE('',*,*,#2055,.T.);
#2692=ORIENTED_EDGE('',*,*,#2052,.T.);
#2693=ORIENTED_EDGE('',*,*,#2049,.T.);
#2694=ORIENTED_EDGE('',*,*,#2046,.T.);
#2695=ORIENTED_EDGE('',*,*,#2043,.T.);
#2696=ORIENTED_EDGE('',*,*,#2092,.T.);
#2697=ORIENTED_EDGE('',*,*,#2093,.T.);
#2698=ORIENTED_EDGE('',*,*,#2094,.T.);
#2699=ORIENTED_EDGE('',*,*,#2095,.T.);
#2700=ORIENTED_EDGE('',*,*,#2096,.T.);
#2701=ORIENTED_EDGE('',*,*,#2097,.T.);
#2702=ORIENTED_EDGE('',*,*,#2098,.T.);
#2703=ORIENTED_EDGE('',*,*,#2099,.T.);
#2704=ORIENTED_EDGE('',*,*,#2100,.F.);
#2705=ORIENTED_EDGE('',*,*,#2101,.F.);
#2706=ORIENTED_EDGE('',*,*,#2092,.F.);
#2707=ORIENTED_EDGE('',*,*,#2042,.T.);
#2708=ORIENTED_EDGE('',*,*,#2102,.F.);
#2709=ORIENTED_EDGE('',*,*,#2103,.F.);
#2710=ORIENTED_EDGE('',*,*,#2093,.F.);
#2711=ORIENTED_EDGE('',*,*,#2101,.T.);
#2712=ORIENTED_EDGE('',*,*,#2104,.F.);
#2713=ORIENTED_EDGE('',*,*,#2105,.F.);
#2714=ORIENTED_EDGE('',*,*,#2094,.F.);
#2715=ORIENTED_EDGE('',*,*,#2103,.T.);
#2716=ORIENTED_EDGE('',*,*,#2106,.F.);
#2717=ORIENTED_EDGE('',*,*,#2107,.F.);
#2718=ORIENTED_EDGE('',*,*,#2095,.F.);
#2719=ORIENTED_EDGE('',*,*,#2105,.T.);
#2720=ORIENTED_EDGE('',*,*,#2108,.F.);
#2721=ORIENTED_EDGE('',*,*,#2109,.F.);
#2722=ORIENTED_EDGE('',*,*,#2096,.F.);
#2723=ORIENTED_EDGE('',*,*,#2107,.T.);
#2724=ORIENTED_EDGE('',*,*,#2110,.F.);
#2725=ORIENTED_EDGE('',*,*,#2111,.F.);
#2726=ORIENTED_EDGE('',*,*,#2097,.F.);
#2727=ORIENTED_EDGE('',*,*,#2109,.T.);
#2728=ORIENTED_EDGE('',*,*,#2112,.F.);
#2729=ORIENTED_EDGE('',*,*,#2113,.F.);
#2730=ORIENTED_EDGE('',*,*,#2098,.F.);
#2731=ORIENTED_EDGE('',*,*,#2111,.T.);
#2732=ORIENTED_EDGE('',*,*,#2114,.F.);
#2733=ORIENTED_EDGE('',*,*,#2115,.F.);
#2734=ORIENTED_EDGE('',*,*,#2099,.F.);
#2735=ORIENTED_EDGE('',*,*,#2113,.T.);
#2736=ORIENTED_EDGE('',*,*,#2116,.F.);
#2737=ORIENTED_EDGE('',*,*,#2117,.F.);
#2738=ORIENTED_EDGE('',*,*,#2090,.F.);
#2739=ORIENTED_EDGE('',*,*,#2115,.T.);
#2740=ORIENTED_EDGE('',*,*,#2118,.F.);
#2741=ORIENTED_EDGE('',*,*,#2040,.F.);
#2742=ORIENTED_EDGE('',*,*,#2088,.F.);
#2743=ORIENTED_EDGE('',*,*,#2119,.T.);
#2744=ORIENTED_EDGE('',*,*,#2120,.F.);
#2745=ORIENTED_EDGE('',*,*,#2077,.F.);
#2746=ORIENTED_EDGE('',*,*,#2091,.F.);
#2747=ORIENTED_EDGE('',*,*,#2117,.T.);
#2748=ORIENTED_EDGE('',*,*,#2121,.F.);
#2749=ORIENTED_EDGE('',*,*,#2119,.F.);
#2750=ORIENTED_EDGE('',*,*,#2087,.F.);
#2751=ORIENTED_EDGE('',*,*,#2122,.T.);
#2752=ORIENTED_EDGE('',*,*,#2123,.F.);
#2753=ORIENTED_EDGE('',*,*,#2122,.F.);
#2754=ORIENTED_EDGE('',*,*,#2086,.F.);
#2755=ORIENTED_EDGE('',*,*,#2124,.T.);
#2756=ORIENTED_EDGE('',*,*,#2125,.F.);
#2757=ORIENTED_EDGE('',*,*,#2124,.F.);
#2758=ORIENTED_EDGE('',*,*,#2085,.F.);
#2759=ORIENTED_EDGE('',*,*,#2126,.T.);
#2760=ORIENTED_EDGE('',*,*,#2127,.F.);
#2761=ORIENTED_EDGE('',*,*,#2126,.F.);
#2762=ORIENTED_EDGE('',*,*,#2084,.F.);
#2763=ORIENTED_EDGE('',*,*,#2128,.T.);
#2764=ORIENTED_EDGE('',*,*,#2129,.F.);
#2765=ORIENTED_EDGE('',*,*,#2128,.F.);
#2766=ORIENTED_EDGE('',*,*,#2083,.F.);
#2767=ORIENTED_EDGE('',*,*,#2130,.T.);
#2768=ORIENTED_EDGE('',*,*,#2131,.F.);
#2769=ORIENTED_EDGE('',*,*,#2130,.F.);
#2770=ORIENTED_EDGE('',*,*,#2082,.F.);
#2771=ORIENTED_EDGE('',*,*,#2132,.T.);
#2772=ORIENTED_EDGE('',*,*,#2133,.F.);
#2773=ORIENTED_EDGE('',*,*,#2132,.F.);
#2774=ORIENTED_EDGE('',*,*,#2081,.F.);
#2775=ORIENTED_EDGE('',*,*,#2134,.T.);
#2776=ORIENTED_EDGE('',*,*,#2135,.F.);
#2777=ORIENTED_EDGE('',*,*,#2134,.F.);
#2778=ORIENTED_EDGE('',*,*,#2080,.F.);
#2779=ORIENTED_EDGE('',*,*,#2136,.T.);
#2780=ORIENTED_EDGE('',*,*,#2137,.F.);
#2781=ORIENTED_EDGE('',*,*,#2136,.F.);
#2782=ORIENTED_EDGE('',*,*,#2079,.F.);
#2783=ORIENTED_EDGE('',*,*,#2007,.T.);
#2784=ORIENTED_EDGE('',*,*,#2120,.T.);
#2785=ORIENTED_EDGE('',*,*,#2116,.T.);
#2786=ORIENTED_EDGE('',*,*,#2114,.T.);
#2787=ORIENTED_EDGE('',*,*,#2112,.T.);
#2788=ORIENTED_EDGE('',*,*,#2110,.T.);
#2789=ORIENTED_EDGE('',*,*,#2108,.T.);
#2790=ORIENTED_EDGE('',*,*,#2106,.T.);
#2791=ORIENTED_EDGE('',*,*,#2104,.T.);
#2792=ORIENTED_EDGE('',*,*,#2102,.T.);
#2793=ORIENTED_EDGE('',*,*,#2100,.T.);
#2794=ORIENTED_EDGE('',*,*,#2041,.T.);
#2795=ORIENTED_EDGE('',*,*,#2045,.T.);
#2796=ORIENTED_EDGE('',*,*,#2048,.T.);
#2797=ORIENTED_EDGE('',*,*,#2051,.T.);
#2798=ORIENTED_EDGE('',*,*,#2054,.T.);
#2799=ORIENTED_EDGE('',*,*,#2057,.T.);
#2800=ORIENTED_EDGE('',*,*,#2060,.T.);
#2801=ORIENTED_EDGE('',*,*,#2063,.T.);
#2802=ORIENTED_EDGE('',*,*,#2066,.T.);
#2803=ORIENTED_EDGE('',*,*,#2069,.T.);
#2804=ORIENTED_EDGE('',*,*,#2072,.T.);
#2805=ORIENTED_EDGE('',*,*,#2075,.T.);
#2806=ORIENTED_EDGE('',*,*,#2005,.T.);
#2807=ORIENTED_EDGE('',*,*,#2138,.F.);
#2808=ORIENTED_EDGE('',*,*,#2139,.F.);
#2809=ORIENTED_EDGE('',*,*,#2140,.F.);
#2810=ORIENTED_EDGE('',*,*,#2141,.F.);
#2811=ORIENTED_EDGE('',*,*,#2142,.F.);
#2812=ORIENTED_EDGE('',*,*,#2143,.F.);
#2813=ORIENTED_EDGE('',*,*,#2144,.F.);
#2814=ORIENTED_EDGE('',*,*,#2145,.F.);
#2815=ORIENTED_EDGE('',*,*,#2146,.F.);
#2816=ORIENTED_EDGE('',*,*,#2147,.F.);
#2817=ORIENTED_EDGE('',*,*,#2148,.F.);
#2818=ORIENTED_EDGE('',*,*,#2149,.F.);
#2819=ORIENTED_EDGE('',*,*,#2150,.F.);
#2820=ORIENTED_EDGE('',*,*,#2151,.F.);
#2821=ORIENTED_EDGE('',*,*,#2152,.F.);
#2822=ORIENTED_EDGE('',*,*,#2153,.F.);
#2823=ORIENTED_EDGE('',*,*,#2154,.F.);
#2824=ORIENTED_EDGE('',*,*,#2155,.F.);
#2825=ORIENTED_EDGE('',*,*,#2156,.F.);
#2826=ORIENTED_EDGE('',*,*,#2157,.F.);
#2827=ORIENTED_EDGE('',*,*,#2158,.F.);
#2828=ORIENTED_EDGE('',*,*,#2159,.F.);
#2829=ORIENTED_EDGE('',*,*,#2003,.T.);
#2830=ORIENTED_EDGE('',*,*,#2148,.T.);
#2831=ORIENTED_EDGE('',*,*,#2160,.T.);
#2832=ORIENTED_EDGE('',*,*,#2161,.F.);
#2833=ORIENTED_EDGE('',*,*,#2162,.F.);
#2834=ORIENTED_EDGE('',*,*,#2147,.T.);
#2835=ORIENTED_EDGE('',*,*,#2163,.T.);
#2836=ORIENTED_EDGE('',*,*,#2164,.F.);
#2837=ORIENTED_EDGE('',*,*,#2160,.F.);
#2838=ORIENTED_EDGE('',*,*,#2146,.T.);
#2839=ORIENTED_EDGE('',*,*,#2165,.T.);
#2840=ORIENTED_EDGE('',*,*,#2166,.F.);
#2841=ORIENTED_EDGE('',*,*,#2163,.F.);
#2842=ORIENTED_EDGE('',*,*,#2145,.T.);
#2843=ORIENTED_EDGE('',*,*,#2167,.T.);
#2844=ORIENTED_EDGE('',*,*,#2168,.F.);
#2845=ORIENTED_EDGE('',*,*,#2165,.F.);
#2846=ORIENTED_EDGE('',*,*,#2144,.T.);
#2847=ORIENTED_EDGE('',*,*,#2169,.T.);
#2848=ORIENTED_EDGE('',*,*,#2170,.F.);
#2849=ORIENTED_EDGE('',*,*,#2167,.F.);
#2850=ORIENTED_EDGE('',*,*,#2143,.T.);
#2851=ORIENTED_EDGE('',*,*,#2171,.T.);
#2852=ORIENTED_EDGE('',*,*,#2172,.F.);
#2853=ORIENTED_EDGE('',*,*,#2169,.F.);
#2854=ORIENTED_EDGE('',*,*,#2142,.T.);
#2855=ORIENTED_EDGE('',*,*,#2173,.T.);
#2856=ORIENTED_EDGE('',*,*,#2174,.F.);
#2857=ORIENTED_EDGE('',*,*,#2171,.F.);
#2858=ORIENTED_EDGE('',*,*,#2141,.T.);
#2859=ORIENTED_EDGE('',*,*,#2175,.T.);
#2860=ORIENTED_EDGE('',*,*,#2176,.F.);
#2861=ORIENTED_EDGE('',*,*,#2173,.F.);
#2862=ORIENTED_EDGE('',*,*,#2140,.T.);
#2863=ORIENTED_EDGE('',*,*,#2177,.T.);
#2864=ORIENTED_EDGE('',*,*,#2178,.F.);
#2865=ORIENTED_EDGE('',*,*,#2175,.F.);
#2866=ORIENTED_EDGE('',*,*,#2139,.T.);
#2867=ORIENTED_EDGE('',*,*,#2179,.T.);
#2868=ORIENTED_EDGE('',*,*,#2180,.F.);
#2869=ORIENTED_EDGE('',*,*,#2177,.F.);
#2870=ORIENTED_EDGE('',*,*,#2138,.T.);
#2871=ORIENTED_EDGE('',*,*,#2181,.F.);
#2872=ORIENTED_EDGE('',*,*,#2182,.F.);
#2873=ORIENTED_EDGE('',*,*,#2179,.F.);
#2874=ORIENTED_EDGE('',*,*,#2183,.F.);
#2875=ORIENTED_EDGE('',*,*,#2184,.T.);
#2876=ORIENTED_EDGE('',*,*,#2185,.F.);
#2877=ORIENTED_EDGE('',*,*,#2186,.F.);
#2878=ORIENTED_EDGE('',*,*,#2187,.F.);
#2879=ORIENTED_EDGE('',*,*,#2188,.T.);
#2880=ORIENTED_EDGE('',*,*,#2189,.F.);
#2881=ORIENTED_EDGE('',*,*,#2184,.F.);
#2882=ORIENTED_EDGE('',*,*,#2190,.F.);
#2883=ORIENTED_EDGE('',*,*,#2191,.T.);
#2884=ORIENTED_EDGE('',*,*,#2192,.F.);
#2885=ORIENTED_EDGE('',*,*,#2188,.F.);
#2886=ORIENTED_EDGE('',*,*,#2193,.F.);
#2887=ORIENTED_EDGE('',*,*,#2194,.T.);
#2888=ORIENTED_EDGE('',*,*,#2195,.F.);
#2889=ORIENTED_EDGE('',*,*,#2191,.F.);
#2890=ORIENTED_EDGE('',*,*,#2196,.F.);
#2891=ORIENTED_EDGE('',*,*,#2197,.T.);
#2892=ORIENTED_EDGE('',*,*,#2198,.F.);
#2893=ORIENTED_EDGE('',*,*,#2194,.F.);
#2894=ORIENTED_EDGE('',*,*,#2199,.F.);
#2895=ORIENTED_EDGE('',*,*,#2200,.T.);
#2896=ORIENTED_EDGE('',*,*,#2201,.F.);
#2897=ORIENTED_EDGE('',*,*,#2197,.F.);
#2898=ORIENTED_EDGE('',*,*,#2202,.F.);
#2899=ORIENTED_EDGE('',*,*,#2203,.T.);
#2900=ORIENTED_EDGE('',*,*,#2204,.F.);
#2901=ORIENTED_EDGE('',*,*,#2200,.F.);
#2902=ORIENTED_EDGE('',*,*,#2205,.F.);
#2903=ORIENTED_EDGE('',*,*,#2206,.T.);
#2904=ORIENTED_EDGE('',*,*,#2207,.F.);
#2905=ORIENTED_EDGE('',*,*,#2203,.F.);
#2906=ORIENTED_EDGE('',*,*,#2208,.F.);
#2907=ORIENTED_EDGE('',*,*,#2209,.T.);
#2908=ORIENTED_EDGE('',*,*,#2210,.F.);
#2909=ORIENTED_EDGE('',*,*,#2206,.F.);
#2910=ORIENTED_EDGE('',*,*,#2211,.F.);
#2911=ORIENTED_EDGE('',*,*,#2212,.T.);
#2912=ORIENTED_EDGE('',*,*,#2213,.F.);
#2913=ORIENTED_EDGE('',*,*,#2209,.F.);
#2914=ORIENTED_EDGE('',*,*,#2214,.F.);
#2915=ORIENTED_EDGE('',*,*,#2215,.T.);
#2916=ORIENTED_EDGE('',*,*,#2216,.F.);
#2917=ORIENTED_EDGE('',*,*,#2212,.F.);
#2918=ORIENTED_EDGE('',*,*,#2217,.F.);
#2919=ORIENTED_EDGE('',*,*,#2186,.T.);
#2920=ORIENTED_EDGE('',*,*,#2218,.F.);
#2921=ORIENTED_EDGE('',*,*,#2219,.F.);
#2922=ORIENTED_EDGE('',*,*,#2220,.F.);
#2923=ORIENTED_EDGE('',*,*,#2219,.T.);
#2924=ORIENTED_EDGE('',*,*,#2221,.F.);
#2925=ORIENTED_EDGE('',*,*,#2222,.F.);
#2926=ORIENTED_EDGE('',*,*,#2223,.F.);
#2927=ORIENTED_EDGE('',*,*,#2222,.T.);
#2928=ORIENTED_EDGE('',*,*,#2224,.F.);
#2929=ORIENTED_EDGE('',*,*,#2225,.F.);
#2930=ORIENTED_EDGE('',*,*,#2226,.F.);
#2931=ORIENTED_EDGE('',*,*,#2225,.T.);
#2932=ORIENTED_EDGE('',*,*,#2227,.F.);
#2933=ORIENTED_EDGE('',*,*,#2228,.F.);
#2934=ORIENTED_EDGE('',*,*,#2229,.F.);
#2935=ORIENTED_EDGE('',*,*,#2228,.T.);
#2936=ORIENTED_EDGE('',*,*,#2230,.F.);
#2937=ORIENTED_EDGE('',*,*,#2231,.F.);
#2938=ORIENTED_EDGE('',*,*,#2232,.F.);
#2939=ORIENTED_EDGE('',*,*,#2233,.T.);
#2940=ORIENTED_EDGE('',*,*,#2234,.F.);
#2941=ORIENTED_EDGE('',*,*,#2235,.F.);
#2942=ORIENTED_EDGE('',*,*,#2236,.F.);
#2943=ORIENTED_EDGE('',*,*,#2235,.T.);
#2944=ORIENTED_EDGE('',*,*,#2237,.F.);
#2945=ORIENTED_EDGE('',*,*,#2238,.F.);
#2946=ORIENTED_EDGE('',*,*,#2239,.T.);
#2947=ORIENTED_EDGE('',*,*,#2237,.T.);
#2948=ORIENTED_EDGE('',*,*,#2234,.T.);
#2949=ORIENTED_EDGE('',*,*,#2240,.T.);
#2950=ORIENTED_EDGE('',*,*,#2230,.T.);
#2951=ORIENTED_EDGE('',*,*,#2227,.T.);
#2952=ORIENTED_EDGE('',*,*,#2224,.T.);
#2953=ORIENTED_EDGE('',*,*,#2221,.T.);
#2954=ORIENTED_EDGE('',*,*,#2218,.T.);
#2955=ORIENTED_EDGE('',*,*,#2185,.T.);
#2956=ORIENTED_EDGE('',*,*,#2189,.T.);
#2957=ORIENTED_EDGE('',*,*,#2192,.T.);
#2958=ORIENTED_EDGE('',*,*,#2195,.T.);
#2959=ORIENTED_EDGE('',*,*,#2198,.T.);
#2960=ORIENTED_EDGE('',*,*,#2201,.T.);
#2961=ORIENTED_EDGE('',*,*,#2204,.T.);
#2962=ORIENTED_EDGE('',*,*,#2207,.T.);
#2963=ORIENTED_EDGE('',*,*,#2210,.T.);
#2964=ORIENTED_EDGE('',*,*,#2213,.T.);
#2965=ORIENTED_EDGE('',*,*,#2216,.T.);
#2966=ORIENTED_EDGE('',*,*,#2241,.T.);
#2967=ORIENTED_EDGE('',*,*,#2242,.T.);
#2968=ORIENTED_EDGE('',*,*,#2243,.T.);
#2969=ORIENTED_EDGE('',*,*,#2244,.T.);
#2970=ORIENTED_EDGE('',*,*,#2245,.T.);
#2971=ORIENTED_EDGE('',*,*,#2246,.T.);
#2972=ORIENTED_EDGE('',*,*,#2247,.T.);
#2973=ORIENTED_EDGE('',*,*,#2248,.T.);
#2974=ORIENTED_EDGE('',*,*,#2249,.T.);
#2975=ORIENTED_EDGE('',*,*,#2250,.T.);
#2976=ORIENTED_EDGE('',*,*,#2251,.T.);
#2977=ORIENTED_EDGE('',*,*,#2161,.T.);
#2978=ORIENTED_EDGE('',*,*,#2164,.T.);
#2979=ORIENTED_EDGE('',*,*,#2166,.T.);
#2980=ORIENTED_EDGE('',*,*,#2168,.T.);
#2981=ORIENTED_EDGE('',*,*,#2170,.T.);
#2982=ORIENTED_EDGE('',*,*,#2172,.T.);
#2983=ORIENTED_EDGE('',*,*,#2174,.T.);
#2984=ORIENTED_EDGE('',*,*,#2176,.T.);
#2985=ORIENTED_EDGE('',*,*,#2178,.T.);
#2986=ORIENTED_EDGE('',*,*,#2180,.T.);
#2987=ORIENTED_EDGE('',*,*,#2182,.T.);
#2988=ORIENTED_EDGE('',*,*,#2149,.T.);
#2989=ORIENTED_EDGE('',*,*,#2162,.T.);
#2990=ORIENTED_EDGE('',*,*,#2251,.F.);
#2991=ORIENTED_EDGE('',*,*,#2252,.F.);
#2992=ORIENTED_EDGE('',*,*,#2253,.F.);
#2993=ORIENTED_EDGE('',*,*,#2254,.F.);
#2994=ORIENTED_EDGE('',*,*,#2255,.F.);
#2995=ORIENTED_EDGE('',*,*,#2256,.T.);
#2996=ORIENTED_EDGE('',*,*,#2257,.F.);
#2997=ORIENTED_EDGE('',*,*,#2254,.T.);
#2998=ORIENTED_EDGE('',*,*,#2258,.F.);
#2999=ORIENTED_EDGE('',*,*,#2256,.F.);
#3000=ORIENTED_EDGE('',*,*,#2259,.F.);
#3001=ORIENTED_EDGE('',*,*,#2260,.T.);
#3002=ORIENTED_EDGE('',*,*,#2261,.F.);
#3003=ORIENTED_EDGE('',*,*,#2260,.F.);
#3004=ORIENTED_EDGE('',*,*,#2262,.F.);
#3005=ORIENTED_EDGE('',*,*,#2263,.F.);
#3006=ORIENTED_EDGE('',*,*,#2264,.F.);
#3007=ORIENTED_EDGE('',*,*,#2265,.T.);
#3008=ORIENTED_EDGE('',*,*,#2266,.F.);
#3009=ORIENTED_EDGE('',*,*,#2263,.T.);
#3010=ORIENTED_EDGE('',*,*,#2267,.F.);
#3011=ORIENTED_EDGE('',*,*,#2265,.F.);
#3012=ORIENTED_EDGE('',*,*,#2268,.F.);
#3013=ORIENTED_EDGE('',*,*,#2269,.T.);
#3014=ORIENTED_EDGE('',*,*,#2270,.F.);
#3015=ORIENTED_EDGE('',*,*,#2269,.F.);
#3016=ORIENTED_EDGE('',*,*,#2271,.F.);
#3017=ORIENTED_EDGE('',*,*,#2272,.F.);
#3018=ORIENTED_EDGE('',*,*,#2273,.F.);
#3019=ORIENTED_EDGE('',*,*,#2274,.F.);
#3020=ORIENTED_EDGE('',*,*,#2275,.F.);
#3021=ORIENTED_EDGE('',*,*,#2276,.F.);
#3022=ORIENTED_EDGE('',*,*,#2255,.T.);
#3023=ORIENTED_EDGE('',*,*,#2264,.T.);
#3024=ORIENTED_EDGE('',*,*,#2277,.F.);
#3025=ORIENTED_EDGE('',*,*,#2278,.T.);
#3026=ORIENTED_EDGE('',*,*,#2275,.T.);
#3027=ORIENTED_EDGE('',*,*,#2279,.T.);
#3028=ORIENTED_EDGE('',*,*,#2280,.F.);
#3029=ORIENTED_EDGE('',*,*,#2279,.F.);
#3030=ORIENTED_EDGE('',*,*,#2274,.T.);
#3031=ORIENTED_EDGE('',*,*,#2281,.T.);
#3032=ORIENTED_EDGE('',*,*,#2282,.F.);
#3033=ORIENTED_EDGE('',*,*,#2283,.F.);
#3034=ORIENTED_EDGE('',*,*,#2281,.F.);
#3035=ORIENTED_EDGE('',*,*,#2273,.T.);
#3036=ORIENTED_EDGE('',*,*,#2284,.F.);
#3037=ORIENTED_EDGE('',*,*,#2285,.F.);
#3038=ORIENTED_EDGE('',*,*,#2286,.F.);
#3039=ORIENTED_EDGE('',*,*,#2287,.F.);
#3040=ORIENTED_EDGE('',*,*,#2288,.F.);
#3041=ORIENTED_EDGE('',*,*,#2259,.T.);
#3042=ORIENTED_EDGE('',*,*,#2268,.T.);
#3043=ORIENTED_EDGE('',*,*,#2289,.F.);
#3044=ORIENTED_EDGE('',*,*,#2290,.F.);
#3045=ORIENTED_EDGE('',*,*,#2291,.F.);
#3046=ORIENTED_EDGE('',*,*,#2286,.T.);
#3047=ORIENTED_EDGE('',*,*,#2271,.T.);
#3048=ORIENTED_EDGE('',*,*,#2292,.T.);
#3049=ORIENTED_EDGE('',*,*,#2293,.F.);
#3050=ORIENTED_EDGE('',*,*,#2294,.F.);
#3051=ORIENTED_EDGE('',*,*,#2276,.T.);
#3052=ORIENTED_EDGE('',*,*,#2278,.F.);
#3053=ORIENTED_EDGE('',*,*,#2295,.F.);
#3054=ORIENTED_EDGE('',*,*,#2296,.F.);
#3055=ORIENTED_EDGE('',*,*,#2297,.F.);
#3056=ORIENTED_EDGE('',*,*,#2298,.F.);
#3057=ORIENTED_EDGE('',*,*,#2299,.F.);
#3058=ORIENTED_EDGE('',*,*,#2300,.F.);
#3059=ORIENTED_EDGE('',*,*,#2301,.F.);
#3060=ORIENTED_EDGE('',*,*,#2302,.T.);
#3061=ORIENTED_EDGE('',*,*,#2303,.T.);
#3062=ORIENTED_EDGE('',*,*,#2292,.F.);
#3063=ORIENTED_EDGE('',*,*,#2285,.T.);
#3064=ORIENTED_EDGE('',*,*,#2304,.T.);
#3065=ORIENTED_EDGE('',*,*,#2305,.F.);
#3066=ORIENTED_EDGE('',*,*,#2306,.F.);
#3067=ORIENTED_EDGE('',*,*,#2284,.T.);
#3068=ORIENTED_EDGE('',*,*,#2307,.T.);
#3069=ORIENTED_EDGE('',*,*,#2308,.F.);
#3070=ORIENTED_EDGE('',*,*,#2304,.F.);
#3071=ORIENTED_EDGE('',*,*,#2309,.F.);
#3072=ORIENTED_EDGE('',*,*,#2310,.F.);
#3073=ORIENTED_EDGE('',*,*,#2311,.F.);
#3074=ORIENTED_EDGE('',*,*,#2312,.F.);
#3075=ORIENTED_EDGE('',*,*,#2311,.T.);
#3076=ORIENTED_EDGE('',*,*,#2313,.F.);
#3077=ORIENTED_EDGE('',*,*,#2314,.F.);
#3078=ORIENTED_EDGE('',*,*,#2315,.T.);
#3079=ORIENTED_EDGE('',*,*,#2316,.T.);
#3080=ORIENTED_EDGE('',*,*,#2317,.T.);
#3081=ORIENTED_EDGE('',*,*,#2318,.T.);
#3082=ORIENTED_EDGE('',*,*,#2319,.T.);
#3083=ORIENTED_EDGE('',*,*,#2320,.T.);
#3084=ORIENTED_EDGE('',*,*,#2321,.T.);
#3085=ORIENTED_EDGE('',*,*,#2322,.F.);
#3086=ORIENTED_EDGE('',*,*,#2323,.T.);
#3087=ORIENTED_EDGE('',*,*,#2324,.F.);
#3088=ORIENTED_EDGE('',*,*,#2325,.F.);
#3089=ORIENTED_EDGE('',*,*,#2326,.T.);
#3090=ORIENTED_EDGE('',*,*,#2310,.T.);
#3091=ORIENTED_EDGE('',*,*,#2327,.F.);
#3092=ORIENTED_EDGE('',*,*,#2328,.T.);
#3093=ORIENTED_EDGE('',*,*,#2329,.F.);
#3094=ORIENTED_EDGE('',*,*,#2313,.T.);
#3095=ORIENTED_EDGE('',*,*,#2330,.F.);
#3096=ORIENTED_EDGE('',*,*,#2331,.F.);
#3097=ORIENTED_EDGE('',*,*,#2332,.F.);
#3098=ORIENTED_EDGE('',*,*,#2323,.F.);
#3099=ORIENTED_EDGE('',*,*,#2332,.T.);
#3100=ORIENTED_EDGE('',*,*,#2333,.F.);
#3101=ORIENTED_EDGE('',*,*,#2334,.T.);
#3102=ORIENTED_EDGE('',*,*,#2335,.F.);
#3103=ORIENTED_EDGE('',*,*,#2336,.F.);
#3104=ORIENTED_EDGE('',*,*,#2324,.T.);
#3105=ORIENTED_EDGE('',*,*,#2337,.F.);
#3106=ORIENTED_EDGE('',*,*,#2338,.T.);
#3107=ORIENTED_EDGE('',*,*,#2339,.F.);
#3108=ORIENTED_EDGE('',*,*,#2301,.T.);
#3109=ORIENTED_EDGE('',*,*,#2340,.F.);
#3110=ORIENTED_EDGE('',*,*,#2341,.T.);
#3111=ORIENTED_EDGE('',*,*,#2342,.T.);
#3112=ORIENTED_EDGE('',*,*,#2343,.F.);
#3113=ORIENTED_EDGE('',*,*,#2344,.F.);
#3114=ORIENTED_EDGE('',*,*,#2345,.F.);
#3115=ORIENTED_EDGE('',*,*,#2346,.F.);
#3116=ORIENTED_EDGE('',*,*,#2338,.F.);
#3117=ORIENTED_EDGE('',*,*,#2344,.T.);
#3118=ORIENTED_EDGE('',*,*,#2337,.T.);
#3119=ORIENTED_EDGE('',*,*,#2300,.T.);
#3120=ORIENTED_EDGE('',*,*,#2347,.F.);
#3121=ORIENTED_EDGE('',*,*,#2348,.F.);
#3122=ORIENTED_EDGE('',*,*,#2349,.F.);
#3123=ORIENTED_EDGE('',*,*,#2350,.T.);
#3124=ORIENTED_EDGE('',*,*,#2351,.F.);
#3125=ORIENTED_EDGE('',*,*,#2299,.T.);
#3126=ORIENTED_EDGE('',*,*,#2352,.T.);
#3127=ORIENTED_EDGE('',*,*,#2353,.T.);
#3128=ORIENTED_EDGE('',*,*,#2347,.T.);
#3129=ORIENTED_EDGE('',*,*,#2354,.T.);
#3130=ORIENTED_EDGE('',*,*,#2340,.T.);
#3131=ORIENTED_EDGE('',*,*,#2355,.T.);
#3132=ORIENTED_EDGE('',*,*,#2356,.T.);
#3133=ORIENTED_EDGE('',*,*,#2357,.T.);
#3134=ORIENTED_EDGE('',*,*,#2358,.T.);
#3135=ORIENTED_EDGE('',*,*,#2359,.T.);
#3136=ORIENTED_EDGE('',*,*,#2360,.T.);
#3137=ORIENTED_EDGE('',*,*,#2361,.T.);
#3138=ORIENTED_EDGE('',*,*,#2362,.T.);
#3139=ORIENTED_EDGE('',*,*,#2363,.T.);
#3140=ORIENTED_EDGE('',*,*,#2314,.T.);
#3141=ORIENTED_EDGE('',*,*,#2329,.T.);
#3142=ORIENTED_EDGE('',*,*,#2364,.T.);
#3143=ORIENTED_EDGE('',*,*,#2365,.T.);
#3144=ORIENTED_EDGE('',*,*,#2366,.F.);
#3145=ORIENTED_EDGE('',*,*,#2022,.F.);
#3146=ORIENTED_EDGE('',*,*,#2367,.F.);
#3147=ORIENTED_EDGE('',*,*,#2011,.F.);
#3148=ORIENTED_EDGE('',*,*,#2368,.F.);
#3149=ORIENTED_EDGE('',*,*,#2369,.F.);
#3150=ORIENTED_EDGE('',*,*,#2370,.T.);
#3151=ORIENTED_EDGE('',*,*,#2371,.T.);
#3152=ORIENTED_EDGE('',*,*,#2372,.T.);
#3153=ORIENTED_EDGE('',*,*,#2373,.T.);
#3154=ORIENTED_EDGE('',*,*,#2374,.F.);
#3155=ORIENTED_EDGE('',*,*,#2355,.F.);
#3156=ORIENTED_EDGE('',*,*,#2343,.T.);
#3157=ORIENTED_EDGE('',*,*,#2356,.F.);
#3158=ORIENTED_EDGE('',*,*,#2374,.T.);
#3159=ORIENTED_EDGE('',*,*,#2375,.T.);
#3160=ORIENTED_EDGE('',*,*,#2376,.F.);
#3161=ORIENTED_EDGE('',*,*,#2354,.F.);
#3162=ORIENTED_EDGE('',*,*,#2377,.T.);
#3163=ORIENTED_EDGE('',*,*,#2378,.T.);
#3164=ORIENTED_EDGE('',*,*,#2341,.F.);
#3165=ORIENTED_EDGE('',*,*,#2372,.F.);
#3166=ORIENTED_EDGE('',*,*,#2379,.T.);
#3167=ORIENTED_EDGE('',*,*,#2380,.T.);
#3168=ORIENTED_EDGE('',*,*,#2377,.F.);
#3169=ORIENTED_EDGE('',*,*,#2380,.F.);
#3170=ORIENTED_EDGE('',*,*,#2381,.F.);
#3171=ORIENTED_EDGE('',*,*,#2375,.F.);
#3172=ORIENTED_EDGE('',*,*,#2373,.F.);
#3173=ORIENTED_EDGE('',*,*,#2342,.F.);
#3174=ORIENTED_EDGE('',*,*,#2378,.F.);
#3175=ORIENTED_EDGE('',*,*,#2382,.T.);
#3176=ORIENTED_EDGE('',*,*,#2383,.T.);
#3177=ORIENTED_EDGE('',*,*,#2384,.T.);
#3178=ORIENTED_EDGE('',*,*,#2385,.T.);
#3179=ORIENTED_EDGE('',*,*,#2386,.F.);
#3180=ORIENTED_EDGE('',*,*,#2387,.T.);
#3181=ORIENTED_EDGE('',*,*,#2388,.T.);
#3182=ORIENTED_EDGE('',*,*,#2389,.T.);
#3183=ORIENTED_EDGE('',*,*,#2357,.F.);
#3184=ORIENTED_EDGE('',*,*,#2376,.T.);
#3185=ORIENTED_EDGE('',*,*,#2381,.T.);
#3186=ORIENTED_EDGE('',*,*,#2379,.F.);
#3187=ORIENTED_EDGE('',*,*,#2371,.F.);
#3188=ORIENTED_EDGE('',*,*,#2390,.F.);
#3189=ORIENTED_EDGE('',*,*,#2391,.F.);
#3190=ORIENTED_EDGE('',*,*,#2392,.F.);
#3191=ORIENTED_EDGE('',*,*,#2308,.T.);
#3192=ORIENTED_EDGE('',*,*,#2393,.F.);
#3193=ORIENTED_EDGE('',*,*,#2394,.T.);
#3194=ORIENTED_EDGE('',*,*,#2395,.F.);
#3195=ORIENTED_EDGE('',*,*,#2396,.F.);
#3196=ORIENTED_EDGE('',*,*,#2397,.F.);
#3197=ORIENTED_EDGE('',*,*,#2398,.F.);
#3198=ORIENTED_EDGE('',*,*,#2399,.F.);
#3199=ORIENTED_EDGE('',*,*,#2400,.T.);
#3200=ORIENTED_EDGE('',*,*,#2401,.F.);
#3201=ORIENTED_EDGE('',*,*,#2402,.F.);
#3202=ORIENTED_EDGE('',*,*,#2403,.F.);
#3203=ORIENTED_EDGE('',*,*,#2305,.T.);
#3204=ORIENTED_EDGE('',*,*,#2261,.T.);
#3205=ORIENTED_EDGE('',*,*,#2270,.T.);
#3206=ORIENTED_EDGE('',*,*,#2296,.T.);
#3207=ORIENTED_EDGE('',*,*,#2404,.F.);
#3208=ORIENTED_EDGE('',*,*,#2392,.T.);
#3209=ORIENTED_EDGE('',*,*,#2405,.F.);
#3210=ORIENTED_EDGE('',*,*,#2331,.T.);
#3211=ORIENTED_EDGE('',*,*,#2406,.F.);
#3212=ORIENTED_EDGE('',*,*,#2407,.T.);
#3213=ORIENTED_EDGE('',*,*,#2333,.T.);
#3214=ORIENTED_EDGE('',*,*,#2309,.T.);
#3215=ORIENTED_EDGE('',*,*,#2408,.F.);
#3216=ORIENTED_EDGE('',*,*,#2409,.T.);
#3217=ORIENTED_EDGE('',*,*,#2327,.T.);
#3218=ORIENTED_EDGE('',*,*,#2410,.T.);
#3219=ORIENTED_EDGE('',*,*,#2411,.T.);
#3220=ORIENTED_EDGE('',*,*,#2412,.T.);
#3221=ORIENTED_EDGE('',*,*,#2413,.T.);
#3222=ORIENTED_EDGE('',*,*,#2414,.T.);
#3223=ORIENTED_EDGE('',*,*,#2415,.T.);
#3224=ORIENTED_EDGE('',*,*,#2416,.T.);
#3225=ORIENTED_EDGE('',*,*,#2417,.T.);
#3226=ORIENTED_EDGE('',*,*,#2418,.T.);
#3227=ORIENTED_EDGE('',*,*,#2419,.T.);
#3228=ORIENTED_EDGE('',*,*,#2118,.T.);
#3229=ORIENTED_EDGE('',*,*,#2121,.T.);
#3230=ORIENTED_EDGE('',*,*,#2123,.T.);
#3231=ORIENTED_EDGE('',*,*,#2125,.T.);
#3232=ORIENTED_EDGE('',*,*,#2127,.T.);
#3233=ORIENTED_EDGE('',*,*,#2129,.T.);
#3234=ORIENTED_EDGE('',*,*,#2131,.T.);
#3235=ORIENTED_EDGE('',*,*,#2133,.T.);
#3236=ORIENTED_EDGE('',*,*,#2135,.T.);
#3237=ORIENTED_EDGE('',*,*,#2137,.T.);
#3238=ORIENTED_EDGE('',*,*,#2006,.T.);
#3239=ORIENTED_EDGE('',*,*,#2013,.T.);
#3240=ORIENTED_EDGE('',*,*,#2014,.T.);
#3241=ORIENTED_EDGE('',*,*,#2018,.T.);
#3242=ORIENTED_EDGE('',*,*,#2024,.T.);
#3243=ORIENTED_EDGE('',*,*,#2025,.T.);
#3244=ORIENTED_EDGE('',*,*,#2029,.T.);
#3245=ORIENTED_EDGE('',*,*,#2032,.T.);
#3246=ORIENTED_EDGE('',*,*,#2035,.T.);
#3247=ORIENTED_EDGE('',*,*,#2038,.T.);
#3248=ORIENTED_EDGE('',*,*,#2420,.F.);
#3249=ORIENTED_EDGE('',*,*,#2421,.F.);
#3250=ORIENTED_EDGE('',*,*,#2422,.F.);
#3251=ORIENTED_EDGE('',*,*,#2400,.F.);
#3252=ORIENTED_EDGE('',*,*,#2420,.T.);
#3253=ORIENTED_EDGE('',*,*,#2399,.T.);
#3254=ORIENTED_EDGE('',*,*,#2423,.T.);
#3255=ORIENTED_EDGE('',*,*,#2424,.T.);
#3256=ORIENTED_EDGE('',*,*,#2272,.T.);
#3257=ORIENTED_EDGE('',*,*,#2294,.T.);
#3258=ORIENTED_EDGE('',*,*,#2425,.F.);
#3259=ORIENTED_EDGE('',*,*,#2426,.F.);
#3260=ORIENTED_EDGE('',*,*,#2427,.T.);
#3261=ORIENTED_EDGE('',*,*,#2428,.T.);
#3262=ORIENTED_EDGE('',*,*,#2393,.T.);
#3263=ORIENTED_EDGE('',*,*,#2307,.F.);
#3264=ORIENTED_EDGE('',*,*,#2288,.T.);
#3265=ORIENTED_EDGE('',*,*,#2429,.F.);
#3266=ORIENTED_EDGE('',*,*,#2430,.F.);
#3267=ORIENTED_EDGE('',*,*,#2282,.T.);
#3268=ORIENTED_EDGE('',*,*,#2159,.T.);
#3269=ORIENTED_EDGE('',*,*,#2431,.T.);
#3270=ORIENTED_EDGE('',*,*,#2241,.F.);
#3271=ORIENTED_EDGE('',*,*,#2181,.T.);
#3272=ORIENTED_EDGE('',*,*,#2158,.T.);
#3273=ORIENTED_EDGE('',*,*,#2432,.T.);
#3274=ORIENTED_EDGE('',*,*,#2242,.F.);
#3275=ORIENTED_EDGE('',*,*,#2431,.F.);
#3276=ORIENTED_EDGE('',*,*,#2157,.T.);
#3277=ORIENTED_EDGE('',*,*,#2433,.T.);
#3278=ORIENTED_EDGE('',*,*,#2243,.F.);
#3279=ORIENTED_EDGE('',*,*,#2432,.F.);
#3280=ORIENTED_EDGE('',*,*,#2156,.T.);
#3281=ORIENTED_EDGE('',*,*,#2434,.T.);
#3282=ORIENTED_EDGE('',*,*,#2244,.F.);
#3283=ORIENTED_EDGE('',*,*,#2433,.F.);
#3284=ORIENTED_EDGE('',*,*,#2155,.T.);
#3285=ORIENTED_EDGE('',*,*,#2435,.T.);
#3286=ORIENTED_EDGE('',*,*,#2245,.F.);
#3287=ORIENTED_EDGE('',*,*,#2434,.F.);
#3288=ORIENTED_EDGE('',*,*,#2154,.T.);
#3289=ORIENTED_EDGE('',*,*,#2436,.T.);
#3290=ORIENTED_EDGE('',*,*,#2246,.F.);
#3291=ORIENTED_EDGE('',*,*,#2435,.F.);
#3292=ORIENTED_EDGE('',*,*,#2153,.T.);
#3293=ORIENTED_EDGE('',*,*,#2437,.T.);
#3294=ORIENTED_EDGE('',*,*,#2247,.F.);
#3295=ORIENTED_EDGE('',*,*,#2436,.F.);
#3296=ORIENTED_EDGE('',*,*,#2152,.T.);
#3297=ORIENTED_EDGE('',*,*,#2438,.T.);
#3298=ORIENTED_EDGE('',*,*,#2248,.F.);
#3299=ORIENTED_EDGE('',*,*,#2437,.F.);
#3300=ORIENTED_EDGE('',*,*,#2151,.T.);
#3301=ORIENTED_EDGE('',*,*,#2439,.T.);
#3302=ORIENTED_EDGE('',*,*,#2249,.F.);
#3303=ORIENTED_EDGE('',*,*,#2438,.F.);
#3304=ORIENTED_EDGE('',*,*,#2150,.T.);
#3305=ORIENTED_EDGE('',*,*,#2252,.T.);
#3306=ORIENTED_EDGE('',*,*,#2250,.F.);
#3307=ORIENTED_EDGE('',*,*,#2439,.F.);
#3308=ORIENTED_EDGE('',*,*,#2236,.T.);
#3309=ORIENTED_EDGE('',*,*,#2440,.T.);
#3310=ORIENTED_EDGE('',*,*,#2232,.T.);
#3311=ORIENTED_EDGE('',*,*,#2441,.T.);
#3312=ORIENTED_EDGE('',*,*,#2442,.F.);
#3313=ORIENTED_EDGE('',*,*,#2443,.F.);
#3314=ORIENTED_EDGE('',*,*,#2444,.T.);
#3315=ORIENTED_EDGE('',*,*,#2445,.T.);
#3316=ORIENTED_EDGE('',*,*,#2283,.T.);
#3317=ORIENTED_EDGE('',*,*,#2430,.T.);
#3318=ORIENTED_EDGE('',*,*,#2446,.T.);
#3319=ORIENTED_EDGE('',*,*,#2447,.T.);
#3320=ORIENTED_EDGE('',*,*,#2448,.T.);
#3321=ORIENTED_EDGE('',*,*,#2449,.T.);
#3322=ORIENTED_EDGE('',*,*,#2450,.T.);
#3323=ORIENTED_EDGE('',*,*,#2325,.T.);
#3324=ORIENTED_EDGE('',*,*,#2336,.T.);
#3325=ORIENTED_EDGE('',*,*,#2451,.T.);
#3326=ORIENTED_EDGE('',*,*,#2452,.T.);
#3327=ORIENTED_EDGE('',*,*,#2453,.T.);
#3328=ORIENTED_EDGE('',*,*,#2382,.F.);
#3329=ORIENTED_EDGE('',*,*,#2404,.T.);
#3330=ORIENTED_EDGE('',*,*,#2295,.T.);
#3331=ORIENTED_EDGE('',*,*,#2277,.T.);
#3332=ORIENTED_EDGE('',*,*,#2280,.T.);
#3333=ORIENTED_EDGE('',*,*,#2454,.T.);
#3334=ORIENTED_EDGE('',*,*,#2455,.F.);
#3335=ORIENTED_EDGE('',*,*,#2456,.T.);
#3336=ORIENTED_EDGE('',*,*,#2214,.T.);
#3337=ORIENTED_EDGE('',*,*,#2211,.T.);
#3338=ORIENTED_EDGE('',*,*,#2208,.T.);
#3339=ORIENTED_EDGE('',*,*,#2205,.T.);
#3340=ORIENTED_EDGE('',*,*,#2202,.T.);
#3341=ORIENTED_EDGE('',*,*,#2199,.T.);
#3342=ORIENTED_EDGE('',*,*,#2196,.T.);
#3343=ORIENTED_EDGE('',*,*,#2193,.T.);
#3344=ORIENTED_EDGE('',*,*,#2190,.T.);
#3345=ORIENTED_EDGE('',*,*,#2187,.T.);
#3346=ORIENTED_EDGE('',*,*,#2183,.T.);
#3347=ORIENTED_EDGE('',*,*,#2217,.T.);
#3348=ORIENTED_EDGE('',*,*,#2220,.T.);
#3349=ORIENTED_EDGE('',*,*,#2223,.T.);
#3350=ORIENTED_EDGE('',*,*,#2226,.T.);
#3351=ORIENTED_EDGE('',*,*,#2229,.T.);
#3352=ORIENTED_EDGE('',*,*,#2457,.T.);
#3353=ORIENTED_EDGE('',*,*,#2458,.T.);
#3354=ORIENTED_EDGE('',*,*,#2459,.T.);
#3355=ORIENTED_EDGE('',*,*,#2460,.T.);
#3356=ORIENTED_EDGE('',*,*,#2461,.T.);
#3357=ORIENTED_EDGE('',*,*,#2462,.T.);
#3358=ORIENTED_EDGE('',*,*,#2445,.F.);
#3359=ORIENTED_EDGE('',*,*,#2463,.T.);
#3360=ORIENTED_EDGE('',*,*,#2417,.F.);
#3361=ORIENTED_EDGE('',*,*,#2464,.T.);
#3362=ORIENTED_EDGE('',*,*,#2465,.T.);
#3363=ORIENTED_EDGE('',*,*,#2466,.T.);
#3364=ORIENTED_EDGE('',*,*,#2414,.F.);
#3365=ORIENTED_EDGE('',*,*,#2467,.F.);
#3366=ORIENTED_EDGE('',*,*,#2468,.F.);
#3367=ORIENTED_EDGE('',*,*,#2469,.F.);
#3368=ORIENTED_EDGE('',*,*,#2411,.F.);
#3369=ORIENTED_EDGE('',*,*,#2470,.T.);
#3370=ORIENTED_EDGE('',*,*,#2443,.T.);
#3371=ORIENTED_EDGE('',*,*,#2471,.F.);
#3372=ORIENTED_EDGE('',*,*,#2472,.F.);
#3373=ORIENTED_EDGE('',*,*,#2473,.T.);
#3374=ORIENTED_EDGE('',*,*,#2419,.F.);
#3375=ORIENTED_EDGE('',*,*,#2466,.F.);
#3376=ORIENTED_EDGE('',*,*,#2474,.T.);
#3377=ORIENTED_EDGE('',*,*,#2475,.T.);
#3378=ORIENTED_EDGE('',*,*,#2415,.F.);
#3379=ORIENTED_EDGE('',*,*,#2474,.F.);
#3380=ORIENTED_EDGE('',*,*,#2465,.F.);
#3381=ORIENTED_EDGE('',*,*,#2476,.F.);
#3382=ORIENTED_EDGE('',*,*,#2475,.F.);
#3383=ORIENTED_EDGE('',*,*,#2476,.T.);
#3384=ORIENTED_EDGE('',*,*,#2464,.F.);
#3385=ORIENTED_EDGE('',*,*,#2416,.F.);
#3386=ORIENTED_EDGE('',*,*,#2318,.F.);
#3387=ORIENTED_EDGE('',*,*,#2477,.T.);
#3388=ORIENTED_EDGE('',*,*,#2478,.T.);
#3389=ORIENTED_EDGE('',*,*,#2479,.T.);
#3390=ORIENTED_EDGE('',*,*,#2320,.F.);
#3391=ORIENTED_EDGE('',*,*,#2480,.T.);
#3392=ORIENTED_EDGE('',*,*,#2481,.T.);
#3393=ORIENTED_EDGE('',*,*,#2315,.F.);
#3394=ORIENTED_EDGE('',*,*,#2363,.F.);
#3395=ORIENTED_EDGE('',*,*,#2482,.F.);
#3396=ORIENTED_EDGE('',*,*,#2352,.F.);
#3397=ORIENTED_EDGE('',*,*,#2298,.T.);
#3398=ORIENTED_EDGE('',*,*,#2483,.T.);
#3399=ORIENTED_EDGE('',*,*,#2359,.F.);
#3400=ORIENTED_EDGE('',*,*,#2484,.T.);
#3401=ORIENTED_EDGE('',*,*,#2485,.T.);
#3402=ORIENTED_EDGE('',*,*,#2486,.F.);
#3403=ORIENTED_EDGE('',*,*,#2487,.F.);
#3404=ORIENTED_EDGE('',*,*,#2488,.F.);
#3405=ORIENTED_EDGE('',*,*,#2489,.F.);
#3406=ORIENTED_EDGE('',*,*,#2364,.F.);
#3407=ORIENTED_EDGE('',*,*,#2328,.F.);
#3408=ORIENTED_EDGE('',*,*,#2409,.F.);
#3409=ORIENTED_EDGE('',*,*,#2490,.F.);
#3410=ORIENTED_EDGE('',*,*,#2491,.F.);
#3411=ORIENTED_EDGE('',*,*,#2492,.T.);
#3412=ORIENTED_EDGE('',*,*,#2441,.F.);
#3413=ORIENTED_EDGE('',*,*,#2462,.F.);
#3414=ORIENTED_EDGE('',*,*,#2410,.F.);
#3415=ORIENTED_EDGE('',*,*,#2473,.F.);
#3416=ORIENTED_EDGE('',*,*,#2493,.F.);
#3417=ORIENTED_EDGE('',*,*,#2494,.T.);
#3418=ORIENTED_EDGE('',*,*,#2361,.F.);
#3419=ORIENTED_EDGE('',*,*,#2321,.F.);
#3420=ORIENTED_EDGE('',*,*,#2479,.F.);
#3421=ORIENTED_EDGE('',*,*,#2495,.F.);
#3422=ORIENTED_EDGE('',*,*,#2486,.T.);
#3423=ORIENTED_EDGE('',*,*,#2496,.T.);
#3424=ORIENTED_EDGE('',*,*,#2387,.F.);
#3425=ORIENTED_EDGE('',*,*,#2428,.F.);
#3426=ORIENTED_EDGE('',*,*,#2497,.T.);
#3427=ORIENTED_EDGE('',*,*,#2498,.F.);
#3428=ORIENTED_EDGE('',*,*,#2394,.F.);
#3429=ORIENTED_EDGE('',*,*,#2388,.F.);
#3430=ORIENTED_EDGE('',*,*,#2496,.F.);
#3431=ORIENTED_EDGE('',*,*,#2485,.F.);
#3432=ORIENTED_EDGE('',*,*,#2499,.F.);
#3433=ORIENTED_EDGE('',*,*,#2427,.F.);
#3434=ORIENTED_EDGE('',*,*,#2500,.F.);
#3435=ORIENTED_EDGE('',*,*,#2501,.F.);
#3436=ORIENTED_EDGE('',*,*,#2497,.F.);
#3437=ORIENTED_EDGE('',*,*,#2495,.T.);
#3438=ORIENTED_EDGE('',*,*,#2386,.T.);
#3439=ORIENTED_EDGE('',*,*,#2502,.T.);
#3440=ORIENTED_EDGE('',*,*,#2503,.F.);
#3441=ORIENTED_EDGE('',*,*,#2504,.F.);
#3442=ORIENTED_EDGE('',*,*,#2505,.F.);
#3443=ORIENTED_EDGE('',*,*,#2506,.F.);
#3444=ORIENTED_EDGE('',*,*,#2507,.F.);
#3445=ORIENTED_EDGE('',*,*,#2487,.T.);
#3446=ORIENTED_EDGE('',*,*,#2317,.F.);
#3447=ORIENTED_EDGE('',*,*,#2508,.T.);
#3448=ORIENTED_EDGE('',*,*,#2480,.F.);
#3449=ORIENTED_EDGE('',*,*,#2362,.F.);
#3450=ORIENTED_EDGE('',*,*,#2494,.F.);
#3451=ORIENTED_EDGE('',*,*,#2478,.F.);
#3452=ORIENTED_EDGE('',*,*,#2319,.F.);
#3453=ORIENTED_EDGE('',*,*,#2477,.F.);
#3454=ORIENTED_EDGE('',*,*,#2316,.F.);
#3455=ORIENTED_EDGE('',*,*,#2481,.F.);
#3456=ORIENTED_EDGE('',*,*,#2508,.F.);
#3457=ORIENTED_EDGE('',*,*,#2509,.F.);
#3458=ORIENTED_EDGE('',*,*,#2510,.F.);
#3459=ORIENTED_EDGE('',*,*,#2511,.F.);
#3460=ORIENTED_EDGE('',*,*,#2403,.T.);
#3461=ORIENTED_EDGE('',*,*,#2422,.T.);
#3462=ORIENTED_EDGE('',*,*,#2512,.T.);
#3463=ORIENTED_EDGE('',*,*,#2513,.T.);
#3464=ORIENTED_EDGE('',*,*,#2401,.T.);
#3465=ORIENTED_EDGE('',*,*,#2297,.T.);
#3466=ORIENTED_EDGE('',*,*,#2405,.T.);
#3467=ORIENTED_EDGE('',*,*,#2391,.T.);
#3468=ORIENTED_EDGE('',*,*,#2514,.T.);
#3469=ORIENTED_EDGE('',*,*,#2515,.F.);
#3470=ORIENTED_EDGE('',*,*,#2483,.F.);
#3471=ORIENTED_EDGE('',*,*,#2289,.T.);
#3472=ORIENTED_EDGE('',*,*,#2306,.T.);
#3473=ORIENTED_EDGE('',*,*,#2511,.T.);
#3474=ORIENTED_EDGE('',*,*,#2516,.F.);
#3475=ORIENTED_EDGE('',*,*,#2517,.F.);
#3476=ORIENTED_EDGE('',*,*,#2502,.F.);
#3477=ORIENTED_EDGE('',*,*,#2385,.F.);
#3478=ORIENTED_EDGE('',*,*,#2518,.F.);
#3479=ORIENTED_EDGE('',*,*,#2519,.T.);
#3480=ORIENTED_EDGE('',*,*,#2520,.T.);
#3481=ORIENTED_EDGE('',*,*,#2521,.F.);
#3482=ORIENTED_EDGE('',*,*,#2454,.F.);
#3483=ORIENTED_EDGE('',*,*,#2444,.F.);
#3484=ORIENTED_EDGE('',*,*,#2470,.F.);
#3485=ORIENTED_EDGE('',*,*,#2418,.F.);
#3486=ORIENTED_EDGE('',*,*,#2463,.F.);
#3487=ORIENTED_EDGE('',*,*,#2521,.T.);
#3488=ORIENTED_EDGE('',*,*,#2522,.F.);
#3489=ORIENTED_EDGE('',*,*,#2523,.F.);
#3490=ORIENTED_EDGE('',*,*,#2455,.T.);
#3491=ORIENTED_EDGE('',*,*,#2524,.F.);
#3492=ORIENTED_EDGE('',*,*,#2514,.F.);
#3493=ORIENTED_EDGE('',*,*,#2390,.T.);
#3494=ORIENTED_EDGE('',*,*,#2370,.F.);
#3495=ORIENTED_EDGE('',*,*,#2523,.T.);
#3496=ORIENTED_EDGE('',*,*,#2525,.T.);
#3497=ORIENTED_EDGE('',*,*,#2519,.F.);
#3498=ORIENTED_EDGE('',*,*,#2456,.F.);
#3499=ORIENTED_EDGE('',*,*,#2510,.T.);
#3500=ORIENTED_EDGE('',*,*,#2526,.T.);
#3501=ORIENTED_EDGE('',*,*,#2527,.F.);
#3502=ORIENTED_EDGE('',*,*,#2516,.T.);
#3503=ORIENTED_EDGE('',*,*,#2421,.T.);
#3504=ORIENTED_EDGE('',*,*,#2424,.F.);
#3505=ORIENTED_EDGE('',*,*,#2528,.T.);
#3506=ORIENTED_EDGE('',*,*,#2512,.F.);
#3507=ORIENTED_EDGE('',*,*,#2522,.T.);
#3508=ORIENTED_EDGE('',*,*,#2520,.F.);
#3509=ORIENTED_EDGE('',*,*,#2525,.F.);
#3510=ORIENTED_EDGE('',*,*,#2397,.T.);
#3511=ORIENTED_EDGE('',*,*,#2529,.F.);
#3512=ORIENTED_EDGE('',*,*,#2448,.F.);
#3513=ORIENTED_EDGE('',*,*,#2530,.T.);
#3514=ORIENTED_EDGE('',*,*,#2531,.T.);
#3515=ORIENTED_EDGE('',*,*,#2491,.T.);
#3516=ORIENTED_EDGE('',*,*,#2532,.F.);
#3517=ORIENTED_EDGE('',*,*,#2449,.F.);
#3518=ORIENTED_EDGE('',*,*,#2529,.T.);
#3519=ORIENTED_EDGE('',*,*,#2396,.T.);
#3520=ORIENTED_EDGE('',*,*,#2402,.T.);
#3521=ORIENTED_EDGE('',*,*,#2513,.F.);
#3522=ORIENTED_EDGE('',*,*,#2528,.F.);
#3523=ORIENTED_EDGE('',*,*,#2423,.F.);
#3524=ORIENTED_EDGE('',*,*,#2398,.T.);
#3525=ORIENTED_EDGE('',*,*,#2530,.F.);
#3526=ORIENTED_EDGE('',*,*,#2447,.F.);
#3527=ORIENTED_EDGE('',*,*,#2533,.F.);
#3528=ORIENTED_EDGE('',*,*,#2534,.T.);
#3529=ORIENTED_EDGE('',*,*,#2504,.T.);
#3530=ORIENTED_EDGE('',*,*,#2535,.F.);
#3531=ORIENTED_EDGE('',*,*,#2526,.F.);
#3532=ORIENTED_EDGE('',*,*,#2509,.T.);
#3533=ORIENTED_EDGE('',*,*,#2536,.F.);
#3534=ORIENTED_EDGE('',*,*,#2489,.T.);
#3535=ORIENTED_EDGE('',*,*,#2537,.F.);
#3536=ORIENTED_EDGE('',*,*,#2538,.F.);
#3537=ORIENTED_EDGE('',*,*,#2539,.F.);
#3538=ORIENTED_EDGE('',*,*,#2334,.F.);
#3539=ORIENTED_EDGE('',*,*,#2407,.F.);
#3540=ORIENTED_EDGE('',*,*,#2539,.T.);
#3541=ORIENTED_EDGE('',*,*,#2540,.F.);
#3542=ORIENTED_EDGE('',*,*,#2451,.F.);
#3543=ORIENTED_EDGE('',*,*,#2335,.T.);
#3544=ORIENTED_EDGE('',*,*,#2538,.T.);
#3545=ORIENTED_EDGE('',*,*,#2541,.F.);
#3546=ORIENTED_EDGE('',*,*,#2452,.F.);
#3547=ORIENTED_EDGE('',*,*,#2540,.T.);
#3548=ORIENTED_EDGE('',*,*,#2507,.T.);
#3549=ORIENTED_EDGE('',*,*,#2542,.F.);
#3550=ORIENTED_EDGE('',*,*,#2383,.F.);
#3551=ORIENTED_EDGE('',*,*,#2453,.F.);
#3552=ORIENTED_EDGE('',*,*,#2541,.T.);
#3553=ORIENTED_EDGE('',*,*,#2537,.T.);
#3554=ORIENTED_EDGE('',*,*,#2488,.T.);
#3555=ORIENTED_EDGE('',*,*,#2506,.T.);
#3556=ORIENTED_EDGE('',*,*,#2543,.F.);
#3557=ORIENTED_EDGE('',*,*,#2544,.T.);
#3558=ORIENTED_EDGE('',*,*,#2542,.T.);
#3559=ORIENTED_EDGE('',*,*,#2505,.T.);
#3560=ORIENTED_EDGE('',*,*,#2534,.F.);
#3561=ORIENTED_EDGE('',*,*,#2545,.T.);
#3562=ORIENTED_EDGE('',*,*,#2543,.T.);
#3563=ORIENTED_EDGE('',*,*,#2517,.T.);
#3564=ORIENTED_EDGE('',*,*,#2527,.T.);
#3565=ORIENTED_EDGE('',*,*,#2535,.T.);
#3566=ORIENTED_EDGE('',*,*,#2503,.T.);
#3567=ORIENTED_EDGE('',*,*,#2312,.T.);
#3568=ORIENTED_EDGE('',*,*,#2326,.F.);
#3569=ORIENTED_EDGE('',*,*,#2450,.F.);
#3570=ORIENTED_EDGE('',*,*,#2532,.T.);
#3571=ORIENTED_EDGE('',*,*,#2490,.T.);
#3572=ORIENTED_EDGE('',*,*,#2408,.T.);
#3573=ORIENTED_EDGE('',*,*,#2546,.T.);
#3574=ORIENTED_EDGE('',*,*,#2533,.T.);
#3575=ORIENTED_EDGE('',*,*,#2446,.F.);
#3576=ORIENTED_EDGE('',*,*,#2429,.T.);
#3577=ORIENTED_EDGE('',*,*,#2287,.T.);
#3578=ORIENTED_EDGE('',*,*,#2291,.T.);
#3579=ORIENTED_EDGE('',*,*,#2290,.T.);
#3580=ORIENTED_EDGE('',*,*,#2518,.T.);
#3581=ORIENTED_EDGE('',*,*,#2384,.F.);
#3582=ORIENTED_EDGE('',*,*,#2544,.F.);
#3583=ORIENTED_EDGE('',*,*,#2545,.F.);
#3584=ORIENTED_EDGE('',*,*,#2546,.F.);
#3585=ORIENTED_EDGE('',*,*,#2482,.T.);
#3586=ORIENTED_EDGE('',*,*,#2515,.T.);
#3587=ORIENTED_EDGE('',*,*,#2524,.T.);
#3588=ORIENTED_EDGE('',*,*,#2369,.T.);
#3589=ORIENTED_EDGE('',*,*,#2547,.F.);
#3590=ORIENTED_EDGE('',*,*,#2460,.F.);
#3591=ORIENTED_EDGE('',*,*,#2548,.T.);
#3592=ORIENTED_EDGE('',*,*,#2549,.F.);
#3593=ORIENTED_EDGE('',*,*,#2348,.T.);
#3594=ORIENTED_EDGE('',*,*,#2353,.F.);
#3595=ORIENTED_EDGE('',*,*,#2499,.T.);
#3596=ORIENTED_EDGE('',*,*,#2484,.F.);
#3597=ORIENTED_EDGE('',*,*,#2358,.F.);
#3598=ORIENTED_EDGE('',*,*,#2389,.F.);
#3599=ORIENTED_EDGE('',*,*,#2467,.T.);
#3600=ORIENTED_EDGE('',*,*,#2413,.F.);
#3601=ORIENTED_EDGE('',*,*,#2550,.T.);
#3602=ORIENTED_EDGE('',*,*,#2551,.F.);
#3603=ORIENTED_EDGE('',*,*,#2365,.F.);
#3604=ORIENTED_EDGE('',*,*,#2492,.F.);
#3605=ORIENTED_EDGE('',*,*,#2531,.F.);
#3606=ORIENTED_EDGE('',*,*,#2395,.T.);
#3607=ORIENTED_EDGE('',*,*,#2498,.T.);
#3608=ORIENTED_EDGE('',*,*,#2501,.T.);
#3609=ORIENTED_EDGE('',*,*,#2552,.F.);
#3610=ORIENTED_EDGE('',*,*,#2553,.T.);
#3611=ORIENTED_EDGE('',*,*,#2554,.F.);
#3612=ORIENTED_EDGE('',*,*,#2555,.F.);
#3613=ORIENTED_EDGE('',*,*,#2350,.F.);
#3614=ORIENTED_EDGE('',*,*,#2556,.F.);
#3615=ORIENTED_EDGE('',*,*,#2557,.F.);
#3616=ORIENTED_EDGE('',*,*,#2458,.F.);
#3617=ORIENTED_EDGE('',*,*,#2558,.T.);
#3618=ORIENTED_EDGE('',*,*,#2468,.T.);
#3619=ORIENTED_EDGE('',*,*,#2551,.T.);
#3620=ORIENTED_EDGE('',*,*,#2559,.T.);
#3621=ORIENTED_EDGE('',*,*,#2552,.T.);
#3622=ORIENTED_EDGE('',*,*,#2500,.T.);
#3623=ORIENTED_EDGE('',*,*,#2426,.T.);
#3624=ORIENTED_EDGE('',*,*,#2560,.T.);
#3625=ORIENTED_EDGE('',*,*,#2257,.T.);
#3626=ORIENTED_EDGE('',*,*,#2258,.T.);
#3627=ORIENTED_EDGE('',*,*,#2561,.F.);
#3628=ORIENTED_EDGE('',*,*,#2266,.T.);
#3629=ORIENTED_EDGE('',*,*,#2267,.T.);
#3630=ORIENTED_EDGE('',*,*,#2562,.F.);
#3631=ORIENTED_EDGE('',*,*,#2553,.F.);
#3632=ORIENTED_EDGE('',*,*,#2560,.F.);
#3633=ORIENTED_EDGE('',*,*,#2425,.T.);
#3634=ORIENTED_EDGE('',*,*,#2293,.T.);
#3635=ORIENTED_EDGE('',*,*,#2303,.F.);
#3636=ORIENTED_EDGE('',*,*,#2563,.F.);
#3637=ORIENTED_EDGE('',*,*,#2330,.T.);
#3638=ORIENTED_EDGE('',*,*,#2322,.T.);
#3639=ORIENTED_EDGE('',*,*,#2360,.F.);
#3640=ORIENTED_EDGE('',*,*,#2536,.T.);
#3641=ORIENTED_EDGE('',*,*,#2406,.T.);
#3642=ORIENTED_EDGE('',*,*,#2469,.T.);
#3643=ORIENTED_EDGE('',*,*,#2559,.F.);
#3644=ORIENTED_EDGE('',*,*,#2550,.F.);
#3645=ORIENTED_EDGE('',*,*,#2412,.F.);
#3646=ORIENTED_EDGE('',*,*,#2015,.T.);
#3647=ORIENTED_EDGE('',*,*,#2367,.T.);
#3648=ORIENTED_EDGE('',*,*,#2020,.T.);
#3649=ORIENTED_EDGE('',*,*,#2089,.T.);
#3650=ORIENTED_EDGE('',*,*,#2026,.T.);
#3651=ORIENTED_EDGE('',*,*,#2366,.T.);
#3652=ORIENTED_EDGE('',*,*,#2558,.F.);
#3653=ORIENTED_EDGE('',*,*,#2457,.F.);
#3654=ORIENTED_EDGE('',*,*,#2231,.T.);
#3655=ORIENTED_EDGE('',*,*,#2240,.F.);
#3656=ORIENTED_EDGE('',*,*,#2233,.F.);
#3657=ORIENTED_EDGE('',*,*,#2440,.F.);
#3658=ORIENTED_EDGE('',*,*,#2238,.T.);
#3659=ORIENTED_EDGE('',*,*,#2239,.F.);
#3660=ORIENTED_EDGE('',*,*,#2215,.F.);
#3661=ORIENTED_EDGE('',*,*,#2461,.F.);
#3662=ORIENTED_EDGE('',*,*,#2547,.T.);
#3663=ORIENTED_EDGE('',*,*,#2368,.T.);
#3664=ORIENTED_EDGE('',*,*,#2009,.T.);
#3665=ORIENTED_EDGE('',*,*,#2078,.T.);
#3666=ORIENTED_EDGE('',*,*,#2346,.T.);
#3667=ORIENTED_EDGE('',*,*,#2564,.F.);
#3668=ORIENTED_EDGE('',*,*,#2554,.T.);
#3669=ORIENTED_EDGE('',*,*,#2562,.T.);
#3670=ORIENTED_EDGE('',*,*,#2262,.T.);
#3671=ORIENTED_EDGE('',*,*,#2561,.T.);
#3672=ORIENTED_EDGE('',*,*,#2253,.T.);
#3673=ORIENTED_EDGE('',*,*,#2563,.T.);
#3674=ORIENTED_EDGE('',*,*,#2302,.F.);
#3675=ORIENTED_EDGE('',*,*,#2339,.T.);
#3676=ORIENTED_EDGE('',*,*,#2345,.T.);
#3677=ORIENTED_EDGE('',*,*,#2351,.T.);
#3678=ORIENTED_EDGE('',*,*,#2555,.T.);
#3679=ORIENTED_EDGE('',*,*,#2564,.T.);
#3680=ORIENTED_EDGE('',*,*,#2565,.F.);
#3681=ORIENTED_EDGE('',*,*,#2556,.T.);
#3682=ORIENTED_EDGE('',*,*,#2349,.T.);
#3683=ORIENTED_EDGE('',*,*,#2549,.T.);
#3684=ORIENTED_EDGE('',*,*,#2565,.T.);
#3685=ORIENTED_EDGE('',*,*,#2548,.F.);
#3686=ORIENTED_EDGE('',*,*,#2459,.F.);
#3687=ORIENTED_EDGE('',*,*,#2557,.T.);
#3688=ORIENTED_EDGE('',*,*,#2493,.T.);
#3689=ORIENTED_EDGE('',*,*,#2472,.T.);
#3690=ORIENTED_EDGE('',*,*,#2471,.T.);
#3691=ORIENTED_EDGE('',*,*,#2442,.T.);
#3692=CYLINDRICAL_SURFACE('',#3921,0.08);
#3693=CYLINDRICAL_SURFACE('',#3924,0.0787401574803149);
#3694=CYLINDRICAL_SURFACE('',#3931,0.0787401574803149);
#3695=CYLINDRICAL_SURFACE('',#3936,0.0787401574803149);
#3696=CYLINDRICAL_SURFACE('',#3967,0.0787401574803149);
#3697=CYLINDRICAL_SURFACE('',#3971,0.0787401574803149);
#3698=CYLINDRICAL_SURFACE('',#3975,0.0787401574803149);
#3699=CYLINDRICAL_SURFACE('',#3993,0.0787401574803149);
#3700=CYLINDRICAL_SURFACE('',#3998,0.0787401574803149);
#3701=CYLINDRICAL_SURFACE('',#4003,0.0787401574803149);
#3702=CYLINDRICAL_SURFACE('',#4008,0.0787401574803149);
#3703=CYLINDRICAL_SURFACE('',#4012,0.0787401574803149);
#3704=CYLINDRICAL_SURFACE('',#4017,0.0787401574803149);
#3705=CYLINDRICAL_SURFACE('',#4026,0.0750000000000002);
#3706=CYLINDRICAL_SURFACE('',#4030,0.075);
#3707=CYLINDRICAL_SURFACE('',#4035,0.0750000000000002);
#3708=CYLINDRICAL_SURFACE('',#4039,0.075);
#3709=CYLINDRICAL_SURFACE('',#4054,0.850000027127153);
#3710=CYLINDRICAL_SURFACE('',#4107,1.0000000319143);
#3711=CYLINDRICAL_SURFACE('',#4110,1.);
#3712=CYLINDRICAL_SURFACE('',#4112,1.05);
#3713=CYLINDRICAL_SURFACE('',#4116,1.025);
#3714=CYLINDRICAL_SURFACE('',#4149,0.625000019946436);
#3715=CYLINDRICAL_SURFACE('',#4152,0.625000019946436);
#3716=CYLINDRICAL_SURFACE('',#4173,1.);
#3717=ADVANCED_FACE('',(#209),#3692,.F.);
#3718=ADVANCED_FACE('',(#210),#3693,.F.);
#3719=ADVANCED_FACE('',(#211),#48,.F.);
#3720=ADVANCED_FACE('',(#212),#49,.F.);
#3721=ADVANCED_FACE('',(#213),#50,.F.);
#3722=ADVANCED_FACE('',(#214),#51,.F.);
#3723=ADVANCED_FACE('',(#215),#3694,.F.);
#3724=ADVANCED_FACE('',(#216),#52,.F.);
#3725=ADVANCED_FACE('',(#217),#53,.F.);
#3726=ADVANCED_FACE('',(#218),#3695,.F.);
#3727=ADVANCED_FACE('',(#219),#54,.F.);
#3728=ADVANCED_FACE('',(#220),#55,.F.);
#3729=ADVANCED_FACE('',(#221),#56,.F.);
#3730=ADVANCED_FACE('',(#222),#57,.F.);
#3731=ADVANCED_FACE('',(#223),#58,.F.);
#3732=ADVANCED_FACE('',(#224),#59,.F.);
#3733=ADVANCED_FACE('',(#225),#60,.F.);
#3734=ADVANCED_FACE('',(#226),#61,.F.);
#3735=ADVANCED_FACE('',(#227),#62,.F.);
#3736=ADVANCED_FACE('',(#228),#63,.F.);
#3737=ADVANCED_FACE('',(#229),#64,.F.);
#3738=ADVANCED_FACE('',(#230),#65,.F.);
#3739=ADVANCED_FACE('',(#231),#66,.F.);
#3740=ADVANCED_FACE('',(#232,#34),#67,.F.);
#3741=ADVANCED_FACE('',(#233),#68,.F.);
#3742=ADVANCED_FACE('',(#234),#69,.F.);
#3743=ADVANCED_FACE('',(#235),#70,.F.);
#3744=ADVANCED_FACE('',(#236),#71,.F.);
#3745=ADVANCED_FACE('',(#237),#72,.F.);
#3746=ADVANCED_FACE('',(#238),#73,.F.);
#3747=ADVANCED_FACE('',(#239),#74,.F.);
#3748=ADVANCED_FACE('',(#240),#75,.F.);
#3749=ADVANCED_FACE('',(#241),#76,.F.);
#3750=ADVANCED_FACE('',(#242),#77,.F.);
#3751=ADVANCED_FACE('',(#243),#78,.F.);
#3752=ADVANCED_FACE('',(#244),#3696,.F.);
#3753=ADVANCED_FACE('',(#245),#79,.F.);
#3754=ADVANCED_FACE('',(#246),#80,.F.);
#3755=ADVANCED_FACE('',(#247),#3697,.F.);
#3756=ADVANCED_FACE('',(#248),#81,.F.);
#3757=ADVANCED_FACE('',(#249),#82,.F.);
#3758=ADVANCED_FACE('',(#250),#3698,.F.);
#3759=ADVANCED_FACE('',(#251),#83,.F.);
#3760=ADVANCED_FACE('',(#252),#84,.F.);
#3761=ADVANCED_FACE('',(#253,#35),#85,.T.);
#3762=ADVANCED_FACE('',(#254,#36),#86,.T.);
#3763=ADVANCED_FACE('',(#255),#87,.F.);
#3764=ADVANCED_FACE('',(#256),#88,.F.);
#3765=ADVANCED_FACE('',(#257),#89,.F.);
#3766=ADVANCED_FACE('',(#258),#90,.F.);
#3767=ADVANCED_FACE('',(#259),#91,.F.);
#3768=ADVANCED_FACE('',(#260),#92,.F.);
#3769=ADVANCED_FACE('',(#261),#93,.F.);
#3770=ADVANCED_FACE('',(#262),#94,.F.);
#3771=ADVANCED_FACE('',(#263),#95,.F.);
#3772=ADVANCED_FACE('',(#264),#96,.F.);
#3773=ADVANCED_FACE('',(#265),#97,.F.);
#3774=ADVANCED_FACE('',(#266),#98,.T.);
#3775=ADVANCED_FACE('',(#267),#3699,.T.);
#3776=ADVANCED_FACE('',(#268),#99,.T.);
#3777=ADVANCED_FACE('',(#269),#100,.T.);
#3778=ADVANCED_FACE('',(#270),#3700,.T.);
#3779=ADVANCED_FACE('',(#271),#101,.T.);
#3780=ADVANCED_FACE('',(#272),#102,.T.);
#3781=ADVANCED_FACE('',(#273),#3701,.T.);
#3782=ADVANCED_FACE('',(#274),#103,.T.);
#3783=ADVANCED_FACE('',(#275),#104,.T.);
#3784=ADVANCED_FACE('',(#276),#3702,.T.);
#3785=ADVANCED_FACE('',(#277),#105,.T.);
#3786=ADVANCED_FACE('',(#278),#3703,.T.);
#3787=ADVANCED_FACE('',(#279),#106,.T.);
#3788=ADVANCED_FACE('',(#280),#107,.T.);
#3789=ADVANCED_FACE('',(#281),#3704,.T.);
#3790=ADVANCED_FACE('',(#282),#108,.T.);
#3791=ADVANCED_FACE('',(#283),#109,.T.);
#3792=ADVANCED_FACE('',(#284,#37),#110,.T.);
#3793=ADVANCED_FACE('',(#285),#111,.F.);
#3794=ADVANCED_FACE('',(#286),#112,.T.);
#3795=ADVANCED_FACE('',(#287),#3705,.F.);
#3796=ADVANCED_FACE('',(#288),#3706,.F.);
#3797=ADVANCED_FACE('',(#289),#113,.T.);
#3798=ADVANCED_FACE('',(#290),#3707,.F.);
#3799=ADVANCED_FACE('',(#291),#3708,.F.);
#3800=ADVANCED_FACE('',(#292,#38,#39),#114,.F.);
#3801=ADVANCED_FACE('',(#293),#115,.F.);
#3802=ADVANCED_FACE('',(#294),#116,.F.);
#3803=ADVANCED_FACE('',(#295),#117,.F.);
#3804=ADVANCED_FACE('',(#296,#40,#41),#118,.F.);
#3805=ADVANCED_FACE('',(#297),#119,.F.);
#3806=ADVANCED_FACE('',(#298),#120,.F.);
#3807=ADVANCED_FACE('',(#299),#121,.F.);
#3808=ADVANCED_FACE('',(#300),#122,.T.);
#3809=ADVANCED_FACE('',(#301),#123,.F.);
#3810=ADVANCED_FACE('',(#302),#124,.T.);
#3811=ADVANCED_FACE('',(#303),#3709,.F.);
#3812=ADVANCED_FACE('',(#304),#125,.T.);
#3813=ADVANCED_FACE('',(#305),#126,.T.);
#3814=ADVANCED_FACE('',(#306),#127,.F.);
#3815=ADVANCED_FACE('',(#307),#128,.T.);
#3816=ADVANCED_FACE('',(#308),#129,.F.);
#3817=ADVANCED_FACE('',(#309),#130,.F.);
#3818=ADVANCED_FACE('',(#310),#131,.F.);
#3819=ADVANCED_FACE('',(#311),#132,.T.);
#3820=ADVANCED_FACE('',(#312),#133,.T.);
#3821=ADVANCED_FACE('',(#313),#134,.F.);
#3822=ADVANCED_FACE('',(#314),#135,.F.);
#3823=ADVANCED_FACE('',(#315),#136,.F.);
#3824=ADVANCED_FACE('',(#316),#137,.F.);
#3825=ADVANCED_FACE('',(#317),#138,.F.);
#3826=ADVANCED_FACE('',(#318),#139,.F.);
#3827=ADVANCED_FACE('',(#319,#42,#43),#140,.F.);
#3828=ADVANCED_FACE('',(#320),#141,.F.);
#3829=ADVANCED_FACE('',(#321),#15,.T.);
#3830=ADVANCED_FACE('',(#322),#16,.T.);
#3831=ADVANCED_FACE('',(#323,#44),#142,.T.);
#3832=ADVANCED_FACE('',(#324),#143,.T.);
#3833=ADVANCED_FACE('',(#325),#144,.F.);
#3834=ADVANCED_FACE('',(#326),#145,.F.);
#3835=ADVANCED_FACE('',(#327),#146,.F.);
#3836=ADVANCED_FACE('',(#328),#147,.F.);
#3837=ADVANCED_FACE('',(#329),#148,.F.);
#3838=ADVANCED_FACE('',(#330),#149,.F.);
#3839=ADVANCED_FACE('',(#331),#150,.F.);
#3840=ADVANCED_FACE('',(#332),#151,.F.);
#3841=ADVANCED_FACE('',(#333),#152,.F.);
#3842=ADVANCED_FACE('',(#334),#153,.F.);
#3843=ADVANCED_FACE('',(#335),#154,.F.);
#3844=ADVANCED_FACE('',(#336),#155,.F.);
#3845=ADVANCED_FACE('',(#337),#156,.F.);
#3846=ADVANCED_FACE('',(#338,#45,#46,#47),#157,.F.);
#3847=ADVANCED_FACE('',(#339),#3710,.T.);
#3848=ADVANCED_FACE('',(#340),#3711,.T.);
#3849=ADVANCED_FACE('',(#341),#3712,.T.);
#3850=ADVANCED_FACE('',(#342),#158,.T.);
#3851=ADVANCED_FACE('',(#343),#3713,.T.);
#3852=ADVANCED_FACE('',(#344),#159,.T.);
#3853=ADVANCED_FACE('',(#345),#160,.T.);
#3854=ADVANCED_FACE('',(#346),#161,.F.);
#3855=ADVANCED_FACE('',(#347),#162,.T.);
#3856=ADVANCED_FACE('',(#348),#163,.F.);
#3857=ADVANCED_FACE('',(#349),#17,.F.);
#3858=ADVANCED_FACE('',(#350),#164,.T.);
#3859=ADVANCED_FACE('',(#351),#165,.F.);
#3860=ADVANCED_FACE('',(#352),#166,.F.);
#3861=ADVANCED_FACE('',(#353),#167,.F.);
#3862=ADVANCED_FACE('',(#354),#168,.F.);
#3863=ADVANCED_FACE('',(#355),#169,.F.);
#3864=ADVANCED_FACE('',(#356),#170,.T.);
#3865=ADVANCED_FACE('',(#357),#171,.F.);
#3866=ADVANCED_FACE('',(#358),#172,.F.);
#3867=ADVANCED_FACE('',(#359),#173,.F.);
#3868=ADVANCED_FACE('',(#360),#174,.F.);
#3869=ADVANCED_FACE('',(#361),#175,.T.);
#3870=ADVANCED_FACE('',(#362),#176,.F.);
#3871=ADVANCED_FACE('',(#363),#177,.T.);
#3872=ADVANCED_FACE('',(#364),#178,.T.);
#3873=ADVANCED_FACE('',(#365),#179,.T.);
#3874=ADVANCED_FACE('',(#366),#180,.T.);
#3875=ADVANCED_FACE('',(#367),#181,.F.);
#3876=ADVANCED_FACE('',(#368),#182,.F.);
#3877=ADVANCED_FACE('',(#369),#183,.F.);
#3878=ADVANCED_FACE('',(#370),#184,.F.);
#3879=ADVANCED_FACE('',(#371),#185,.F.);
#3880=ADVANCED_FACE('',(#372),#186,.F.);
#3881=ADVANCED_FACE('',(#373),#3714,.T.);
#3882=ADVANCED_FACE('',(#374),#18,.F.);
#3883=ADVANCED_FACE('',(#375),#187,.F.);
#3884=ADVANCED_FACE('',(#376),#188,.F.);
#3885=ADVANCED_FACE('',(#377),#3715,.T.);
#3886=ADVANCED_FACE('',(#378),#189,.F.);
#3887=ADVANCED_FACE('',(#379),#190,.F.);
#3888=ADVANCED_FACE('',(#380),#191,.F.);
#3889=ADVANCED_FACE('',(#381),#192,.F.);
#3890=ADVANCED_FACE('',(#382),#193,.F.);
#3891=ADVANCED_FACE('',(#383),#194,.F.);
#3892=ADVANCED_FACE('',(#384),#195,.F.);
#3893=ADVANCED_FACE('',(#385),#196,.T.);
#3894=ADVANCED_FACE('',(#386),#197,.T.);
#3895=ADVANCED_FACE('',(#387),#198,.F.);
#3896=ADVANCED_FACE('',(#388),#199,.T.);
#3897=ADVANCED_FACE('',(#389),#200,.T.);
#3898=ADVANCED_FACE('',(#390),#201,.F.);
#3899=ADVANCED_FACE('',(#391),#202,.T.);
#3900=ADVANCED_FACE('',(#392),#203,.T.);
#3901=ADVANCED_FACE('',(#393),#204,.F.);
#3902=ADVANCED_FACE('',(#394),#205,.F.);
#3903=ADVANCED_FACE('',(#395),#206,.T.);
#3904=ADVANCED_FACE('',(#396),#207,.T.);
#3905=ADVANCED_FACE('',(#397),#208,.F.);
#3906=ADVANCED_FACE('',(#398),#3716,.T.);
#3907=CLOSED_SHELL('',(#3717,#3718,#3719,#3720,#3721,#3722,#3723,#3724,
#3725,#3726,#3727,#3728,#3729,#3730,#3731,#3732,#3733,#3734,#3735,#3736,
#3737,#3738,#3739,#3740,#3741,#3742,#3743,#3744,#3745,#3746,#3747,#3748,
#3749,#3750,#3751,#3752,#3753,#3754,#3755,#3756,#3757,#3758,#3759,#3760,
#3761,#3762,#3763,#3764,#3765,#3766,#3767,#3768,#3769,#3770,#3771,#3772,
#3773,#3774,#3775,#3776,#3777,#3778,#3779,#3780,#3781,#3782,#3783,#3784,
#3785,#3786,#3787,#3788,#3789,#3790,#3791,#3792,#3793,#3794,#3795,#3796,
#3797,#3798,#3799,#3800,#3801,#3802,#3803,#3804,#3805,#3806,#3807,#3808,
#3809,#3810,#3811,#3812,#3813,#3814,#3815,#3816,#3817,#3818,#3819,#3820,
#3821,#3822,#3823,#3824,#3825,#3826,#3827,#3828,#3829,#3830,#3831,#3832,
#3833,#3834,#3835,#3836,#3837,#3838,#3839,#3840,#3841,#3842,#3843,#3844,
#3845,#3846,#3847,#3848,#3849,#3850,#3851,#3852,#3853,#3854,#3855,#3856,
#3857,#3858,#3859,#3860,#3861,#3862,#3863,#3864,#3865,#3866,#3867,#3868,
#3869,#3870,#3871,#3872,#3873,#3874,#3875,#3876,#3877,#3878,#3879,#3880,
#3881,#3882,#3883,#3884,#3885,#3886,#3887,#3888,#3889,#3890,#3891,#3892,
#3893,#3894,#3895,#3896,#3897,#3898,#3899,#3900,#3901,#3902,#3903,#3904,
#3905,#3906));
#3908=DERIVED_UNIT_ELEMENT(#3910,1.);
#3909=DERIVED_UNIT_ELEMENT(#6393,-3.);
#3910=(
MASS_UNIT()
NAMED_UNIT(*)
SI_UNIT(.KILO.,.GRAM.)
);
#3911=DERIVED_UNIT((#3908,#3909));
#3912=MEASURE_REPRESENTATION_ITEM('density measure',
POSITIVE_RATIO_MEASURE(7850.),#3911);
#3913=PROPERTY_DEFINITION_REPRESENTATION(#3918,#3915);
#3914=PROPERTY_DEFINITION_REPRESENTATION(#3919,#3916);
#3915=REPRESENTATION('material name',(#3917),#6388);
#3916=REPRESENTATION('density',(#3912),#6388);
#3917=DESCRIPTIVE_REPRESENTATION_ITEM('Steel','Steel');
#3918=PROPERTY_DEFINITION('material property','material name',#6401);
#3919=PROPERTY_DEFINITION('material property','density of part',#6401);
#3920=AXIS2_PLACEMENT_3D('',#5163,#4174,#4175);
#3921=AXIS2_PLACEMENT_3D('',#5164,#4176,#4177);
#3922=AXIS2_PLACEMENT_3D('',#5166,#4178,#4179);
#3923=AXIS2_PLACEMENT_3D('',#5169,#4181,#4182);
#3924=AXIS2_PLACEMENT_3D('',#5170,#4183,#4184);
#3925=AXIS2_PLACEMENT_3D('',#5173,#4185,#4186);
#3926=AXIS2_PLACEMENT_3D('',#5177,#4188,#4189);
#3927=AXIS2_PLACEMENT_3D('',#5181,#4192,#4193);
#3928=AXIS2_PLACEMENT_3D('',#5187,#4197,#4198);
#3929=AXIS2_PLACEMENT_3D('',#5195,#4203,#4204);
#3930=AXIS2_PLACEMENT_3D('',#5203,#4209,#4210);
#3931=AXIS2_PLACEMENT_3D('',#5209,#4214,#4215);
#3932=AXIS2_PLACEMENT_3D('',#5211,#4216,#4217);
#3933=AXIS2_PLACEMENT_3D('',#5215,#4219,#4220);
#3934=AXIS2_PLACEMENT_3D('',#5217,#4222,#4223);
#3935=AXIS2_PLACEMENT_3D('',#5223,#4227,#4228);
#3936=AXIS2_PLACEMENT_3D('',#5229,#4232,#4233);
#3937=AXIS2_PLACEMENT_3D('',#5231,#4234,#4235);
#3938=AXIS2_PLACEMENT_3D('',#5233,#4236,#4237);
#3939=AXIS2_PLACEMENT_3D('',#5235,#4239,#4240);
#3940=AXIS2_PLACEMENT_3D('',#5241,#4244,#4245);
#3941=AXIS2_PLACEMENT_3D('',#5250,#4250,#4251);
#3942=AXIS2_PLACEMENT_3D('',#5256,#4255,#4256);
#3943=AXIS2_PLACEMENT_3D('',#5262,#4260,#4261);
#3944=AXIS2_PLACEMENT_3D('',#5268,#4265,#4266);
#3945=AXIS2_PLACEMENT_3D('',#5274,#4270,#4271);
#3946=AXIS2_PLACEMENT_3D('',#5280,#4275,#4276);
#3947=AXIS2_PLACEMENT_3D('',#5286,#4280,#4281);
#3948=AXIS2_PLACEMENT_3D('',#5292,#4285,#4286);
#3949=AXIS2_PLACEMENT_3D('',#5298,#4290,#4291);
#3950=AXIS2_PLACEMENT_3D('',#5304,#4295,#4296);
#3951=AXIS2_PLACEMENT_3D('',#5310,#4300,#4301);
#3952=AXIS2_PLACEMENT_3D('',#5316,#4305,#4306);
#3953=AXIS2_PLACEMENT_3D('',#5323,#4310,#4311);
#3954=AXIS2_PLACEMENT_3D('',#5329,#4314,#4315);
#3955=AXIS2_PLACEMENT_3D('',#5335,#4318,#4319);
#3956=AXIS2_PLACEMENT_3D('',#5357,#4332,#4333);
#3957=AXIS2_PLACEMENT_3D('',#5361,#4336,#4337);
#3958=AXIS2_PLACEMENT_3D('',#5365,#4340,#4341);
#3959=AXIS2_PLACEMENT_3D('',#5369,#4344,#4345);
#3960=AXIS2_PLACEMENT_3D('',#5373,#4348,#4349);
#3961=AXIS2_PLACEMENT_3D('',#5377,#4352,#4353);
#3962=AXIS2_PLACEMENT_3D('',#5381,#4356,#4357);
#3963=AXIS2_PLACEMENT_3D('',#5385,#4360,#4361);
#3964=AXIS2_PLACEMENT_3D('',#5389,#4364,#4365);
#3965=AXIS2_PLACEMENT_3D('',#5393,#4368,#4369);
#3966=AXIS2_PLACEMENT_3D('',#5397,#4372,#4373);
#3967=AXIS2_PLACEMENT_3D('',#5399,#4375,#4376);
#3968=AXIS2_PLACEMENT_3D('',#5401,#4377,#4378);
#3969=AXIS2_PLACEMENT_3D('',#5403,#4380,#4381);
#3970=AXIS2_PLACEMENT_3D('',#5407,#4384,#4385);
#3971=AXIS2_PLACEMENT_3D('',#5411,#4388,#4389);
#3972=AXIS2_PLACEMENT_3D('',#5413,#4390,#4391);
#3973=AXIS2_PLACEMENT_3D('',#5415,#4393,#4394);
#3974=AXIS2_PLACEMENT_3D('',#5419,#4397,#4398);
#3975=AXIS2_PLACEMENT_3D('',#5423,#4401,#4402);
#3976=AXIS2_PLACEMENT_3D('',#5425,#4403,#4404);
#3977=AXIS2_PLACEMENT_3D('',#5427,#4406,#4407);
#3978=AXIS2_PLACEMENT_3D('',#5431,#4410,#4411);
#3979=AXIS2_PLACEMENT_3D('',#5433,#4413,#4414);
#3980=AXIS2_PLACEMENT_3D('',#5434,#4415,#4416);
#3981=AXIS2_PLACEMENT_3D('',#5479,#4439,#4440);
#3982=AXIS2_PLACEMENT_3D('',#5485,#4444,#4445);
#3983=AXIS2_PLACEMENT_3D('',#5489,#4448,#4449);
#3984=AXIS2_PLACEMENT_3D('',#5493,#4452,#4453);
#3985=AXIS2_PLACEMENT_3D('',#5497,#4456,#4457);
#3986=AXIS2_PLACEMENT_3D('',#5501,#4460,#4461);
#3987=AXIS2_PLACEMENT_3D('',#5505,#4464,#4465);
#3988=AXIS2_PLACEMENT_3D('',#5509,#4468,#4469);
#3989=AXIS2_PLACEMENT_3D('',#5513,#4472,#4473);
#3990=AXIS2_PLACEMENT_3D('',#5517,#4476,#4477);
#3991=AXIS2_PLACEMENT_3D('',#5521,#4480,#4481);
#3992=AXIS2_PLACEMENT_3D('',#5525,#4484,#4485);
#3993=AXIS2_PLACEMENT_3D('',#5534,#4490,#4491);
#3994=AXIS2_PLACEMENT_3D('',#5536,#4492,#4493);
#3995=AXIS2_PLACEMENT_3D('',#5539,#4495,#4496);
#3996=AXIS2_PLACEMENT_3D('',#5540,#4497,#4498);
#3997=AXIS2_PLACEMENT_3D('',#5546,#4502,#4503);
#3998=AXIS2_PLACEMENT_3D('',#5552,#4507,#4508);
#3999=AXIS2_PLACEMENT_3D('',#5554,#4509,#4510);
#4000=AXIS2_PLACEMENT_3D('',#5557,#4512,#4513);
#4001=AXIS2_PLACEMENT_3D('',#5558,#4514,#4515);
#4002=AXIS2_PLACEMENT_3D('',#5564,#4519,#4520);
#4003=AXIS2_PLACEMENT_3D('',#5570,#4524,#4525);
#4004=AXIS2_PLACEMENT_3D('',#5572,#4526,#4527);
#4005=AXIS2_PLACEMENT_3D('',#5575,#4529,#4530);
#4006=AXIS2_PLACEMENT_3D('',#5576,#4531,#4532);
#4007=AXIS2_PLACEMENT_3D('',#5582,#4536,#4537);
#4008=AXIS2_PLACEMENT_3D('',#5588,#4541,#4542);
#4009=AXIS2_PLACEMENT_3D('',#5590,#4543,#4544);
#4010=AXIS2_PLACEMENT_3D('',#5593,#4546,#4547);
#4011=AXIS2_PLACEMENT_3D('',#5594,#4548,#4549);
#4012=AXIS2_PLACEMENT_3D('',#5600,#4553,#4554);
#4013=AXIS2_PLACEMENT_3D('',#5602,#4555,#4556);
#4014=AXIS2_PLACEMENT_3D('',#5604,#4557,#4558);
#4015=AXIS2_PLACEMENT_3D('',#5606,#4560,#4561);
#4016=AXIS2_PLACEMENT_3D('',#5612,#4565,#4566);
#4017=AXIS2_PLACEMENT_3D('',#5618,#4570,#4571);
#4018=AXIS2_PLACEMENT_3D('',#5620,#4572,#4573);
#4019=AXIS2_PLACEMENT_3D('',#5622,#4574,#4575);
#4020=AXIS2_PLACEMENT_3D('',#5624,#4577,#4578);
#4021=AXIS2_PLACEMENT_3D('',#5633,#4583,#4584);
#4022=AXIS2_PLACEMENT_3D('',#5639,#4588,#4589);
#4023=AXIS2_PLACEMENT_3D('',#5663,#4603,#4604);
#4024=AXIS2_PLACEMENT_3D('',#5665,#4606,#4607);
#4025=AXIS2_PLACEMENT_3D('',#5669,#4609,#4610);
#4026=AXIS2_PLACEMENT_3D('',#5670,#4611,#4612);
#4027=AXIS2_PLACEMENT_3D('',#5672,#4613,#4614);
#4028=AXIS2_PLACEMENT_3D('',#5675,#4616,#4617);
#4029=AXIS2_PLACEMENT_3D('',#5676,#4618,#4619);
#4030=AXIS2_PLACEMENT_3D('',#5677,#4620,#4621);
#4031=AXIS2_PLACEMENT_3D('',#5679,#4622,#4623);
#4032=AXIS2_PLACEMENT_3D('',#5682,#4625,#4626);
#4033=AXIS2_PLACEMENT_3D('',#5683,#4627,#4628);
#4034=AXIS2_PLACEMENT_3D('',#5687,#4630,#4631);
#4035=AXIS2_PLACEMENT_3D('',#5688,#4632,#4633);
#4036=AXIS2_PLACEMENT_3D('',#5690,#4634,#4635);
#4037=AXIS2_PLACEMENT_3D('',#5693,#4637,#4638);
#4038=AXIS2_PLACEMENT_3D('',#5694,#4639,#4640);
#4039=AXIS2_PLACEMENT_3D('',#5695,#4641,#4642);
#4040=AXIS2_PLACEMENT_3D('',#5697,#4643,#4644);
#4041=AXIS2_PLACEMENT_3D('',#5700,#4646,#4647);
#4042=AXIS2_PLACEMENT_3D('',#5701,#4648,#4649);
#4043=AXIS2_PLACEMENT_3D('',#5714,#4656,#4657);
#4044=AXIS2_PLACEMENT_3D('',#5720,#4661,#4662);
#4045=AXIS2_PLACEMENT_3D('',#5724,#4665,#4666);
#4046=AXIS2_PLACEMENT_3D('',#5728,#4669,#4670);
#4047=AXIS2_PLACEMENT_3D('',#5739,#4676,#4677);
#4048=AXIS2_PLACEMENT_3D('',#5745,#4681,#4682);
#4049=AXIS2_PLACEMENT_3D('',#5751,#4686,#4687);
#4050=AXIS2_PLACEMENT_3D('',#5769,#4697,#4698);
#4051=AXIS2_PLACEMENT_3D('',#5775,#4702,#4703);
#4052=AXIS2_PLACEMENT_3D('',#5779,#4706,#4707);
#4053=AXIS2_PLACEMENT_3D('',#5789,#4709,#4710);
#4054=AXIS2_PLACEMENT_3D('',#5791,#4712,#4713);
#4055=AXIS2_PLACEMENT_3D('',#5795,#4715,#4716);
#4056=AXIS2_PLACEMENT_3D('',#5799,#4718,#4719);
#4057=AXIS2_PLACEMENT_3D('',#5803,#4721,#4722);
#4058=AXIS2_PLACEMENT_3D('',#5807,#4724,#4725);
#4059=AXIS2_PLACEMENT_3D('',#5813,#4728,#4729);
#4060=AXIS2_PLACEMENT_3D('',#5817,#4731,#4732);
#4061=AXIS2_PLACEMENT_3D('',#5819,#4734,#4735);
#4062=AXIS2_PLACEMENT_3D('',#5828,#4738,#4739);
#4063=AXIS2_PLACEMENT_3D('',#5840,#4742,#4743);
#4064=AXIS2_PLACEMENT_3D('',#5851,#4747,#4748);
#4065=AXIS2_PLACEMENT_3D('',#5857,#4752,#4753);
#4066=AXIS2_PLACEMENT_3D('',#5866,#4758,#4759);
#4067=AXIS2_PLACEMENT_3D('',#5872,#4763,#4764);
#4068=AXIS2_PLACEMENT_3D('',#5882,#4770,#4771);
#4069=AXIS2_PLACEMENT_3D('',#5886,#4774,#4775);
#4070=AXIS2_PLACEMENT_3D('',#5923,#4794,#4795);
#4071=AXIS2_PLACEMENT_3D('',#5927,#4798,#4799);
#4072=AXIS2_PLACEMENT_3D('',#5931,#4802,#4803);
#4073=AXIS2_PLACEMENT_3D('',#5935,#4806,#4807);
#4074=AXIS2_PLACEMENT_3D('',#5939,#4810,#4811);
#4075=AXIS2_PLACEMENT_3D('',#5941,#4813,#4814);
#4076=AXIS2_PLACEMENT_3D('',#5963,#4826,#4827);
#4077=AXIS2_PLACEMENT_3D('',#5975,#4833,#4834);
#4078=AXIS2_PLACEMENT_3D('',#5983,#4838,#4839);
#4079=AXIS2_PLACEMENT_3D('',#5985,#4841,#4842);
#4080=AXIS2_PLACEMENT_3D('',#6022,#4847,#4848);
#4081=AXIS2_PLACEMENT_3D('',#6027,#4850,#4851);
#4082=AXIS2_PLACEMENT_3D('',#6033,#4854,#4855);
#4083=AXIS2_PLACEMENT_3D('',#6035,#4856,#4857);
#4084=AXIS2_PLACEMENT_3D('',#6037,#4858,#4859);
#4085=AXIS2_PLACEMENT_3D('',#6039,#4860,#4861);
#4086=AXIS2_PLACEMENT_3D('',#6042,#4863,#4864);
#4087=AXIS2_PLACEMENT_3D('',#6043,#4865,#4866);
#4088=AXIS2_PLACEMENT_3D('',#6049,#4870,#4871);
#4089=AXIS2_PLACEMENT_3D('',#6053,#4874,#4875);
#4090=AXIS2_PLACEMENT_3D('',#6064,#4882,#4883);
#4091=AXIS2_PLACEMENT_3D('',#6066,#4885,#4886);
#4092=AXIS2_PLACEMENT_3D('',#6068,#4888,#4889);
#4093=AXIS2_PLACEMENT_3D('',#6070,#4891,#4892);
#4094=AXIS2_PLACEMENT_3D('',#6072,#4894,#4895);
#4095=AXIS2_PLACEMENT_3D('',#6074,#4897,#4898);
#4096=AXIS2_PLACEMENT_3D('',#6076,#4900,#4901);
#4097=AXIS2_PLACEMENT_3D('',#6078,#4903,#4904);
#4098=AXIS2_PLACEMENT_3D('',#6080,#4906,#4907);
#4099=AXIS2_PLACEMENT_3D('',#6082,#4909,#4910);
#4100=AXIS2_PLACEMENT_3D('',#6083,#4911,#4912);
#4101=AXIS2_PLACEMENT_3D('',#6085,#4914,#4915);
#4102=AXIS2_PLACEMENT_3D('',#6090,#4917,#4918);
#4103=AXIS2_PLACEMENT_3D('',#6092,#4919,#4920);
#4104=AXIS2_PLACEMENT_3D('',#6095,#4922,#4923);
#4105=AXIS2_PLACEMENT_3D('',#6099,#4925,#4926);
#4106=AXIS2_PLACEMENT_3D('',#6109,#4932,#4933);
#4107=AXIS2_PLACEMENT_3D('',#6125,#4942,#4943);
#4108=AXIS2_PLACEMENT_3D('',#6131,#4947,#4948);
#4109=AXIS2_PLACEMENT_3D('',#6136,#4951,#4952);
#4110=AXIS2_PLACEMENT_3D('',#6138,#4954,#4955);
#4111=AXIS2_PLACEMENT_3D('',#6143,#4958,#4959);
#4112=AXIS2_PLACEMENT_3D('',#6145,#4961,#4962);
#4113=AXIS2_PLACEMENT_3D('',#6147,#4963,#4964);
#4114=AXIS2_PLACEMENT_3D('',#6149,#4966,#4967);
#4115=AXIS2_PLACEMENT_3D('',#6150,#4968,#4969);
#4116=AXIS2_PLACEMENT_3D('',#6151,#4970,#4971);
#4117=AXIS2_PLACEMENT_3D('',#6152,#4972,#4973);
#4118=AXIS2_PLACEMENT_3D('',#6154,#4975,#4976);
#4119=AXIS2_PLACEMENT_3D('',#6158,#4979,#4980);
#4120=AXIS2_PLACEMENT_3D('',#6162,#4983,#4984);
#4121=AXIS2_PLACEMENT_3D('',#6166,#4987,#4988);
#4122=AXIS2_PLACEMENT_3D('',#6211,#4994,#4995);
#4123=AXIS2_PLACEMENT_3D('',#6213,#4997,#4998);
#4124=AXIS2_PLACEMENT_3D('',#6215,#5000,#5001);
#4125=AXIS2_PLACEMENT_3D('',#6218,#5004,#5005);
#4126=AXIS2_PLACEMENT_3D('',#6222,#5008,#5009);
#4127=AXIS2_PLACEMENT_3D('',#6224,#5011,#5012);
#4128=AXIS2_PLACEMENT_3D('',#6228,#5015,#5016);
#4129=AXIS2_PLACEMENT_3D('',#6234,#5019,#5020);
#4130=AXIS2_PLACEMENT_3D('',#6239,#5023,#5024);
#4131=AXIS2_PLACEMENT_3D('',#6240,#5025,#5026);
#4132=AXIS2_PLACEMENT_3D('',#6242,#5028,#5029);
#4133=AXIS2_PLACEMENT_3D('',#6243,#5030,#5031);
#4134=AXIS2_PLACEMENT_3D('',#6249,#5035,#5036);
#4135=AXIS2_PLACEMENT_3D('',#6253,#5039,#5040);
#4136=AXIS2_PLACEMENT_3D('',#6257,#5043,#5044);
#4137=AXIS2_PLACEMENT_3D('',#6262,#5048,#5049);
#4138=AXIS2_PLACEMENT_3D('',#6268,#5053,#5054);
#4139=AXIS2_PLACEMENT_3D('',#6269,#5055,#5056);
#4140=AXIS2_PLACEMENT_3D('',#6273,#5059,#5060);
#4141=AXIS2_PLACEMENT_3D('',#6275,#5062,#5063);
#4142=AXIS2_PLACEMENT_3D('',#6277,#5065,#5066);
#4143=AXIS2_PLACEMENT_3D('',#6279,#5067,#5068);
#4144=AXIS2_PLACEMENT_3D('',#6281,#5070,#5071);
#4145=AXIS2_PLACEMENT_3D('',#6282,#5072,#5073);
#4146=AXIS2_PLACEMENT_3D('',#6283,#5074,#5075);
#4147=AXIS2_PLACEMENT_3D('',#6284,#5076,#5077);
#4148=AXIS2_PLACEMENT_3D('',#6287,#5080,#5081);
#4149=AXIS2_PLACEMENT_3D('',#6290,#5084,#5085);
#4150=AXIS2_PLACEMENT_3D('',#6329,#5089,#5090);
#4151=AXIS2_PLACEMENT_3D('',#6331,#5092,#5093);
#4152=AXIS2_PLACEMENT_3D('',#6333,#5095,#5096);
#4153=AXIS2_PLACEMENT_3D('',#6335,#5098,#5099);
#4154=AXIS2_PLACEMENT_3D('',#6339,#5102,#5103);
#4155=AXIS2_PLACEMENT_3D('',#6341,#5105,#5106);
#4156=AXIS2_PLACEMENT_3D('',#6342,#5107,#5108);
#4157=AXIS2_PLACEMENT_3D('',#6343,#5109,#5110);
#4158=AXIS2_PLACEMENT_3D('',#6345,#5112,#5113);
#4159=AXIS2_PLACEMENT_3D('',#6346,#5114,#5115);
#4160=AXIS2_PLACEMENT_3D('',#6351,#5119,#5120);
#4161=AXIS2_PLACEMENT_3D('',#6352,#5121,#5122);
#4162=AXIS2_PLACEMENT_3D('',#6356,#5125,#5126);
#4163=AXIS2_PLACEMENT_3D('',#6368,#5134,#5135);
#4164=AXIS2_PLACEMENT_3D('',#6370,#5137,#5138);
#4165=AXIS2_PLACEMENT_3D('',#6372,#5140,#5141);
#4166=AXIS2_PLACEMENT_3D('',#6376,#5145,#5146);
#4167=AXIS2_PLACEMENT_3D('',#6377,#5147,#5148);
#4168=AXIS2_PLACEMENT_3D('',#6378,#5149,#5150);
#4169=AXIS2_PLACEMENT_3D('',#6379,#5151,#5152);
#4170=AXIS2_PLACEMENT_3D('',#6381,#5154,#5155);
#4171=AXIS2_PLACEMENT_3D('',#6382,#5156,#5157);
#4172=AXIS2_PLACEMENT_3D('',#6384,#5159,#5160);
#4173=AXIS2_PLACEMENT_3D('',#6385,#5161,#5162);
#4174=DIRECTION('axis',(0.,0.,1.));
#4175=DIRECTION('refdir',(1.,0.,0.));
#4176=DIRECTION('center_axis',(1.,0.,0.));
#4177=DIRECTION('ref_axis',(0.,-1.,0.));
#4178=DIRECTION('center_axis',(1.,0.,0.));
#4179=DIRECTION('ref_axis',(0.,-1.,0.));
#4180=DIRECTION('',(1.,0.,0.));
#4181=DIRECTION('center_axis',(-1.,0.,0.));
#4182=DIRECTION('ref_axis',(0.,-1.,0.));
#4183=DIRECTION('center_axis',(1.,0.,-2.49768959420733E-16));
#4184=DIRECTION('ref_axis',(-1.24884479710367E-16,-0.866025403784436,-0.500000000000004));
#4185=DIRECTION('center_axis',(-1.,0.,0.));
#4186=DIRECTION('ref_axis',(-1.24884479710367E-16,-0.866025403784436,-0.500000000000004));
#4187=DIRECTION('',(1.,0.,-2.49768959420733E-16));
#4188=DIRECTION('center_axis',(1.,0.,-2.22044604925031E-16));
#4189=DIRECTION('ref_axis',(-1.24884479710367E-16,-0.866025403784436,-0.500000000000004));
#4190=DIRECTION('',(-1.,0.,2.49768959420733E-16));
#4191=DIRECTION('',(1.,0.,-2.49768959420733E-16));
#4192=DIRECTION('center_axis',(2.49768959420733E-16,0.,1.));
#4193=DIRECTION('ref_axis',(0.,-1.,0.));
#4194=DIRECTION('',(0.,1.,0.));
#4195=DIRECTION('',(1.,0.,-2.49768959420733E-16));
#4196=DIRECTION('',(0.,1.,0.));
#4197=DIRECTION('center_axis',(1.69571301636893E-16,0.734219066822352,0.678912632018667));
#4198=DIRECTION('ref_axis',(1.63029382620994E-16,-0.678912632018667,0.734219066822352));
#4199=DIRECTION('',(0.,0.678912632018667,-0.734219066822352));
#4200=DIRECTION('',(1.,-2.30954641876553E-16,0.));
#4201=DIRECTION('',(1.63029382620994E-16,-0.678912632018667,0.734219066822352));
#4202=DIRECTION('',(1.,0.,-2.49768959420733E-16));
#4203=DIRECTION('center_axis',(1.69571301636892E-16,-0.734219066822357,
0.678912632018662));
#4204=DIRECTION('ref_axis',(-1.63029382620995E-16,-0.678912632018662,-0.734219066822357));
#4205=DIRECTION('',(0.,0.678912632018662,0.734219066822357));
#4206=DIRECTION('',(-1.63029382620995E-16,-0.678912632018662,-0.734219066822357));
#4207=DIRECTION('',(-1.,-2.3095464187655E-16,0.));
#4208=DIRECTION('',(1.,0.,-2.49768959420733E-16));
#4209=DIRECTION('center_axis',(2.49768959420733E-16,0.,1.));
#4210=DIRECTION('ref_axis',(0.,-1.,0.));
#4211=DIRECTION('',(0.,1.,0.));
#4212=DIRECTION('',(1.,0.,-2.49768959420733E-16));
#4213=DIRECTION('',(0.,1.,0.));
#4214=DIRECTION('center_axis',(1.,0.,-2.49768959420733E-16));
#4215=DIRECTION('ref_axis',(1.24884479710366E-16,-0.86602540378444,0.499999999999998));
#4216=DIRECTION('center_axis',(-1.,0.,0.));
#4217=DIRECTION('ref_axis',(1.24884479710366E-16,-0.86602540378444,0.499999999999998));
#4218=DIRECTION('',(1.,0.,-2.49768959420733E-16));
#4219=DIRECTION('center_axis',(1.,0.,-2.22044604925031E-16));
#4220=DIRECTION('ref_axis',(1.24884479710366E-16,-0.86602540378444,0.499999999999998));
#4221=DIRECTION('',(1.,0.,-2.49768959420733E-16));
#4222=DIRECTION('center_axis',(-7.40305324358558E-17,0.955065119689498,
-0.29639604780173));
#4223=DIRECTION('ref_axis',(2.12067057179132E-16,0.29639604780173,0.955065119689498));
#4224=DIRECTION('',(0.,-0.29639604780173,-0.955065119689498));
#4225=DIRECTION('',(2.12067057179132E-16,0.29639604780173,0.955065119689498));
#4226=DIRECTION('',(1.,0.,-2.49768959420733E-16));
#4227=DIRECTION('center_axis',(2.43601834072749E-16,0.220846052867142,0.975308679820396));
#4228=DIRECTION('ref_axis',(4.90376745581371E-17,-0.975308679820396,0.220846052867142));
#4229=DIRECTION('',(0.,0.975308679820396,-0.220846052867142));
#4230=DIRECTION('',(4.90376745581371E-17,-0.975308679820396,0.220846052867142));
#4231=DIRECTION('',(1.,0.,-2.49768959420733E-16));
#4232=DIRECTION('center_axis',(1.,0.,-2.49768959420733E-16));
#4233=DIRECTION('ref_axis',(2.49768959420733E-16,0.,1.));
#4234=DIRECTION('center_axis',(-1.,0.,0.));
#4235=DIRECTION('ref_axis',(2.49768959420733E-16,0.,1.));
#4236=DIRECTION('center_axis',(1.,0.,-2.22044604925031E-16));
#4237=DIRECTION('ref_axis',(2.49768959420733E-16,0.,1.));
#4238=DIRECTION('',(1.,0.,-2.49768959420733E-16));
#4239=DIRECTION('center_axis',(-2.43601834072749E-16,0.220846052867142,
-0.975308679820396));
#4240=DIRECTION('ref_axis',(4.90376745581371E-17,0.975308679820396,0.220846052867142));
#4241=DIRECTION('',(0.,-0.975308679820396,-0.220846052867142));
#4242=DIRECTION('',(4.90376745581371E-17,0.975308679820396,0.220846052867142));
#4243=DIRECTION('',(1.,0.,-2.49768959420733E-16));
#4244=DIRECTION('center_axis',(-4.23116767097585E-17,0.98554682004537,-0.169403262951042));
#4245=DIRECTION('ref_axis',(2.18835354292095E-16,0.169403262951042,0.98554682004537));
#4246=DIRECTION('',(0.,-0.169403262951042,-0.98554682004537));
#4247=DIRECTION('',(1.,0.,-2.49768959420733E-16));
#4248=DIRECTION('',(2.18835354292095E-16,0.169403262951042,0.98554682004537));
#4249=DIRECTION('',(1.,0.,-2.49768959420733E-16));
#4250=DIRECTION('center_axis',(2.43601834072749E-16,0.220846052867147,0.975308679820395));
#4251=DIRECTION('ref_axis',(4.90376745581382E-17,-0.975308679820395,0.220846052867147));
#4252=DIRECTION('',(0.,0.975308679820395,-0.220846052867147));
#4253=DIRECTION('',(4.90376745581382E-17,-0.975308679820395,0.220846052867147));
#4254=DIRECTION('',(1.,0.,-2.49768959420733E-16));
#4255=DIRECTION('center_axis',(-6.9935308637805E-17,0.96,-0.28));
#4256=DIRECTION('ref_axis',(2.1316282072803E-16,0.28,0.96));
#4257=DIRECTION('',(0.,-0.28,-0.96));
#4258=DIRECTION('',(2.1316282072803E-16,0.28,0.96));
#4259=DIRECTION('',(1.,0.,-2.49768959420733E-16));
#4260=DIRECTION('center_axis',(2.39778201043903E-16,0.28,0.96));
#4261=DIRECTION('ref_axis',(6.21724893790087E-17,-0.96,0.28));
#4262=DIRECTION('',(0.,0.96,-0.28));
#4263=DIRECTION('',(6.21724893790087E-17,-0.96,0.28));
#4264=DIRECTION('',(1.,0.,-2.49768959420733E-16));
#4265=DIRECTION('center_axis',(1.37797769663254E-16,-0.834042009100515,
0.551700939871936));
#4266=DIRECTION('ref_axis',(-1.85194528401603E-16,-0.551700939871936,-0.834042009100515));
#4267=DIRECTION('',(0.,0.551700939871936,0.834042009100515));
#4268=DIRECTION('',(-1.85194528401603E-16,-0.551700939871936,-0.834042009100515));
#4269=DIRECTION('',(1.,0.,-2.49768959420733E-16));
#4270=DIRECTION('center_axis',(2.16625100444009E-16,0.497782445473606,0.867301929536834));
#4271=DIRECTION('ref_axis',(1.10529906443803E-16,-0.867301929536834,0.497782445473606));
#4272=DIRECTION('',(0.,0.867301929536834,-0.497782445473606));
#4273=DIRECTION('',(1.10529906443803E-16,-0.867301929536834,0.497782445473606));
#4274=DIRECTION('',(1.,0.,-2.49768959420733E-16));
#4275=DIRECTION('center_axis',(1.54226360340726E-16,0.786589650898167,0.617476089496509));
#4276=DIRECTION('ref_axis',(1.74657988271802E-16,-0.617476089496509,0.786589650898167));
#4277=DIRECTION('',(0.,0.617476089496509,-0.786589650898167));
#4278=DIRECTION('',(1.74657988271802E-16,-0.617476089496509,0.786589650898167));
#4279=DIRECTION('',(1.,0.,-2.49768959420733E-16));
#4280=DIRECTION('center_axis',(1.7290449326605E-16,-0.721650353756459,0.69225773157342));
#4281=DIRECTION('ref_axis',(-1.60238567693862E-16,-0.69225773157342,-0.721650353756459));
#4282=DIRECTION('',(0.,0.69225773157342,0.721650353756459));
#4283=DIRECTION('',(-1.60238567693862E-16,-0.69225773157342,-0.721650353756459));
#4284=DIRECTION('',(1.,0.,-2.49768959420733E-16));
#4285=DIRECTION('center_axis',(-1.05784500460546E-16,-0.905882352941177,
-0.423529411764706));
#4286=DIRECTION('ref_axis',(-2.01146289167381E-16,0.423529411764706,-0.905882352941177));
#4287=DIRECTION('',(0.,-0.423529411764706,0.905882352941177));
#4288=DIRECTION('',(-2.01146289167381E-16,0.423529411764706,-0.905882352941177));
#4289=DIRECTION('',(1.,0.,-2.49768959420733E-16));
#4290=DIRECTION('center_axis',(7.2582232359991E-17,-0.956845389583902,0.290597488688445));
#4291=DIRECTION('ref_axis',(-2.12462356504495E-16,-0.290597488688445,-0.956845389583902));
#4292=DIRECTION('',(0.,0.290597488688445,0.956845389583902));
#4293=DIRECTION('',(-2.12462356504495E-16,-0.290597488688445,-0.956845389583902));
#4294=DIRECTION('',(1.,0.,-2.49768959420733E-16));
#4295=DIRECTION('center_axis',(2.49768959420733E-16,0.,1.));
#4296=DIRECTION('ref_axis',(0.,-1.,0.));
#4297=DIRECTION('',(0.,1.,0.));
#4298=DIRECTION('',(0.,-1.,0.));
#4299=DIRECTION('',(1.,0.,-2.49768959420733E-16));
#4300=DIRECTION('center_axis',(1.2210704545441E-16,-0.872351052625206,0.488879986278529));
#4301=DIRECTION('ref_axis',(-1.93700844836099E-16,-0.488879986278529,-0.872351052625206));
#4302=DIRECTION('',(0.,0.488879986278529,0.872351052625206));
#4303=DIRECTION('',(-1.93700844836099E-16,-0.488879986278529,-0.872351052625206));
#4304=DIRECTION('',(1.,0.,-2.49768959420733E-16));
#4305=DIRECTION('center_axis',(-1.,0.,2.22044604925031E-16));
#4306=DIRECTION('ref_axis',(2.22044604925031E-16,0.,1.));
#4307=DIRECTION('',(0.,1.,0.));
#4308=DIRECTION('',(-2.12067057179132E-16,0.296396047801736,-0.955065119689496));
#4309=DIRECTION('',(-4.90376745581371E-17,-0.975308679820396,-0.220846052867142));
#4310=DIRECTION('center_axis',(1.,0.,-2.22044604925031E-16));
#4311=DIRECTION('ref_axis',(-2.49768959420733E-16,0.,-1.));
#4312=DIRECTION('',(-4.90376745581371E-17,0.975308679820396,-0.220846052867142));
#4313=DIRECTION('',(-2.12067057179133E-16,-0.296396047801723,-0.9550651196895));
#4314=DIRECTION('center_axis',(1.,0.,-2.22044604925031E-16));
#4315=DIRECTION('ref_axis',(-1.24884479710364E-16,0.866025403784443,-0.499999999999992));
#4316=DIRECTION('',(1.63029382620996E-16,0.678912632018657,0.734219066822362));
#4317=DIRECTION('',(-1.63029382620993E-16,0.678912632018672,-0.734219066822347));
#4318=DIRECTION('center_axis',(1.,0.,-2.22044604925031E-16));
#4319=DIRECTION('ref_axis',(1.24884479710369E-16,0.866025403784433,0.50000000000001));
#4320=DIRECTION('',(2.12067057179131E-16,-0.296396047801743,0.955065119689494));
#4321=DIRECTION('',(0.,1.,0.));
#4322=DIRECTION('',(-3.55983215969735E-17,0.987064997404976,-0.160320587879145));
#4323=DIRECTION('',(-1.69127575121737E-16,0.647949985546744,-0.761682884296329));
#4324=DIRECTION('',(3.41867190814284E-17,0.988076567729138,0.153963295316141));
#4325=DIRECTION('',(2.06374985208879E-16,-0.368997703768791,0.929430306485301));
#4326=DIRECTION('',(1.23168185922668E-16,0.832050294337844,0.554700196225229));
#4327=DIRECTION('',(-5.92590605433427E-17,0.963730021877003,-0.266879082981324));
#4328=DIRECTION('',(-1.84752278884002E-16,0.554700196225229,-0.832050294337844));
#4329=DIRECTION('',(1.65143055692951E-16,0.668471004449317,0.743738204081599));
#4330=DIRECTION('',(0.,1.,0.));
#4331=DIRECTION('',(-2.11130452927695E-16,-0.309660987519184,-0.950847029131734));
#4332=DIRECTION('center_axis',(-2.46790856149716E-16,0.153963295316141,
-0.988076567729139));
#4333=DIRECTION('ref_axis',(3.41867190814284E-17,0.988076567729138,0.153963295316141));
#4334=DIRECTION('',(0.,-0.988076567729138,-0.153963295316141));
#4335=DIRECTION('',(1.,0.,-2.49768959420733E-16));
#4336=DIRECTION('center_axis',(9.21641724989706E-17,0.929430306485301,0.368997703768791));
#4337=DIRECTION('ref_axis',(2.06374985208879E-16,-0.368997703768791,0.929430306485301));
#4338=DIRECTION('',(0.,0.368997703768791,-0.929430306485301));
#4339=DIRECTION('',(1.,0.,-2.49768959420733E-16));
#4340=DIRECTION('center_axis',(-2.07820336202478E-16,0.554700196225229,
-0.832050294337844));
#4341=DIRECTION('ref_axis',(1.23168185922668E-16,0.832050294337844,0.554700196225229));
#4342=DIRECTION('',(0.,-0.832050294337844,-0.554700196225229));
#4343=DIRECTION('',(1.,0.,-2.49768959420733E-16));
#4344=DIRECTION('center_axis',(-2.40709844726739E-16,-0.266879082981324,
-0.963730021877003));
#4345=DIRECTION('ref_axis',(-5.92590605433427E-17,0.963730021877003,-0.266879082981324));
#4346=DIRECTION('',(0.,-0.963730021877003,0.266879082981324));
#4347=DIRECTION('',(1.,0.,-2.49768959420733E-16));
#4348=DIRECTION('center_axis',(-1.38546890801652E-16,-0.832050294337844,
-0.554700196225229));
#4349=DIRECTION('ref_axis',(-1.84752278884002E-16,0.554700196225229,-0.832050294337844));
#4350=DIRECTION('',(0.,-0.554700196225229,0.832050294337844));
#4351=DIRECTION('',(1.,0.,-2.49768959420733E-16));
#4352=DIRECTION('center_axis',(-1.66963307184238E-16,0.743738204081599,
-0.668471004449317));
#4353=DIRECTION('ref_axis',(1.65143055692951E-16,0.668471004449317,0.743738204081599));
#4354=DIRECTION('',(0.,-0.668471004449317,-0.743738204081599));
#4355=DIRECTION('',(1.,0.,-2.49768959420733E-16));
#4356=DIRECTION('center_axis',(-2.49768959420733E-16,0.,-1.));
#4357=DIRECTION('ref_axis',(0.,1.,0.));
#4358=DIRECTION('',(0.,-1.,0.));
#4359=DIRECTION('',(1.,0.,-2.49768959420733E-16));
#4360=DIRECTION('center_axis',(7.73437026258631E-17,-0.950847029131734,
0.309660987519184));
#4361=DIRECTION('ref_axis',(-2.11130452927695E-16,-0.309660987519184,-0.950847029131734));
#4362=DIRECTION('',(0.,0.309660987519184,0.950847029131734));
#4363=DIRECTION('',(1.,0.,-2.49768959420733E-16));
#4364=DIRECTION('center_axis',(-2.46538197282469E-16,-0.160320587879145,
-0.987064997404976));
#4365=DIRECTION('ref_axis',(-3.55983215969735E-17,0.987064997404976,-0.160320587879145));
#4366=DIRECTION('',(0.,-0.987064997404976,0.160320587879145));
#4367=DIRECTION('',(1.,0.,-2.49768959420733E-16));
#4368=DIRECTION('center_axis',(7.40305324358591E-17,0.955065119689494,0.296396047801743));
#4369=DIRECTION('ref_axis',(2.12067057179131E-16,-0.296396047801743,0.955065119689494));
#4370=DIRECTION('',(0.,0.296396047801743,-0.955065119689494));
#4371=DIRECTION('',(1.,0.,-2.49768959420733E-16));
#4372=DIRECTION('center_axis',(-1.61837793646689E-16,-0.761682884296329,
-0.647949985546744));
#4373=DIRECTION('ref_axis',(-1.69127575121737E-16,0.647949985546744,-0.761682884296329));
#4374=DIRECTION('',(0.,-0.647949985546744,0.761682884296329));
#4375=DIRECTION('center_axis',(1.,0.,-2.49768959420733E-16));
#4376=DIRECTION('ref_axis',(1.24884479710369E-16,0.866025403784433,0.50000000000001));
#4377=DIRECTION('center_axis',(-1.,0.,0.));
#4378=DIRECTION('ref_axis',(1.24884479710369E-16,0.866025403784433,0.50000000000001));
#4379=DIRECTION('',(1.,0.,-2.49768959420733E-16));
#4380=DIRECTION('center_axis',(-1.69571301636895E-16,-0.734219066822347,
-0.678912632018673));
#4381=DIRECTION('ref_axis',(-1.63029382620993E-16,0.678912632018672,-0.734219066822347));
#4382=DIRECTION('',(0.,-0.678912632018672,0.734219066822347));
#4383=DIRECTION('',(1.,0.,-2.49768959420733E-16));
#4384=DIRECTION('center_axis',(-1.69571301636891E-16,0.734219066822361,
-0.678912632018657));
#4385=DIRECTION('ref_axis',(1.63029382620996E-16,0.678912632018657,0.734219066822362));
#4386=DIRECTION('',(0.,-0.678912632018657,-0.734219066822362));
#4387=DIRECTION('',(1.,0.,-2.49768959420733E-16));
#4388=DIRECTION('center_axis',(1.,0.,-2.49768959420733E-16));
#4389=DIRECTION('ref_axis',(-1.24884479710364E-16,0.866025403784443,-0.499999999999992));
#4390=DIRECTION('center_axis',(-1.,0.,0.));
#4391=DIRECTION('ref_axis',(-1.24884479710364E-16,0.866025403784443,-0.499999999999992));
#4392=DIRECTION('',(1.,0.,-2.49768959420733E-16));
#4393=DIRECTION('center_axis',(7.40305324358541E-17,-0.9550651196895,0.296396047801723));
#4394=DIRECTION('ref_axis',(-2.12067057179133E-16,-0.296396047801723,-0.9550651196895));
#4395=DIRECTION('',(0.,0.296396047801723,0.9550651196895));
#4396=DIRECTION('',(1.,0.,-2.49768959420733E-16));
#4397=DIRECTION('center_axis',(-2.43601834072749E-16,-0.220846052867142,
-0.975308679820396));
#4398=DIRECTION('ref_axis',(-4.90376745581371E-17,0.975308679820396,-0.220846052867142));
#4399=DIRECTION('',(0.,-0.975308679820396,0.220846052867142));
#4400=DIRECTION('',(1.,0.,-2.49768959420733E-16));
#4401=DIRECTION('center_axis',(1.,0.,-2.49768959420733E-16));
#4402=DIRECTION('ref_axis',(-2.49768959420733E-16,0.,-1.));
#4403=DIRECTION('center_axis',(-1.,0.,0.));
#4404=DIRECTION('ref_axis',(-2.49768959420733E-16,0.,-1.));
#4405=DIRECTION('',(1.,0.,-2.49768959420733E-16));
#4406=DIRECTION('center_axis',(2.43601834072749E-16,-0.220846052867142,
0.975308679820396));
#4407=DIRECTION('ref_axis',(-4.90376745581371E-17,-0.975308679820396,-0.220846052867142));
#4408=DIRECTION('',(0.,0.975308679820396,0.220846052867142));
#4409=DIRECTION('',(1.,0.,-2.49768959420733E-16));
#4410=DIRECTION('center_axis',(-7.40305324358574E-17,-0.955065119689496,
-0.296396047801736));
#4411=DIRECTION('ref_axis',(-2.12067057179132E-16,0.296396047801736,-0.955065119689496));
#4412=DIRECTION('',(0.,-0.296396047801736,0.955065119689496));
#4413=DIRECTION('center_axis',(1.,0.,0.));
#4414=DIRECTION('ref_axis',(0.,0.,-1.));
#4415=DIRECTION('center_axis',(-1.,0.,0.));
#4416=DIRECTION('ref_axis',(0.,0.,1.));
#4417=DIRECTION('',(0.,-0.647949985546744,0.761682884296329));
#4418=DIRECTION('',(0.,0.488879986278529,0.872351052625206));
#4419=DIRECTION('',(0.,1.,0.));
#4420=DIRECTION('',(0.,0.290597488688445,0.956845389583902));
#4421=DIRECTION('',(0.,-0.423529411764706,0.905882352941177));
#4422=DIRECTION('',(0.,0.69225773157342,0.721650353756459));
#4423=DIRECTION('',(0.,0.617476089496509,-0.786589650898167));
#4424=DIRECTION('',(0.,0.867301929536834,-0.497782445473606));
#4425=DIRECTION('',(0.,0.551700939871936,0.834042009100515));
#4426=DIRECTION('',(0.,0.96,-0.28));
#4427=DIRECTION('',(0.,-0.28,-0.96));
#4428=DIRECTION('',(0.,0.975308679820395,-0.220846052867147));
#4429=DIRECTION('',(0.,-0.169403262951042,-0.98554682004537));
#4430=DIRECTION('',(0.,-0.988076567729138,-0.153963295316141));
#4431=DIRECTION('',(0.,0.368997703768791,-0.929430306485301));
#4432=DIRECTION('',(0.,-0.832050294337844,-0.554700196225229));
#4433=DIRECTION('',(0.,-0.963730021877003,0.266879082981324));
#4434=DIRECTION('',(0.,-0.554700196225229,0.832050294337844));
#4435=DIRECTION('',(0.,-0.668471004449317,-0.743738204081599));
#4436=DIRECTION('',(0.,-1.,0.));
#4437=DIRECTION('',(0.,0.309660987519184,0.950847029131734));
#4438=DIRECTION('',(0.,-0.987064997404976,0.160320587879145));
#4439=DIRECTION('center_axis',(0.,-0.96,0.28));
#4440=DIRECTION('ref_axis',(0.,0.28,0.96));
#4441=DIRECTION('',(-1.,0.,0.));
#4442=DIRECTION('',(-2.1316282072803E-16,-0.28,-0.96));
#4443=DIRECTION('',(-1.,0.,0.));
#4444=DIRECTION('center_axis',(0.,-0.28,-0.96));
#4445=DIRECTION('ref_axis',(0.,-0.96,0.28));
#4446=DIRECTION('',(-1.,0.,0.));
#4447=DIRECTION('',(-6.21724893790087E-17,0.96,-0.28));
#4448=DIRECTION('center_axis',(0.,0.834042009100515,-0.551700939871936));
#4449=DIRECTION('ref_axis',(0.,-0.551700939871936,-0.834042009100515));
#4450=DIRECTION('',(-1.,0.,0.));
#4451=DIRECTION('',(1.85194528401603E-16,0.551700939871936,0.834042009100515));
#4452=DIRECTION('center_axis',(0.,-0.497782445473606,-0.867301929536834));
#4453=DIRECTION('ref_axis',(0.,-0.867301929536834,0.497782445473606));
#4454=DIRECTION('',(-1.,0.,0.));
#4455=DIRECTION('',(-1.10529906443803E-16,0.867301929536834,-0.497782445473606));
#4456=DIRECTION('center_axis',(0.,-0.786589650898167,-0.617476089496509));
#4457=DIRECTION('ref_axis',(0.,-0.617476089496509,0.786589650898167));
#4458=DIRECTION('',(-1.,0.,0.));
#4459=DIRECTION('',(-1.74657988271802E-16,0.617476089496509,-0.786589650898167));
#4460=DIRECTION('center_axis',(0.,0.721650353756459,-0.69225773157342));
#4461=DIRECTION('ref_axis',(0.,-0.69225773157342,-0.721650353756459));
#4462=DIRECTION('',(-1.,0.,0.));
#4463=DIRECTION('',(1.60238567693862E-16,0.69225773157342,0.721650353756459));
#4464=DIRECTION('center_axis',(0.,0.905882352941177,0.423529411764706));
#4465=DIRECTION('ref_axis',(0.,0.423529411764706,-0.905882352941177));
#4466=DIRECTION('',(-1.,0.,0.));
#4467=DIRECTION('',(2.01146289167381E-16,-0.423529411764706,0.905882352941177));
#4468=DIRECTION('center_axis',(0.,0.956845389583902,-0.290597488688445));
#4469=DIRECTION('ref_axis',(0.,-0.290597488688445,-0.956845389583902));
#4470=DIRECTION('',(-1.,0.,0.));
#4471=DIRECTION('',(2.12462356504495E-16,0.290597488688445,0.956845389583902));
#4472=DIRECTION('center_axis',(0.,0.,-1.));
#4473=DIRECTION('ref_axis',(0.,-1.,0.));
#4474=DIRECTION('',(-1.,0.,0.));
#4475=DIRECTION('',(0.,1.,0.));
#4476=DIRECTION('center_axis',(0.,0.872351052625206,-0.488879986278529));
#4477=DIRECTION('ref_axis',(0.,-0.488879986278529,-0.872351052625206));
#4478=DIRECTION('',(-1.,0.,0.));
#4479=DIRECTION('',(1.93700844836099E-16,0.488879986278529,0.872351052625206));
#4480=DIRECTION('center_axis',(0.,0.761682884296329,0.647949985546744));
#4481=DIRECTION('ref_axis',(0.,0.647949985546744,-0.761682884296329));
#4482=DIRECTION('',(1.,0.,0.));
#4483=DIRECTION('',(1.69127575121737E-16,-0.647949985546744,0.761682884296329));
#4484=DIRECTION('center_axis',(0.,0.955065119689494,0.296396047801743));
#4485=DIRECTION('ref_axis',(-2.12067057179131E-16,0.296396047801743,-0.955065119689494));
#4486=DIRECTION('',(0.,-0.296396047801743,0.955065119689494));
#4487=DIRECTION('',(-1.,0.,0.));
#4488=DIRECTION('',(-2.12067057179131E-16,0.296396047801743,-0.955065119689494));
#4489=DIRECTION('',(-1.,0.,0.));
#4490=DIRECTION('center_axis',(-1.,0.,0.));
#4491=DIRECTION('ref_axis',(0.,0.866025403784433,0.50000000000001));
#4492=DIRECTION('center_axis',(1.,0.,0.));
#4493=DIRECTION('ref_axis',(0.,0.866025403784433,0.50000000000001));
#4494=DIRECTION('',(-1.,0.,0.));
#4495=DIRECTION('center_axis',(-1.,0.,2.22044604925031E-16));
#4496=DIRECTION('ref_axis',(0.,0.866025403784433,0.50000000000001));
#4497=DIRECTION('center_axis',(0.,-0.734219066822347,-0.678912632018673));
#4498=DIRECTION('ref_axis',(1.63029382620993E-16,-0.678912632018672,0.734219066822347));
#4499=DIRECTION('',(0.,0.678912632018672,-0.734219066822347));
#4500=DIRECTION('',(-1.,0.,0.));
#4501=DIRECTION('',(1.63029382620993E-16,-0.678912632018672,0.734219066822347));
#4502=DIRECTION('center_axis',(0.,0.734219066822361,-0.678912632018657));
#4503=DIRECTION('ref_axis',(-1.63029382620996E-16,-0.678912632018657,-0.734219066822362));
#4504=DIRECTION('',(0.,0.678912632018657,0.734219066822362));
#4505=DIRECTION('',(-1.,0.,0.));
#4506=DIRECTION('',(-1.63029382620996E-16,-0.678912632018657,-0.734219066822362));
#4507=DIRECTION('center_axis',(-1.,0.,0.));
#4508=DIRECTION('ref_axis',(0.,0.866025403784443,-0.499999999999992));
#4509=DIRECTION('center_axis',(1.,0.,0.));
#4510=DIRECTION('ref_axis',(0.,0.866025403784443,-0.499999999999992));
#4511=DIRECTION('',(-1.,0.,0.));
#4512=DIRECTION('center_axis',(-1.,0.,2.22044604925031E-16));
#4513=DIRECTION('ref_axis',(0.,0.866025403784443,-0.499999999999992));
#4514=DIRECTION('center_axis',(0.,-0.9550651196895,0.296396047801723));
#4515=DIRECTION('ref_axis',(2.12067057179133E-16,0.296396047801723,0.9550651196895));
#4516=DIRECTION('',(0.,-0.296396047801723,-0.9550651196895));
#4517=DIRECTION('',(-1.,0.,0.));
#4518=DIRECTION('',(2.12067057179133E-16,0.296396047801723,0.9550651196895));
#4519=DIRECTION('center_axis',(0.,-0.220846052867142,-0.975308679820396));
#4520=DIRECTION('ref_axis',(4.90376745581371E-17,-0.975308679820396,0.220846052867142));
#4521=DIRECTION('',(0.,0.975308679820396,-0.220846052867142));
#4522=DIRECTION('',(-1.,0.,0.));
#4523=DIRECTION('',(4.90376745581371E-17,-0.975308679820396,0.220846052867142));
#4524=DIRECTION('center_axis',(-1.,0.,0.));
#4525=DIRECTION('ref_axis',(0.,0.,-1.));
#4526=DIRECTION('center_axis',(1.,0.,0.));
#4527=DIRECTION('ref_axis',(0.,0.,-1.));
#4528=DIRECTION('',(-1.,0.,0.));
#4529=DIRECTION('center_axis',(-1.,0.,2.22044604925031E-16));
#4530=DIRECTION('ref_axis',(0.,0.,-1.));
#4531=DIRECTION('center_axis',(0.,-0.220846052867142,0.975308679820396));
#4532=DIRECTION('ref_axis',(4.90376745581371E-17,0.975308679820396,0.220846052867142));
#4533=DIRECTION('',(0.,-0.975308679820396,-0.220846052867142));
#4534=DIRECTION('',(-1.,0.,0.));
#4535=DIRECTION('',(4.90376745581371E-17,0.975308679820396,0.220846052867142));
#4536=DIRECTION('center_axis',(0.,-0.955065119689496,-0.296396047801736));
#4537=DIRECTION('ref_axis',(2.12067057179132E-16,-0.296396047801736,0.955065119689496));
#4538=DIRECTION('',(0.,0.296396047801736,-0.955065119689496));
#4539=DIRECTION('',(-1.,0.,0.));
#4540=DIRECTION('',(2.12067057179132E-16,-0.296396047801736,0.955065119689496));
#4541=DIRECTION('center_axis',(-1.,0.,0.));
#4542=DIRECTION('ref_axis',(0.,-0.866025403784436,-0.500000000000004));
#4543=DIRECTION('center_axis',(1.,0.,0.));
#4544=DIRECTION('ref_axis',(0.,-0.866025403784436,-0.500000000000004));
#4545=DIRECTION('',(-1.,0.,0.));
#4546=DIRECTION('center_axis',(-1.,0.,2.22044604925031E-16));
#4547=DIRECTION('ref_axis',(0.,-0.866025403784436,-0.500000000000004));
#4548=DIRECTION('center_axis',(0.,0.220846052867142,-0.975308679820396));
#4549=DIRECTION('ref_axis',(-4.90376745581371E-17,-0.975308679820396,-0.220846052867142));
#4550=DIRECTION('',(0.,0.975308679820396,0.220846052867142));
#4551=DIRECTION('',(-4.90376745581371E-17,-0.975308679820396,-0.220846052867142));
#4552=DIRECTION('',(-1.,0.,0.));
#4553=DIRECTION('center_axis',(-1.,0.,0.));
#4554=DIRECTION('ref_axis',(0.,0.,1.));
#4555=DIRECTION('center_axis',(1.,0.,0.));
#4556=DIRECTION('ref_axis',(0.,0.,1.));
#4557=DIRECTION('center_axis',(-1.,0.,2.22044604925031E-16));
#4558=DIRECTION('ref_axis',(0.,0.,1.));
#4559=DIRECTION('',(-1.,0.,0.));
#4560=DIRECTION('center_axis',(0.,0.220846052867142,0.975308679820396));
#4561=DIRECTION('ref_axis',(-4.90376745581371E-17,0.975308679820396,-0.220846052867142));
#4562=DIRECTION('',(0.,-0.975308679820396,0.220846052867142));
#4563=DIRECTION('',(-4.90376745581371E-17,0.975308679820396,-0.220846052867142));
#4564=DIRECTION('',(-1.,0.,0.));
#4565=DIRECTION('center_axis',(0.,0.955065119689498,-0.29639604780173));
#4566=DIRECTION('ref_axis',(-2.12067057179132E-16,-0.29639604780173,-0.955065119689498));
#4567=DIRECTION('',(0.,0.29639604780173,0.955065119689498));
#4568=DIRECTION('',(-2.12067057179132E-16,-0.29639604780173,-0.955065119689498));
#4569=DIRECTION('',(-1.,0.,0.));
#4570=DIRECTION('center_axis',(-1.,0.,0.));
#4571=DIRECTION('ref_axis',(0.,-0.86602540378444,0.499999999999998));
#4572=DIRECTION('center_axis',(1.,0.,0.));
#4573=DIRECTION('ref_axis',(0.,-0.86602540378444,0.499999999999998));
#4574=DIRECTION('center_axis',(-1.,0.,2.22044604925031E-16));
#4575=DIRECTION('ref_axis',(0.,-0.86602540378444,0.499999999999998));
#4576=DIRECTION('',(-1.,0.,0.));
#4577=DIRECTION('center_axis',(0.,-0.734219066822357,0.678912632018662));
#4578=DIRECTION('ref_axis',(1.63029382620995E-16,0.678912632018662,0.734219066822357));
#4579=DIRECTION('',(0.,-0.678912632018662,-0.734219066822357));
#4580=DIRECTION('',(-1.,0.,0.));
#4581=DIRECTION('',(1.63029382620995E-16,0.678912632018662,0.734219066822357));
#4582=DIRECTION('',(-1.,0.,0.));
#4583=DIRECTION('center_axis',(0.,0.734219066822352,0.678912632018667));
#4584=DIRECTION('ref_axis',(-1.63029382620994E-16,0.678912632018667,-0.734219066822352));
#4585=DIRECTION('',(0.,-0.678912632018667,0.734219066822352));
#4586=DIRECTION('',(-1.63029382620994E-16,0.678912632018667,-0.734219066822352));
#4587=DIRECTION('',(-1.,0.,0.));
#4588=DIRECTION('center_axis',(-1.,0.,2.22044604925031E-16));
#4589=DIRECTION('ref_axis',(2.22044604925031E-16,0.,1.));
#4590=DIRECTION('',(0.,1.,0.));
#4591=DIRECTION('',(0.,1.,0.));
#4592=DIRECTION('',(3.55983215969735E-17,-0.987064997404976,0.160320587879145));
#4593=DIRECTION('',(2.11130452927695E-16,0.309660987519184,0.950847029131734));
#4594=DIRECTION('',(0.,-1.,0.));
#4595=DIRECTION('',(-1.65143055692951E-16,-0.668471004449317,-0.743738204081599));
#4596=DIRECTION('',(1.84752278884002E-16,-0.554700196225229,0.832050294337844));
#4597=DIRECTION('',(5.92590605433427E-17,-0.963730021877003,0.266879082981324));
#4598=DIRECTION('',(-1.23168185922668E-16,-0.832050294337844,-0.554700196225229));
#4599=DIRECTION('',(-2.06374985208879E-16,0.368997703768791,-0.929430306485301));
#4600=DIRECTION('',(-3.41867190814284E-17,-0.988076567729138,-0.153963295316141));
#4601=DIRECTION('',(-2.18835354292095E-16,-0.169403262951042,-0.98554682004537));
#4602=DIRECTION('',(-4.90376745581382E-17,0.975308679820395,-0.220846052867147));
#4603=DIRECTION('center_axis',(0.,-0.220846052867147,-0.975308679820395));
#4604=DIRECTION('ref_axis',(0.,-0.975308679820395,0.220846052867147));
#4605=DIRECTION('',(-1.,0.,0.));
#4606=DIRECTION('center_axis',(-1.,0.,0.));
#4607=DIRECTION('ref_axis',(0.,-1.,0.));
#4608=DIRECTION('',(0.,-1.,0.));
#4609=DIRECTION('center_axis',(1.,0.,0.));
#4610=DIRECTION('ref_axis',(0.,-1.,0.));
#4611=DIRECTION('center_axis',(1.,0.,0.));
#4612=DIRECTION('ref_axis',(0.,-1.,0.));
#4613=DIRECTION('center_axis',(1.,0.,0.));
#4614=DIRECTION('ref_axis',(0.,-1.,0.));
#4615=DIRECTION('',(1.,0.,0.));
#4616=DIRECTION('center_axis',(-1.,0.,0.));
#4617=DIRECTION('ref_axis',(0.,-1.,0.));
#4618=DIRECTION('center_axis',(-1.,0.,0.));
#4619=DIRECTION('ref_axis',(0.,-1.,0.));
#4620=DIRECTION('center_axis',(1.,0.,0.));
#4621=DIRECTION('ref_axis',(0.,-1.,0.));
#4622=DIRECTION('center_axis',(1.,0.,0.));
#4623=DIRECTION('ref_axis',(0.,-1.,0.));
#4624=DIRECTION('',(1.,0.,0.));
#4625=DIRECTION('center_axis',(-1.,0.,0.));
#4626=DIRECTION('ref_axis',(0.,-1.,0.));
#4627=DIRECTION('center_axis',(-1.,0.,0.));
#4628=DIRECTION('ref_axis',(0.,-1.,0.));
#4629=DIRECTION('',(0.,-1.,0.));
#4630=DIRECTION('center_axis',(1.,0.,0.));
#4631=DIRECTION('ref_axis',(0.,-1.,0.));
#4632=DIRECTION('center_axis',(1.,0.,0.));
#4633=DIRECTION('ref_axis',(0.,-1.,0.));
#4634=DIRECTION('center_axis',(1.,0.,0.));
#4635=DIRECTION('ref_axis',(0.,-1.,0.));
#4636=DIRECTION('',(1.,0.,0.));
#4637=DIRECTION('center_axis',(-1.,0.,0.));
#4638=DIRECTION('ref_axis',(0.,-1.,0.));
#4639=DIRECTION('center_axis',(-1.,0.,0.));
#4640=DIRECTION('ref_axis',(0.,-1.,0.));
#4641=DIRECTION('center_axis',(1.,0.,0.));
#4642=DIRECTION('ref_axis',(0.,-1.,0.));
#4643=DIRECTION('center_axis',(1.,0.,0.));
#4644=DIRECTION('ref_axis',(0.,-1.,0.));
#4645=DIRECTION('',(1.,0.,0.));
#4646=DIRECTION('center_axis',(-1.,0.,0.));
#4647=DIRECTION('ref_axis',(0.,-1.,0.));
#4648=DIRECTION('center_axis',(1.,0.,0.));
#4649=DIRECTION('ref_axis',(0.,0.,-1.));
#4650=DIRECTION('',(0.,-1.,0.));
#4651=DIRECTION('',(0.,0.,-1.));
#4652=DIRECTION('',(0.,-1.,0.));
#4653=DIRECTION('',(0.,0.,1.));
#4654=DIRECTION('',(0.,1.,0.));
#4655=DIRECTION('',(0.,0.,-1.));
#4656=DIRECTION('center_axis',(0.,0.,-1.));
#4657=DIRECTION('ref_axis',(0.,-1.,0.));
#4658=DIRECTION('',(0.,1.,0.));
#4659=DIRECTION('',(1.,0.,0.));
#4660=DIRECTION('',(-1.,0.,0.));
#4661=DIRECTION('center_axis',(0.,1.,0.));
#4662=DIRECTION('ref_axis',(0.,0.,-1.));
#4663=DIRECTION('',(0.,0.,1.));
#4664=DIRECTION('',(-1.,0.,0.));
#4665=DIRECTION('center_axis',(0.,0.,1.));
#4666=DIRECTION('ref_axis',(0.,1.,0.));
#4667=DIRECTION('',(1.,0.,0.));
#4668=DIRECTION('',(0.,-1.,0.));
#4669=DIRECTION('center_axis',(1.,0.,0.));
#4670=DIRECTION('ref_axis',(0.,0.,-1.));
#4671=DIRECTION('',(0.,1.,0.));
#4672=DIRECTION('',(0.,9.32632932675369E-16,-1.));
#4673=DIRECTION('',(-3.37023405246896E-81,0.,-1.));
#4674=DIRECTION('',(1.12201302673663E-47,-1.,0.));
#4675=DIRECTION('',(-3.06135781336011E-47,0.,1.));
#4676=DIRECTION('center_axis',(0.,-1.,0.));
#4677=DIRECTION('ref_axis',(3.37023405246896E-81,0.,1.));
#4678=DIRECTION('',(1.,0.,0.));
#4679=DIRECTION('',(-3.17589772597648E-33,0.,-1.));
#4680=DIRECTION('',(-1.,0.,0.));
#4681=DIRECTION('center_axis',(0.,0.,-1.));
#4682=DIRECTION('ref_axis',(0.,1.,0.));
#4683=DIRECTION('',(1.,0.,0.));
#4684=DIRECTION('',(0.,-1.,0.));
#4685=DIRECTION('',(1.,0.,0.));
#4686=DIRECTION('center_axis',(0.,-1.,0.));
#4687=DIRECTION('ref_axis',(0.,0.,1.));
#4688=DIRECTION('',(0.,0.,-1.));
#4689=DIRECTION('',(-1.,0.,0.));
#4690=DIRECTION('',(-1.49353904803133E-33,0.,1.));
#4691=DIRECTION('',(1.,0.,5.32179648306658E-33));
#4692=DIRECTION('',(0.,0.,1.));
#4693=DIRECTION('',(1.,0.,0.));
#4694=DIRECTION('',(0.,2.66485940599555E-17,-1.));
#4695=DIRECTION('',(-1.,0.,0.));
#4696=DIRECTION('',(0.,0.,1.));
#4697=DIRECTION('center_axis',(0.,-1.,-9.32632932675369E-16));
#4698=DIRECTION('ref_axis',(0.,9.32632932675369E-16,-1.));
#4699=DIRECTION('',(1.,0.,0.));
#4700=DIRECTION('',(0.,9.32632932675369E-16,-1.));
#4701=DIRECTION('',(1.,0.,0.));
#4702=DIRECTION('center_axis',(0.,0.,1.));
#4703=DIRECTION('ref_axis',(0.,-1.,0.));
#4704=DIRECTION('',(1.,0.,0.));
#4705=DIRECTION('',(0.,1.,0.));
#4706=DIRECTION('center_axis',(-1.,0.,0.));
#4707=DIRECTION('ref_axis',(0.,0.,1.));
#4708=DIRECTION('',(0.,0.,-1.));
#4709=DIRECTION('center_axis',(1.,0.,0.));
#4710=DIRECTION('ref_axis',(-1.08057070513002E-16,-0.882352941176471,0.470588235294117));
#4711=DIRECTION('',(0.,-6.93889390390723E-17,1.));
#4712=DIRECTION('center_axis',(1.,-1.22464679914735E-16,-3.17589772597648E-33));
#4713=DIRECTION('ref_axis',(-1.08057070513002E-16,-0.882352941176471,0.470588235294117));
#4714=DIRECTION('',(1.,0.,0.));
#4715=DIRECTION('center_axis',(-1.,0.,0.));
#4716=DIRECTION('ref_axis',(-1.08057070513002E-16,-0.882352941176471,0.470588235294117));
#4717=DIRECTION('',(-1.,1.22464679914735E-16,3.17589772597648E-33));
#4718=DIRECTION('center_axis',(1.,0.,0.));
#4719=DIRECTION('ref_axis',(-1.08057070513002E-16,-0.882352941176471,0.470588235294117));
#4720=DIRECTION('',(1.,-1.22464679914735E-16,-3.17589772597648E-33));
#4721=DIRECTION('center_axis',(1.,0.,0.));
#4722=DIRECTION('ref_axis',(-1.08057070513002E-16,-0.882352941176471,0.470588235294117));
#4723=DIRECTION('',(1.,-1.22464679914735E-16,-3.17589772597648E-33));
#4724=DIRECTION('center_axis',(1.,0.,1.49353904803133E-33));
#4725=DIRECTION('ref_axis',(-1.08057070513002E-16,-0.882352941176471,0.470588235294117));
#4726=DIRECTION('',(1.,-1.22464679914735E-16,-3.17589772597648E-33));
#4727=DIRECTION('',(-1.,1.22464679914735E-16,3.17589772597648E-33));
#4728=DIRECTION('center_axis',(1.,0.,0.));
#4729=DIRECTION('ref_axis',(-1.08057070513002E-16,-0.882352941176471,0.470588235294117));
#4730=DIRECTION('',(1.,-1.22464679914735E-16,-3.17589772597648E-33));
#4731=DIRECTION('center_axis',(1.,-1.22464679914735E-16,-9.85453000560545E-33));
#4732=DIRECTION('ref_axis',(-1.08057070513002E-16,-0.882352941176471,0.470588235294117));
#4733=DIRECTION('',(1.,-1.22464679914735E-16,-3.17589772597648E-33));
#4734=DIRECTION('center_axis',(0.,1.,0.));
#4735=DIRECTION('ref_axis',(1.04590657911212E-84,0.,-1.));
#4736=DIRECTION('',(1.,0.,0.));
#4737=DIRECTION('',(1.04590657911212E-84,0.,-1.));
#4738=DIRECTION('center_axis',(-1.,0.,0.));
#4739=DIRECTION('ref_axis',(0.,0.,1.));
#4740=DIRECTION('',(0.,0.,1.));
#4741=DIRECTION('',(0.,6.93889390390723E-17,-1.));
#4742=DIRECTION('center_axis',(-1.22464679914735E-16,-1.,-6.93889390390723E-17));
#4743=DIRECTION('ref_axis',(5.32179648306657E-33,6.93889390390723E-17,-1.));
#4744=DIRECTION('',(1.,0.,0.));
#4745=DIRECTION('',(1.,-1.22464679914735E-16,-3.17589772597648E-33));
#4746=DIRECTION('',(-1.35683579656238E-33,6.93889390390723E-17,-1.));
#4747=DIRECTION('center_axis',(1.,0.,0.));
#4748=DIRECTION('ref_axis',(0.,0.,-1.));
#4749=DIRECTION('',(0.,-1.,0.));
#4750=DIRECTION('',(0.,0.,1.));
#4751=DIRECTION('',(0.,1.,0.));
#4752=DIRECTION('center_axis',(0.,0.,-1.));
#4753=DIRECTION('ref_axis',(0.,1.,0.));
#4754=DIRECTION('',(0.,1.,0.));
#4755=DIRECTION('',(1.,0.,0.));
#4756=DIRECTION('',(0.,1.,0.));
#4757=DIRECTION('',(1.,0.,0.));
#4758=DIRECTION('center_axis',(0.,1.,0.));
#4759=DIRECTION('ref_axis',(0.,0.,1.));
#4760=DIRECTION('',(-1.,0.,0.));
#4761=DIRECTION('',(0.,0.,-1.));
#4762=DIRECTION('',(1.,0.,0.));
#4763=DIRECTION('center_axis',(0.,0.,1.));
#4764=DIRECTION('ref_axis',(0.,-1.,0.));
#4765=DIRECTION('',(0.,1.,0.));
#4766=DIRECTION('',(1.,0.,0.));
#4767=DIRECTION('',(0.,-1.,0.));
#4768=DIRECTION('',(1.,0.,0.));
#4769=DIRECTION('',(0.,1.,0.));
#4770=DIRECTION('center_axis',(1.,0.,0.));
#4771=DIRECTION('ref_axis',(0.,0.,-1.));
#4772=DIRECTION('',(0.,-1.,-1.61250848123472E-48));
#4773=DIRECTION('',(0.,0.,-1.));
#4774=DIRECTION('center_axis',(-1.,0.,0.));
#4775=DIRECTION('ref_axis',(0.,0.,1.));
#4776=DIRECTION('',(0.,0.,-1.));
#4777=DIRECTION('',(0.,0.,1.));
#4778=DIRECTION('',(0.,-1.,0.));
#4779=DIRECTION('',(0.,-5.47804438335085E-17,-1.));
#4780=DIRECTION('',(0.,-1.,0.));
#4781=DIRECTION('',(0.,0.,1.));
#4782=DIRECTION('',(0.,0.,1.));
#4783=DIRECTION('',(0.,0.,1.));
#4784=DIRECTION('',(0.,1.,0.));
#4785=DIRECTION('',(0.,5.71841079910962E-49,-1.));
#4786=DIRECTION('',(0.,5.71841079910962E-49,-1.));
#4787=DIRECTION('',(0.,1.,0.));
#4788=DIRECTION('',(0.,1.,0.));
#4789=DIRECTION('',(0.,1.,0.));
#4790=DIRECTION('',(0.,0.,-1.));
#4791=DIRECTION('',(0.,1.,0.));
#4792=DIRECTION('',(0.,-6.93889390390723E-17,1.));
#4793=DIRECTION('',(0.,1.,0.));
#4794=DIRECTION('center_axis',(0.,1.,0.));
#4795=DIRECTION('ref_axis',(0.,0.,1.));
#4796=DIRECTION('',(0.,0.,1.));
#4797=DIRECTION('',(1.,0.,0.));
#4798=DIRECTION('center_axis',(0.,0.,1.));
#4799=DIRECTION('ref_axis',(0.,-1.,0.));
#4800=DIRECTION('',(0.,-1.,0.));
#4801=DIRECTION('',(1.,0.,0.));
#4802=DIRECTION('center_axis',(0.,-1.,0.));
#4803=DIRECTION('ref_axis',(0.,0.,-1.));
#4804=DIRECTION('',(1.,0.,0.));
#4805=DIRECTION('',(0.,2.66485940599555E-17,-1.));
#4806=DIRECTION('center_axis',(0.,0.,-1.));
#4807=DIRECTION('ref_axis',(0.,1.,0.));
#4808=DIRECTION('',(1.,0.,0.));
#4809=DIRECTION('',(0.,1.,0.));
#4810=DIRECTION('center_axis',(1.,0.,0.));
#4811=DIRECTION('ref_axis',(0.,0.,-1.));
#4812=DIRECTION('',(0.,-5.47804438335085E-17,-1.));
#4813=DIRECTION('center_axis',(-1.22464679914735E-16,-1.,-6.93889390390723E-17));
#4814=DIRECTION('ref_axis',(-5.32179648306657E-33,-6.93889390390723E-17,
1.));
#4815=DIRECTION('',(-1.35683579656238E-33,6.93889390390723E-17,-1.));
#4816=DIRECTION('',(1.,-1.22464679914735E-16,-3.17589772597648E-33));
#4817=DIRECTION('',(5.32179648306657E-33,6.93889390390723E-17,-1.));
#4818=DIRECTION('',(1.,0.,0.));
#4819=DIRECTION('',(-1.49353904803133E-33,-6.72692104494988E-17,1.));
#4820=DIRECTION('',(-1.,1.22464679914735E-16,0.));
#4821=DIRECTION('',(0.,6.93889390390723E-17,-1.));
#4822=DIRECTION('',(1.,-1.22464679914735E-16,0.));
#4823=DIRECTION('',(1.,0.,0.));
#4824=DIRECTION('',(1.49353904803133E-33,0.,-1.));
#4825=DIRECTION('',(1.,-1.22464679914735E-16,0.));
#4826=DIRECTION('center_axis',(-1.,0.,0.));
#4827=DIRECTION('ref_axis',(0.,0.,1.));
#4828=DIRECTION('',(0.,-6.93889390390723E-17,1.));
#4829=DIRECTION('',(0.,1.,0.));
#4830=DIRECTION('',(0.,0.,-1.));
#4831=DIRECTION('',(0.,1.,6.93889390390723E-17));
#4832=DIRECTION('',(0.,6.93889390390723E-17,-1.));
#4833=DIRECTION('center_axis',(-1.,0.,0.));
#4834=DIRECTION('ref_axis',(-9.79717439317882E-17,-0.8,0.6));
#4835=DIRECTION('',(0.,-6.93889390390723E-17,1.));
#4836=DIRECTION('',(0.,-1.,0.));
#4837=DIRECTION('',(0.,6.93889390390723E-17,-1.));
#4838=DIRECTION('center_axis',(-1.,0.,0.));
#4839=DIRECTION('ref_axis',(-9.79717439317882E-17,-0.8,0.6));
#4840=DIRECTION('',(0.,0.,1.));
#4841=DIRECTION('center_axis',(0.,0.,-1.));
#4842=DIRECTION('ref_axis',(0.,1.,0.));
#4843=DIRECTION('',(0.,1.,0.));
#4844=DIRECTION('',(0.,-1.,0.));
#4845=DIRECTION('',(1.,0.,0.));
#4846=DIRECTION('',(1.,0.,0.));
#4847=DIRECTION('center_axis',(1.,0.,0.));
#4848=DIRECTION('ref_axis',(0.,1.,0.));
#4849=DIRECTION('',(0.,0.,1.));
#4850=DIRECTION('center_axis',(1.,-1.22464679914735E-16,-9.85453000560545E-33));
#4851=DIRECTION('ref_axis',(-1.22464679914735E-16,-1.,-6.93889390390723E-17));
#4852=DIRECTION('',(0.,0.,1.));
#4853=DIRECTION('',(0.,-1.,0.));
#4854=DIRECTION('center_axis',(1.,-1.22464679914735E-16,-9.85453000560545E-33));
#4855=DIRECTION('ref_axis',(-1.22464679914735E-16,-1.,-6.93889390390723E-17));
#4856=DIRECTION('center_axis',(1.,0.,0.));
#4857=DIRECTION('ref_axis',(0.,0.0428739741683542,0.999080488418732));
#4858=DIRECTION('center_axis',(1.,0.,0.));
#4859=DIRECTION('ref_axis',(0.,-0.497754636825741,0.867317889541357));
#4860=DIRECTION('center_axis',(1.,-1.22464679914735E-16,-3.17589772597648E-33));
#4861=DIRECTION('ref_axis',(-1.22464679914735E-16,-1.,-6.93889390390723E-17));
#4862=DIRECTION('',(0.,0.,-1.));
#4863=DIRECTION('center_axis',(1.,0.,0.));
#4864=DIRECTION('ref_axis',(0.,-0.707106781186548,-0.707106781186548));
#4865=DIRECTION('center_axis',(0.,0.,1.));
#4866=DIRECTION('ref_axis',(0.,-1.,0.));
#4867=DIRECTION('',(1.,-1.22464679914735E-16,0.));
#4868=DIRECTION('',(1.22464679914735E-16,1.,0.));
#4869=DIRECTION('',(-1.,1.22464679914735E-16,0.));
#4870=DIRECTION('center_axis',(1.22464679914735E-16,1.,6.93889390390723E-17));
#4871=DIRECTION('ref_axis',(5.32179648306657E-33,6.93889390390723E-17,-1.));
#4872=DIRECTION('',(-1.,1.22464679914735E-16,3.17589772597648E-33));
#4873=DIRECTION('',(5.32179648306657E-33,6.93889390390723E-17,-1.));
#4874=DIRECTION('center_axis',(0.,1.,0.));
#4875=DIRECTION('ref_axis',(0.,0.,1.));
#4876=DIRECTION('',(0.,0.,-1.));
#4877=DIRECTION('',(1.,0.,0.));
#4878=DIRECTION('',(0.,-6.93889390390723E-17,1.));
#4879=DIRECTION('',(1.,-1.22464679914735E-16,0.));
#4880=DIRECTION('',(1.,-1.22464679914735E-16,-3.17589772597648E-33));
#4881=DIRECTION('',(9.85453000560545E-33,0.,1.));
#4882=DIRECTION('center_axis',(0.,0.160320587879145,0.987064997404976));
#4883=DIRECTION('ref_axis',(0.,0.987064997404976,-0.160320587879145));
#4884=DIRECTION('',(-1.,0.,0.));
#4885=DIRECTION('center_axis',(0.,0.950847029131734,-0.309660987519184));
#4886=DIRECTION('ref_axis',(0.,-0.309660987519184,-0.950847029131734));
#4887=DIRECTION('',(-1.,0.,0.));
#4888=DIRECTION('center_axis',(0.,0.,1.));
#4889=DIRECTION('ref_axis',(0.,1.,0.));
#4890=DIRECTION('',(-1.,0.,0.));
#4891=DIRECTION('center_axis',(0.,-0.743738204081599,0.668471004449317));
#4892=DIRECTION('ref_axis',(0.,0.668471004449317,0.743738204081599));
#4893=DIRECTION('',(-1.,0.,0.));
#4894=DIRECTION('center_axis',(0.,0.832050294337844,0.554700196225229));
#4895=DIRECTION('ref_axis',(0.,0.554700196225229,-0.832050294337844));
#4896=DIRECTION('',(-1.,0.,0.));
#4897=DIRECTION('center_axis',(0.,0.266879082981324,0.963730021877003));
#4898=DIRECTION('ref_axis',(0.,0.963730021877003,-0.266879082981324));
#4899=DIRECTION('',(-1.,0.,0.));
#4900=DIRECTION('center_axis',(0.,-0.554700196225229,0.832050294337844));
#4901=DIRECTION('ref_axis',(0.,0.832050294337844,0.554700196225229));
#4902=DIRECTION('',(-1.,0.,0.));
#4903=DIRECTION('center_axis',(0.,-0.929430306485301,-0.368997703768791));
#4904=DIRECTION('ref_axis',(0.,-0.368997703768791,0.929430306485301));
#4905=DIRECTION('',(-1.,0.,0.));
#4906=DIRECTION('center_axis',(0.,-0.153963295316141,0.988076567729139));
#4907=DIRECTION('ref_axis',(0.,0.988076567729138,0.153963295316141));
#4908=DIRECTION('',(-1.,0.,0.));
#4909=DIRECTION('center_axis',(0.,-0.98554682004537,0.169403262951042));
#4910=DIRECTION('ref_axis',(0.,0.169403262951042,0.98554682004537));
#4911=DIRECTION('center_axis',(1.,0.,0.));
#4912=DIRECTION('ref_axis',(0.,1.,0.));
#4913=DIRECTION('',(0.,1.,0.));
#4914=DIRECTION('center_axis',(1.,0.,0.));
#4915=DIRECTION('ref_axis',(0.,1.,0.));
#4916=DIRECTION('',(0.,0.,-1.));
#4917=DIRECTION('center_axis',(1.,0.,0.));
#4918=DIRECTION('ref_axis',(0.,0.707106781186548,-0.707106781186547));
#4919=DIRECTION('center_axis',(1.,0.,0.));
#4920=DIRECTION('ref_axis',(0.,-0.707106781186548,-0.707106781186548));
#4921=DIRECTION('',(-9.85453000560545E-33,1.1399901795525E-48,-1.));
#4922=DIRECTION('center_axis',(1.,-1.22464679914735E-16,-9.85453000560545E-33));
#4923=DIRECTION('ref_axis',(-1.22464679914735E-16,-1.,-6.93889390390723E-17));
#4924=DIRECTION('',(-1.22464679914735E-16,-1.,-6.93889390390723E-17));
#4925=DIRECTION('center_axis',(-1.,1.22464679914735E-16,9.85453000560545E-33));
#4926=DIRECTION('ref_axis',(-9.79717439317882E-17,-0.8,0.6));
#4927=DIRECTION('',(-1.35683579656238E-33,6.93889390390723E-17,-1.));
#4928=DIRECTION('',(1.22464679914735E-16,1.,6.93889390390723E-17));
#4929=DIRECTION('',(1.35683579656238E-33,-6.93889390390723E-17,1.));
#4930=DIRECTION('',(1.22464679914735E-16,1.,6.93889390390723E-17));
#4931=DIRECTION('',(1.35683579656238E-33,-6.93889390390723E-17,1.));
#4932=DIRECTION('center_axis',(-1.,1.22464679914735E-16,9.85453000560545E-33));
#4933=DIRECTION('ref_axis',(-9.79717439317882E-17,-0.8,0.6));
#4934=DIRECTION('',(-4.06329106726628E-17,-0.331792894906132,0.943352253874346));
#4935=DIRECTION('',(-9.85453000560545E-33,0.,-1.));
#4936=DIRECTION('',(-1.22464679914735E-16,-1.,-6.93889390390723E-17));
#4937=DIRECTION('',(0.,1.,0.));
#4938=DIRECTION('',(0.,0.,1.));
#4939=DIRECTION('',(0.,-1.,0.));
#4940=DIRECTION('',(0.,0.,-1.));
#4941=DIRECTION('',(0.,1.,0.));
#4942=DIRECTION('center_axis',(-1.,1.22464679914735E-16,3.17589772597648E-33));
#4943=DIRECTION('ref_axis',(-1.22464679914735E-16,-1.,-6.93889390390723E-17));
#4944=DIRECTION('',(-1.,1.22464679914735E-16,3.17589772597648E-33));
#4945=DIRECTION('',(1.,-1.22464679914735E-16,-3.17589772597648E-33));
#4946=DIRECTION('',(-1.,1.22464679914735E-16,3.17589772597648E-33));
#4947=DIRECTION('center_axis',(-1.,0.,0.));
#4948=DIRECTION('ref_axis',(-1.22464679914735E-16,-1.,-6.93889390390723E-17));
#4949=DIRECTION('',(1.,-1.22464679914735E-16,-3.17589772597648E-33));
#4950=DIRECTION('',(1.,0.,0.));
#4951=DIRECTION('center_axis',(1.,0.,0.));
#4952=DIRECTION('ref_axis',(-1.22464679914735E-16,-1.,-6.93889390390723E-17));
#4953=DIRECTION('',(-1.,1.22464679914735E-16,3.17589772597648E-33));
#4954=DIRECTION('center_axis',(1.,0.,0.));
#4955=DIRECTION('ref_axis',(0.,-0.707106781186548,-0.707106781186548));
#4956=DIRECTION('',(-1.,0.,0.));
#4957=DIRECTION('',(-1.,0.,0.));
#4958=DIRECTION('center_axis',(-1.,0.,0.));
#4959=DIRECTION('ref_axis',(0.,0.707106781186548,-0.707106781186547));
#4960=DIRECTION('',(1.,0.,0.));
#4961=DIRECTION('center_axis',(-1.,9.92396973498045E-18,3.3419314801131E-17));
#4962=DIRECTION('ref_axis',(0.,0.0428739741683542,0.999080488418732));
#4963=DIRECTION('center_axis',(1.,0.,0.));
#4964=DIRECTION('ref_axis',(0.,0.0428739741683542,0.999080488418732));
#4965=DIRECTION('',(1.,0.,0.));
#4966=DIRECTION('center_axis',(-1.,0.,0.));
#4967=DIRECTION('ref_axis',(0.,0.,1.));
#4968=DIRECTION('center_axis',(1.,0.,0.));
#4969=DIRECTION('ref_axis',(0.,-0.497754636825741,0.867317889541357));
#4970=DIRECTION('center_axis',(-1.,1.22464679914735E-16,0.));
#4971=DIRECTION('ref_axis',(0.,-0.497754636825741,0.867317889541357));
#4972=DIRECTION('center_axis',(-1.,0.,0.));
#4973=DIRECTION('ref_axis',(0.,0.,1.));
#4974=DIRECTION('',(0.,-1.,0.));
#4975=DIRECTION('center_axis',(1.,0.,1.49353904803133E-33));
#4976=DIRECTION('ref_axis',(1.49353904803133E-33,5.71841079910962E-49,-1.));
#4977=DIRECTION('',(0.,-1.,0.));
#4978=DIRECTION('',(1.49353904803133E-33,5.71841079910962E-49,-1.));
#4979=DIRECTION('center_axis',(-8.54066982115428E-82,1.,5.71841079910961E-49));
#4980=DIRECTION('ref_axis',(-1.49353904803133E-33,-5.71841079910962E-49,
1.));
#4981=DIRECTION('',(-1.,-8.54066982115428E-82,0.));
#4982=DIRECTION('',(0.,0.,-1.));
#4983=DIRECTION('center_axis',(5.32179648306658E-33,1.61250848123472E-48,
-1.));
#4984=DIRECTION('ref_axis',(-1.22464679914735E-16,-1.,-2.26424058410483E-48));
#4985=DIRECTION('',(1.,0.,5.32179648306658E-33));
#4986=DIRECTION('',(2.40834438200576E-81,-1.,-1.61250848123472E-48));
#4987=DIRECTION('center_axis',(8.54066982115428E-82,-1.,-5.71841079910961E-49));
#4988=DIRECTION('ref_axis',(1.49353904803133E-33,5.71841079910962E-49,-1.));
#4989=DIRECTION('',(-1.,0.,0.));
#4990=DIRECTION('',(0.,0.,1.));
#4991=DIRECTION('',(-1.,0.,0.));
#4992=DIRECTION('',(1.49353904803133E-33,5.71841079910962E-49,-1.));
#4993=DIRECTION('',(-1.,1.22464679914735E-16,3.17589772597648E-33));
#4994=DIRECTION('center_axis',(1.09273919746571E-16,1.,1.60937108083555E-49));
#4995=DIRECTION('ref_axis',(-1.22007455242777E-32,1.4941603953518E-48,-1.));
#4996=DIRECTION('',(1.,0.,0.));
#4997=DIRECTION('center_axis',(8.54066982115428E-82,-1.,-5.71841079910961E-49));
#4998=DIRECTION('ref_axis',(1.49353904803133E-33,5.71841079910962E-49,-1.));
#4999=DIRECTION('',(1.,8.54066982115428E-82,0.));
#5000=DIRECTION('center_axis',(0.,0.,1.));
#5001=DIRECTION('ref_axis',(0.,1.,0.));
#5002=DIRECTION('',(0.,1.,0.));
#5003=DIRECTION('',(0.,1.,0.));
#5004=DIRECTION('center_axis',(0.,0.,1.));
#5005=DIRECTION('ref_axis',(0.,1.,0.));
#5006=DIRECTION('',(0.,1.,0.));
#5007=DIRECTION('',(-1.,0.,0.));
#5008=DIRECTION('center_axis',(-1.,0.,0.));
#5009=DIRECTION('ref_axis',(0.,0.,1.));
#5010=DIRECTION('',(0.,-1.,0.));
#5011=DIRECTION('center_axis',(-1.,0.,0.));
#5012=DIRECTION('ref_axis',(0.,0.,1.));
#5013=DIRECTION('',(0.,-1.,0.));
#5014=DIRECTION('',(0.,0.,-1.));
#5015=DIRECTION('center_axis',(1.,0.,1.49353904803133E-33));
#5016=DIRECTION('ref_axis',(1.49353904803133E-33,5.71841079910962E-49,-1.));
#5017=DIRECTION('',(0.,1.,0.));
#5018=DIRECTION('',(1.49353904803133E-33,6.93889390390722E-17,-1.));
#5019=DIRECTION('center_axis',(-1.,0.,-1.49353904803133E-33));
#5020=DIRECTION('ref_axis',(-9.79717439317882E-17,-0.8,0.6));
#5021=DIRECTION('',(-1.0363508995632E-49,1.,6.93889390390723E-17));
#5022=DIRECTION('',(-1.49353904803133E-33,-1.27033687027206E-16,1.));
#5023=DIRECTION('center_axis',(-1.,0.,-1.49353904803133E-33));
#5024=DIRECTION('ref_axis',(-9.79717439317882E-17,-0.8,0.6));
#5025=DIRECTION('center_axis',(0.,0.,1.));
#5026=DIRECTION('ref_axis',(0.,1.,0.));
#5027=DIRECTION('',(0.,1.,0.));
#5028=DIRECTION('center_axis',(-1.,0.,0.));
#5029=DIRECTION('ref_axis',(0.,0.,1.));
#5030=DIRECTION('center_axis',(0.,-1.,0.));
#5031=DIRECTION('ref_axis',(0.,0.,1.));
#5032=DIRECTION('',(-1.,1.22464679914735E-16,3.17589772597648E-33));
#5033=DIRECTION('',(6.38351085728186E-32,0.,1.));
#5034=DIRECTION('',(1.,0.,0.));
#5035=DIRECTION('center_axis',(-1.22464679914735E-16,-1.,-6.93889390390723E-17));
#5036=DIRECTION('ref_axis',(-5.32179648306657E-33,-6.93889390390723E-17,
1.));
#5037=DIRECTION('',(-5.32179648306657E-33,-6.93889390390723E-17,1.));
#5038=DIRECTION('',(1.,-1.22464679914735E-16,-3.17589772597648E-33));
#5039=DIRECTION('center_axis',(1.,0.,1.49353904803133E-33));
#5040=DIRECTION('ref_axis',(1.49353904803133E-33,5.71841079910962E-49,-1.));
#5041=DIRECTION('',(0.,-1.,0.));
#5042=DIRECTION('',(-1.49353904803133E-33,0.,1.));
#5043=DIRECTION('center_axis',(0.,0.,1.));
#5044=DIRECTION('ref_axis',(0.,-1.,0.));
#5045=DIRECTION('',(9.96656037887299E-16,1.,0.));
#5046=DIRECTION('',(-1.,7.78108198394158E-16,0.));
#5047=DIRECTION('',(-1.22464679914735E-16,-1.,0.));
#5048=DIRECTION('center_axis',(1.03083798482612E-16,0.943352253874346,0.331792894906132));
#5049=DIRECTION('ref_axis',(4.06329106726628E-17,0.331792894906132,-0.943352253874346));
#5050=DIRECTION('',(1.,-1.22464679914735E-16,-3.17589772597648E-33));
#5051=DIRECTION('',(4.06329106726628E-17,0.331792894906132,-0.943352253874346));
#5052=DIRECTION('',(1.,0.,-3.10687178855278E-16));
#5053=DIRECTION('center_axis',(-1.09273919746571E-16,-1.,-6.31470585797976E-50));
#5054=DIRECTION('ref_axis',(4.78721906658574E-33,-5.8626525067114E-49,1.));
#5055=DIRECTION('center_axis',(0.,-1.,0.));
#5056=DIRECTION('ref_axis',(0.,0.,-1.));
#5057=DIRECTION('',(-3.17589772597648E-33,0.,-1.));
#5058=DIRECTION('',(1.,0.,5.32179648306657E-33));
#5059=DIRECTION('center_axis',(0.,0.,-1.));
#5060=DIRECTION('ref_axis',(0.,1.,0.));
#5061=DIRECTION('',(1.,0.,0.));
#5062=DIRECTION('center_axis',(-5.32179648306657E-33,-6.93889390390723E-17,
1.));
#5063=DIRECTION('ref_axis',(-1.,1.22464679914735E-16,3.17589772597648E-33));
#5064=DIRECTION('',(-1.22464679914735E-16,-1.,-6.93889390390723E-17));
#5065=DIRECTION('center_axis',(-1.,9.96656037887299E-16,6.38351085728186E-32));
#5066=DIRECTION('ref_axis',(5.32179648306657E-33,6.93889390390723E-17,-1.));
#5067=DIRECTION('center_axis',(1.,-9.96656037887299E-16,-6.38351085728186E-32));
#5068=DIRECTION('ref_axis',(-9.79717439317882E-17,-0.8,0.6));
#5069=DIRECTION('',(1.58943878195157E-16,-6.93889390390723E-17,1.));
#5070=DIRECTION('center_axis',(-1.,1.22464679914735E-16,3.17589772597648E-33));
#5071=DIRECTION('ref_axis',(5.32179648306657E-33,6.93889390390723E-17,-1.));
#5072=DIRECTION('center_axis',(1.,-1.22464679914735E-16,-3.17589772597648E-33));
#5073=DIRECTION('ref_axis',(-9.79717439317882E-17,-0.8,0.6));
#5074=DIRECTION('center_axis',(1.,-1.22464679914735E-16,-3.17589772597648E-33));
#5075=DIRECTION('ref_axis',(-5.32179648306657E-33,-6.93889390390723E-17,
1.));
#5076=DIRECTION('center_axis',(-1.22464679914735E-16,-1.,-6.93889390390723E-17));
#5077=DIRECTION('ref_axis',(5.32179648306657E-33,6.93889390390723E-17,-1.));
#5078=DIRECTION('',(1.,-1.22464679914735E-16,-3.17589772597648E-33));
#5079=DIRECTION('',(1.,-1.22464679914735E-16,-3.17589772597648E-33));
#5080=DIRECTION('center_axis',(5.32179648306657E-33,6.93889390390723E-17,
-1.));
#5081=DIRECTION('ref_axis',(1.22464679914735E-16,1.,6.93889390390723E-17));
#5082=DIRECTION('',(1.,0.,5.32179648306657E-33));
#5083=DIRECTION('',(1.,-1.22464679914735E-16,-3.17589772597648E-33));
#5084=DIRECTION('center_axis',(1.,-1.22464679914735E-16,-3.17589772597648E-33));
#5085=DIRECTION('ref_axis',(-9.79717439317882E-17,-0.8,0.6));
#5086=DIRECTION('',(-1.,1.22464679914735E-16,3.17589772597648E-33));
#5087=DIRECTION('',(1.,-1.22464679914735E-16,-3.17589772597648E-33));
#5088=DIRECTION('',(1.,-1.22464679914735E-16,-3.17589772597648E-33));
#5089=DIRECTION('center_axis',(5.32179648306657E-33,6.93889390390723E-17,
-1.));
#5090=DIRECTION('ref_axis',(1.22464679914735E-16,1.,6.93889390390723E-17));
#5091=DIRECTION('',(1.,-1.22464679914735E-16,-3.17589772597648E-33));
#5092=DIRECTION('center_axis',(1.22464679914735E-16,1.,6.93889390390723E-17));
#5093=DIRECTION('ref_axis',(-5.32179648306657E-33,-6.93889390390723E-17,
1.));
#5094=DIRECTION('',(1.,-1.22464679914735E-16,-3.17589772597648E-33));
#5095=DIRECTION('center_axis',(1.,-1.22464679914735E-16,-3.17589772597648E-33));
#5096=DIRECTION('ref_axis',(-9.79717439317882E-17,-0.8,0.6));
#5097=DIRECTION('',(1.,-1.22464679914735E-16,-3.17589772597648E-33));
#5098=DIRECTION('center_axis',(1.22464679914735E-16,1.,1.27033687027206E-16));
#5099=DIRECTION('ref_axis',(-1.2381242094199E-32,-1.27033687027206E-16,
1.));
#5100=DIRECTION('',(1.,-1.22464679914735E-16,-3.17589772597648E-33));
#5101=DIRECTION('',(5.32179648306657E-33,6.93889390390723E-17,-1.));
#5102=DIRECTION('center_axis',(5.32179648306657E-33,6.93889390390723E-17,
-1.));
#5103=DIRECTION('ref_axis',(1.22464679914735E-16,1.,6.93889390390723E-17));
#5104=DIRECTION('',(-1.22464679914735E-16,-1.,-6.93889390390723E-17));
#5105=DIRECTION('center_axis',(-7.78108198394158E-16,-1.,-6.93889390390722E-17));
#5106=DIRECTION('ref_axis',(-1.58943878195157E-16,6.93889390390723E-17,
-1.));
#5107=DIRECTION('center_axis',(1.22464679914735E-16,1.,6.93889390390723E-17));
#5108=DIRECTION('ref_axis',(-5.32179648306657E-33,-6.93889390390723E-17,
1.));
#5109=DIRECTION('center_axis',(-5.32179648306657E-33,-6.93889390390723E-17,
1.));
#5110=DIRECTION('ref_axis',(1.22464679914735E-16,1.,6.93889390390723E-17));
#5111=DIRECTION('',(-1.22464679914735E-16,-1.,-6.93889390390723E-17));
#5112=DIRECTION('center_axis',(1.,-1.22464679914735E-16,-3.17589772597648E-33));
#5113=DIRECTION('ref_axis',(-5.32179648306657E-33,-6.93889390390723E-17,
1.));
#5114=DIRECTION('center_axis',(0.,-1.,0.));
#5115=DIRECTION('ref_axis',(0.,0.,-1.));
#5116=DIRECTION('',(1.,0.,0.));
#5117=DIRECTION('',(1.,0.,0.));
#5118=DIRECTION('',(0.,0.,-1.));
#5119=DIRECTION('center_axis',(0.,0.,1.));
#5120=DIRECTION('ref_axis',(-1.,0.,0.));
#5121=DIRECTION('center_axis',(0.,0.,1.));
#5122=DIRECTION('ref_axis',(0.,1.,0.));
#5123=DIRECTION('',(-1.,0.,0.));
#5124=DIRECTION('',(0.,1.,0.));
#5125=DIRECTION('center_axis',(0.,1.,0.));
#5126=DIRECTION('ref_axis',(0.,0.,1.));
#5127=DIRECTION('',(-1.,-8.54066982115428E-82,0.));
#5128=DIRECTION('',(0.,0.,-1.));
#5129=DIRECTION('',(-1.,0.,0.));
#5130=DIRECTION('',(0.,0.,1.));
#5131=DIRECTION('',(0.,0.,1.));
#5132=DIRECTION('',(1.,0.,0.));
#5133=DIRECTION('',(1.,0.,0.));
#5134=DIRECTION('center_axis',(-1.,0.,0.));
#5135=DIRECTION('ref_axis',(0.,0.,1.));
#5136=DIRECTION('',(1.04590657911212E-84,0.,-1.));
#5137=DIRECTION('center_axis',(0.,0.,1.));
#5138=DIRECTION('ref_axis',(-1.,0.,0.));
#5139=DIRECTION('',(0.,1.,0.));
#5140=DIRECTION('center_axis',(-1.,0.,0.));
#5141=DIRECTION('ref_axis',(0.,0.,1.));
#5142=DIRECTION('',(0.,-1.,0.));
#5143=DIRECTION('',(0.,-1.,0.));
#5144=DIRECTION('',(0.,-1.,0.));
#5145=DIRECTION('center_axis',(0.,-1.,0.));
#5146=DIRECTION('ref_axis',(0.,0.,1.));
#5147=DIRECTION('center_axis',(0.,1.,0.));
#5148=DIRECTION('ref_axis',(1.04590657911212E-84,0.,-1.));
#5149=DIRECTION('center_axis',(0.,0.,-1.));
#5150=DIRECTION('ref_axis',(0.,1.,0.));
#5151=DIRECTION('center_axis',(0.,0.,-1.));
#5152=DIRECTION('ref_axis',(0.,-1.,0.));
#5153=DIRECTION('',(0.,-1.,0.));
#5154=DIRECTION('center_axis',(1.,0.,0.));
#5155=DIRECTION('ref_axis',(0.,0.,-1.));
#5156=DIRECTION('center_axis',(1.,0.,0.));
#5157=DIRECTION('ref_axis',(0.,0.,-1.));
#5158=DIRECTION('',(0.,-1.,0.));
#5159=DIRECTION('center_axis',(0.,0.,1.));
#5160=DIRECTION('ref_axis',(0.,-1.,0.));
#5161=DIRECTION('center_axis',(1.,0.,0.));
#5162=DIRECTION('ref_axis',(0.,0.707106781186548,-0.707106781186547));
#5163=CARTESIAN_POINT('',(0.,0.,0.));
#5164=CARTESIAN_POINT('Origin',(-7.5,0.,0.987007874015749));
#5165=CARTESIAN_POINT('',(-7.5,0.08,0.987007874015749));
#5166=CARTESIAN_POINT('Origin',(-7.5,0.,0.987007874015749));
#5167=CARTESIAN_POINT('',(-7.45,0.08,0.987007874015749));
#5168=CARTESIAN_POINT('',(-7.5,0.08,0.987007874015749));
#5169=CARTESIAN_POINT('Origin',(-7.45,0.,0.987007874015749));
#5170=CARTESIAN_POINT('Origin',(-7.50089763779528,-0.275590551181105,1.46434471074733));
#5171=CARTESIAN_POINT('',(-5.95000019148579,-0.350792529109411,1.44100643926688));
#5172=CARTESIAN_POINT('',(-5.95000019148579,-0.345795318359625,1.50000004787145));
#5173=CARTESIAN_POINT('Origin',(-5.95000019148579,-0.275590551181105,1.46434471074733));
#5174=CARTESIAN_POINT('',(-7.45089763779528,-0.350792529109411,1.44100643926688));
#5175=CARTESIAN_POINT('',(-7.50089763779528,-0.350792529109411,1.44100643926688));
#5176=CARTESIAN_POINT('',(-7.45089763779528,-0.345795318359625,1.50000004787145));
#5177=CARTESIAN_POINT('Origin',(-7.45089763779528,-0.275590551181105,1.46434471074733));
#5178=CARTESIAN_POINT('',(-6.05100003604438,-0.345795318359625,1.50000004787145));
#5179=CARTESIAN_POINT('',(-7.50089763779528,-0.345795318359625,1.50000004787145));
#5180=CARTESIAN_POINT('',(-7.50089763779528,-0.345795318359625,1.50000004787145));
#5181=CARTESIAN_POINT('Origin',(-7.50089763779528,-0.201316671392226,1.50000004787145));
#5182=CARTESIAN_POINT('',(-6.05100003604438,-0.201316671392226,1.50000004787145));
#5183=CARTESIAN_POINT('',(-6.05100003604438,-0.228967862558874,1.50000004787145));
#5184=CARTESIAN_POINT('',(-5.95000019148579,-0.201316671392226,1.50000004787145));
#5185=CARTESIAN_POINT('',(-7.50089763779528,-0.201316671392226,1.50000004787145));
#5186=CARTESIAN_POINT('',(-5.95000019148579,-0.600658351653262,1.50000004787145));
#5187=CARTESIAN_POINT('Origin',(-7.50089763779528,-1.01624745364311E-15,
1.28228346456693));
#5188=CARTESIAN_POINT('',(-5.95000019148579,-1.04902962956708E-15,1.28228346456693));
#5189=CARTESIAN_POINT('',(-5.95000019148579,0.089129115109303,1.18589360137102));
#5190=CARTESIAN_POINT('',(-7.45089763779528,-0.201316671392226,1.50000004787145));
#5191=CARTESIAN_POINT('',(-7.50044881889764,-0.201316671392226,1.50000004787145));
#5192=CARTESIAN_POINT('',(-7.45089763779528,-1.04902962956708E-15,1.28228346456693));
#5193=CARTESIAN_POINT('',(-7.45089763779528,0.200618948037659,1.06532144343452));
#5194=CARTESIAN_POINT('',(-7.50089763779528,-1.04902962956708E-15,1.28228346456693));
#5195=CARTESIAN_POINT('Origin',(-7.50089763779528,0.201316671392221,1.50000004787145));
#5196=CARTESIAN_POINT('',(-5.95000019148579,0.201316671392221,1.50000004787145));
#5197=CARTESIAN_POINT('',(-5.95000019148579,-0.449393156037718,0.796281277980281));
#5198=CARTESIAN_POINT('',(-7.45089763779528,0.201316671392221,1.50000004787145));
#5199=CARTESIAN_POINT('',(-7.45089763779528,0.154091083201882,1.44892730941297));
#5200=CARTESIAN_POINT('',(-6.05100003604438,0.201316671392221,1.50000004787145));
#5201=CARTESIAN_POINT('',(-7.50044881889764,0.201316671392221,1.50000004787145));
#5202=CARTESIAN_POINT('',(-7.50089763779528,0.201316671392221,1.50000004787145));
#5203=CARTESIAN_POINT('Origin',(-7.50089763779528,0.345795318359622,1.50000004787145));
#5204=CARTESIAN_POINT('',(-6.05100003604438,0.345795318359622,1.50000004787145));
#5205=CARTESIAN_POINT('',(-6.05100003604438,-0.228967862558874,1.50000004787145));
#5206=CARTESIAN_POINT('',(-5.95000019148579,0.345795318359622,1.50000004787145));
#5207=CARTESIAN_POINT('',(-7.50089763779528,0.345795318359622,1.50000004787145));
#5208=CARTESIAN_POINT('',(-5.95000019148579,-0.327102356777338,1.50000004787145));
#5209=CARTESIAN_POINT('Origin',(-7.50089763779528,0.275590551181101,1.46434471074733));
#5210=CARTESIAN_POINT('',(-5.95000019148579,0.350792529109408,1.44100643926688));
#5211=CARTESIAN_POINT('Origin',(-5.95000019148579,0.275590551181101,1.46434471074733));
#5212=CARTESIAN_POINT('',(-7.45089763779528,0.345795318359622,1.50000004787145));
#5213=CARTESIAN_POINT('',(-7.50089763779528,0.345795318359622,1.50000004787145));
#5214=CARTESIAN_POINT('',(-7.45089763779528,0.350792529109408,1.44100643926688));
#5215=CARTESIAN_POINT('Origin',(-7.45089763779528,0.275590551181101,1.46434471074733));
#5216=CARTESIAN_POINT('',(-7.50089763779528,0.350792529109408,1.44100643926688));
#5217=CARTESIAN_POINT('Origin',(-7.50089763779528,0.255716162534775,1.13464566929134));
#5218=CARTESIAN_POINT('',(-5.95000019148579,0.255716162534775,1.13464566929134));
#5219=CARTESIAN_POINT('',(-5.95000019148579,0.0399620962414642,0.439429978406832));
#5220=CARTESIAN_POINT('',(-7.45089763779528,0.255716162534775,1.13464566929134));
#5221=CARTESIAN_POINT('',(-7.45089763779528,0.247798080210634,1.10913154959));
#5222=CARTESIAN_POINT('',(-7.50089763779528,0.255716162534775,1.13464566929134));
#5223=CARTESIAN_POINT('Origin',(-7.50089763779528,0.568570555343869,1.06380383305672));
#5224=CARTESIAN_POINT('',(-5.95000019148579,0.568570555343869,1.06380383305672));
#5225=CARTESIAN_POINT('',(-5.95000019148579,-0.0628948201315929,1.20679101094353));
#5226=CARTESIAN_POINT('',(-7.45089763779528,0.568570555343869,1.06380383305672));
#5227=CARTESIAN_POINT('',(-7.45089763779528,0.568570555343869,1.06380383305672));
#5228=CARTESIAN_POINT('',(-7.50089763779528,0.568570555343869,1.06380383305672));
#5229=CARTESIAN_POINT('Origin',(-7.50089763779528,0.551181102362205,0.987007874015749));
#5230=CARTESIAN_POINT('',(-5.95000019148579,0.568570555343869,0.910211914974772));
#5231=CARTESIAN_POINT('Origin',(-5.95000019148579,0.551181102362205,0.987007874015748));
#5232=CARTESIAN_POINT('',(-7.45089763779528,0.568570555343869,0.910211914974772));
#5233=CARTESIAN_POINT('Origin',(-7.45089763779528,0.551181102362205,0.987007874015749));
#5234=CARTESIAN_POINT('',(-7.50089763779528,0.568570555343869,0.910211914974772));
#5235=CARTESIAN_POINT('Origin',(-7.50089763779528,0.255716162534778,0.839370078740158));
#5236=CARTESIAN_POINT('',(-5.95000019148579,0.255716162534777,0.839370078740161));
#5237=CARTESIAN_POINT('',(-5.95000019148579,-0.431916674870529,0.683664504592329));
#5238=CARTESIAN_POINT('',(-7.45089763779528,0.255716162534777,0.839370078740161));
#5239=CARTESIAN_POINT('',(-7.45089763779528,0.412143358939324,0.874790996857465));
#5240=CARTESIAN_POINT('',(-7.50089763779528,0.255716162534777,0.839370078740161));
#5241=CARTESIAN_POINT('Origin',(-7.50089763779528,-0.58571352032987,0.934371630545163));
#5242=CARTESIAN_POINT('',(-7.45,-0.568570555343869,1.03410521497432));
#5243=CARTESIAN_POINT('',(-7.45,-0.58571352032987,0.934371630545163));
#5244=CARTESIAN_POINT('',(-7.45,-0.565225121912011,1.05356812981436));
#5245=CARTESIAN_POINT('',(-7.45089763779528,-0.568570555343869,1.03410521497432));
#5246=CARTESIAN_POINT('',(-7.50089763779528,-0.568570555343869,1.03410521497432));
#5247=CARTESIAN_POINT('',(-7.45089763779528,-0.58571352032987,0.934371630545163));
#5248=CARTESIAN_POINT('',(-7.45089763779528,-0.565006585234373,1.05483952284397));
#5249=CARTESIAN_POINT('',(-7.50089763779528,-0.58571352032987,0.934371630545163));
#5250=CARTESIAN_POINT('Origin',(-7.50089763779528,-0.218665112330448,0.851258259573451));
#5251=CARTESIAN_POINT('',(-7.45,-0.218665112330448,0.851258259573451));
#5252=CARTESIAN_POINT('',(-7.45,-0.308142388961126,0.871519233123719));
#5253=CARTESIAN_POINT('',(-7.45089763779528,-0.218665112330448,0.851258259573451));
#5254=CARTESIAN_POINT('',(-7.45089763779528,0.132864385102087,0.771658945447955));
#5255=CARTESIAN_POINT('',(-7.50089763779528,-0.218665112330448,0.851258259573451));
#5256=CARTESIAN_POINT('Origin',(-7.50089763779528,-0.32435289966942,0.488900131554118));
#5257=CARTESIAN_POINT('',(-7.45,-0.32435289966942,0.488900131554118));
#5258=CARTESIAN_POINT('',(-7.45,-0.193152554571232,0.938729886176477));
#5259=CARTESIAN_POINT('',(-7.45089763779528,-0.32435289966942,0.488900131554118));
#5260=CARTESIAN_POINT('',(-7.45089763779528,-0.223086286202938,0.836099949153487));
#5261=CARTESIAN_POINT('',(-7.50089763779528,-0.32435289966942,0.488900131554118));
#5262=CARTESIAN_POINT('Origin',(-7.50089763779528,-0.245843367656912,0.466001518050469));
#5263=CARTESIAN_POINT('',(-7.45,-0.245843367656912,0.466001518050469));
#5264=CARTESIAN_POINT('',(-7.45,-0.236961276558735,0.463410908146834));
#5265=CARTESIAN_POINT('',(-7.45089763779528,-0.245843367656912,0.466001518050469));
#5266=CARTESIAN_POINT('',(-7.45089763779528,0.0514022538861638,0.379304878433739));
#5267=CARTESIAN_POINT('',(-7.50089763779528,-0.245843367656912,0.466001518050469));
#5268=CARTESIAN_POINT('Origin',(-7.50089763779528,-0.0604736392940436,0.746236930928452));
#5269=CARTESIAN_POINT('',(-7.45,-0.0604736392940437,0.746236930928452));
#5270=CARTESIAN_POINT('',(-7.45,-0.0901850528689827,0.701320264523985));
#5271=CARTESIAN_POINT('',(-7.45089763779528,-0.0604736392940437,0.746236930928452));
#5272=CARTESIAN_POINT('',(-7.45089763779528,0.0880066213582515,0.970704148502804));
#5273=CARTESIAN_POINT('',(-7.50089763779528,-0.0604736392940437,0.746236930928452));
#5274=CARTESIAN_POINT('Origin',(-7.50089763779528,0.0943646043972929,0.657368502330959));
#5275=CARTESIAN_POINT('',(-7.45,0.0943646043972929,0.657368502330959));
#5276=CARTESIAN_POINT('',(-7.45,-0.0844723261107732,0.760010825122561));
#5277=CARTESIAN_POINT('',(-7.45089763779528,0.0943646043972929,0.657368502330959));
#5278=CARTESIAN_POINT('',(-7.45089763779528,0.195018955835044,0.599598575273377));
#5279=CARTESIAN_POINT('',(-7.50089763779528,0.0943646043972929,0.657368502330959));
#5280=CARTESIAN_POINT('Origin',(-7.50089763779528,0.255716162534777,0.451826185881544));
#5281=CARTESIAN_POINT('',(-7.45,0.255716162534777,0.451826185881544));
#5282=CARTESIAN_POINT('',(-7.45,0.000545839554544325,0.77688223045852));
#5283=CARTESIAN_POINT('',(-7.45089763779528,0.255716162534777,0.451826185881544));
#5284=CARTESIAN_POINT('',(-7.45089763779528,0.182074160574602,0.5456371651221));
#5285=CARTESIAN_POINT('',(-7.50089763779528,0.255716162534777,0.451826185881544));
#5286=CARTESIAN_POINT('Origin',(-7.50089763779528,0.3320740207685,0.531426128060893));
#5287=CARTESIAN_POINT('',(-7.45,0.3320740207685,0.531426128060893));
#5288=CARTESIAN_POINT('',(-7.45,0.326891687448976,0.526023757667979));
#5289=CARTESIAN_POINT('',(-7.45089763779528,0.3320740207685,0.531426128060893));
#5290=CARTESIAN_POINT('',(-7.45089763779528,0.498371391840969,0.70478433150118));
#5291=CARTESIAN_POINT('',(-7.50089763779528,0.3320740207685,0.531426128060893));
#5292=CARTESIAN_POINT('Origin',(-7.50089763779528,0.214309722749737,0.783310876601025));
#5293=CARTESIAN_POINT('',(-7.45,0.214309722749737,0.783310876601025));
#5294=CARTESIAN_POINT('',(-7.45,0.217796139000233,0.775853819620798));
#5295=CARTESIAN_POINT('',(-7.45089763779528,0.214309722749737,0.783310876601025));
#5296=CARTESIAN_POINT('',(-7.45089763779528,0.20544724739639,0.802266726662349));
#5297=CARTESIAN_POINT('',(-7.50089763779528,0.214309722749737,0.783310876601025));
#5298=CARTESIAN_POINT('Origin',(-7.50089763779528,0.259016539590193,0.930516249124479));
#5299=CARTESIAN_POINT('',(-7.45,0.259016539590193,0.930516249124479));
#5300=CARTESIAN_POINT('',(-7.45,0.232243690559544,0.842361746218685));
#5301=CARTESIAN_POINT('',(-7.45089763779528,0.259016539590193,0.930516249124479));
#5302=CARTESIAN_POINT('',(-7.45089763779528,0.279206677583585,0.996995971785648));
#5303=CARTESIAN_POINT('',(-7.50089763779528,0.259016539590193,0.930516249124479));
#5304=CARTESIAN_POINT('Origin',(-7.50089763779528,0.561060155804984,0.930516249124479));
#5305=CARTESIAN_POINT('',(-7.45,0.561060155804984,0.930516249124479));
#5306=CARTESIAN_POINT('',(-7.45,0.133079894499774,0.930516249124479));
#5307=CARTESIAN_POINT('',(-7.45089763779528,0.561060155804984,0.930516249124479));
#5308=CARTESIAN_POINT('',(-7.45089763779528,0.556120629083594,0.930516249124479));
#5309=CARTESIAN_POINT('',(-7.50089763779528,0.561060155804984,0.930516249124479));
#5310=CARTESIAN_POINT('Origin',(-7.50089763779528,0.600000019148579,1.0000000319143));
#5311=CARTESIAN_POINT('',(-7.45,0.600000019148579,1.0000000319143));
#5312=CARTESIAN_POINT('',(-7.45,0.504399246289158,0.82941126334854));
#5313=CARTESIAN_POINT('',(-7.45089763779528,0.600000019148579,1.0000000319143));
#5314=CARTESIAN_POINT('',(-7.45089763779528,0.591395654639016,0.984646516434507));
#5315=CARTESIAN_POINT('',(-7.50089763779528,0.600000019148579,1.0000000319143));
#5316=CARTESIAN_POINT('Origin',(-7.45089763779528,0.551181102362205,0.987007874015749));
#5317=CARTESIAN_POINT('',(-7.45089763779528,0.0255905432025279,1.50000004787145));
#5318=CARTESIAN_POINT('',(-7.45089763779528,-0.255716162534775,1.13464566929134));
#5319=CARTESIAN_POINT('',(-7.45089763779528,-0.246914663492644,1.10628495126401));
#5320=CARTESIAN_POINT('',(-7.45089763779528,-0.568570555343869,1.06380383305672));
#5321=CARTESIAN_POINT('',(-7.45089763779528,0.112154999055247,1.21794534218646));
#5322=CARTESIAN_POINT('',(-7.45089763779528,-0.568570555343869,0.910211914974772));
#5323=CARTESIAN_POINT('Origin',(-7.45089763779528,-0.551181102362205,0.987007874015749));
#5324=CARTESIAN_POINT('',(-7.45089763779528,-0.255716162534774,0.839370078740156));
#5325=CARTESIAN_POINT('',(-7.45089763779528,-0.0442721973493006,0.791491323962348));
#5326=CARTESIAN_POINT('',(-7.45089763779528,-0.350792529109405,0.533009308764616));
#5327=CARTESIAN_POINT('',(-7.45089763779528,-0.199376480205328,1.02091118175525));
#5328=CARTESIAN_POINT('',(-7.45089763779528,-0.217778026234455,0.456213349723641));
#5329=CARTESIAN_POINT('Origin',(-7.45089763779528,-0.275590551181098,0.509671037284166));
#5330=CARTESIAN_POINT('',(-7.45089763779528,3.05966975290397E-15,0.691732283464567));
#5331=CARTESIAN_POINT('',(-7.45089763779528,0.0917299349204286,0.790934837726513));
#5332=CARTESIAN_POINT('',(-7.45089763779528,0.217778026234466,0.456213349723646));
#5333=CARTESIAN_POINT('',(-7.45089763779528,0.0534327475057779,0.633946730270788));
#5334=CARTESIAN_POINT('',(-7.45089763779528,0.350792529109414,0.533009308764624));
#5335=CARTESIAN_POINT('Origin',(-7.45089763779528,0.275590551181108,0.509671037284171));
#5336=CARTESIAN_POINT('',(-7.45089763779528,0.295336263497956,0.711703813453727));
#5337=CARTESIAN_POINT('',(-7.45089763779528,0.0255905432025279,1.50000004787145));
#5338=CARTESIAN_POINT('',(-7.45089763779528,0.20000000638286,1.10000003510573));
#5339=CARTESIAN_POINT('',(-7.45089763779528,0.565421796472345,1.04064767597536));
#5340=CARTESIAN_POINT('',(-7.45089763779528,0.380017731048813,1.07076128434161));
#5341=CARTESIAN_POINT('',(-7.45089763779528,0.57566888624693,1.0286019424014));
#5342=CARTESIAN_POINT('',(-7.45089763779528,-0.183689988147009,1.09407777415054));
#5343=CARTESIAN_POINT('',(-7.45089763779528,-0.025548813924825,1.11871952470269));
#5344=CARTESIAN_POINT('',(-7.45089763779528,-0.328714540336782,1.45936518004207));
#5345=CARTESIAN_POINT('',(-7.45089763779528,-0.115299998921356,0.921817274973142));
#5346=CARTESIAN_POINT('',(-7.45089763779528,-0.2698323913274,1.49861994604833));
#5347=CARTESIAN_POINT('',(-7.45089763779528,-0.133140811562439,1.58974766589164));
#5348=CARTESIAN_POINT('',(-7.45089763779528,-0.198955730482774,1.4789925630452));
#5349=CARTESIAN_POINT('',(-7.45089763779528,0.177229395341835,1.37481822050915));
#5350=CARTESIAN_POINT('',(-7.45089763779528,-0.0192896860695331,1.20949349642534));
#5351=CARTESIAN_POINT('',(-7.45089763779528,0.0299848643463267,1.13558167080155));
#5352=CARTESIAN_POINT('',(-7.45089763779528,0.231756285419183,1.48880625454676));
#5353=CARTESIAN_POINT('',(-7.45089763779528,0.0528624416140036,1.28976966922393));
#5354=CARTESIAN_POINT('',(-7.45089763779528,0.326621969934298,1.48880625454676));
#5355=CARTESIAN_POINT('',(-7.45089763779528,0.391468693890694,1.48880625454676));
#5356=CARTESIAN_POINT('',(-7.45089763779528,0.263513634069869,1.29502539067084));
#5357=CARTESIAN_POINT('Origin',(-7.50089763779528,-0.56857055534387,1.03410521497432));
#5358=CARTESIAN_POINT('',(-7.45,-0.183689988147009,1.09407777415054));
#5359=CARTESIAN_POINT('',(-7.45,-0.0995757275986954,1.10718456077019));
#5360=CARTESIAN_POINT('',(-7.50089763779528,-0.183689988147009,1.09407777415054));
#5361=CARTESIAN_POINT('Origin',(-7.50089763779528,-0.183689988147009,1.09407777415054));
#5362=CARTESIAN_POINT('',(-7.45,-0.328714540336782,1.45936518004207));
#5363=CARTESIAN_POINT('',(-7.45,-0.222829338066333,1.192661851015));
#5364=CARTESIAN_POINT('',(-7.50089763779528,-0.328714540336782,1.45936518004207));
#5365=CARTESIAN_POINT('Origin',(-7.50089763779528,-0.328714540336782,1.45936518004207));
#5366=CARTESIAN_POINT('',(-7.45,-0.2698323913274,1.49861994604833));
#5367=CARTESIAN_POINT('',(-7.45,-0.294740103399306,1.48201480466706));
#5368=CARTESIAN_POINT('',(-7.50089763779528,-0.2698323913274,1.49861994604833));
#5369=CARTESIAN_POINT('Origin',(-7.50089763779528,-0.2698323913274,1.49861994604833));
#5370=CARTESIAN_POINT('',(-7.45,-0.198955730482774,1.4789925630452));
#5371=CARTESIAN_POINT('',(-7.45,-0.0384612809742941,1.43454794625824));
#5372=CARTESIAN_POINT('',(-7.50089763779528,-0.198955730482774,1.4789925630452));
#5373=CARTESIAN_POINT('Origin',(-7.50089763779528,-0.198955730482774,1.4789925630452));
#5374=CARTESIAN_POINT('',(-7.45,-0.0192896860695331,1.20949349642534));
#5375=CARTESIAN_POINT('',(-7.45,0.038839326418081,1.12229997769392));
#5376=CARTESIAN_POINT('',(-7.50089763779528,-0.0192896860695331,1.20949349642534));
#5377=CARTESIAN_POINT('Origin',(-7.50089763779528,-0.0192896860695333,1.20949349642534));
#5378=CARTESIAN_POINT('',(-7.45,0.231756285419183,1.48880625454676));
#5379=CARTESIAN_POINT('',(-7.45,0.0539033110732757,1.29092773648065));
#5380=CARTESIAN_POINT('',(-7.50089763779528,0.231756285419183,1.48880625454676));
#5381=CARTESIAN_POINT('Origin',(-7.50089763779528,0.231756285419183,1.48880625454676));
#5382=CARTESIAN_POINT('',(-7.45,0.326621969934298,1.48880625454676));
#5383=CARTESIAN_POINT('',(-7.45,0.166882609671826,1.48880625454676));
#5384=CARTESIAN_POINT('',(-7.50089763779528,0.326621969934298,1.48880625454676));
#5385=CARTESIAN_POINT('Origin',(-7.50089763779528,0.326621969934298,1.48880625454676));
#5386=CARTESIAN_POINT('',(-7.45,0.20000000638286,1.10000003510573));
#5387=CARTESIAN_POINT('',(-7.45,0.172383816443039,1.01520158383621));
#5388=CARTESIAN_POINT('',(-7.50089763779528,0.20000000638286,1.10000003510573));
#5389=CARTESIAN_POINT('Origin',(-7.50089763779528,0.20000000638286,1.10000003510573));
#5390=CARTESIAN_POINT('',(-7.45,0.565421796472345,1.04064767597536));
#5391=CARTESIAN_POINT('',(-7.45,0.298633772323643,1.08397978985143));
#5392=CARTESIAN_POINT('',(-7.50089763779528,0.565421796472345,1.04064767597536));
#5393=CARTESIAN_POINT('Origin',(-7.50089763779528,0.350792529109414,0.533009308764624));
#5394=CARTESIAN_POINT('',(-5.95000019148579,0.350792529109414,0.533009308764623));
#5395=CARTESIAN_POINT('',(-5.95000019148579,0.366900027505642,0.481106761487806));
#5396=CARTESIAN_POINT('',(-7.50089763779528,0.350792529109414,0.533009308764624));
#5397=CARTESIAN_POINT('Origin',(-7.50089763779528,0.565421796472345,1.04064767597536));
#5398=CARTESIAN_POINT('',(-7.45,0.481661885905348,1.13910973584444));
#5399=CARTESIAN_POINT('Origin',(-7.50089763779528,0.275590551181108,0.509671037284171));
#5400=CARTESIAN_POINT('',(-5.95000019148579,0.217778026234466,0.456213349723646));
#5401=CARTESIAN_POINT('Origin',(-5.95000019148579,0.275590551181108,0.509671037284171));
#5402=CARTESIAN_POINT('',(-7.50089763779528,0.217778026234466,0.456213349723646));
#5403=CARTESIAN_POINT('Origin',(-7.50089763779528,3.03781496895466E-15,
0.691732283464567));
#5404=CARTESIAN_POINT('',(-5.95000019148579,3.05966975290397E-15,0.691732283464567));
#5405=CARTESIAN_POINT('',(-5.95000019148579,-0.058057085422583,0.754518888207287));
#5406=CARTESIAN_POINT('',(-7.50089763779528,3.05966975290397E-15,0.691732283464567));
#5407=CARTESIAN_POINT('Origin',(-7.50089763779528,-0.217778026234455,0.456213349723641));
#5408=CARTESIAN_POINT('',(-5.95000019148579,-0.217778026234455,0.456213349723641));
#5409=CARTESIAN_POINT('',(-5.95000019148579,-0.511754304319166,0.138288806293824));
#5410=CARTESIAN_POINT('',(-7.50089763779528,-0.217778026234455,0.456213349723641));
#5411=CARTESIAN_POINT('Origin',(-7.50089763779528,-0.275590551181098,0.509671037284166));
#5412=CARTESIAN_POINT('',(-5.95000019148579,-0.350792529109405,0.533009308764616));
#5413=CARTESIAN_POINT('Origin',(-5.95000019148579,-0.275590551181098,0.509671037284165));
#5414=CARTESIAN_POINT('',(-7.50089763779528,-0.350792529109405,0.533009308764616));
#5415=CARTESIAN_POINT('Origin',(-7.50089763779528,-0.255716162534774,0.839370078740156));
#5416=CARTESIAN_POINT('',(-5.95000019148579,-0.255716162534774,0.839370078740156));
#5417=CARTESIAN_POINT('',(-5.95000019148579,-0.407212464174492,0.351209610572088));
#5418=CARTESIAN_POINT('',(-7.50089763779528,-0.255716162534774,0.839370078740156));
#5419=CARTESIAN_POINT('Origin',(-7.50089763779528,-0.568570555343869,0.910211914974772));
#5420=CARTESIAN_POINT('',(-5.95000019148579,-0.568570555343869,0.910211914974772));
#5421=CARTESIAN_POINT('',(-5.95000019148579,-0.675737572824763,0.934478501849153));
#5422=CARTESIAN_POINT('',(-7.50089763779528,-0.568570555343869,0.910211914974772));
#5423=CARTESIAN_POINT('Origin',(-7.50089763779528,-0.551181102362205,0.987007874015749));
#5424=CARTESIAN_POINT('',(-5.95000019148579,-0.568570555343869,1.06380383305672));
#5425=CARTESIAN_POINT('Origin',(-5.95000019148579,-0.551181102362205,0.987007874015748));
#5426=CARTESIAN_POINT('',(-7.50089763779528,-0.568570555343869,1.06380383305672));
#5427=CARTESIAN_POINT('Origin',(-7.50089763779528,-0.255716162534775,1.13464566929134));
#5428=CARTESIAN_POINT('',(-5.95000019148579,-0.255716162534775,1.13464566929134));
#5429=CARTESIAN_POINT('',(-5.95000019148579,-0.731905034754606,1.02681884992132));
#5430=CARTESIAN_POINT('',(-7.50089763779528,-0.255716162534775,1.13464566929134));
#5431=CARTESIAN_POINT('Origin',(-7.50089763779528,-0.350792529109411,1.44100643926688));
#5432=CARTESIAN_POINT('',(-5.95000019148579,-0.175350899484957,0.875687899298078));
#5433=CARTESIAN_POINT('Origin',(-7.45,0.00714324940935433,0.975223065964936));
#5434=CARTESIAN_POINT('Origin',(-7.5,0.00714324940935433,0.975223065964936));
#5435=CARTESIAN_POINT('',(-7.5,0.600000019148579,1.0000000319143));
#5436=CARTESIAN_POINT('',(-7.5,0.565421796472345,1.04064767597536));
#5437=CARTESIAN_POINT('',(-7.5,0.464372774567231,1.15943355787497));
#5438=CARTESIAN_POINT('',(-7.5,0.561060155804984,0.930516249124479));
#5439=CARTESIAN_POINT('',(-7.5,0.523869177960955,0.864153154743449));
#5440=CARTESIAN_POINT('',(-7.5,0.259016539590193,0.930516249124479));
#5441=CARTESIAN_POINT('',(-7.5,0.284101702607169,0.930516249124479));
#5442=CARTESIAN_POINT('',(-7.5,0.214309722749737,0.783310876601025));
#5443=CARTESIAN_POINT('',(-7.5,0.254597098979773,0.915964432480412));
#5444=CARTESIAN_POINT('',(-7.5,0.3320740207685,0.531426128060893));
#5445=CARTESIAN_POINT('',(-7.5,0.158913989990851,0.901796193890864));
#5446=CARTESIAN_POINT('',(-7.5,0.255716162534777,0.451826185881544));
#5447=CARTESIAN_POINT('',(-7.5,0.365070616565838,0.565823728757654));
#5448=CARTESIAN_POINT('',(-7.5,0.0943646043972929,0.657368502330959));
#5449=CARTESIAN_POINT('',(-7.5,0.0812216186232864,0.674111072233812));
#5450=CARTESIAN_POINT('',(-7.5,-0.0604736392940437,0.746236930928452));
#5451=CARTESIAN_POINT('',(-7.5,-0.00705320426510495,0.715576610823815));
#5452=CARTESIAN_POINT('',(-7.5,-0.245843367656912,0.466001518050469));
#5453=CARTESIAN_POINT('',(-7.5,0.00249981131245129,0.841437970962977));
#5454=CARTESIAN_POINT('',(-7.5,-0.32435289966942,0.488900131554118));
#5455=CARTESIAN_POINT('',(-7.5,-0.19770651055248,0.45196160139501));
#5456=CARTESIAN_POINT('',(-7.5,-0.218665112330448,0.851258259573451));
#5457=CARTESIAN_POINT('',(-7.5,-0.245996448240719,0.75755082216681));
#5458=CARTESIAN_POINT('',(-7.5,-0.58571352032987,0.934371630545163));
#5459=CARTESIAN_POINT('',(-7.5,-0.124618184961415,0.829962547637863));
#5460=CARTESIAN_POINT('',(-7.5,-0.568570555343869,1.03410521497432));
#5461=CARTESIAN_POINT('',(-7.5,-0.573796604405011,1.00370133759978));
#5462=CARTESIAN_POINT('',(-7.5,-0.183689988147009,1.09407777415054));
#5463=CARTESIAN_POINT('',(-7.5,-0.292016011197126,1.07719828118208));
#5464=CARTESIAN_POINT('',(-7.5,-0.328714540336782,1.45936518004207));
#5465=CARTESIAN_POINT('',(-7.5,-0.150317061971446,1.01001814806924));
#5466=CARTESIAN_POINT('',(-7.5,-0.2698323913274,1.49861994604833));
#5467=CARTESIAN_POINT('',(-7.5,-0.324181177903997,1.46238742166393));
#5468=CARTESIAN_POINT('',(-7.5,-0.198955730482774,1.4789925630452));
#5469=CARTESIAN_POINT('',(-7.5,-0.0738996113966071,1.4443616377598));
#5470=CARTESIAN_POINT('',(-7.5,-0.0192896860695331,1.20949349642534));
#5471=CARTESIAN_POINT('',(-7.5,-0.0509936957885396,1.25704951100385));
#5472=CARTESIAN_POINT('',(-7.5,0.231756285419183,1.48880625454676));
#5473=CARTESIAN_POINT('',(-7.5,-0.0716196746710825,1.15127135741994));
#5474=CARTESIAN_POINT('',(-7.5,0.326621969934298,1.48880625454676));
#5475=CARTESIAN_POINT('',(-7.5,0.119449767414269,1.48880625454676));
#5476=CARTESIAN_POINT('',(-7.5,0.20000000638286,1.10000003510573));
#5477=CARTESIAN_POINT('',(-7.5,0.235694798218759,1.20960469355673));
#5478=CARTESIAN_POINT('',(-7.5,0.1159228772789,1.11365596941661));
#5479=CARTESIAN_POINT('Origin',(-7.5,-0.32435289966942,0.488900131554118));
#5480=CARTESIAN_POINT('',(-7.50089763779528,-0.32435289966942,0.488900131554118));
#5481=CARTESIAN_POINT('',(-7.35089763779528,-0.32435289966942,0.488900131554118));
#5482=CARTESIAN_POINT('',(-7.50089763779528,-0.218665112330448,0.851258259573451));
#5483=CARTESIAN_POINT('',(-7.50089763779528,-0.223086286202938,0.836099949153487));
#5484=CARTESIAN_POINT('',(-7.35089763779528,-0.218665112330448,0.851258259573451));
#5485=CARTESIAN_POINT('Origin',(-7.5,-0.245843367656912,0.466001518050469));
#5486=CARTESIAN_POINT('',(-7.50089763779528,-0.245843367656912,0.466001518050469));
#5487=CARTESIAN_POINT('',(-7.35089763779528,-0.245843367656912,0.466001518050469));
#5488=CARTESIAN_POINT('',(-7.50089763779528,0.0514022538861638,0.379304878433739));
#5489=CARTESIAN_POINT('Origin',(-7.5,-0.0604736392940437,0.746236930928452));
#5490=CARTESIAN_POINT('',(-7.50089763779528,-0.0604736392940437,0.746236930928452));
#5491=CARTESIAN_POINT('',(-7.35089763779528,-0.0604736392940437,0.746236930928452));
#5492=CARTESIAN_POINT('',(-7.50089763779528,0.0880066213582515,0.970704148502804));
#5493=CARTESIAN_POINT('Origin',(-7.5,0.0943646043972929,0.657368502330959));
#5494=CARTESIAN_POINT('',(-7.50089763779528,0.0943646043972929,0.657368502330959));
#5495=CARTESIAN_POINT('',(-7.35089763779528,0.0943646043972929,0.657368502330959));
#5496=CARTESIAN_POINT('',(-7.50089763779528,0.195018955835044,0.599598575273377));
#5497=CARTESIAN_POINT('Origin',(-7.5,0.255716162534777,0.451826185881544));
#5498=CARTESIAN_POINT('',(-7.50089763779528,0.255716162534777,0.451826185881544));
#5499=CARTESIAN_POINT('',(-7.35089763779528,0.255716162534777,0.451826185881544));
#5500=CARTESIAN_POINT('',(-7.50089763779528,0.182074160574602,0.5456371651221));
#5501=CARTESIAN_POINT('Origin',(-7.5,0.3320740207685,0.531426128060893));
#5502=CARTESIAN_POINT('',(-7.50089763779528,0.3320740207685,0.531426128060893));
#5503=CARTESIAN_POINT('',(-7.35089763779528,0.3320740207685,0.531426128060893));
#5504=CARTESIAN_POINT('',(-7.50089763779528,0.498371391840969,0.70478433150118));
#5505=CARTESIAN_POINT('Origin',(-7.5,0.214309722749737,0.783310876601025));
#5506=CARTESIAN_POINT('',(-7.50089763779528,0.214309722749737,0.783310876601025));
#5507=CARTESIAN_POINT('',(-7.35089763779528,0.214309722749737,0.783310876601025));
#5508=CARTESIAN_POINT('',(-7.50089763779528,0.20544724739639,0.802266726662349));
#5509=CARTESIAN_POINT('Origin',(-7.5,0.259016539590193,0.930516249124479));
#5510=CARTESIAN_POINT('',(-7.50089763779528,0.259016539590193,0.930516249124479));
#5511=CARTESIAN_POINT('',(-7.35089763779528,0.259016539590193,0.930516249124479));
#5512=CARTESIAN_POINT('',(-7.50089763779528,0.279206677583585,0.996995971785648));
#5513=CARTESIAN_POINT('Origin',(-7.5,0.561060155804984,0.930516249124479));
#5514=CARTESIAN_POINT('',(-7.50089763779528,0.561060155804984,0.930516249124479));
#5515=CARTESIAN_POINT('',(-7.35089763779528,0.561060155804984,0.930516249124479));
#5516=CARTESIAN_POINT('',(-7.50089763779528,0.556120629083594,0.930516249124479));
#5517=CARTESIAN_POINT('Origin',(-7.5,0.600000019148579,1.0000000319143));
#5518=CARTESIAN_POINT('',(-7.50089763779528,0.600000019148579,1.0000000319143));
#5519=CARTESIAN_POINT('',(-7.35089763779528,0.600000019148579,1.0000000319143));
#5520=CARTESIAN_POINT('',(-7.50089763779528,0.591395654639016,0.984646516434506));
#5521=CARTESIAN_POINT('Origin',(-7.5,0.565421796472345,1.04064767597536));
#5522=CARTESIAN_POINT('',(-7.50089763779528,0.565421796472345,1.04064767597536));
#5523=CARTESIAN_POINT('',(-7.5,0.565421796472345,1.04064767597536));
#5524=CARTESIAN_POINT('',(-7.50089763779528,0.57566888624693,1.0286019424014));
#5525=CARTESIAN_POINT('Origin',(-7.45089763779528,0.255716162534777,0.839370078740161));
#5526=CARTESIAN_POINT('',(-7.5,0.350792529109414,0.533009308764624));
#5527=CARTESIAN_POINT('',(-7.5,0.255716162534777,0.839370078740161));
#5528=CARTESIAN_POINT('',(-7.5,0.221748390761783,0.948823069947586));
#5529=CARTESIAN_POINT('',(-7.50089763779528,0.350792529109414,0.533009308764624));
#5530=CARTESIAN_POINT('',(-7.45089763779528,0.350792529109414,0.533009308764624));
#5531=CARTESIAN_POINT('',(-7.50089763779528,0.255716162534777,0.839370078740161));
#5532=CARTESIAN_POINT('',(-7.50089763779528,0.247798080210637,0.864884198441496));
#5533=CARTESIAN_POINT('',(-7.45089763779528,0.255716162534777,0.839370078740161));
#5534=CARTESIAN_POINT('Origin',(-7.45089763779528,0.275590551181108,0.509671037284171));
#5535=CARTESIAN_POINT('',(-7.5,0.217778026234466,0.456213349723646));
#5536=CARTESIAN_POINT('Origin',(-7.5,0.275590551181108,0.509671037284171));
#5537=CARTESIAN_POINT('',(-7.50089763779528,0.217778026234466,0.456213349723646));
#5538=CARTESIAN_POINT('',(-7.45089763779528,0.217778026234466,0.456213349723646));
#5539=CARTESIAN_POINT('Origin',(-7.50089763779528,0.275590551181108,0.509671037284171));
#5540=CARTESIAN_POINT('Origin',(-7.45089763779528,0.217778026234466,0.456213349723646));
#5541=CARTESIAN_POINT('',(-7.5,3.0733289928723E-15,0.691732283464567));
#5542=CARTESIAN_POINT('',(-7.5,0.0320578164395897,0.65706293285807));
#5543=CARTESIAN_POINT('',(-7.50089763779528,3.05966975290397E-15,0.691732283464567));
#5544=CARTESIAN_POINT('',(-7.45089763779528,3.05966975290397E-15,0.691732283464567));
#5545=CARTESIAN_POINT('',(-7.50089763779528,0.16232176062301,0.516187263400327));
#5546=CARTESIAN_POINT('Origin',(-7.45089763779528,3.05966975290397E-15,
0.691732283464567));
#5547=CARTESIAN_POINT('',(-7.5,-0.217778026234455,0.456213349723641));
#5548=CARTESIAN_POINT('',(-7.5,0.0768311966776464,0.774822399728532));
#5549=CARTESIAN_POINT('',(-7.50089763779528,-0.217778026234455,0.456213349723641));
#5550=CARTESIAN_POINT('',(-7.45089763779528,-0.217778026234455,0.456213349723641));
#5551=CARTESIAN_POINT('',(-7.50089763779528,0.200618948037658,0.908694304596976));
#5552=CARTESIAN_POINT('Origin',(-7.45089763779528,-0.275590551181098,0.509671037284166));
#5553=CARTESIAN_POINT('',(-7.5,-0.350792529109405,0.533009308764616));
#5554=CARTESIAN_POINT('Origin',(-7.5,-0.275590551181098,0.509671037284166));
#5555=CARTESIAN_POINT('',(-7.50089763779528,-0.350792529109405,0.533009308764616));
#5556=CARTESIAN_POINT('',(-7.45089763779528,-0.350792529109405,0.533009308764616));
#5557=CARTESIAN_POINT('Origin',(-7.50089763779528,-0.275590551181098,0.509671037284166));
#5558=CARTESIAN_POINT('Origin',(-7.45089763779528,-0.350792529109405,0.533009308764616));
#5559=CARTESIAN_POINT('',(-7.5,-0.255716162534774,0.839370078740156));
#5560=CARTESIAN_POINT('',(-7.5,-0.269286574049098,0.795642684959811));
#5561=CARTESIAN_POINT('',(-7.50089763779528,-0.255716162534774,0.839370078740156));
#5562=CARTESIAN_POINT('',(-7.45089763779528,-0.255716162534774,0.839370078740156));
#5563=CARTESIAN_POINT('',(-7.50089763779528,-0.246914663492644,0.867730796767485));
#5564=CARTESIAN_POINT('Origin',(-7.45089763779528,-0.255716162534774,0.839370078740157));
#5565=CARTESIAN_POINT('',(-7.5,-0.568570555343869,0.910211914974772));
#5566=CARTESIAN_POINT('',(-7.5,-0.151393386907541,0.815747533695586));
#5567=CARTESIAN_POINT('',(-7.50089763779528,-0.568570555343869,0.910211914974772));
#5568=CARTESIAN_POINT('',(-7.45089763779528,-0.568570555343869,0.910211914974772));
#5569=CARTESIAN_POINT('',(-7.50089763779528,0.112154999055247,0.756070405845041));
#5570=CARTESIAN_POINT('Origin',(-7.45089763779528,-0.551181102362205,0.987007874015749));
#5571=CARTESIAN_POINT('',(-7.5,-0.568570555343869,1.06380383305672));
#5572=CARTESIAN_POINT('Origin',(-7.5,-0.551181102362205,0.987007874015749));
#5573=CARTESIAN_POINT('',(-7.50089763779528,-0.568570555343869,1.06380383305672));
#5574=CARTESIAN_POINT('',(-7.45089763779528,-0.568570555343869,1.06380383305672));
#5575=CARTESIAN_POINT('Origin',(-7.50089763779528,-0.551181102362205,0.987007874015749));
#5576=CARTESIAN_POINT('Origin',(-7.45089763779528,-0.568570555343869,1.06380383305672));
#5577=CARTESIAN_POINT('',(-7.5,-0.255716162534775,1.13464566929134));
#5578=CARTESIAN_POINT('',(-7.5,-0.305022169381081,1.12348096090727));
#5579=CARTESIAN_POINT('',(-7.50089763779528,-0.255716162534775,1.13464566929134));
#5580=CARTESIAN_POINT('',(-7.45089763779528,-0.255716162534775,1.13464566929134));
#5581=CARTESIAN_POINT('',(-7.50089763779528,-0.0442721973493005,1.18252442406915));
#5582=CARTESIAN_POINT('Origin',(-7.45089763779528,-0.255716162534776,1.13464566929134));
#5583=CARTESIAN_POINT('',(-7.5,-0.350792529109411,1.44100643926688));
#5584=CARTESIAN_POINT('',(-7.5,-0.225426169654179,1.03704343778233));
#5585=CARTESIAN_POINT('',(-7.50089763779528,-0.350792529109411,1.44100643926688));
#5586=CARTESIAN_POINT('',(-7.45089763779528,-0.350792529109411,1.44100643926688));
#5587=CARTESIAN_POINT('',(-7.50089763779528,-0.199376480205327,0.953104566276237));
#5588=CARTESIAN_POINT('Origin',(-7.45089763779528,-0.275590551181105,1.46434471074733));
#5589=CARTESIAN_POINT('',(-7.5,-0.345795318359625,1.50000004787145));
#5590=CARTESIAN_POINT('Origin',(-7.5,-0.275590551181105,1.46434471074733));
#5591=CARTESIAN_POINT('',(-7.50089763779528,-0.345795318359625,1.50000004787145));
#5592=CARTESIAN_POINT('',(-7.45089763779528,-0.345795318359625,1.50000004787145));
#5593=CARTESIAN_POINT('Origin',(-7.50089763779528,-0.275590551181105,1.46434471074733));
#5594=CARTESIAN_POINT('Origin',(-7.45089763779528,0.568570555343869,0.910211914974772));
#5595=CARTESIAN_POINT('',(-7.5,0.568570555343869,0.910211914974772));
#5596=CARTESIAN_POINT('',(-7.5,0.307820583312089,0.851168451812893));
#5597=CARTESIAN_POINT('',(-7.50089763779528,0.568570555343869,0.910211914974772));
#5598=CARTESIAN_POINT('',(-7.50089763779528,0.568570555343869,0.910211914974772));
#5599=CARTESIAN_POINT('',(-7.45089763779528,0.568570555343869,0.910211914974772));
#5600=CARTESIAN_POINT('Origin',(-7.45089763779528,0.551181102362205,0.987007874015749));
#5601=CARTESIAN_POINT('',(-7.5,0.568570555343869,1.06380383305672));
#5602=CARTESIAN_POINT('Origin',(-7.5,0.551181102362205,0.987007874015749));
#5603=CARTESIAN_POINT('',(-7.50089763779528,0.568570555343869,1.06380383305672));
#5604=CARTESIAN_POINT('Origin',(-7.50089763779528,0.551181102362205,0.987007874015749));
#5605=CARTESIAN_POINT('',(-7.45089763779528,0.568570555343869,1.06380383305672));
#5606=CARTESIAN_POINT('Origin',(-7.45089763779528,0.255716162534775,1.13464566929134));
#5607=CARTESIAN_POINT('',(-7.5,0.255716162534775,1.13464566929134));
#5608=CARTESIAN_POINT('',(-7.5,0.148594972976534,1.15890187902458));
#5609=CARTESIAN_POINT('',(-7.50089763779528,0.255716162534775,1.13464566929134));
#5610=CARTESIAN_POINT('',(-7.50089763779528,0.412143358939322,1.09922475117403));
#5611=CARTESIAN_POINT('',(-7.45089763779528,0.255716162534775,1.13464566929134));
#5612=CARTESIAN_POINT('Origin',(-7.45089763779528,0.350792529109408,1.44100643926688));
#5613=CARTESIAN_POINT('',(-7.5,0.350792529109408,1.44100643926688));
#5614=CARTESIAN_POINT('',(-7.5,0.272964352941495,1.1902238227701));
#5615=CARTESIAN_POINT('',(-7.50089763779528,0.350792529109408,1.44100643926688));
#5616=CARTESIAN_POINT('',(-7.50089763779528,0.295336263497951,1.26231193457777));
#5617=CARTESIAN_POINT('',(-7.45089763779528,0.350792529109408,1.44100643926688));
#5618=CARTESIAN_POINT('Origin',(-7.45089763779528,0.275590551181101,1.46434471074733));
#5619=CARTESIAN_POINT('',(-7.5,0.345795318359622,1.50000004787145));
#5620=CARTESIAN_POINT('Origin',(-7.5,0.275590551181101,1.46434471074733));
#5621=CARTESIAN_POINT('',(-7.50089763779528,0.345795318359622,1.50000004787145));
#5622=CARTESIAN_POINT('Origin',(-7.50089763779528,0.275590551181101,1.46434471074733));
#5623=CARTESIAN_POINT('',(-7.45089763779528,0.345795318359622,1.50000004787145));
#5624=CARTESIAN_POINT('Origin',(-7.45089763779528,-1.07088441351639E-15,
1.28228346456693));
#5625=CARTESIAN_POINT('',(-7.5,0.201316671392221,1.50000004787145));
#5626=CARTESIAN_POINT('',(-7.5,-1.0073689476637E-15,1.28228346456693));
#5627=CARTESIAN_POINT('',(-7.5,-0.0703550038542421,1.20619711289226));
#5628=CARTESIAN_POINT('',(-7.50089763779528,0.201316671392221,1.50000004787145));
#5629=CARTESIAN_POINT('',(-7.45089763779528,0.201316671392221,1.50000004787145));
#5630=CARTESIAN_POINT('',(-7.50089763779528,-1.04902962956708E-15,1.28228346456693));
#5631=CARTESIAN_POINT('',(-7.50089763779528,0.0534327475057711,1.34006901776071));
#5632=CARTESIAN_POINT('',(-7.45089763779528,-1.04902962956708E-15,1.28228346456693));
#5633=CARTESIAN_POINT('Origin',(-7.45089763779528,-0.201316671392226,1.50000004787145));
#5634=CARTESIAN_POINT('',(-7.5,-0.201316671392226,1.50000004787145));
#5635=CARTESIAN_POINT('',(-7.5,-0.0385340092629902,1.32395657976273));
#5636=CARTESIAN_POINT('',(-7.50089763779528,-0.201316671392226,1.50000004787145));
#5637=CARTESIAN_POINT('',(-7.50089763779528,0.0917299349204279,1.18308091030498));
#5638=CARTESIAN_POINT('',(-7.45089763779528,-0.201316671392226,1.50000004787145));
#5639=CARTESIAN_POINT('Origin',(-7.50089763779528,0.551181102362205,0.987007874015749));
#5640=CARTESIAN_POINT('',(-7.50089763779528,0.0255905432025279,1.50000004787145));
#5641=CARTESIAN_POINT('',(-7.50089763779528,0.0255905432025279,1.50000004787145));
#5642=CARTESIAN_POINT('',(-7.50089763779528,0.20000000638286,1.10000003510573));
#5643=CARTESIAN_POINT('',(-7.50089763779528,0.380017731048813,1.07076128434161));
#5644=CARTESIAN_POINT('',(-7.50089763779528,0.326621969934298,1.48880625454676));
#5645=CARTESIAN_POINT('',(-7.50089763779528,0.263513634069869,1.29502539067084));
#5646=CARTESIAN_POINT('',(-7.50089763779528,0.231756285419183,1.48880625454676));
#5647=CARTESIAN_POINT('',(-7.50089763779528,0.391468693890694,1.48880625454676));
#5648=CARTESIAN_POINT('',(-7.50089763779528,-0.0192896860695331,1.20949349642534));
#5649=CARTESIAN_POINT('',(-7.50089763779528,0.0528624416140036,1.28976966922393));
#5650=CARTESIAN_POINT('',(-7.50089763779528,-0.198955730482774,1.4789925630452));
#5651=CARTESIAN_POINT('',(-7.50089763779528,0.0299848643463268,1.13558167080155));
#5652=CARTESIAN_POINT('',(-7.50089763779528,-0.2698323913274,1.49861994604833));
#5653=CARTESIAN_POINT('',(-7.50089763779528,0.177229395341835,1.37481822050915));
#5654=CARTESIAN_POINT('',(-7.50089763779528,-0.328714540336782,1.45936518004207));
#5655=CARTESIAN_POINT('',(-7.50089763779528,-0.133140811562438,1.58974766589164));
#5656=CARTESIAN_POINT('',(-7.50089763779528,-0.183689988147009,1.09407777415054));
#5657=CARTESIAN_POINT('',(-7.50089763779528,-0.115299998921356,0.921817274973142));
#5658=CARTESIAN_POINT('',(-7.50089763779528,-0.568570555343869,1.03410521497432));
#5659=CARTESIAN_POINT('',(-7.50089763779528,-0.0255488139248249,1.11871952470269));
#5660=CARTESIAN_POINT('',(-7.50089763779528,-0.58571352032987,0.934371630545163));
#5661=CARTESIAN_POINT('',(-7.50089763779528,-0.565006585234373,1.05483952284397));
#5662=CARTESIAN_POINT('',(-7.50089763779528,0.132864385102087,0.771658945447955));
#5663=CARTESIAN_POINT('Origin',(-7.5,-0.218665112330448,0.851258259573451));
#5664=CARTESIAN_POINT('',(-7.35089763779528,-0.58571352032987,0.934371630545163));
#5665=CARTESIAN_POINT('Origin',(-6.85000003604438,-0.144748371906789,4.70115902291913));
#5666=CARTESIAN_POINT('',(-6.85000003604438,-0.0697573256842508,4.7000001499972));
#5667=CARTESIAN_POINT('',(-6.85000003604438,-0.219739418129327,4.7000001499972));
#5668=CARTESIAN_POINT('',(-6.85000003604438,0.500000015957149,4.7000001499972));
#5669=CARTESIAN_POINT('Origin',(-6.85000003604438,-0.144748371906789,4.70115902291913));
#5670=CARTESIAN_POINT('Origin',(-7.05000003604438,-0.144748371906789,4.70115902291913));
#5671=CARTESIAN_POINT('',(-7.05000003604438,-0.0697483719067888,4.70115902291913));
#5672=CARTESIAN_POINT('Origin',(-7.05000003604438,-0.144748371906789,4.70115902291913));
#5673=CARTESIAN_POINT('',(-6.85000003604438,-0.0697483719067888,4.70115902291913));
#5674=CARTESIAN_POINT('',(-7.05000003604438,-0.0697483719067888,4.70115902291913));
#5675=CARTESIAN_POINT('Origin',(-6.85000003604438,-0.144748371906789,4.70115902291913));
#5676=CARTESIAN_POINT('Origin',(-6.85000003604438,-0.144748371906789,4.70115902291913));
#5677=CARTESIAN_POINT('Origin',(-7.05000003604438,0.14832149255888,6.70341233694858));
#5678=CARTESIAN_POINT('',(-7.05000003604438,0.22332149255888,6.70341233694858));
#5679=CARTESIAN_POINT('Origin',(-7.05000003604438,0.14832149255888,6.70341233694858));
#5680=CARTESIAN_POINT('',(-6.85000003604438,0.22332149255888,6.70341233694858));
#5681=CARTESIAN_POINT('',(-7.05000003604438,0.22332149255888,6.70341233694858));
#5682=CARTESIAN_POINT('Origin',(-6.85000003604438,0.14832149255888,6.70341233694858));
#5683=CARTESIAN_POINT('Origin',(-6.85000003604438,0.14832149255888,4.70115902291913));
#5684=CARTESIAN_POINT('',(-6.85000003604438,0.223312538781419,4.7000001499972));
#5685=CARTESIAN_POINT('',(-6.85000003604438,0.0733304463363422,4.7000001499972));
#5686=CARTESIAN_POINT('',(-6.85000003604438,0.500000015957149,4.7000001499972));
#5687=CARTESIAN_POINT('Origin',(-6.85000003604438,0.14832149255888,4.70115902291913));
#5688=CARTESIAN_POINT('Origin',(-7.05000003604438,0.14832149255888,4.70115902291913));
#5689=CARTESIAN_POINT('',(-7.05000003604438,0.223321492558881,4.70115902291913));
#5690=CARTESIAN_POINT('Origin',(-7.05000003604438,0.14832149255888,4.70115902291913));
#5691=CARTESIAN_POINT('',(-6.85000003604438,0.223321492558881,4.70115902291913));
#5692=CARTESIAN_POINT('',(-7.05000003604438,0.223321492558881,4.70115902291913));
#5693=CARTESIAN_POINT('Origin',(-6.85000003604438,0.14832149255888,4.70115902291913));
#5694=CARTESIAN_POINT('Origin',(-6.85000003604438,0.14832149255888,4.70115902291913));
#5695=CARTESIAN_POINT('Origin',(-7.05000003604438,-0.144748371906789,6.70341233694858));
#5696=CARTESIAN_POINT('',(-7.05000003604438,-0.0697483719067889,6.70341233694858));
#5697=CARTESIAN_POINT('Origin',(-7.05000003604438,-0.144748371906789,6.70341233694858));
#5698=CARTESIAN_POINT('',(-6.85000003604438,-0.0697483719067889,6.70341233694858));
#5699=CARTESIAN_POINT('',(-7.05000003604438,-0.0697483719067889,6.70341233694858));
#5700=CARTESIAN_POINT('Origin',(-6.85000003604438,-0.144748371906789,6.70341233694858));
#5701=CARTESIAN_POINT('Origin',(-7.05000003604438,0.,4.75500004373373));
#5702=CARTESIAN_POINT('',(-7.05000003604438,0.391817488014172,4.90728586188863));
#5703=CARTESIAN_POINT('',(-7.05000003604438,-0.400000012765719,4.90728586188863));
#5704=CARTESIAN_POINT('',(-7.05000003604438,-0.20000000638286,4.90728586188863));
#5705=CARTESIAN_POINT('',(-7.05000003604438,0.391817488014171,4.9099999406617));
#5706=CARTESIAN_POINT('',(-7.05000003604438,0.391817488014171,4.87436697573617));
#5707=CARTESIAN_POINT('',(-7.05000003604438,0.400000012765719,4.9099999406617));
#5708=CARTESIAN_POINT('',(-7.05000003604438,-0.399999995165922,4.9099999406617));
#5709=CARTESIAN_POINT('',(-7.05000003604438,0.400000012765719,4.60000014680577));
#5710=CARTESIAN_POINT('',(-7.05000003604438,0.400000012765719,4.9099999406617));
#5711=CARTESIAN_POINT('',(-7.05000003604438,-0.400000012765719,4.60000014680577));
#5712=CARTESIAN_POINT('',(-7.05000003604438,-0.400000012765719,4.60000014680577));
#5713=CARTESIAN_POINT('',(-7.05000003604438,-0.399999995165922,4.7000001499972));
#5714=CARTESIAN_POINT('Origin',(-7.25000003604438,0.400000012765719,4.60000014680577));
#5715=CARTESIAN_POINT('',(-7.5,-0.400000012765719,4.60000014680577));
#5716=CARTESIAN_POINT('',(-7.5,0.400000012765719,4.60000014680577));
#5717=CARTESIAN_POINT('',(-7.5,0.20000000638286,4.60000014680577));
#5718=CARTESIAN_POINT('',(-7.25000003604438,-0.400000012765719,4.60000014680577));
#5719=CARTESIAN_POINT('',(-7.25000003604438,0.400000012765719,4.60000014680577));
#5720=CARTESIAN_POINT('Origin',(-7.25000003604438,0.400000012765719,4.9099999406617));
#5721=CARTESIAN_POINT('',(-7.5,0.400000012765719,4.9099999406617));
#5722=CARTESIAN_POINT('',(-7.5,0.400000012765719,2.95499997033085));
#5723=CARTESIAN_POINT('',(-7.25000003604438,0.400000012765719,4.9099999406617));
#5724=CARTESIAN_POINT('Origin',(-7.25000003604438,-0.399999995165922,4.9099999406617));
#5725=CARTESIAN_POINT('',(-7.50000003604438,0.391817488014171,4.9099999406617));
#5726=CARTESIAN_POINT('',(-7.40000003604438,0.391817488014171,4.9099999406617));
#5727=CARTESIAN_POINT('',(-7.5,-0.199999997582961,4.9099999406617));
#5728=CARTESIAN_POINT('Origin',(-7.05000003604438,-0.00409126237577433,
6.64819889395926));
#5729=CARTESIAN_POINT('',(-7.05000003604438,-0.40000001276572,6.50309505363131));
#5730=CARTESIAN_POINT('',(-7.05000003604438,0.391817488014171,6.50309505363131));
#5731=CARTESIAN_POINT('',(-7.05000003604438,0.193863112819199,6.50309505363131));
#5732=CARTESIAN_POINT('',(-7.05000003604438,-0.400000012765719,6.5937339077386));
#5733=CARTESIAN_POINT('',(-7.05000003604438,-0.400000012765719,6.62096640084893));
#5734=CARTESIAN_POINT('',(-7.05000003604438,-0.40000001276572,6.79330273428721));
#5735=CARTESIAN_POINT('',(-7.05000003604438,-0.40000001276572,6.79330273428721));
#5736=CARTESIAN_POINT('',(-7.05000003604438,0.391817488014171,6.79330273428721));
#5737=CARTESIAN_POINT('',(-7.05000003604438,0.391817488014171,6.79330273428721));
#5738=CARTESIAN_POINT('',(-7.05000003604438,0.391817488014171,6.50309505363131));
#5739=CARTESIAN_POINT('Origin',(-7.25000003604438,-0.40000001276572,6.50309505363131));
#5740=CARTESIAN_POINT('',(-7.25000003604438,-0.400000012765719,6.5937339077386));
#5741=CARTESIAN_POINT('',(-7.40000003604438,-0.400000012765719,6.5937339077386));
#5742=CARTESIAN_POINT('',(-7.25000003604438,-0.40000001276572,6.79330273428721));
#5743=CARTESIAN_POINT('',(-7.25000003604438,-0.40000001276572,6.59819889236354));
#5744=CARTESIAN_POINT('',(-7.25000003604438,-0.40000001276572,6.79330273428721));
#5745=CARTESIAN_POINT('Origin',(-7.5,-0.400000012765719,4.90728586188863));
#5746=CARTESIAN_POINT('',(-6.85000003604438,-0.400000012765719,4.90728586188863));
#5747=CARTESIAN_POINT('',(-7.5,-0.400000012765719,4.90728586188863));
#5748=CARTESIAN_POINT('',(-6.85000003604438,0.391817488014172,4.90728586188863));
#5749=CARTESIAN_POINT('',(-6.85000003604438,-0.175000005585002,4.90728586188863));
#5750=CARTESIAN_POINT('',(-7.5,0.391817488014172,4.90728586188863));
#5751=CARTESIAN_POINT('Origin',(-5.95000003604438,-0.400000012765719,4.7000001499972));
#5752=CARTESIAN_POINT('',(-7.5,-0.400000012765719,4.9937339077386));
#5753=CARTESIAN_POINT('',(-7.5,-0.400000012765719,3.00000009574289));
#5754=CARTESIAN_POINT('',(-6.25,-0.400000012765719,4.9937339077386));
#5755=CARTESIAN_POINT('',(-6.75000003604438,-0.400000012765719,4.9937339077386));
#5756=CARTESIAN_POINT('',(-6.25,-0.400000012765719,4.74571295531651));
#5757=CARTESIAN_POINT('',(-6.25,-0.400000012765719,4.65000014840149));
#5758=CARTESIAN_POINT('',(-6.5,-0.400000012765719,4.74571295531651));
#5759=CARTESIAN_POINT('',(-5.95000003604438,-0.400000012765719,4.74571295531651));
#5760=CARTESIAN_POINT('',(-6.5,-0.400000012765719,4.00000012765719));
#5761=CARTESIAN_POINT('',(-6.5,-0.400000012765719,4.65000014840149));
#5762=CARTESIAN_POINT('',(-6.6,-0.400000012765719,4.00000012765719));
#5763=CARTESIAN_POINT('',(-7.5,-0.400000012765719,4.00000012765719));
#5764=CARTESIAN_POINT('',(-6.6,-0.400000012765719,4.7000001499972));
#5765=CARTESIAN_POINT('',(-6.6,-0.400000012765719,4.36033067697032));
#5766=CARTESIAN_POINT('',(-6.85000003604438,-0.400000012765719,4.7000001499972));
#5767=CARTESIAN_POINT('',(-5.95000003604438,-0.400000012765719,4.7000001499972));
#5768=CARTESIAN_POINT('',(-6.85000003604438,-0.400000012765719,4.7000001499972));
#5769=CARTESIAN_POINT('Origin',(-7.25000003604438,-0.400000012765719,6.5937339077386));
#5770=CARTESIAN_POINT('',(-6.85000003604438,-0.400000012765719,6.50309505363131));
#5771=CARTESIAN_POINT('',(-7.37500001802219,-0.400000012765719,6.50309505363131));
#5772=CARTESIAN_POINT('',(-6.85000003604438,-0.400000012765719,6.5937339077386));
#5773=CARTESIAN_POINT('',(-6.85000003604438,-0.400000012765719,6.5937339077386));
#5774=CARTESIAN_POINT('',(-7.40000003604438,-0.400000012765719,6.5937339077386));
#5775=CARTESIAN_POINT('Origin',(-7.5,0.391817488014172,6.50309505363131));
#5776=CARTESIAN_POINT('',(-6.85000003604438,0.391817488014172,6.50309505363131));
#5777=CARTESIAN_POINT('',(-7.5,0.391817488014172,6.50309505363131));
#5778=CARTESIAN_POINT('',(-6.85000003604438,0.220908744804943,6.50309505363131));
#5779=CARTESIAN_POINT('Origin',(-6.00000019148579,0.651581995893251,6.74081230920915));
#5780=CARTESIAN_POINT('',(-6.00000019148579,0.584128597635949,6.77426246286293));
#5781=CARTESIAN_POINT('',(-6.00000019148579,0.748554922730125,6.60404825208012));
#5782=CARTESIAN_POINT('Ctrl Pts',(-6.00000019148579,0.584128597635948,6.77426246286293));
#5783=CARTESIAN_POINT('Ctrl Pts',(-6.00000019148579,0.645862354771621,6.72473971812209));
#5784=CARTESIAN_POINT('Ctrl Pts',(-6.00000019148579,0.701161764521637,6.66757950055835));
#5785=CARTESIAN_POINT('Ctrl Pts',(-6.00000019148579,0.748554922730124,6.60404825208012));
#5786=CARTESIAN_POINT('',(-6.00000019148579,0.58412859763595,6.90930890128698));
#5787=CARTESIAN_POINT('',(-6.00000019148579,0.58412859763595,6.87040626630462));
#5788=CARTESIAN_POINT('',(-6.00000019148579,0.748554922730125,6.69318921030903));
#5789=CARTESIAN_POINT('Origin',(-6.00000019148579,-0.00144510120559818,
6.29318919754331));
#5790=CARTESIAN_POINT('',(-6.00000019148579,0.748554922730125,6.64200075736552));
#5791=CARTESIAN_POINT('Origin',(-7.55000003604438,-0.00144510120559799,
6.29318919754331));
#5792=CARTESIAN_POINT('',(-6.05100003604438,0.58412859763595,6.90930890128698));
#5793=CARTESIAN_POINT('',(-6.05000003604438,0.58412859763595,6.90930890128698));
#5794=CARTESIAN_POINT('',(-6.05100003604438,0.500000015957149,6.97952209096297));
#5795=CARTESIAN_POINT('Origin',(-6.05100003604438,-0.00144510120559817,
6.29318919754331));
#5796=CARTESIAN_POINT('',(-6.85000003604438,0.500000015957149,6.97952209096297));
#5797=CARTESIAN_POINT('',(-7.55000003604438,0.500000015957149,6.97952209096297));
#5798=CARTESIAN_POINT('',(-6.85000003604438,0.470697059423438,7.00000022340009));
#5799=CARTESIAN_POINT('Origin',(-6.85000003604438,-0.00144510120559807,
6.29318919754331));
#5800=CARTESIAN_POINT('',(-6.30000003604438,0.470697059423438,7.00000022340009));
#5801=CARTESIAN_POINT('',(-7.55000003604438,0.470697059423438,7.00000022340009));
#5802=CARTESIAN_POINT('',(-6.30000003604438,-0.473587261834634,7.00000022340009));
#5803=CARTESIAN_POINT('Origin',(-6.30000003604438,-0.00144510120559814,
6.29318919754331));
#5804=CARTESIAN_POINT('',(-6.25,-0.473587261834634,7.00000022340009));
#5805=CARTESIAN_POINT('',(-7.55000003604438,-0.473587261834634,7.00000022340009));
#5806=CARTESIAN_POINT('',(-6.25,-0.500000015957149,6.98162441097536));
#5807=CARTESIAN_POINT('Origin',(-6.25,-0.00144510120559814,6.29318919754331));
#5808=CARTESIAN_POINT('',(-6.05100003604438,-0.500000015957149,6.98162441097536));
#5809=CARTESIAN_POINT('',(-7.55000003604438,-0.500000015957149,6.98162441097536));
#5810=CARTESIAN_POINT('',(-6.00000019148579,-0.500000015957149,6.98162441097536));
#5811=CARTESIAN_POINT('',(-7.55000003604438,-0.500000015957149,6.98162441097536));
#5812=CARTESIAN_POINT('',(-6.00000019148579,-0.751445125141322,6.69318921030903));
#5813=CARTESIAN_POINT('Origin',(-6.00000019148579,-0.00144510120559818,
6.29318919754331));
#5814=CARTESIAN_POINT('',(-7.50000003604438,-0.751445125141321,6.69318921030903));
#5815=CARTESIAN_POINT('',(-7.55000003604438,-0.751445125141321,6.69318921030903));
#5816=CARTESIAN_POINT('',(-7.50000003604438,0.748554922730125,6.69318921030903));
#5817=CARTESIAN_POINT('Origin',(-7.50000003604438,-0.00144510120559799,
6.29318919754331));
#5818=CARTESIAN_POINT('',(-7.55000003604438,0.748554922730125,6.69318921030903));
#5819=CARTESIAN_POINT('Origin',(-5.95000003604438,0.58412859763595,7.00000022340009));
#5820=CARTESIAN_POINT('',(-6.05000003604438,0.584128597635949,6.77426246286293));
#5821=CARTESIAN_POINT('',(-6.05000003604438,0.584128597635949,6.77426246286293));
#5822=CARTESIAN_POINT('',(-6.05100003604438,0.58412859763595,6.77200697529046));
#5823=CARTESIAN_POINT('Ctrl Pts',(-6.05000003604438,0.584101337297581,6.77423435982985));
#5824=CARTESIAN_POINT('Ctrl Pts',(-6.05033338387992,0.584101263895451,6.7734824519928));
#5825=CARTESIAN_POINT('Ctrl Pts',(-6.05066671705349,0.584101190998615,6.7727305506172));
#5826=CARTESIAN_POINT('Ctrl Pts',(-6.05100003604438,0.584101118256853,6.77197865490456));
#5827=CARTESIAN_POINT('',(-6.05100003604438,0.58412859763595,7.00000022340009));
#5828=CARTESIAN_POINT('Origin',(-6.00000019148579,-0.622268559442732,6.78229071181447));
#5829=CARTESIAN_POINT('',(-6.00000019148579,-0.500000015957149,6.84831771616254));
#5830=CARTESIAN_POINT('',(-6.00000019148579,-0.500000015957149,4.1107677004175));
#5831=CARTESIAN_POINT('',(-6.00000019148579,-0.751445125141322,6.62936332321419));
#5832=CARTESIAN_POINT('Ctrl Pts',(-6.00000019148579,-0.751445125141321,
6.62936332321419));
#5833=CARTESIAN_POINT('Ctrl Pts',(-6.00000019148579,-0.686361868852766,
6.71061523121347));
#5834=CARTESIAN_POINT('Ctrl Pts',(-6.00000019148579,-0.608029310936339,
6.78046404635756));
#5835=CARTESIAN_POINT('Ctrl Pts',(-6.00000019148579,-0.519846614616244,
6.83612878726829));
#5836=CARTESIAN_POINT('Ctrl Pts',(-6.00000019148579,-0.513278111807347,
6.84027511100624));
#5837=CARTESIAN_POINT('Ctrl Pts',(-6.00000019148579,-0.506662020200202,
6.84433828438335));
#5838=CARTESIAN_POINT('Ctrl Pts',(-6.00000019148579,-0.500000015957148,
6.84831771616254));
#5839=CARTESIAN_POINT('',(-6.00000019148579,-0.751445125141322,6.73773996106175));
#5840=CARTESIAN_POINT('Origin',(-7.55000003604438,-0.751445125141321,6.69318921030903));
#5841=CARTESIAN_POINT('',(-6.05000003604438,-0.751445125141322,6.62936332321419));
#5842=CARTESIAN_POINT('',(-6.05000003604438,-0.751445125141322,6.62936332321419));
#5843=CARTESIAN_POINT('',(-6.08655623681865,-0.751445125141322,6.54318920552188));
#5844=CARTESIAN_POINT('Ctrl Pts',(-6.05000003604443,-0.751440267126294,
6.62935853429232));
#5845=CARTESIAN_POINT('Ctrl Pts',(-6.06222130121658,-0.751442663838022,
6.60065277253587));
#5846=CARTESIAN_POINT('Ctrl Pts',(-6.0744153734645,-0.751444888984586,6.57191281488529));
#5847=CARTESIAN_POINT('Ctrl Pts',(-6.08655623681865,-0.751445125141319,
6.54318920552188));
#5848=CARTESIAN_POINT('',(-7.50000003604438,-0.751445125141321,6.54318920552188));
#5849=CARTESIAN_POINT('',(-7.55000003604438,-0.751445125141321,6.54318920552188));
#5850=CARTESIAN_POINT('',(-7.50000003604438,-0.751445125141321,6.3297639715057));
#5851=CARTESIAN_POINT('Origin',(-6.6,-0.00409126237577354,3.54022047152593));
#5852=CARTESIAN_POINT('',(-6.6,0.391817488014172,4.00000012765719));
#5853=CARTESIAN_POINT('',(-6.6,0.247954376790688,4.00000012765719));
#5854=CARTESIAN_POINT('',(-6.6,0.391817488014172,4.7000001499972));
#5855=CARTESIAN_POINT('',(-6.6,0.391817488014172,2.72011026608155));
#5856=CARTESIAN_POINT('',(-6.6,0.247954376790688,4.7000001499972));
#5857=CARTESIAN_POINT('Origin',(-7.5,-0.400000012765719,1.90000006063717));
#5858=CARTESIAN_POINT('',(-6.05100003604438,-0.400000012765719,1.90000006063717));
#5859=CARTESIAN_POINT('',(-6.05100003604438,0.391817488014172,1.90000006063717));
#5860=CARTESIAN_POINT('',(-6.05100003604438,-0.178967860963159,1.90000006063717));
#5861=CARTESIAN_POINT('',(-6.,-0.400000012765719,1.90000006063717));
#5862=CARTESIAN_POINT('',(-7.5,-0.400000012765719,1.90000006063717));
#5863=CARTESIAN_POINT('',(-6.,0.391817488014172,1.90000006063717));
#5864=CARTESIAN_POINT('',(-6.,-0.400000012765719,1.90000006063717));
#5865=CARTESIAN_POINT('',(-7.5,0.391817488014172,1.90000006063717));
#5866=CARTESIAN_POINT('Origin',(-7.5,0.391817488014172,1.90000006063717));
#5867=CARTESIAN_POINT('',(-6.5,0.391817488014172,4.00000012765719));
#5868=CARTESIAN_POINT('',(-7.5,0.391817488014172,4.00000012765719));
#5869=CARTESIAN_POINT('',(-6.5,0.391817488014172,4.7000001499972));
#5870=CARTESIAN_POINT('',(-6.5,0.391817488014172,3.25000010372147));
#5871=CARTESIAN_POINT('',(-6.72500001802219,0.391817488014172,4.7000001499972));
#5872=CARTESIAN_POINT('Origin',(-7.5,0.500000015957149,4.00000012765719));
#5873=CARTESIAN_POINT('',(-6.5,-0.500000015957149,4.00000012765719));
#5874=CARTESIAN_POINT('',(-6.5,0.250000007978574,4.00000012765719));
#5875=CARTESIAN_POINT('',(-7.3,-0.500000015957149,4.00000012765719));
#5876=CARTESIAN_POINT('',(-7.5,-0.500000015957149,4.00000012765719));
#5877=CARTESIAN_POINT('',(-7.3,0.500000015957149,4.00000012765719));
#5878=CARTESIAN_POINT('',(-7.3,0.250000007978574,4.00000012765719));
#5879=CARTESIAN_POINT('',(-6.5,0.500000015957149,4.00000012765719));
#5880=CARTESIAN_POINT('',(-7.5,0.500000015957149,4.00000012765719));
#5881=CARTESIAN_POINT('',(-6.5,0.250000007978574,4.00000012765719));
#5882=CARTESIAN_POINT('Origin',(-6.5,0.,4.60000014680577));
#5883=CARTESIAN_POINT('',(-6.5,-0.500000015957149,4.74571295531651));
#5884=CARTESIAN_POINT('',(-6.5,0.293381926768916,4.74571295531651));
#5885=CARTESIAN_POINT('',(-6.5,-0.500000015957149,5.90000018829436));
#5886=CARTESIAN_POINT('Origin',(-6.05100003604438,0.0420642908394003,4.24747805016381));
#5887=CARTESIAN_POINT('',(-6.05100003604438,-0.400000012765719,4.9937339077386));
#5888=CARTESIAN_POINT('',(-6.05100003604438,-0.400000012765719,4.6206059789512));
#5889=CARTESIAN_POINT('',(-6.05100003604438,0.391817488014172,6.50309505363131));
#5890=CARTESIAN_POINT('',(-6.05100003604438,0.391817488014172,4.57738195602622));
#5891=CARTESIAN_POINT('',(-6.05100003604438,-0.408182537517266,6.50309505363131));
#5892=CARTESIAN_POINT('',(-6.05100003604438,0.216940889426786,6.50309505363131));
#5893=CARTESIAN_POINT('',(-6.05100003604438,-0.408182537517266,5.));
#5894=CARTESIAN_POINT('',(-6.05100003604438,-0.408182537517266,5.37528655189756));
#5895=CARTESIAN_POINT('',(-6.05100003604438,-0.500000015957149,5.));
#5896=CARTESIAN_POINT('',(-6.05100003604438,0.271032153398275,5.));
#5897=CARTESIAN_POINT('',(-6.05100003599331,-0.500000015957149,6.84615956195184));
#5898=CARTESIAN_POINT('',(-6.05100003604438,-0.500000015957149,1.43924468902054));
#5899=CARTESIAN_POINT('',(-6.05100003604438,-0.500000015957149,1.43924468902054));
#5900=CARTESIAN_POINT('',(-6.05100003604438,-0.500000015957149,7.00000022340009));
#5901=CARTESIAN_POINT('',(-6.05100003604438,-0.500000015957149,1.43924468902054));
#5902=CARTESIAN_POINT('',(-6.05100003604438,0.500000015957149,7.00000022340009));
#5903=CARTESIAN_POINT('',(-6.05100003604438,0.271032153398275,7.00000022340009));
#5904=CARTESIAN_POINT('',(-6.05100003604438,0.500000015957149,3.1237390569962));
#5905=CARTESIAN_POINT('',(-6.05100003604438,0.500000015957149,6.83226665808727));
#5906=CARTESIAN_POINT('Ctrl Pts',(-6.05100003604438,0.584128597635949,6.77200697529046));
#5907=CARTESIAN_POINT('Ctrl Pts',(-6.05100003604438,0.557216392728886,6.79361565481383));
#5908=CARTESIAN_POINT('Ctrl Pts',(-6.05100003604438,0.529128972096274,6.81373128787258));
#5909=CARTESIAN_POINT('Ctrl Pts',(-6.05100003604438,0.500000015957149,6.83226665808727));
#5910=CARTESIAN_POINT('',(-6.05100003604438,0.500000015957149,1.50000004787145));
#5911=CARTESIAN_POINT('',(-6.05100003604438,0.500000015957149,3.1237390569962));
#5912=CARTESIAN_POINT('',(-6.05100003604438,-0.228967862558874,1.50000004787145));
#5913=CARTESIAN_POINT('',(-6.05100003604438,-0.228967862558874,1.50000004787145));
#5914=CARTESIAN_POINT('',(-6.05100003604438,-0.500000015957149,1.50000004787145));
#5915=CARTESIAN_POINT('',(-6.05100003604438,-0.228967862558874,1.50000004787145));
#5916=CARTESIAN_POINT('',(-6.05100003604438,-0.500000015957149,4.80000015318863));
#5917=CARTESIAN_POINT('',(-6.05100003604438,-0.500000015957149,3.1237390569962));
#5918=CARTESIAN_POINT('',(-6.05100003604438,-0.408182537517267,4.80000015318863));
#5919=CARTESIAN_POINT('',(-6.05100003604438,-0.378967867346019,4.80000015318863));
#5920=CARTESIAN_POINT('',(-6.05100003604438,-0.408182537517266,4.9937339077386));
#5921=CARTESIAN_POINT('',(-6.05100003604438,-0.408182537517266,4.62039036350264));
#5922=CARTESIAN_POINT('',(-6.05100003604438,-0.183059123338933,4.9937339077386));
#5923=CARTESIAN_POINT('Origin',(-7.5,0.391817488014172,4.90728586188863));
#5924=CARTESIAN_POINT('',(-6.,0.391817488014172,6.50309505363131));
#5925=CARTESIAN_POINT('',(-6.,0.391817488014172,4.90728586188863));
#5926=CARTESIAN_POINT('',(-7.5,0.391817488014172,6.50309505363131));
#5927=CARTESIAN_POINT('Origin',(-7.5,0.391817488014172,6.50309505363131));
#5928=CARTESIAN_POINT('',(-6.,-0.408182537517266,6.50309505363131));
#5929=CARTESIAN_POINT('',(-6.,0.391817488014172,6.50309505363131));
#5930=CARTESIAN_POINT('',(-7.5,-0.408182537517266,6.50309505363131));
#5931=CARTESIAN_POINT('Origin',(-7.5,-0.400000012765719,4.9937339077386));
#5932=CARTESIAN_POINT('',(-6.,-0.400000012765719,4.9937339077386));
#5933=CARTESIAN_POINT('',(-7.5,-0.400000012765719,4.9937339077386));
#5934=CARTESIAN_POINT('',(-6.,-0.400000012765719,5.1804408824147));
#5935=CARTESIAN_POINT('Origin',(-7.5,-0.408182537517266,4.9937339077386));
#5936=CARTESIAN_POINT('',(-6.,-0.408182537517266,4.9937339077386));
#5937=CARTESIAN_POINT('',(-7.5,-0.408182537517266,4.9937339077386));
#5938=CARTESIAN_POINT('',(-6.,-0.408182537517266,4.9937339077386));
#5939=CARTESIAN_POINT('Origin',(-6.,-0.008182524751547,5.70519045775997));
#5940=CARTESIAN_POINT('',(-6.,-0.408182537517266,6.50309505363131));
#5941=CARTESIAN_POINT('Origin',(-7.55000003604438,-0.408182537517266,4.99330267684148));
#5942=CARTESIAN_POINT('',(-7.5,-0.408182537517266,4.9937339077386));
#5943=CARTESIAN_POINT('',(-7.50000003604438,-0.408182537517266,6.79273074850897));
#5944=CARTESIAN_POINT('',(-7.50000003604438,-0.408182537517266,5.47982070477193));
#5945=CARTESIAN_POINT('',(-7.25000003604438,-0.408182537517266,6.79273074850897));
#5946=CARTESIAN_POINT('',(-7.55000003604438,-0.408182537517266,6.79273074850897));
#5947=CARTESIAN_POINT('',(-7.25000003604438,-0.408182537517267,6.5937339077386));
#5948=CARTESIAN_POINT('',(-7.25000003604438,-0.408182537517266,5.7809156082241));
#5949=CARTESIAN_POINT('',(-6.25,-0.408182537517267,6.5937339077386));
#5950=CARTESIAN_POINT('',(-7.55000003604438,-0.408182537517267,6.5937339077386));
#5951=CARTESIAN_POINT('',(-6.25,-0.408182537517267,5.50000017552864));
#5952=CARTESIAN_POINT('',(-6.25,-0.408182537517267,5.59686702727218));
#5953=CARTESIAN_POINT('',(-6.90000019148579,-0.408182537517266,5.50000017552864));
#5954=CARTESIAN_POINT('',(-6.77500011376508,-0.408182537517266,5.50000017552864));
#5955=CARTESIAN_POINT('',(-6.90000019148579,-0.408182537517266,5.));
#5956=CARTESIAN_POINT('',(-6.90000019148579,-0.408182537517266,5.1216513823029));
#5957=CARTESIAN_POINT('',(-6.77500011376508,-0.408182537517266,5.));
#5958=CARTESIAN_POINT('',(-6.25,-0.408182537517267,4.80000015318863));
#5959=CARTESIAN_POINT('',(-7.55000003604438,-0.408182537517267,4.80000015318863));
#5960=CARTESIAN_POINT('',(-6.25,-0.408182537517267,4.9937339077386));
#5961=CARTESIAN_POINT('',(-6.25,-0.408182537517267,4.7000001499972));
#5962=CARTESIAN_POINT('',(-7.55000003604438,-0.408182537517266,4.9937339077386));
#5963=CARTESIAN_POINT('Origin',(-6.85000003604438,0.0500000015957149,5.85000018669864));
#5964=CARTESIAN_POINT('',(-6.85000003604438,0.391817488014172,5.50000017552864));
#5965=CARTESIAN_POINT('',(-6.85000003604438,0.391817488014172,6.2216514573015));
#5966=CARTESIAN_POINT('',(-6.85000003604438,0.500000015957149,5.50000017552864));
#5967=CARTESIAN_POINT('',(-6.85000003604438,-0.225000007180717,5.50000017552864));
#5968=CARTESIAN_POINT('',(-6.85000003604438,0.500000015957149,6.54318920552188));
#5969=CARTESIAN_POINT('',(-6.85000003604438,0.500000015957149,7.00000022340009));
#5970=CARTESIAN_POINT('',(-6.85000003604438,0.498554914751551,6.54318920552188));
#5971=CARTESIAN_POINT('',(-6.85000003604438,0.274277458173633,6.54318920552188));
#5972=CARTESIAN_POINT('',(-6.85000003604438,0.498554914751551,6.69318921030903));
#5973=CARTESIAN_POINT('',(-6.85000003604438,0.498554914751551,6.27159469850384));
#5974=CARTESIAN_POINT('',(-6.85000003604438,0.141817480035597,6.92654835028117));
#5975=CARTESIAN_POINT('Origin',(-6.85000003604438,-0.00144510120559807,
6.31818919834117));
#5976=CARTESIAN_POINT('',(-6.85000003604438,0.141817480035598,6.79330273428721));
#5977=CARTESIAN_POINT('',(-6.85000003604438,0.141817480035598,6.44665146448222));
#5978=CARTESIAN_POINT('',(-6.85000003604438,-0.158182529538692,6.79330273428721));
#5979=CARTESIAN_POINT('',(-6.85000003604438,0.31825254536179,6.79330273428721));
#5980=CARTESIAN_POINT('',(-6.85000003604438,-0.158182529538692,6.92321680390357));
#5981=CARTESIAN_POINT('',(-6.85000003604438,-0.158182529538692,6.09665145331221));
#5982=CARTESIAN_POINT('',(-6.85000003604438,-0.400000012765719,6.79962352138466));
#5983=CARTESIAN_POINT('Origin',(-6.85000003604438,-0.00144510120559807,
6.31818919834117));
#5984=CARTESIAN_POINT('',(-6.85000003604438,-0.400000012765719,4.7000001499972));
#5985=CARTESIAN_POINT('Origin',(-7.55000003604438,-0.414321413120132,4.9937339077386));
#5986=CARTESIAN_POINT('',(-7.5,-0.207160706560066,4.9937339077386));
#5987=CARTESIAN_POINT('',(-6.25,-0.207160706560066,4.9937339077386));
#5988=CARTESIAN_POINT('Ctrl Pts',(-6.05000003604438,-0.500000015957148,
6.84831771616254));
#5989=CARTESIAN_POINT('Ctrl Pts',(-5.95000003604438,-0.500000015957148,
6.84831771616254));
#5990=CARTESIAN_POINT('Ctrl Pts',(-6.05000003604438,-0.506662020200202,
6.84433828438335));
#5991=CARTESIAN_POINT('Ctrl Pts',(-5.95000003604438,-0.506662020200202,
6.84433828438335));
#5992=CARTESIAN_POINT('Ctrl Pts',(-6.05000003604438,-0.513278111807347,
6.84027511100624));
#5993=CARTESIAN_POINT('Ctrl Pts',(-5.95000003604438,-0.513278111807347,
6.84027511100624));
#5994=CARTESIAN_POINT('Ctrl Pts',(-6.05000003604438,-0.608029310936339,
6.78046404635756));
#5995=CARTESIAN_POINT('Ctrl Pts',(-5.95000003604438,-0.608029310936339,
6.78046404635756));
#5996=CARTESIAN_POINT('Ctrl Pts',(-6.05000003604438,-0.686361868852766,
6.71061523121347));
#5997=CARTESIAN_POINT('Ctrl Pts',(-5.95000003604438,-0.686361868852766,
6.71061523121347));
#5998=CARTESIAN_POINT('Ctrl Pts',(-6.05000003604438,-0.751445125141321,
6.62936332321419));
#5999=CARTESIAN_POINT('Ctrl Pts',(-5.95000003604438,-0.751445125141321,
6.62936332321419));
#6000=CARTESIAN_POINT('',(-6.05000003604438,-0.500000015957149,6.84831771616254));
#6001=CARTESIAN_POINT('',(-6.05000003604438,-0.500000015957149,6.84831771616254));
#6002=CARTESIAN_POINT('Ctrl Pts',(-6.05000003604438,-0.500000015957148,
6.84831771616254));
#6003=CARTESIAN_POINT('Ctrl Pts',(-6.05000003604438,-0.506662020200202,
6.84433828438335));
#6004=CARTESIAN_POINT('Ctrl Pts',(-6.05000003604438,-0.513278111807347,
6.84027511100624));
#6005=CARTESIAN_POINT('Ctrl Pts',(-6.05000003604438,-0.608029310936339,
6.78046404635756));
#6006=CARTESIAN_POINT('Ctrl Pts',(-6.05000003604438,-0.686361868852766,
6.71061523121347));
#6007=CARTESIAN_POINT('Ctrl Pts',(-6.05000003604438,-0.751445125141321,
6.62936332321419));
#6008=CARTESIAN_POINT('Ctrl Pts',(-6.05000003604438,0.748554922730124,6.60404825208012));
#6009=CARTESIAN_POINT('Ctrl Pts',(-5.95000003604438,0.748554922730124,6.60404825208012));
#6010=CARTESIAN_POINT('Ctrl Pts',(-6.05000003604438,0.701161764521637,6.66757950055835));
#6011=CARTESIAN_POINT('Ctrl Pts',(-5.95000003604438,0.701161764521637,6.66757950055835));
#6012=CARTESIAN_POINT('Ctrl Pts',(-6.05000003604438,0.645862354771621,6.72473971812209));
#6013=CARTESIAN_POINT('Ctrl Pts',(-5.95000003604438,0.645862354771621,6.72473971812209));
#6014=CARTESIAN_POINT('Ctrl Pts',(-6.05000003604438,0.584128597635948,6.77426246286293));
#6015=CARTESIAN_POINT('Ctrl Pts',(-5.95000003604438,0.584128597635948,6.77426246286293));
#6016=CARTESIAN_POINT('',(-6.05000003604438,0.748554922730125,6.60404825208012));
#6017=CARTESIAN_POINT('',(-6.05000003604438,0.748554922730125,6.60404825208012));
#6018=CARTESIAN_POINT('Ctrl Pts',(-6.05000003604438,0.748554922730124,6.60404825208012));
#6019=CARTESIAN_POINT('Ctrl Pts',(-6.05000003604438,0.701161764521637,6.66757950055835));
#6020=CARTESIAN_POINT('Ctrl Pts',(-6.05000003604438,0.645862354771621,6.72473971812209));
#6021=CARTESIAN_POINT('Ctrl Pts',(-6.05000003604438,0.584128597635948,6.77426246286293));
#6022=CARTESIAN_POINT('Origin',(-5.95000019148579,-1.0000000319143,0.));
#6023=CARTESIAN_POINT('',(-5.95000019148579,0.972670965861187,0.767812028186459));
#6024=CARTESIAN_POINT('',(-5.95000003604438,0.972670965861187,6.38804997129751));
#6025=CARTESIAN_POINT('',(-5.95000019148579,0.972670965861188,2.43182793145809));
#6026=CARTESIAN_POINT('',(-5.95000003604438,0.58412859763595,6.99901209085959));
#6027=CARTESIAN_POINT('Origin',(-5.95000003604438,-0.0081825247515472,6.19330271513863));
#6028=CARTESIAN_POINT('',(-5.95000003604438,0.58412859763595,7.00000022340009));
#6029=CARTESIAN_POINT('',(-5.95000003604438,0.58412859763595,5.62373913678195));
#6030=CARTESIAN_POINT('',(-5.95000003604438,0.582782105318106,7.00000022340009));
#6031=CARTESIAN_POINT('',(-5.95000003604438,0.202694131969712,7.00000022340009));
#6032=CARTESIAN_POINT('',(-5.95000003604438,0.500000015957149,7.0545521384461));
#6033=CARTESIAN_POINT('Origin',(-5.95000003604438,-0.0081825247515472,6.19330271513863));
#6034=CARTESIAN_POINT('',(-5.95000003604438,0.0101984867892355,7.20000022978294));
#6035=CARTESIAN_POINT('Origin',(-5.95000019148579,-0.0348191860875361,6.15096571694328));
#6036=CARTESIAN_POINT('',(-5.95000003604438,-0.500000015957149,7.06400106656284));
#6037=CARTESIAN_POINT('Origin',(-5.95000019148579,0.0101984867892357,6.17500022978294));
#6038=CARTESIAN_POINT('',(-5.95000003604438,-0.988858623466311,6.38894129323147));
#6039=CARTESIAN_POINT('Origin',(-5.95000003604438,-0.0081825247515472,6.19330271513863));
#6040=CARTESIAN_POINT('',(-5.95000019148579,-0.98885862346631,0.85114206130081));
#6041=CARTESIAN_POINT('',(-5.95000019148579,-0.98885862346631,0.295387203459556));
#6042=CARTESIAN_POINT('Origin',(-5.95000019148579,-3.19142979759859E-8,
1.));
#6043=CARTESIAN_POINT('Origin',(-7.25000003604438,0.31825254536179,6.79330273428721));
#6044=CARTESIAN_POINT('',(-6.95000003604438,0.141817480035598,6.79330273428721));
#6045=CARTESIAN_POINT('',(-6.65000003604438,0.141817480035598,6.79330273428721));
#6046=CARTESIAN_POINT('',(-6.95000003604438,-0.158182529538692,6.79330273428721));
#6047=CARTESIAN_POINT('',(-6.95000003604438,0.155035010305122,6.79330273428721));
#6048=CARTESIAN_POINT('',(-6.65000003604438,-0.158182529538692,6.79330273428721));
#6049=CARTESIAN_POINT('Origin',(-6.05000003604438,0.141817480035597,7.04330274226579));
#6050=CARTESIAN_POINT('',(-6.95000003604438,0.141817480035598,6.92654835028117));
#6051=CARTESIAN_POINT('',(-7.55000003604438,0.141817480035598,6.92654835028117));
#6052=CARTESIAN_POINT('',(-6.95000003604438,0.141817480035598,6.34330271992578));
#6053=CARTESIAN_POINT('Origin',(-7.55000003604438,0.391817488014171,4.9937339077386));
#6054=CARTESIAN_POINT('',(-6.85000003604438,0.391817488014171,5.));
#6055=CARTESIAN_POINT('',(-6.85000003604438,0.391817488014172,5.37864302429363));
#6056=CARTESIAN_POINT('',(-6.90000019148579,0.391817488014172,5.));
#6057=CARTESIAN_POINT('',(-7.36250013450938,0.391817488014171,5.));
#6058=CARTESIAN_POINT('',(-6.90000019148579,0.391817488014172,5.50000017552864));
#6059=CARTESIAN_POINT('',(-6.90000019148579,0.391817488014172,5.92165140783434));
#6060=CARTESIAN_POINT('',(-6.77500011376508,0.391817488014172,5.50000017552864));
#6061=CARTESIAN_POINT('',(-7.50000003604438,0.391817488014172,6.79330273428721));
#6062=CARTESIAN_POINT('',(-7.55000003604438,0.391817488014172,6.79330273428721));
#6063=CARTESIAN_POINT('',(-7.50000003604438,0.391817488014171,5.48003632022049));
#6064=CARTESIAN_POINT('Origin',(-7.5,0.20000000638286,1.10000003510573));
#6065=CARTESIAN_POINT('',(-7.35089763779528,0.20000000638286,1.10000003510573));
#6066=CARTESIAN_POINT('Origin',(-7.5,0.326621969934298,1.48880625454676));
#6067=CARTESIAN_POINT('',(-7.35089763779528,0.326621969934298,1.48880625454676));
#6068=CARTESIAN_POINT('Origin',(-7.5,0.231756285419183,1.48880625454676));
#6069=CARTESIAN_POINT('',(-7.35089763779528,0.231756285419183,1.48880625454676));
#6070=CARTESIAN_POINT('Origin',(-7.5,-0.0192896860695332,1.20949349642534));
#6071=CARTESIAN_POINT('',(-7.35089763779528,-0.0192896860695332,1.20949349642534));
#6072=CARTESIAN_POINT('Origin',(-7.5,-0.198955730482774,1.4789925630452));
#6073=CARTESIAN_POINT('',(-7.35089763779528,-0.198955730482774,1.4789925630452));
#6074=CARTESIAN_POINT('Origin',(-7.5,-0.2698323913274,1.49861994604833));
#6075=CARTESIAN_POINT('',(-7.35089763779528,-0.2698323913274,1.49861994604833));
#6076=CARTESIAN_POINT('Origin',(-7.5,-0.328714540336782,1.45936518004207));
#6077=CARTESIAN_POINT('',(-7.35089763779528,-0.328714540336782,1.45936518004207));
#6078=CARTESIAN_POINT('Origin',(-7.5,-0.183689988147009,1.09407777415054));
#6079=CARTESIAN_POINT('',(-7.35089763779528,-0.183689988147009,1.09407777415054));
#6080=CARTESIAN_POINT('Origin',(-7.5,-0.568570555343869,1.03410521497432));
#6081=CARTESIAN_POINT('',(-7.35089763779528,-0.568570555343869,1.03410521497432));
#6082=CARTESIAN_POINT('Origin',(-7.5,-0.58571352032987,0.934371630545163));
#6083=CARTESIAN_POINT('Origin',(-7.5,0.,1.));
#6084=CARTESIAN_POINT('',(-7.5,-0.250000007978574,1.50000004787145));
#6085=CARTESIAN_POINT('Origin',(-7.5,0.,1.));
#6086=CARTESIAN_POINT('',(-7.50000003604438,0.972670965861187,6.38804997129751));
#6087=CARTESIAN_POINT('',(-7.5,0.972670965861187,0.767812028186459));
#6088=CARTESIAN_POINT('',(-7.5,0.972670965861187,2.93182794741524));
#6089=CARTESIAN_POINT('',(-7.5,3.19142979759859E-8,0.));
#6090=CARTESIAN_POINT('Origin',(-7.5,3.19142979759859E-8,1.));
#6091=CARTESIAN_POINT('',(-7.5,-0.98885862346631,0.85114206130081));
#6092=CARTESIAN_POINT('Origin',(-7.5,-3.19142979759859E-8,1.));
#6093=CARTESIAN_POINT('',(-7.50000003604438,-0.988858623466311,6.38894129323147));
#6094=CARTESIAN_POINT('',(-7.50000003604438,-0.98885862346631,5.3528567255271));
#6095=CARTESIAN_POINT('Origin',(-7.50000003604438,-0.00818252475154702,
6.19330271513863));
#6096=CARTESIAN_POINT('',(-7.50000003604438,-0.407514249127343,6.79330273428721));
#6097=CARTESIAN_POINT('',(-7.50000003604438,-0.208182531134407,6.79330273428721));
#6098=CARTESIAN_POINT('',(-7.50000003604438,0.498554914751551,6.69318921030903));
#6099=CARTESIAN_POINT('Origin',(-7.50000003604438,-0.00144510120559799,
6.31818919834117));
#6100=CARTESIAN_POINT('',(-7.50000003604438,0.498554914751551,6.54318920552188));
#6101=CARTESIAN_POINT('',(-7.50000003604438,0.498554914751551,6.3297639715057));
#6102=CARTESIAN_POINT('',(-7.50000003604438,0.748554922730125,6.54318920552188));
#6103=CARTESIAN_POINT('',(-7.50000003604438,0.245186195000002,6.54318920552188));
#6104=CARTESIAN_POINT('',(-7.50000003604438,0.748554922730125,6.25476396911213));
#6105=CARTESIAN_POINT('',(-7.50000003604438,-0.501445117162747,6.54318920552188));
#6106=CARTESIAN_POINT('',(-7.50000003604438,-0.379813824946434,6.54318920552188));
#6107=CARTESIAN_POINT('',(-7.50000003604438,-0.501445117162747,6.69318921030903));
#6108=CARTESIAN_POINT('',(-7.50000003604438,-0.501445117162747,6.25476396911213));
#6109=CARTESIAN_POINT('Origin',(-7.50000003604438,-0.00144510120559799,
6.31818919834117));
#6110=CARTESIAN_POINT('',(-7.50000003604438,-0.821788499873802,5.49318917201187));
#6111=CARTESIAN_POINT('',(-7.50000003604438,-0.800000025531438,5.43124026745451));
#6112=CARTESIAN_POINT('',(-7.50000003604438,-0.912599363907973,5.75138226347981));
#6113=CARTESIAN_POINT('',(-7.50000003604438,-0.800000025531438,5.49318917201187));
#6114=CARTESIAN_POINT('',(-7.50000003604438,-0.800000025531438,5.72976395235712));
#6115=CARTESIAN_POINT('',(-7.50000003604438,-0.254813824148577,5.49318917201187));
#6116=CARTESIAN_POINT('',(-7.5,0.500000015957149,1.50000004787145));
#6117=CARTESIAN_POINT('',(-7.5,-0.250000007978574,1.50000004787145));
#6118=CARTESIAN_POINT('',(-7.5,0.500000015957149,2.0000000638286));
#6119=CARTESIAN_POINT('',(-7.5,0.500000015957149,1.25000003989287));
#6120=CARTESIAN_POINT('',(-7.5,-0.500000015957149,2.0000000638286));
#6121=CARTESIAN_POINT('',(-7.5,0.250000007978574,2.0000000638286));
#6122=CARTESIAN_POINT('',(-7.5,-0.500000015957149,1.50000004787145));
#6123=CARTESIAN_POINT('',(-7.5,-0.500000015957149,1.50000004787145));
#6124=CARTESIAN_POINT('',(-7.5,-0.250000007978574,1.50000004787145));
#6125=CARTESIAN_POINT('Origin',(-7.25000003604438,-0.00818252475154705,
6.19330271513863));
#6126=CARTESIAN_POINT('',(-7.25000003604438,0.972670965861187,6.38804997129751));
#6127=CARTESIAN_POINT('',(-7.25000003604438,-0.988858623466311,6.38894129323147));
#6128=CARTESIAN_POINT('',(-6.30000003604438,-0.500000015957149,7.06400106656284));
#6129=CARTESIAN_POINT('',(-7.25000003604438,-0.500000015957149,7.06400106656284));
#6130=CARTESIAN_POINT('',(-6.30000003604438,0.500000015957149,7.0545521384461));
#6131=CARTESIAN_POINT('Origin',(-6.30000003604438,-0.00818252475154717,
6.19330271513863));
#6132=CARTESIAN_POINT('',(-7.25000003604438,0.500000015957149,7.0545521384461));
#6133=CARTESIAN_POINT('',(-6.05100003604438,0.582782105318105,7.00000022340009));
#6134=CARTESIAN_POINT('',(-6.05000003604438,0.582782105318106,7.00000022340009));
#6135=CARTESIAN_POINT('',(-6.05100003604438,0.58412859763595,6.99901209085959));
#6136=CARTESIAN_POINT('Origin',(-6.05100003604438,-0.0081825247515472,6.19330271513863));
#6137=CARTESIAN_POINT('',(-7.25000003604438,0.58412859763595,6.99901209085959));
#6138=CARTESIAN_POINT('Origin',(-7.17500011329576,-3.19142979759859E-8,
1.));
#6139=CARTESIAN_POINT('',(-7.17500011329576,-0.98885862346631,0.85114206130081));
#6140=CARTESIAN_POINT('',(-6.05000019148579,3.19142979759859E-8,0.));
#6141=CARTESIAN_POINT('',(-7.50000011967862,3.19142979759859E-8,0.));
#6142=CARTESIAN_POINT('',(-6.05000019148579,0.972670965861187,0.767812028186459));
#6143=CARTESIAN_POINT('Origin',(-6.05000019148579,3.19142979759859E-8,1.));
#6144=CARTESIAN_POINT('',(-6.05000019148579,0.972670965861187,0.767812028186459));
#6145=CARTESIAN_POINT('Origin',(-7.25000003604438,-0.0348191860875361,6.15096571694328));
#6146=CARTESIAN_POINT('',(-6.30000003604438,0.0101984867892357,7.20000022978294));
#6147=CARTESIAN_POINT('Origin',(-6.30000003604438,-0.0348191860875361,6.15096571694328));
#6148=CARTESIAN_POINT('',(-6.05000003604438,0.0101984867892356,7.20000022978294));
#6149=CARTESIAN_POINT('Origin',(-6.30000003604438,0.,7.10000022659151));
#6150=CARTESIAN_POINT('Origin',(-6.30000003604438,0.0101984867892357,6.17500022978294));
#6151=CARTESIAN_POINT('Origin',(-7.25000003604438,0.0101984867892358,6.17500022978294));
#6152=CARTESIAN_POINT('Origin',(-6.30000003604438,0.,7.10000022659151));
#6153=CARTESIAN_POINT('',(-6.30000003604438,0.500000015957149,7.00000022340009));
#6154=CARTESIAN_POINT('Origin',(-6.25,6.69302758447744E-17,4.60000014680577));
#6155=CARTESIAN_POINT('',(-6.25,-0.500000015957149,7.00000022340009));
#6156=CARTESIAN_POINT('',(-6.25,0.250000007978575,7.00000022340009));
#6157=CARTESIAN_POINT('',(-6.25,-0.500000015957149,5.90000018829436));
#6158=CARTESIAN_POINT('Origin',(-7.25,0.500000015957149,2.0000000638286));
#6159=CARTESIAN_POINT('',(-6.85000003604438,0.500000015957149,7.00000022340009));
#6160=CARTESIAN_POINT('',(-6.65000001802219,0.500000015957149,7.00000022340009));
#6161=CARTESIAN_POINT('',(-6.85000003604438,0.500000015957149,7.00000022340009));
#6162=CARTESIAN_POINT('Origin',(-5.95000003604438,0.586763853537833,4.74571295531651));
#6163=CARTESIAN_POINT('',(-6.25,-0.500000015957149,4.74571295531651));
#6164=CARTESIAN_POINT('',(-6.72500001802219,-0.500000015957149,4.74571295531651));
#6165=CARTESIAN_POINT('',(-6.25,0.293381926768916,4.74571295531651));
#6166=CARTESIAN_POINT('Origin',(-7.25,-0.500000015957149,7.20000022978294));
#6167=CARTESIAN_POINT('',(-6.90000019148579,-0.500000015957149,5.));
#6168=CARTESIAN_POINT('',(-7.33750011648719,-0.500000015957149,5.));
#6169=CARTESIAN_POINT('',(-6.90000019148579,-0.500000015957149,5.50000017552864));
#6170=CARTESIAN_POINT('',(-6.90000019148579,-0.500000015957149,5.));
#6171=CARTESIAN_POINT('',(-6.25,-0.500000015957149,5.50000017552864));
#6172=CARTESIAN_POINT('',(-6.00000019148579,-0.500000015957149,5.50000017552864));
#6173=CARTESIAN_POINT('',(-6.25,-0.500000015957149,6.69510831686677));
#6174=CARTESIAN_POINT('',(-6.25,-0.500000015957149,5.90000018829436));
#6175=CARTESIAN_POINT('',(-6.12097182375588,-0.500000016414112,6.69510831565791));
#6176=CARTESIAN_POINT('',(-7.55000003604438,-0.500000015957149,6.69510831686677));
#6177=CARTESIAN_POINT('Ctrl Pts',(-6.05100003594224,-0.500000015957149,
6.84615956195184));
#6178=CARTESIAN_POINT('Ctrl Pts',(-6.07599677929204,-0.500000015957149,
6.79221246156067));
#6179=CARTESIAN_POINT('Ctrl Pts',(-6.09913448023904,-0.500000015957149,
6.7422579431604));
#6180=CARTESIAN_POINT('Ctrl Pts',(-6.12097182397274,-0.500000015957149,
6.69510831575835));
#6181=CARTESIAN_POINT('Ctrl Pts',(-6.18180454217584,0.440930731965807,6.58141889670081));
#6182=CARTESIAN_POINT('Ctrl Pts',(-6.13786970679869,0.460771021453982,6.66567406058764));
#6183=CARTESIAN_POINT('Ctrl Pts',(-6.09393487142153,0.480611310942157,6.74992922447446));
#6184=CARTESIAN_POINT('Ctrl Pts',(-6.05000003604438,0.500451600430333,6.83418438836129));
#6185=CARTESIAN_POINT('Ctrl Pts',(-6.18180454217584,0.534040046638695,6.52632863255537));
#6186=CARTESIAN_POINT('Ctrl Pts',(-6.13786970679869,0.557381094309737,6.60696428720788));
#6187=CARTESIAN_POINT('Ctrl Pts',(-6.09393487142153,0.580714342139102,6.68759167215903));
#6188=CARTESIAN_POINT('Ctrl Pts',(-6.05000003604438,0.604055389810143,6.76822732681154));
#6189=CARTESIAN_POINT('Ctrl Pts',(-6.18180454217584,0.615894739848668,6.45439404483257));
#6190=CARTESIAN_POINT('Ctrl Pts',(-6.13786970679869,0.6419941074261,6.53029972424723));
#6191=CARTESIAN_POINT('Ctrl Pts',(-6.09393487142153,0.668085166463083,6.60619764520545));
#6192=CARTESIAN_POINT('Ctrl Pts',(-6.05000003604438,0.694184534040515,6.68210332462011));
#6193=CARTESIAN_POINT('Ctrl Pts',(-6.18180454217584,0.680849128641448,6.37128907432052));
#6194=CARTESIAN_POINT('Ctrl Pts',(-6.13786970679869,0.708592657201628,6.4417278936812));
#6195=CARTESIAN_POINT('Ctrl Pts',(-6.09393487142153,0.736336185761807,6.51216671304188));
#6196=CARTESIAN_POINT('Ctrl Pts',(-6.05000003604438,0.764079714321986,6.58260553240255));
#6197=CARTESIAN_POINT('',(-6.07458519872019,0.748554922730125,6.54318920552188));
#6198=CARTESIAN_POINT('Ctrl Pts',(-6.07458519872019,0.748554922730124,6.54318920552188));
#6199=CARTESIAN_POINT('Ctrl Pts',(-6.06642666590836,0.748554913432235,6.56347273608409));
#6200=CARTESIAN_POINT('Ctrl Pts',(-6.05822569992513,0.748553605947421,6.58376989277933));
#6201=CARTESIAN_POINT('Ctrl Pts',(-6.05000003604439,0.748551725693773,6.60404528259013));
#6202=CARTESIAN_POINT('',(-6.1818045421722,0.500000015964024,6.54318920552188));
#6203=CARTESIAN_POINT('Ctrl Pts',(-6.1818045421722,0.500000015970899,6.54318920552188));
#6204=CARTESIAN_POINT('Ctrl Pts',(-6.15433180453891,0.586177695009404,6.54318920552188));
#6205=CARTESIAN_POINT('Ctrl Pts',(-6.11895134511682,0.669666892711852,6.54318920552188));
#6206=CARTESIAN_POINT('Ctrl Pts',(-6.07458519872019,0.748554922730125,6.54318920552188));
#6207=CARTESIAN_POINT('Ctrl Pts',(-6.18180454217584,0.500000015957149,6.54318920552353));
#6208=CARTESIAN_POINT('Ctrl Pts',(-6.14043906280883,0.500000015957149,6.63478018642571));
#6209=CARTESIAN_POINT('Ctrl Pts',(-6.09324120247696,0.500000015957149,6.73912137944551));
#6210=CARTESIAN_POINT('Ctrl Pts',(-6.05100003604438,0.500000015957149,6.83226665808727));
#6211=CARTESIAN_POINT('Origin',(-5.95000003604438,0.972670965861187,5.99855545897976));
#6212=CARTESIAN_POINT('',(-7.50000011967862,0.972670965861187,0.767812028186459));
#6213=CARTESIAN_POINT('Origin',(-7.25,-0.500000015957149,7.20000022978294));
#6214=CARTESIAN_POINT('',(-6.65000001802219,-0.500000015957149,7.00000022340009));
#6215=CARTESIAN_POINT('Origin',(-6.00000019148579,-0.500000015957149,5.50000017552864));
#6216=CARTESIAN_POINT('',(-6.25,-0.250000007978574,5.50000017552864));
#6217=CARTESIAN_POINT('',(-6.90000019148579,-0.500000015957149,5.50000017552864));
#6218=CARTESIAN_POINT('Origin',(-6.00000019148579,-0.500000015957149,5.50000017552864));
#6219=CARTESIAN_POINT('',(-6.90000019148579,0.500000015957149,5.50000017552864));
#6220=CARTESIAN_POINT('',(-6.90000019148579,-0.500000015957149,5.50000017552864));
#6221=CARTESIAN_POINT('',(-6.00000019148579,0.500000015957149,5.50000017552864));
#6222=CARTESIAN_POINT('Origin',(-6.90000019148579,0.,5.25000008776432));
#6223=CARTESIAN_POINT('',(-6.90000019148579,0.,5.));
#6224=CARTESIAN_POINT('Origin',(-6.90000019148579,0.,5.25000008776432));
#6225=CARTESIAN_POINT('',(-6.90000019148579,0.500000015957149,5.));
#6226=CARTESIAN_POINT('',(-6.90000019148579,0.,5.));
#6227=CARTESIAN_POINT('',(-6.90000019148579,0.500000015957149,5.50000017552864));
#6228=CARTESIAN_POINT('Origin',(-6.25,6.69302758447744E-17,4.60000014680577));
#6229=CARTESIAN_POINT('',(-6.25,-0.401445113971317,6.5937339077386));
#6230=CARTESIAN_POINT('',(-6.25,0.195908744007086,6.5937339077386));
#6231=CARTESIAN_POINT('',(-6.25,-0.401445113971317,6.79842353147497));
#6232=CARTESIAN_POINT('',(-6.25,-0.401445113971317,5.79659468334455));
#6233=CARTESIAN_POINT('',(-6.25,-0.407514249127344,6.79330273428721));
#6234=CARTESIAN_POINT('Origin',(-6.25,-0.00144510120559814,6.31818919834117));
#6235=CARTESIAN_POINT('',(-6.25,-0.408182537517266,6.79330273428721));
#6236=CARTESIAN_POINT('',(-6.25,-0.204091268758633,6.79330273428721));
#6237=CARTESIAN_POINT('',(-6.25,-0.408182537517266,6.79273074850897));
#6238=CARTESIAN_POINT('',(-6.25,-0.408182537517266,5.69636544765737));
#6239=CARTESIAN_POINT('Origin',(-6.25,-0.00144510120559814,6.31818919834117));
#6240=CARTESIAN_POINT('Origin',(-5.95000003604438,-0.400000012765719,7.00000022340009));
#6241=CARTESIAN_POINT('',(-6.85000003604438,-0.400000012765719,7.00000022340009));
#6242=CARTESIAN_POINT('Origin',(-6.85000003604438,0.0500000015957149,5.85000018669864));
#6243=CARTESIAN_POINT('Origin',(-5.95000003604438,-0.400000012765719,4.7000001499972));
#6244=CARTESIAN_POINT('',(-6.34813730622999,-0.400000012765719,6.79962352138466));
#6245=CARTESIAN_POINT('',(-7.55000003604438,-0.400000012765719,6.79962352138466));
#6246=CARTESIAN_POINT('',(-6.34813730622999,-0.400000012765719,6.5937339077386));
#6247=CARTESIAN_POINT('',(-6.34813730622999,-0.400000012765719,5.02159465861096));
#6248=CARTESIAN_POINT('',(-6.75000003604438,-0.400000012765719,6.5937339077386));
#6249=CARTESIAN_POINT('Origin',(-6.05000003604438,-0.158182529538692,6.34330271992578));
#6250=CARTESIAN_POINT('',(-6.95000003604438,-0.158182529538692,6.92321680390357));
#6251=CARTESIAN_POINT('',(-6.95000003604438,-0.158182529538692,7.04330274226579));
#6252=CARTESIAN_POINT('',(-7.55000003604438,-0.158182529538692,6.92321680390357));
#6253=CARTESIAN_POINT('Origin',(-6.25,6.69302758447744E-17,4.60000014680577));
#6254=CARTESIAN_POINT('',(-6.25,-0.500000015957149,4.80000015318863));
#6255=CARTESIAN_POINT('',(-6.25,-0.400000012765719,4.80000015318863));
#6256=CARTESIAN_POINT('',(-6.25,-0.500000015957149,3.30000010531718));
#6257=CARTESIAN_POINT('Origin',(-7.55000003604438,0.391817488014171,6.5937339077386));
#6258=CARTESIAN_POINT('',(-6.34813730622999,-0.401445113971317,6.5937339077386));
#6259=CARTESIAN_POINT('',(-6.34813730622999,0.170186192606429,6.5937339077386));
#6260=CARTESIAN_POINT('',(-6.89906867113719,-0.401445113971317,6.5937339077386));
#6261=CARTESIAN_POINT('',(-7.25000003604438,0.191817481631312,6.5937339077386));
#6262=CARTESIAN_POINT('Origin',(-5.95000003604438,-0.944882617335356,5.84316988265633));
#6263=CARTESIAN_POINT('',(-6.85000004561867,-0.821788499873802,5.49318917201187));
#6264=CARTESIAN_POINT('',(-6.40000004083153,-0.821788499873802,5.49318917201187));
#6265=CARTESIAN_POINT('',(-6.85000004561867,-0.800000025531438,5.4312402674545));
#6266=CARTESIAN_POINT('',(-6.85000004561867,-0.643785033849227,4.9870904174884));
#6267=CARTESIAN_POINT('',(-6.75000003604438,-0.800000025531438,5.43124026745451));
#6268=CARTESIAN_POINT('Origin',(-5.95000003604438,-0.98885862346631,4.73937471835182));
#6269=CARTESIAN_POINT('Origin',(-7.55000003604438,-0.800000025531438,5.49318917201187));
#6270=CARTESIAN_POINT('',(-6.85000004561867,-0.800000025531438,5.49318917201187));
#6271=CARTESIAN_POINT('',(-6.85000004561867,-0.800000025531438,5.09318915924615));
#6272=CARTESIAN_POINT('',(-7.20000004083153,-0.800000025531438,5.49318917201187));
#6273=CARTESIAN_POINT('Origin',(-7.55000003604438,-0.800000025531438,4.80000015318863));
#6274=CARTESIAN_POINT('',(-7.52500001802219,-0.500000015957149,4.80000015318863));
#6275=CARTESIAN_POINT('Origin',(-6.85000004561867,-0.501445123545607,5.49318917201187));
#6276=CARTESIAN_POINT('',(-6.85000004561867,-0.501445123545607,5.49318917201187));
#6277=CARTESIAN_POINT('Origin',(-6.34813730622999,-0.0514451028013129,5.34318916722473));
#6278=CARTESIAN_POINT('',(-6.34813730622999,-0.401445113971317,6.79842353147497));
#6279=CARTESIAN_POINT('Origin',(-6.34813730622999,-0.00144510120559816,
6.31818919834117));
#6280=CARTESIAN_POINT('',(-6.34813730622999,-0.401445113971317,6.99318921988332));
#6281=CARTESIAN_POINT('Origin',(-6.95000003604438,-0.0081825247515471,6.69330273109578));
#6282=CARTESIAN_POINT('Origin',(-6.95000003604438,-0.00144510120559807,
6.31818919834117));
#6283=CARTESIAN_POINT('Origin',(-6.85000004561867,-0.501445123545607,4.69318914648043));
#6284=CARTESIAN_POINT('Origin',(-7.55000003604438,0.498554914751551,6.69318921030903));
#6285=CARTESIAN_POINT('',(-7.55000003604438,0.498554914751551,6.54318920552188));
#6286=CARTESIAN_POINT('',(-7.55000003604438,0.498554914751551,6.69318921030903));
#6287=CARTESIAN_POINT('Origin',(-7.55000003604438,0.498554914751551,6.54318920552188));
#6288=CARTESIAN_POINT('',(-6.75000003604438,0.500000015957149,6.54318920552188));
#6289=CARTESIAN_POINT('',(-7.55000003604438,0.748554922730125,6.54318920552188));
#6290=CARTESIAN_POINT('Origin',(-7.55000003604438,-0.00144510120559799,
6.31818919834117));
#6291=CARTESIAN_POINT('',(-7.25000003604438,-0.407514249127344,6.79330273428721));
#6292=CARTESIAN_POINT('',(-7.55000003604438,-0.407514249127343,6.79330273428721));
#6293=CARTESIAN_POINT('',(-7.55000003604438,-0.407514249127344,6.79330273428721));
#6294=CARTESIAN_POINT('',(-7.55000003604438,-0.401445113971316,6.79842353147497));
#6295=CARTESIAN_POINT('Ctrl Pts',(-6.19090339759511,-0.692749127447781,
6.37327067794222));
#6296=CARTESIAN_POINT('Ctrl Pts',(-6.14393561041152,-0.719168831708874,
6.44975284748593));
#6297=CARTESIAN_POINT('Ctrl Pts',(-6.09696782322793,-0.745588535969966,
6.52623501702965));
#6298=CARTESIAN_POINT('Ctrl Pts',(-6.05000003604434,-0.772008240231059,
6.60271718657337));
#6299=CARTESIAN_POINT('Ctrl Pts',(-6.19090339759511,-0.625578013194919,
6.45414608643777));
#6300=CARTESIAN_POINT('Ctrl Pts',(-6.14393561041152,-0.650072132580323,
6.53639441133401));
#6301=CARTESIAN_POINT('Ctrl Pts',(-6.09696782322793,-0.674557431305609,
6.61863402141559));
#6302=CARTESIAN_POINT('Ctrl Pts',(-6.05000003604434,-0.699051550691012,
6.70088234631182));
#6303=CARTESIAN_POINT('Ctrl Pts',(-6.19090339759511,-0.541876511573583,
6.52343351726042));
#6304=CARTESIAN_POINT('Ctrl Pts',(-6.14393561041152,-0.563263945281448,
6.61061950490384));
#6305=CARTESIAN_POINT('Ctrl Pts',(-6.09696782322793,-0.584643131673222,
6.69779623329154));
#6306=CARTESIAN_POINT('Ctrl Pts',(-6.05000003604434,-0.606030565381087,
6.78498222093496));
#6307=CARTESIAN_POINT('Ctrl Pts',(-6.19090339759511,-0.447456809983206,
6.57561378225925));
#6308=CARTESIAN_POINT('Ctrl Pts',(-6.14393561041152,-0.464971211974522,
6.66651509356037));
#6309=CARTESIAN_POINT('Ctrl Pts',(-6.09696782322793,-0.482485613965838,
6.7574164048615));
#6310=CARTESIAN_POINT('Ctrl Pts',(-6.05000003604434,-0.500000015957153,
6.84831771616262));
#6311=CARTESIAN_POINT('Ctrl Pts',(-6.05100003595376,-0.500000014855954,
6.84615956069241));
#6312=CARTESIAN_POINT('Ctrl Pts',(-6.05066673913611,-0.500000015931791,
6.84687887088449));
#6313=CARTESIAN_POINT('Ctrl Pts',(-6.05033340714051,-0.500000015957153,
6.84759825343766));
#6314=CARTESIAN_POINT('Ctrl Pts',(-6.05000003604434,-0.500000015957153,
6.84831771616262));
#6315=CARTESIAN_POINT('',(-6.12144322477156,-0.501445117162747,6.69318921030903));
#6316=CARTESIAN_POINT('Ctrl Pts',(-6.12144322477156,-0.501440762664564,
6.69318431258502));
#6317=CARTESIAN_POINT('Ctrl Pts',(-6.12128564227848,-0.500960464016135,
6.69382508111243));
#6318=CARTESIAN_POINT('Ctrl Pts',(-6.12112851137221,-0.500478904088308,
6.6944649499871));
#6319=CARTESIAN_POINT('Ctrl Pts',(-6.12097182375588,-0.499996107717263,
6.6951039149059));
#6320=CARTESIAN_POINT('',(-6.19090339759048,-0.501445117162747,6.54318920552188));
#6321=CARTESIAN_POINT('Ctrl Pts',(-6.19090339759048,-0.501445117162747,
6.54318920552188));
#6322=CARTESIAN_POINT('Ctrl Pts',(-6.16850325324581,-0.501445117162747,
6.59155147835373));
#6323=CARTESIAN_POINT('Ctrl Pts',(-6.14631872534737,-0.501445117162747,
6.63946675120101));
#6324=CARTESIAN_POINT('Ctrl Pts',(-6.12144322477156,-0.501445117162747,
6.69318921030903));
#6325=CARTESIAN_POINT('Ctrl Pts',(-6.08655623681865,-0.751445125141322,
6.54318920552188));
#6326=CARTESIAN_POINT('Ctrl Pts',(-6.13044695330227,-0.672240166080817,
6.54318920552188));
#6327=CARTESIAN_POINT('Ctrl Pts',(-6.16478400661841,-0.588098446971568,
6.54318920552188));
#6328=CARTESIAN_POINT('Ctrl Pts',(-6.19090339759048,-0.501445117162747,
6.54318920552188));
#6329=CARTESIAN_POINT('Origin',(-7.55000003604438,-0.751445125141321,6.54318920552188));
#6330=CARTESIAN_POINT('',(-7.55000003604438,-0.501445117162747,6.54318920552188));
#6331=CARTESIAN_POINT('Origin',(-7.55000003604438,-0.501445117162747,6.54318920552188));
#6332=CARTESIAN_POINT('',(-7.55000003604438,-0.501445117162747,6.69318921030903));
#6333=CARTESIAN_POINT('Origin',(-7.55000003604438,-0.00144510120559799,
6.31818919834117));
#6334=CARTESIAN_POINT('',(-7.55000003604438,-0.408182537517266,6.79273074850897));
#6335=CARTESIAN_POINT('Origin',(-7.55000003604438,-0.408182537517266,6.79273074850897));
#6336=CARTESIAN_POINT('',(-7.25000003604438,-0.408182537517266,6.79330273428721));
#6337=CARTESIAN_POINT('',(-7.55000003604438,-0.408182537517266,6.79330273428721));
#6338=CARTESIAN_POINT('',(-7.25000003604438,-0.408182537517266,6.59330272790435));
#6339=CARTESIAN_POINT('Origin',(-7.55000003604438,-0.408182537517266,6.79330273428721));
#6340=CARTESIAN_POINT('',(-7.25000003604438,-0.408182537517266,6.79330273428721));
#6341=CARTESIAN_POINT('Origin',(-6.24813730622999,-0.401445113971317,6.99318921988332));
#6342=CARTESIAN_POINT('Origin',(-7.55000003604438,0.748554922730125,6.54318920552188));
#6343=CARTESIAN_POINT('Origin',(-7.55000003604438,-0.408182537517266,6.79330273428721));
#6344=CARTESIAN_POINT('',(-7.25000003604438,-0.408182537517266,6.79330273428721));
#6345=CARTESIAN_POINT('Origin',(-7.25000003604438,-0.00818252475154705,
6.69330273109578));
#6346=CARTESIAN_POINT('Origin',(-7.5,-0.500000015957149,2.0000000638286));
#6347=CARTESIAN_POINT('',(-7.5,-0.500000015957149,1.50000004787145));
#6348=CARTESIAN_POINT('',(-7.3,-0.500000015957149,2.0000000638286));
#6349=CARTESIAN_POINT('',(-7.5,-0.500000015957149,2.0000000638286));
#6350=CARTESIAN_POINT('',(-7.3,-0.500000015957149,3.50000011170004));
#6351=CARTESIAN_POINT('Origin',(-7.17500023297437,0.,5.));
#6352=CARTESIAN_POINT('Origin',(-5.95000003604438,0.363323973100024,7.00000022340009));
#6353=CARTESIAN_POINT('',(-6.05100003604438,0.58412859763595,7.00000022340009));
#6354=CARTESIAN_POINT('',(-5.95000003604438,0.58412859763595,7.00000022340009));
#6355=CARTESIAN_POINT('',(-6.05100003604438,-0.500000015957149,7.00000022340009));
#6356=CARTESIAN_POINT('Origin',(-7.5,0.500000015957149,1.50000004787145));
#6357=CARTESIAN_POINT('',(-6.85000003604438,0.500000015957149,5.));
#6358=CARTESIAN_POINT('',(-7.21250011648719,0.500000015957149,5.));
#6359=CARTESIAN_POINT('',(-6.85000003604438,0.500000015957149,4.7000001499972));
#6360=CARTESIAN_POINT('',(-6.85000003604438,0.500000015957149,7.00000022340009));
#6361=CARTESIAN_POINT('',(-6.5,0.500000015957149,4.7000001499972));
#6362=CARTESIAN_POINT('',(-5.95000003604438,0.500000015957149,4.7000001499972));
#6363=CARTESIAN_POINT('',(-6.5,0.500000015957149,3.30000010531718));
#6364=CARTESIAN_POINT('',(-7.3,0.500000015957149,2.0000000638286));
#6365=CARTESIAN_POINT('',(-7.3,0.500000015957149,2.50000007978574));
#6366=CARTESIAN_POINT('',(-7.5,0.500000015957149,2.0000000638286));
#6367=CARTESIAN_POINT('',(-7.5,0.500000015957149,1.50000004787145));
#6368=CARTESIAN_POINT('Origin',(-6.05100003604438,0.0420642908394003,4.24747805016381));
#6369=CARTESIAN_POINT('',(-6.05100003604438,0.58412859763595,7.00000022340009));
#6370=CARTESIAN_POINT('Origin',(-7.17500023297437,0.,5.));
#6371=CARTESIAN_POINT('',(-6.85000003604438,0.0250000007978574,5.));
#6372=CARTESIAN_POINT('Origin',(-6.85000003604438,0.0500000015957149,5.85000018669864));
#6373=CARTESIAN_POINT('',(-6.85000003604438,0.500000015957149,4.7000001499972));
#6374=CARTESIAN_POINT('',(-6.85000003604438,0.500000015957149,4.7000001499972));
#6375=CARTESIAN_POINT('',(-6.85000003604438,0.500000015957149,4.7000001499972));
#6376=CARTESIAN_POINT('Origin',(-5.95000003604438,-0.500000015957149,1.43924468902054));
#6377=CARTESIAN_POINT('Origin',(-5.95000003604438,0.58412859763595,7.00000022340009));
#6378=CARTESIAN_POINT('Origin',(-7.5,-0.500000015957149,1.50000004787145));
#6379=CARTESIAN_POINT('Origin',(-5.95000003604438,0.500000015957149,4.7000001499972));
#6380=CARTESIAN_POINT('',(-6.5,0.250000007978574,4.7000001499972));
#6381=CARTESIAN_POINT('Origin',(-6.5,0.,4.60000014680577));
#6382=CARTESIAN_POINT('Origin',(-7.3,0.,3.00000009574289));
#6383=CARTESIAN_POINT('',(-7.3,0.250000007978574,2.0000000638286));
#6384=CARTESIAN_POINT('Origin',(-7.5,0.500000015957149,2.0000000638286));
#6385=CARTESIAN_POINT('Origin',(-7.50000011967862,3.19142979759859E-8,1.));
#6386=UNCERTAINTY_MEASURE_WITH_UNIT(LENGTH_MEASURE(0.000393700787401575),
#6391,'DISTANCE_ACCURACY_VALUE',
'Maximum model space distance between geometric entities at asserted c
onnectivities');
#6387=UNCERTAINTY_MEASURE_WITH_UNIT(LENGTH_MEASURE(0.000393700787401575),
#6391,'DISTANCE_ACCURACY_VALUE',
'Maximum model space distance between geometric entities at asserted c
onnectivities');
#6388=(
GEOMETRIC_REPRESENTATION_CONTEXT(3)
GLOBAL_UNCERTAINTY_ASSIGNED_CONTEXT((#6386))
GLOBAL_UNIT_ASSIGNED_CONTEXT((#6391,#6395,#6396))
REPRESENTATION_CONTEXT('','3D')
);
#6389=(
GEOMETRIC_REPRESENTATION_CONTEXT(3)
GLOBAL_UNCERTAINTY_ASSIGNED_CONTEXT((#6387))
GLOBAL_UNIT_ASSIGNED_CONTEXT((#6391,#6395,#6396))
REPRESENTATION_CONTEXT('','3D')
);
#6390=DIMENSIONAL_EXPONENTS(1.,0.,0.,0.,0.,0.,0.);
#6391=(
CONVERSION_BASED_UNIT('inch',#6394)
LENGTH_UNIT()
NAMED_UNIT(#6390)
);
#6392=(
LENGTH_UNIT()
NAMED_UNIT(*)
SI_UNIT(.MILLI.,.METRE.)
);
#6393=(
LENGTH_UNIT()
NAMED_UNIT(*)
SI_UNIT($,.METRE.)
);
#6394=LENGTH_MEASURE_WITH_UNIT(LENGTH_MEASURE(25.4),#6392);
#6395=(
NAMED_UNIT(*)
PLANE_ANGLE_UNIT()
SI_UNIT($,.RADIAN.)
);
#6396=(
NAMED_UNIT(*)
SI_UNIT($,.STERADIAN.)
SOLID_ANGLE_UNIT()
);
#6397=SHAPE_DEFINITION_REPRESENTATION(#6398,#6399);
#6398=PRODUCT_DEFINITION_SHAPE('',$,#6401);
#6399=SHAPE_REPRESENTATION('',(#3920),#6388);
#6400=PRODUCT_DEFINITION_CONTEXT('part definition',#6405,'design');
#6401=PRODUCT_DEFINITION('2026-03-23-15-34-00-958','arm_piece',#6402,#6400);
#6402=PRODUCT_DEFINITION_FORMATION('',$,#6407);
#6403=PRODUCT_RELATED_PRODUCT_CATEGORY('arm_piece','arm_piece',(#6407));
#6404=APPLICATION_PROTOCOL_DEFINITION('international standard',
'automotive_design',2009,#6405);
#6405=APPLICATION_CONTEXT(
'Core Data for Automotive Mechanical Design Process');
#6406=PRODUCT_CONTEXT('part definition',#6405,'mechanical');
#6407=PRODUCT('2026-03-23-15-34-00-958','arm_piece',$,(#6406));
#6408=PRESENTATION_STYLE_ASSIGNMENT((#6409));
#6409=SURFACE_STYLE_USAGE(.BOTH.,#6410);
#6410=SURFACE_SIDE_STYLE('',(#6411));
#6411=SURFACE_STYLE_FILL_AREA(#6412);
#6412=FILL_AREA_STYLE('Steel - Satin',(#6413));
#6413=FILL_AREA_STYLE_COLOUR('Steel - Satin',#6414);
#6414=COLOUR_RGB('Steel - Satin',0.627450980392157,0.627450980392157,0.627450980392157);
ENDSEC;
END-ISO-10303-21;
