ISO-10303-21;
HEADER;
/* Generated by software containing ST-Developer
 * from STEP Tools, Inc. (www.steptools.com) 
 */

FILE_DESCRIPTION(
/* description */ (''),
/* implementation_level */ '2;1');

FILE_NAME(
/* name */ 'arm_top.step',
/* time_stamp */ '2026-08-19T17:06:13-05:00',
/* author */ (''),
/* organization */ (''),
/* preprocessor_version */ 'ST-DEVELOPER v20.1',
/* originating_system */ 'Autodesk Translation Framework v15.8.0.0',
/* authorisation */ '');

FILE_SCHEMA (('AUTOMOTIVE_DESIGN { 1 0 10303 214 3 1 1 }'));
ENDSEC;

DATA;
#10=MECHANICAL_DESIGN_GEOMETRIC_PRESENTATION_REPRESENTATION('',(#13,#14,
#15,#16,#17,#18,#19,#20,#21),#6520);
#11=SHAPE_REPRESENTATION_RELATIONSHIP('SRR','None',#6530,#12);
#12=ADVANCED_BREP_SHAPE_REPRESENTATION('',(#22,#23,#24,#25,#26,#27,#28,
#29,#30),#6519);
#13=STYLED_ITEM('',(#6539),#22);
#14=STYLED_ITEM('',(#6539),#23);
#15=STYLED_ITEM('',(#6539),#24);
#16=STYLED_ITEM('',(#6539),#25);
#17=STYLED_ITEM('',(#6539),#26);
#18=STYLED_ITEM('',(#6539),#27);
#19=STYLED_ITEM('',(#6539),#28);
#20=STYLED_ITEM('',(#6539),#29);
#21=STYLED_ITEM('',(#6539),#30);
#22=MANIFOLD_SOLID_BREP('Body2',#4029);
#23=MANIFOLD_SOLID_BREP('Body11',#4030);
#24=MANIFOLD_SOLID_BREP('Body12',#4031);
#25=MANIFOLD_SOLID_BREP('Body13',#4032);
#26=MANIFOLD_SOLID_BREP('Body14',#4033);
#27=MANIFOLD_SOLID_BREP('Body15',#4034);
#28=MANIFOLD_SOLID_BREP('Body16',#4035);
#29=MANIFOLD_SOLID_BREP('Body24',#4036);
#30=MANIFOLD_SOLID_BREP('Body25',#4037);
#31=CYLINDRICAL_SURFACE('',#4077,0.135);
#32=CYLINDRICAL_SURFACE('',#4081,0.135);
#33=CYLINDRICAL_SURFACE('',#4085,0.135);
#34=CYLINDRICAL_SURFACE('',#4089,2.92061646651147);
#35=CYLINDRICAL_SURFACE('',#4106,0.0787401574803149);
#36=CYLINDRICAL_SURFACE('',#4114,0.1);
#37=CYLINDRICAL_SURFACE('',#4134,0.0787401574803149);
#38=CYLINDRICAL_SURFACE('',#4138,0.0987401574803149);
#39=CYLINDRICAL_SURFACE('',#4156,0.0987401574803149);
#40=CYLINDRICAL_SURFACE('',#4159,0.0987401574803149);
#41=CYLINDRICAL_SURFACE('',#4162,0.0987401574803149);
#42=CYLINDRICAL_SURFACE('',#4178,0.0787401574803149);
#43=CYLINDRICAL_SURFACE('',#4182,0.0787401574803149);
#44=CYLINDRICAL_SURFACE('',#4196,0.0787401574803149);
#45=CYLINDRICAL_SURFACE('',#4200,0.0787401574803149);
#46=CYLINDRICAL_SURFACE('',#4204,0.0787401574803149);
#47=CYLINDRICAL_SURFACE('',#4208,0.0787401574803149);
#48=CYLINDRICAL_SURFACE('',#4219,1.);
#49=CYLINDRICAL_SURFACE('',#4224,1.);
#50=CYLINDRICAL_SURFACE('',#4226,0.165);
#51=CYLINDRICAL_SURFACE('',#4238,0.165);
#52=CYLINDRICAL_SURFACE('',#4246,0.165);
#53=CYLINDRICAL_SURFACE('',#4256,0.165);
#54=CYLINDRICAL_SURFACE('',#4266,0.165);
#55=CYLINDRICAL_SURFACE('',#4278,0.165);
#56=CYLINDRICAL_SURFACE('',#4286,0.075);
#57=CYLINDRICAL_SURFACE('',#4290,0.075);
#58=CYLINDRICAL_SURFACE('',#4310,0.075);
#59=CYLINDRICAL_SURFACE('',#4314,0.075);
#60=FACE_BOUND('',#372,.T.);
#61=FACE_BOUND('',#374,.T.);
#62=FACE_BOUND('',#387,.T.);
#63=FACE_BOUND('',#396,.T.);
#64=FACE_BOUND('',#397,.T.);
#65=FACE_BOUND('',#398,.T.);
#66=FACE_BOUND('',#399,.T.);
#67=FACE_BOUND('',#400,.T.);
#68=FACE_BOUND('',#403,.T.);
#69=FACE_BOUND('',#426,.T.);
#70=FACE_BOUND('',#488,.T.);
#71=FACE_BOUND('',#490,.T.);
#72=FACE_BOUND('',#507,.T.);
#73=FACE_BOUND('',#517,.T.);
#74=FACE_BOUND('',#526,.T.);
#75=FACE_BOUND('',#535,.T.);
#76=FACE_BOUND('',#543,.T.);
#77=FACE_BOUND('',#552,.T.);
#78=FACE_BOUND('',#563,.T.);
#79=FACE_BOUND('',#564,.T.);
#80=FACE_BOUND('',#590,.T.);
#81=FACE_BOUND('',#591,.T.);
#82=CIRCLE('',#4067,1.);
#83=CIRCLE('',#4068,0.0987401574803149);
#84=CIRCLE('',#4069,0.0987401574803149);
#85=CIRCLE('',#4070,0.0987401574803149);
#86=CIRCLE('',#4071,0.0787401574803149);
#87=CIRCLE('',#4072,0.0787401574803149);
#88=CIRCLE('',#4073,0.0987401574803149);
#89=CIRCLE('',#4075,2.92061646651147);
#90=CIRCLE('',#4078,0.135);
#91=CIRCLE('',#4079,0.135);
#92=CIRCLE('',#4082,0.135);
#93=CIRCLE('',#4083,0.135);
#94=CIRCLE('',#4086,0.135);
#95=CIRCLE('',#4087,0.135);
#96=CIRCLE('',#4090,2.92061646651147);
#97=CIRCLE('',#4095,1.);
#98=CIRCLE('',#4096,1.);
#99=CIRCLE('',#4097,0.0787401574803149);
#100=CIRCLE('',#4098,0.0787401574803149);
#101=CIRCLE('',#4099,0.0787401574803149);
#102=CIRCLE('',#4100,0.0787401574803149);
#103=CIRCLE('',#4101,0.0787401574803149);
#104=CIRCLE('',#4102,0.0787401574803149);
#105=CIRCLE('',#4107,0.0787401574803149);
#106=CIRCLE('',#4108,0.0787401574803149);
#107=CIRCLE('',#4110,0.0787401574803149);
#108=CIRCLE('',#4115,0.1);
#109=CIRCLE('',#4116,0.1);
#110=CIRCLE('',#4135,0.0787401574803149);
#111=CIRCLE('',#4139,0.0987401574803149);
#112=CIRCLE('',#4142,0.0987401574803149);
#113=CIRCLE('',#4143,0.0987401574803149);
#114=CIRCLE('',#4144,0.0987401574803149);
#115=CIRCLE('',#4179,0.0787401574803149);
#116=CIRCLE('',#4183,0.0787401574803149);
#117=CIRCLE('',#4197,0.0787401574803149);
#118=CIRCLE('',#4201,0.0787401574803149);
#119=CIRCLE('',#4205,0.0787401574803149);
#120=CIRCLE('',#4209,0.0787401574803149);
#121=CIRCLE('',#4220,1.);
#122=CIRCLE('',#4227,0.165);
#123=CIRCLE('',#4228,0.165);
#124=CIRCLE('',#4237,0.165);
#125=CIRCLE('',#4239,0.165);
#126=CIRCLE('',#4247,0.165);
#127=CIRCLE('',#4248,0.165);
#128=CIRCLE('',#4257,0.165);
#129=CIRCLE('',#4258,0.165);
#130=CIRCLE('',#4267,0.165);
#131=CIRCLE('',#4268,0.165);
#132=CIRCLE('',#4277,0.165);
#133=CIRCLE('',#4279,0.165);
#134=CIRCLE('',#4287,0.075);
#135=CIRCLE('',#4288,0.075);
#136=CIRCLE('',#4291,0.075);
#137=CIRCLE('',#4292,0.075);
#138=CIRCLE('',#4311,0.075);
#139=CIRCLE('',#4312,0.075);
#140=CIRCLE('',#4315,0.075);
#141=CIRCLE('',#4316,0.075);
#142=FACE_OUTER_BOUND('',#356,.T.);
#143=FACE_OUTER_BOUND('',#357,.T.);
#144=FACE_OUTER_BOUND('',#358,.T.);
#145=FACE_OUTER_BOUND('',#359,.T.);
#146=FACE_OUTER_BOUND('',#360,.T.);
#147=FACE_OUTER_BOUND('',#361,.T.);
#148=FACE_OUTER_BOUND('',#362,.T.);
#149=FACE_OUTER_BOUND('',#363,.T.);
#150=FACE_OUTER_BOUND('',#364,.T.);
#151=FACE_OUTER_BOUND('',#365,.T.);
#152=FACE_OUTER_BOUND('',#366,.T.);
#153=FACE_OUTER_BOUND('',#367,.T.);
#154=FACE_OUTER_BOUND('',#368,.T.);
#155=FACE_OUTER_BOUND('',#369,.T.);
#156=FACE_OUTER_BOUND('',#370,.T.);
#157=FACE_OUTER_BOUND('',#371,.T.);
#158=FACE_OUTER_BOUND('',#373,.T.);
#159=FACE_OUTER_BOUND('',#375,.T.);
#160=FACE_OUTER_BOUND('',#376,.T.);
#161=FACE_OUTER_BOUND('',#377,.T.);
#162=FACE_OUTER_BOUND('',#378,.T.);
#163=FACE_OUTER_BOUND('',#379,.T.);
#164=FACE_OUTER_BOUND('',#380,.T.);
#165=FACE_OUTER_BOUND('',#381,.T.);
#166=FACE_OUTER_BOUND('',#382,.T.);
#167=FACE_OUTER_BOUND('',#383,.T.);
#168=FACE_OUTER_BOUND('',#384,.T.);
#169=FACE_OUTER_BOUND('',#385,.T.);
#170=FACE_OUTER_BOUND('',#386,.T.);
#171=FACE_OUTER_BOUND('',#388,.T.);
#172=FACE_OUTER_BOUND('',#389,.T.);
#173=FACE_OUTER_BOUND('',#390,.T.);
#174=FACE_OUTER_BOUND('',#391,.T.);
#175=FACE_OUTER_BOUND('',#392,.T.);
#176=FACE_OUTER_BOUND('',#393,.T.);
#177=FACE_OUTER_BOUND('',#394,.T.);
#178=FACE_OUTER_BOUND('',#395,.T.);
#179=FACE_OUTER_BOUND('',#401,.T.);
#180=FACE_OUTER_BOUND('',#402,.T.);
#181=FACE_OUTER_BOUND('',#404,.T.);
#182=FACE_OUTER_BOUND('',#405,.T.);
#183=FACE_OUTER_BOUND('',#406,.T.);
#184=FACE_OUTER_BOUND('',#407,.T.);
#185=FACE_OUTER_BOUND('',#408,.T.);
#186=FACE_OUTER_BOUND('',#409,.T.);
#187=FACE_OUTER_BOUND('',#410,.T.);
#188=FACE_OUTER_BOUND('',#411,.T.);
#189=FACE_OUTER_BOUND('',#412,.T.);
#190=FACE_OUTER_BOUND('',#413,.T.);
#191=FACE_OUTER_BOUND('',#414,.T.);
#192=FACE_OUTER_BOUND('',#415,.T.);
#193=FACE_OUTER_BOUND('',#416,.T.);
#194=FACE_OUTER_BOUND('',#417,.T.);
#195=FACE_OUTER_BOUND('',#418,.T.);
#196=FACE_OUTER_BOUND('',#419,.T.);
#197=FACE_OUTER_BOUND('',#420,.T.);
#198=FACE_OUTER_BOUND('',#421,.T.);
#199=FACE_OUTER_BOUND('',#422,.T.);
#200=FACE_OUTER_BOUND('',#423,.T.);
#201=FACE_OUTER_BOUND('',#424,.T.);
#202=FACE_OUTER_BOUND('',#425,.T.);
#203=FACE_OUTER_BOUND('',#427,.T.);
#204=FACE_OUTER_BOUND('',#428,.T.);
#205=FACE_OUTER_BOUND('',#429,.T.);
#206=FACE_OUTER_BOUND('',#430,.T.);
#207=FACE_OUTER_BOUND('',#431,.T.);
#208=FACE_OUTER_BOUND('',#432,.T.);
#209=FACE_OUTER_BOUND('',#433,.T.);
#210=FACE_OUTER_BOUND('',#434,.T.);
#211=FACE_OUTER_BOUND('',#435,.T.);
#212=FACE_OUTER_BOUND('',#436,.T.);
#213=FACE_OUTER_BOUND('',#437,.T.);
#214=FACE_OUTER_BOUND('',#438,.T.);
#215=FACE_OUTER_BOUND('',#439,.T.);
#216=FACE_OUTER_BOUND('',#440,.T.);
#217=FACE_OUTER_BOUND('',#441,.T.);
#218=FACE_OUTER_BOUND('',#442,.T.);
#219=FACE_OUTER_BOUND('',#443,.T.);
#220=FACE_OUTER_BOUND('',#444,.T.);
#221=FACE_OUTER_BOUND('',#445,.T.);
#222=FACE_OUTER_BOUND('',#446,.T.);
#223=FACE_OUTER_BOUND('',#447,.T.);
#224=FACE_OUTER_BOUND('',#448,.T.);
#225=FACE_OUTER_BOUND('',#449,.T.);
#226=FACE_OUTER_BOUND('',#450,.T.);
#227=FACE_OUTER_BOUND('',#451,.T.);
#228=FACE_OUTER_BOUND('',#452,.T.);
#229=FACE_OUTER_BOUND('',#453,.T.);
#230=FACE_OUTER_BOUND('',#454,.T.);
#231=FACE_OUTER_BOUND('',#455,.T.);
#232=FACE_OUTER_BOUND('',#456,.T.);
#233=FACE_OUTER_BOUND('',#457,.T.);
#234=FACE_OUTER_BOUND('',#458,.T.);
#235=FACE_OUTER_BOUND('',#459,.T.);
#236=FACE_OUTER_BOUND('',#460,.T.);
#237=FACE_OUTER_BOUND('',#461,.T.);
#238=FACE_OUTER_BOUND('',#462,.T.);
#239=FACE_OUTER_BOUND('',#463,.T.);
#240=FACE_OUTER_BOUND('',#464,.T.);
#241=FACE_OUTER_BOUND('',#465,.T.);
#242=FACE_OUTER_BOUND('',#466,.T.);
#243=FACE_OUTER_BOUND('',#467,.T.);
#244=FACE_OUTER_BOUND('',#468,.T.);
#245=FACE_OUTER_BOUND('',#469,.T.);
#246=FACE_OUTER_BOUND('',#470,.T.);
#247=FACE_OUTER_BOUND('',#471,.T.);
#248=FACE_OUTER_BOUND('',#472,.T.);
#249=FACE_OUTER_BOUND('',#473,.T.);
#250=FACE_OUTER_BOUND('',#474,.T.);
#251=FACE_OUTER_BOUND('',#475,.T.);
#252=FACE_OUTER_BOUND('',#476,.T.);
#253=FACE_OUTER_BOUND('',#477,.T.);
#254=FACE_OUTER_BOUND('',#478,.T.);
#255=FACE_OUTER_BOUND('',#479,.T.);
#256=FACE_OUTER_BOUND('',#480,.T.);
#257=FACE_OUTER_BOUND('',#481,.T.);
#258=FACE_OUTER_BOUND('',#482,.T.);
#259=FACE_OUTER_BOUND('',#483,.T.);
#260=FACE_OUTER_BOUND('',#484,.T.);
#261=FACE_OUTER_BOUND('',#485,.T.);
#262=FACE_OUTER_BOUND('',#486,.T.);
#263=FACE_OUTER_BOUND('',#487,.T.);
#264=FACE_OUTER_BOUND('',#489,.T.);
#265=FACE_OUTER_BOUND('',#491,.T.);
#266=FACE_OUTER_BOUND('',#492,.T.);
#267=FACE_OUTER_BOUND('',#493,.T.);
#268=FACE_OUTER_BOUND('',#494,.T.);
#269=FACE_OUTER_BOUND('',#495,.T.);
#270=FACE_OUTER_BOUND('',#496,.T.);
#271=FACE_OUTER_BOUND('',#497,.T.);
#272=FACE_OUTER_BOUND('',#498,.T.);
#273=FACE_OUTER_BOUND('',#499,.T.);
#274=FACE_OUTER_BOUND('',#500,.T.);
#275=FACE_OUTER_BOUND('',#501,.T.);
#276=FACE_OUTER_BOUND('',#502,.T.);
#277=FACE_OUTER_BOUND('',#503,.T.);
#278=FACE_OUTER_BOUND('',#504,.T.);
#279=FACE_OUTER_BOUND('',#505,.T.);
#280=FACE_OUTER_BOUND('',#506,.T.);
#281=FACE_OUTER_BOUND('',#508,.T.);
#282=FACE_OUTER_BOUND('',#509,.T.);
#283=FACE_OUTER_BOUND('',#510,.T.);
#284=FACE_OUTER_BOUND('',#511,.T.);
#285=FACE_OUTER_BOUND('',#512,.T.);
#286=FACE_OUTER_BOUND('',#513,.T.);
#287=FACE_OUTER_BOUND('',#514,.T.);
#288=FACE_OUTER_BOUND('',#515,.T.);
#289=FACE_OUTER_BOUND('',#516,.T.);
#290=FACE_OUTER_BOUND('',#518,.T.);
#291=FACE_OUTER_BOUND('',#519,.T.);
#292=FACE_OUTER_BOUND('',#520,.T.);
#293=FACE_OUTER_BOUND('',#521,.T.);
#294=FACE_OUTER_BOUND('',#522,.T.);
#295=FACE_OUTER_BOUND('',#523,.T.);
#296=FACE_OUTER_BOUND('',#524,.T.);
#297=FACE_OUTER_BOUND('',#525,.T.);
#298=FACE_OUTER_BOUND('',#527,.T.);
#299=FACE_OUTER_BOUND('',#528,.T.);
#300=FACE_OUTER_BOUND('',#529,.T.);
#301=FACE_OUTER_BOUND('',#530,.T.);
#302=FACE_OUTER_BOUND('',#531,.T.);
#303=FACE_OUTER_BOUND('',#532,.T.);
#304=FACE_OUTER_BOUND('',#533,.T.);
#305=FACE_OUTER_BOUND('',#534,.T.);
#306=FACE_OUTER_BOUND('',#536,.T.);
#307=FACE_OUTER_BOUND('',#537,.T.);
#308=FACE_OUTER_BOUND('',#538,.T.);
#309=FACE_OUTER_BOUND('',#539,.T.);
#310=FACE_OUTER_BOUND('',#540,.T.);
#311=FACE_OUTER_BOUND('',#541,.T.);
#312=FACE_OUTER_BOUND('',#542,.T.);
#313=FACE_OUTER_BOUND('',#544,.T.);
#314=FACE_OUTER_BOUND('',#545,.T.);
#315=FACE_OUTER_BOUND('',#546,.T.);
#316=FACE_OUTER_BOUND('',#547,.T.);
#317=FACE_OUTER_BOUND('',#548,.T.);
#318=FACE_OUTER_BOUND('',#549,.T.);
#319=FACE_OUTER_BOUND('',#550,.T.);
#320=FACE_OUTER_BOUND('',#551,.T.);
#321=FACE_OUTER_BOUND('',#553,.T.);
#322=FACE_OUTER_BOUND('',#554,.T.);
#323=FACE_OUTER_BOUND('',#555,.T.);
#324=FACE_OUTER_BOUND('',#556,.T.);
#325=FACE_OUTER_BOUND('',#557,.T.);
#326=FACE_OUTER_BOUND('',#558,.T.);
#327=FACE_OUTER_BOUND('',#559,.T.);
#328=FACE_OUTER_BOUND('',#560,.T.);
#329=FACE_OUTER_BOUND('',#561,.T.);
#330=FACE_OUTER_BOUND('',#562,.T.);
#331=FACE_OUTER_BOUND('',#565,.T.);
#332=FACE_OUTER_BOUND('',#566,.T.);
#333=FACE_OUTER_BOUND('',#567,.T.);
#334=FACE_OUTER_BOUND('',#568,.T.);
#335=FACE_OUTER_BOUND('',#569,.T.);
#336=FACE_OUTER_BOUND('',#570,.T.);
#337=FACE_OUTER_BOUND('',#571,.T.);
#338=FACE_OUTER_BOUND('',#572,.T.);
#339=FACE_OUTER_BOUND('',#573,.T.);
#340=FACE_OUTER_BOUND('',#574,.T.);
#341=FACE_OUTER_BOUND('',#575,.T.);
#342=FACE_OUTER_BOUND('',#576,.T.);
#343=FACE_OUTER_BOUND('',#577,.T.);
#344=FACE_OUTER_BOUND('',#578,.T.);
#345=FACE_OUTER_BOUND('',#579,.T.);
#346=FACE_OUTER_BOUND('',#580,.T.);
#347=FACE_OUTER_BOUND('',#581,.T.);
#348=FACE_OUTER_BOUND('',#582,.T.);
#349=FACE_OUTER_BOUND('',#583,.T.);
#350=FACE_OUTER_BOUND('',#584,.T.);
#351=FACE_OUTER_BOUND('',#585,.T.);
#352=FACE_OUTER_BOUND('',#586,.T.);
#353=FACE_OUTER_BOUND('',#587,.T.);
#354=FACE_OUTER_BOUND('',#588,.T.);
#355=FACE_OUTER_BOUND('',#589,.T.);
#356=EDGE_LOOP('',(#2516,#2517,#2518,#2519));
#357=EDGE_LOOP('',(#2520,#2521,#2522,#2523));
#358=EDGE_LOOP('',(#2524,#2525,#2526,#2527,#2528,#2529));
#359=EDGE_LOOP('',(#2530,#2531,#2532,#2533));
#360=EDGE_LOOP('',(#2534,#2535,#2536,#2537));
#361=EDGE_LOOP('',(#2538,#2539,#2540,#2541,#2542,#2543,#2544,#2545,#2546,
#2547,#2548,#2549));
#362=EDGE_LOOP('',(#2550,#2551,#2552,#2553));
#363=EDGE_LOOP('',(#2554,#2555,#2556,#2557));
#364=EDGE_LOOP('',(#2558,#2559,#2560,#2561));
#365=EDGE_LOOP('',(#2562,#2563,#2564,#2565));
#366=EDGE_LOOP('',(#2566,#2567,#2568,#2569,#2570,#2571));
#367=EDGE_LOOP('',(#2572,#2573,#2574,#2575));
#368=EDGE_LOOP('',(#2576,#2577,#2578,#2579));
#369=EDGE_LOOP('',(#2580,#2581,#2582,#2583,#2584));
#370=EDGE_LOOP('',(#2585,#2586,#2587,#2588,#2589,#2590,#2591,#2592,#2593,
#2594));
#371=EDGE_LOOP('',(#2595,#2596,#2597,#2598,#2599,#2600,#2601,#2602,#2603));
#372=EDGE_LOOP('',(#2604,#2605,#2606,#2607,#2608,#2609,#2610,#2611,#2612,
#2613,#2614,#2615,#2616,#2617,#2618,#2619,#2620,#2621,#2622,#2623));
#373=EDGE_LOOP('',(#2624));
#374=EDGE_LOOP('',(#2625,#2626,#2627,#2628,#2629,#2630,#2631,#2632,#2633,
#2634,#2635,#2636));
#375=EDGE_LOOP('',(#2637,#2638,#2639,#2640));
#376=EDGE_LOOP('',(#2641,#2642,#2643,#2644));
#377=EDGE_LOOP('',(#2645));
#378=EDGE_LOOP('',(#2646,#2647,#2648,#2649));
#379=EDGE_LOOP('',(#2650));
#380=EDGE_LOOP('',(#2651,#2652,#2653,#2654));
#381=EDGE_LOOP('',(#2655));
#382=EDGE_LOOP('',(#2656,#2657,#2658,#2659));
#383=EDGE_LOOP('',(#2660,#2661,#2662,#2663,#2664,#2665,#2666,#2667,#2668,
#2669,#2670,#2671));
#384=EDGE_LOOP('',(#2672,#2673,#2674,#2675));
#385=EDGE_LOOP('',(#2676,#2677,#2678,#2679));
#386=EDGE_LOOP('',(#2680,#2681,#2682,#2683,#2684,#2685,#2686,#2687,#2688,
#2689));
#387=EDGE_LOOP('',(#2690,#2691,#2692,#2693,#2694,#2695,#2696,#2697,#2698,
#2699,#2700,#2701,#2702,#2703,#2704,#2705,#2706,#2707,#2708,#2709,#2710));
#388=EDGE_LOOP('',(#2711,#2712,#2713,#2714,#2715,#2716,#2717,#2718,#2719,
#2720,#2721,#2722,#2723,#2724));
#389=EDGE_LOOP('',(#2725,#2726,#2727,#2728));
#390=EDGE_LOOP('',(#2729,#2730,#2731,#2732));
#391=EDGE_LOOP('',(#2733,#2734,#2735,#2736,#2737,#2738));
#392=EDGE_LOOP('',(#2739,#2740,#2741,#2742,#2743,#2744,#2745,#2746,#2747,
#2748,#2749,#2750));
#393=EDGE_LOOP('',(#2751,#2752,#2753));
#394=EDGE_LOOP('',(#2754,#2755,#2756,#2757));
#395=EDGE_LOOP('',(#2758));
#396=EDGE_LOOP('',(#2759,#2760,#2761,#2762,#2763,#2764));
#397=EDGE_LOOP('',(#2765));
#398=EDGE_LOOP('',(#2766));
#399=EDGE_LOOP('',(#2767));
#400=EDGE_LOOP('',(#2768,#2769,#2770));
#401=EDGE_LOOP('',(#2771,#2772,#2773,#2774));
#402=EDGE_LOOP('',(#2775,#2776,#2777,#2778,#2779,#2780,#2781,#2782,#2783,
#2784,#2785,#2786,#2787,#2788,#2789,#2790,#2791,#2792,#2793,#2794,#2795,
#2796));
#403=EDGE_LOOP('',(#2797));
#404=EDGE_LOOP('',(#2798,#2799,#2800,#2801));
#405=EDGE_LOOP('',(#2802,#2803,#2804,#2805));
#406=EDGE_LOOP('',(#2806,#2807,#2808,#2809));
#407=EDGE_LOOP('',(#2810,#2811,#2812,#2813));
#408=EDGE_LOOP('',(#2814,#2815,#2816,#2817));
#409=EDGE_LOOP('',(#2818,#2819,#2820,#2821));
#410=EDGE_LOOP('',(#2822,#2823,#2824,#2825));
#411=EDGE_LOOP('',(#2826,#2827,#2828,#2829));
#412=EDGE_LOOP('',(#2830,#2831,#2832,#2833));
#413=EDGE_LOOP('',(#2834,#2835,#2836,#2837));
#414=EDGE_LOOP('',(#2838,#2839,#2840,#2841));
#415=EDGE_LOOP('',(#2842,#2843,#2844,#2845));
#416=EDGE_LOOP('',(#2846,#2847,#2848,#2849));
#417=EDGE_LOOP('',(#2850,#2851,#2852,#2853,#2854,#2855));
#418=EDGE_LOOP('',(#2856,#2857,#2858,#2859,#2860,#2861));
#419=EDGE_LOOP('',(#2862,#2863,#2864,#2865));
#420=EDGE_LOOP('',(#2866,#2867,#2868,#2869,#2870,#2871));
#421=EDGE_LOOP('',(#2872,#2873,#2874,#2875));
#422=EDGE_LOOP('',(#2876,#2877,#2878,#2879));
#423=EDGE_LOOP('',(#2880,#2881,#2882,#2883));
#424=EDGE_LOOP('',(#2884,#2885,#2886,#2887));
#425=EDGE_LOOP('',(#2888,#2889,#2890,#2891,#2892,#2893,#2894,#2895,#2896,
#2897,#2898,#2899,#2900,#2901,#2902,#2903,#2904,#2905,#2906,#2907));
#426=EDGE_LOOP('',(#2908,#2909,#2910,#2911,#2912,#2913,#2914,#2915,#2916,
#2917,#2918,#2919,#2920,#2921,#2922,#2923,#2924,#2925,#2926,#2927,#2928,
#2929));
#427=EDGE_LOOP('',(#2930,#2931,#2932,#2933));
#428=EDGE_LOOP('',(#2934,#2935,#2936,#2937));
#429=EDGE_LOOP('',(#2938,#2939,#2940,#2941));
#430=EDGE_LOOP('',(#2942,#2943,#2944,#2945));
#431=EDGE_LOOP('',(#2946,#2947,#2948,#2949));
#432=EDGE_LOOP('',(#2950,#2951,#2952,#2953));
#433=EDGE_LOOP('',(#2954,#2955,#2956,#2957));
#434=EDGE_LOOP('',(#2958,#2959,#2960,#2961));
#435=EDGE_LOOP('',(#2962,#2963,#2964,#2965));
#436=EDGE_LOOP('',(#2966,#2967,#2968,#2969));
#437=EDGE_LOOP('',(#2970,#2971,#2972,#2973));
#438=EDGE_LOOP('',(#2974,#2975,#2976,#2977));
#439=EDGE_LOOP('',(#2978,#2979,#2980,#2981));
#440=EDGE_LOOP('',(#2982,#2983,#2984,#2985));
#441=EDGE_LOOP('',(#2986,#2987,#2988,#2989));
#442=EDGE_LOOP('',(#2990,#2991,#2992,#2993));
#443=EDGE_LOOP('',(#2994,#2995,#2996,#2997));
#444=EDGE_LOOP('',(#2998,#2999,#3000,#3001));
#445=EDGE_LOOP('',(#3002,#3003,#3004,#3005));
#446=EDGE_LOOP('',(#3006,#3007,#3008,#3009));
#447=EDGE_LOOP('',(#3010,#3011,#3012,#3013));
#448=EDGE_LOOP('',(#3014,#3015,#3016,#3017));
#449=EDGE_LOOP('',(#3018,#3019,#3020,#3021));
#450=EDGE_LOOP('',(#3022,#3023,#3024,#3025));
#451=EDGE_LOOP('',(#3026,#3027,#3028,#3029));
#452=EDGE_LOOP('',(#3030,#3031,#3032,#3033));
#453=EDGE_LOOP('',(#3034,#3035,#3036,#3037));
#454=EDGE_LOOP('',(#3038,#3039,#3040,#3041));
#455=EDGE_LOOP('',(#3042,#3043,#3044,#3045));
#456=EDGE_LOOP('',(#3046,#3047,#3048,#3049));
#457=EDGE_LOOP('',(#3050,#3051,#3052,#3053));
#458=EDGE_LOOP('',(#3054,#3055,#3056,#3057));
#459=EDGE_LOOP('',(#3058,#3059,#3060,#3061));
#460=EDGE_LOOP('',(#3062,#3063,#3064,#3065));
#461=EDGE_LOOP('',(#3066,#3067,#3068,#3069));
#462=EDGE_LOOP('',(#3070,#3071,#3072,#3073));
#463=EDGE_LOOP('',(#3074,#3075,#3076,#3077));
#464=EDGE_LOOP('',(#3078,#3079,#3080,#3081));
#465=EDGE_LOOP('',(#3082,#3083,#3084,#3085));
#466=EDGE_LOOP('',(#3086,#3087,#3088,#3089));
#467=EDGE_LOOP('',(#3090,#3091,#3092,#3093));
#468=EDGE_LOOP('',(#3094,#3095,#3096,#3097));
#469=EDGE_LOOP('',(#3098,#3099,#3100,#3101));
#470=EDGE_LOOP('',(#3102,#3103,#3104,#3105));
#471=EDGE_LOOP('',(#3106,#3107,#3108,#3109));
#472=EDGE_LOOP('',(#3110,#3111,#3112,#3113));
#473=EDGE_LOOP('',(#3114,#3115,#3116,#3117));
#474=EDGE_LOOP('',(#3118,#3119,#3120,#3121));
#475=EDGE_LOOP('',(#3122,#3123,#3124,#3125));
#476=EDGE_LOOP('',(#3126,#3127,#3128,#3129));
#477=EDGE_LOOP('',(#3130,#3131,#3132,#3133));
#478=EDGE_LOOP('',(#3134,#3135,#3136,#3137));
#479=EDGE_LOOP('',(#3138,#3139,#3140,#3141));
#480=EDGE_LOOP('',(#3142,#3143,#3144,#3145));
#481=EDGE_LOOP('',(#3146,#3147,#3148,#3149));
#482=EDGE_LOOP('',(#3150,#3151,#3152,#3153));
#483=EDGE_LOOP('',(#3154,#3155,#3156,#3157));
#484=EDGE_LOOP('',(#3158,#3159,#3160,#3161));
#485=EDGE_LOOP('',(#3162,#3163,#3164,#3165));
#486=EDGE_LOOP('',(#3166,#3167,#3168,#3169));
#487=EDGE_LOOP('',(#3170,#3171,#3172,#3173,#3174,#3175,#3176,#3177,#3178,
#3179,#3180,#3181,#3182,#3183,#3184,#3185,#3186,#3187,#3188,#3189));
#488=EDGE_LOOP('',(#3190,#3191,#3192,#3193,#3194,#3195,#3196,#3197,#3198,
#3199,#3200,#3201,#3202,#3203,#3204,#3205,#3206,#3207,#3208,#3209,#3210,
#3211));
#489=EDGE_LOOP('',(#3212,#3213,#3214,#3215,#3216,#3217,#3218,#3219,#3220,
#3221,#3222,#3223,#3224,#3225,#3226,#3227,#3228,#3229,#3230,#3231,#3232,
#3233));
#490=EDGE_LOOP('',(#3234));
#491=EDGE_LOOP('',(#3235,#3236,#3237,#3238));
#492=EDGE_LOOP('',(#3239,#3240,#3241,#3242,#3243,#3244,#3245,#3246,#3247,
#3248));
#493=EDGE_LOOP('',(#3249,#3250,#3251,#3252));
#494=EDGE_LOOP('',(#3253,#3254,#3255,#3256,#3257,#3258));
#495=EDGE_LOOP('',(#3259,#3260,#3261,#3262,#3263,#3264,#3265,#3266));
#496=EDGE_LOOP('',(#3267,#3268,#3269));
#497=EDGE_LOOP('',(#3270,#3271,#3272,#3273,#3274,#3275));
#498=EDGE_LOOP('',(#3276,#3277,#3278,#3279,#3280,#3281,#3282,#3283,#3284,
#3285,#3286,#3287,#3288,#3289,#3290,#3291,#3292,#3293,#3294,#3295));
#499=EDGE_LOOP('',(#3296,#3297,#3298,#3299));
#500=EDGE_LOOP('',(#3300,#3301,#3302,#3303));
#501=EDGE_LOOP('',(#3304,#3305,#3306,#3307));
#502=EDGE_LOOP('',(#3308,#3309,#3310,#3311));
#503=EDGE_LOOP('',(#3312,#3313,#3314,#3315));
#504=EDGE_LOOP('',(#3316));
#505=EDGE_LOOP('',(#3317,#3318,#3319,#3320));
#506=EDGE_LOOP('',(#3321,#3322,#3323,#3324));
#507=EDGE_LOOP('',(#3325));
#508=EDGE_LOOP('',(#3326,#3327,#3328,#3329));
#509=EDGE_LOOP('',(#3330,#3331,#3332,#3333));
#510=EDGE_LOOP('',(#3334,#3335,#3336,#3337));
#511=EDGE_LOOP('',(#3338,#3339,#3340,#3341));
#512=EDGE_LOOP('',(#3342));
#513=EDGE_LOOP('',(#3343,#3344,#3345,#3346));
#514=EDGE_LOOP('',(#3347,#3348,#3349,#3350));
#515=EDGE_LOOP('',(#3351,#3352,#3353,#3354));
#516=EDGE_LOOP('',(#3355,#3356,#3357,#3358));
#517=EDGE_LOOP('',(#3359));
#518=EDGE_LOOP('',(#3360,#3361,#3362,#3363));
#519=EDGE_LOOP('',(#3364,#3365,#3366,#3367));
#520=EDGE_LOOP('',(#3368,#3369,#3370,#3371));
#521=EDGE_LOOP('',(#3372,#3373,#3374,#3375));
#522=EDGE_LOOP('',(#3376));
#523=EDGE_LOOP('',(#3377,#3378,#3379,#3380));
#524=EDGE_LOOP('',(#3381,#3382,#3383,#3384));
#525=EDGE_LOOP('',(#3385,#3386,#3387,#3388));
#526=EDGE_LOOP('',(#3389));
#527=EDGE_LOOP('',(#3390,#3391,#3392,#3393));
#528=EDGE_LOOP('',(#3394,#3395,#3396,#3397));
#529=EDGE_LOOP('',(#3398,#3399,#3400,#3401));
#530=EDGE_LOOP('',(#3402,#3403,#3404,#3405));
#531=EDGE_LOOP('',(#3406));
#532=EDGE_LOOP('',(#3407,#3408,#3409,#3410));
#533=EDGE_LOOP('',(#3411,#3412,#3413,#3414));
#534=EDGE_LOOP('',(#3415,#3416,#3417,#3418));
#535=EDGE_LOOP('',(#3419));
#536=EDGE_LOOP('',(#3420,#3421,#3422,#3423));
#537=EDGE_LOOP('',(#3424,#3425,#3426,#3427));
#538=EDGE_LOOP('',(#3428,#3429,#3430,#3431));
#539=EDGE_LOOP('',(#3432,#3433,#3434,#3435));
#540=EDGE_LOOP('',(#3436));
#541=EDGE_LOOP('',(#3437,#3438,#3439,#3440));
#542=EDGE_LOOP('',(#3441,#3442,#3443,#3444));
#543=EDGE_LOOP('',(#3445));
#544=EDGE_LOOP('',(#3446,#3447,#3448,#3449));
#545=EDGE_LOOP('',(#3450,#3451,#3452,#3453));
#546=EDGE_LOOP('',(#3454,#3455,#3456,#3457));
#547=EDGE_LOOP('',(#3458,#3459,#3460,#3461));
#548=EDGE_LOOP('',(#3462));
#549=EDGE_LOOP('',(#3463,#3464,#3465,#3466));
#550=EDGE_LOOP('',(#3467,#3468,#3469,#3470));
#551=EDGE_LOOP('',(#3471,#3472,#3473,#3474));
#552=EDGE_LOOP('',(#3475));
#553=EDGE_LOOP('',(#3476,#3477,#3478,#3479));
#554=EDGE_LOOP('',(#3480,#3481,#3482,#3483));
#555=EDGE_LOOP('',(#3484,#3485,#3486,#3487));
#556=EDGE_LOOP('',(#3488,#3489,#3490,#3491));
#557=EDGE_LOOP('',(#3492,#3493,#3494,#3495));
#558=EDGE_LOOP('',(#3496));
#559=EDGE_LOOP('',(#3497,#3498,#3499,#3500));
#560=EDGE_LOOP('',(#3501));
#561=EDGE_LOOP('',(#3502,#3503,#3504,#3505));
#562=EDGE_LOOP('',(#3506,#3507,#3508,#3509));
#563=EDGE_LOOP('',(#3510));
#564=EDGE_LOOP('',(#3511));
#565=EDGE_LOOP('',(#3512,#3513,#3514,#3515));
#566=EDGE_LOOP('',(#3516,#3517,#3518,#3519,#3520,#3521));
#567=EDGE_LOOP('',(#3522,#3523,#3524,#3525));
#568=EDGE_LOOP('',(#3526,#3527,#3528,#3529,#3530,#3531));
#569=EDGE_LOOP('',(#3532,#3533,#3534,#3535,#3536,#3537,#3538,#3539));
#570=EDGE_LOOP('',(#3540,#3541,#3542));
#571=EDGE_LOOP('',(#3543,#3544,#3545,#3546));
#572=EDGE_LOOP('',(#3547,#3548,#3549,#3550,#3551,#3552,#3553,#3554));
#573=EDGE_LOOP('',(#3555,#3556,#3557));
#574=EDGE_LOOP('',(#3558,#3559,#3560,#3561));
#575=EDGE_LOOP('',(#3562,#3563,#3564,#3565));
#576=EDGE_LOOP('',(#3566,#3567,#3568,#3569));
#577=EDGE_LOOP('',(#3570,#3571,#3572,#3573,#3574,#3575,#3576,#3577,#3578,
#3579));
#578=EDGE_LOOP('',(#3580,#3581,#3582,#3583));
#579=EDGE_LOOP('',(#3584,#3585,#3586,#3587));
#580=EDGE_LOOP('',(#3588));
#581=EDGE_LOOP('',(#3589,#3590,#3591,#3592));
#582=EDGE_LOOP('',(#3593));
#583=EDGE_LOOP('',(#3594,#3595,#3596,#3597));
#584=EDGE_LOOP('',(#3598,#3599,#3600,#3601));
#585=EDGE_LOOP('',(#3602,#3603,#3604,#3605));
#586=EDGE_LOOP('',(#3606,#3607,#3608,#3609));
#587=EDGE_LOOP('',(#3610,#3611,#3612,#3613));
#588=EDGE_LOOP('',(#3614,#3615,#3616,#3617));
#589=EDGE_LOOP('',(#3618,#3619,#3620,#3621,#3622,#3623,#3624,#3625,#3626,
#3627));
#590=EDGE_LOOP('',(#3628));
#591=EDGE_LOOP('',(#3629));
#592=LINE('',#5376,#1089);
#593=LINE('',#5378,#1090);
#594=LINE('',#5380,#1091);
#595=LINE('',#5381,#1092);
#596=LINE('',#5384,#1093);
#597=LINE('',#5386,#1094);
#598=LINE('',#5387,#1095);
#599=LINE('',#5390,#1096);
#600=LINE('',#5392,#1097);
#601=LINE('',#5394,#1098);
#602=LINE('',#5396,#1099);
#603=LINE('',#5397,#1100);
#604=LINE('',#5400,#1101);
#605=LINE('',#5402,#1102);
#606=LINE('',#5403,#1103);
#607=LINE('',#5406,#1104);
#608=LINE('',#5408,#1105);
#609=LINE('',#5409,#1106);
#610=LINE('',#5412,#1107);
#611=LINE('',#5414,#1108);
#612=LINE('',#5416,#1109);
#613=LINE('',#5418,#1110);
#614=LINE('',#5420,#1111);
#615=LINE('',#5422,#1112);
#616=LINE('',#5424,#1113);
#617=LINE('',#5426,#1114);
#618=LINE('',#5427,#1115);
#619=LINE('',#5428,#1116);
#620=LINE('',#5432,#1117);
#621=LINE('',#5434,#1118);
#622=LINE('',#5436,#1119);
#623=LINE('',#5437,#1120);
#624=LINE('',#5441,#1121);
#625=LINE('',#5443,#1122);
#626=LINE('',#5445,#1123);
#627=LINE('',#5446,#1124);
#628=LINE('',#5450,#1125);
#629=LINE('',#5451,#1126);
#630=LINE('',#5452,#1127);
#631=LINE('',#5455,#1128);
#632=LINE('',#5457,#1129);
#633=LINE('',#5458,#1130);
#634=LINE('',#5461,#1131);
#635=LINE('',#5463,#1132);
#636=LINE('',#5465,#1133);
#637=LINE('',#5466,#1134);
#638=LINE('',#5469,#1135);
#639=LINE('',#5470,#1136);
#640=LINE('',#5474,#1137);
#641=LINE('',#5476,#1138);
#642=LINE('',#5478,#1139);
#643=LINE('',#5479,#1140);
#644=LINE('',#5482,#1141);
#645=LINE('',#5484,#1142);
#646=LINE('',#5486,#1143);
#647=LINE('',#5487,#1144);
#648=LINE('',#5490,#1145);
#649=LINE('',#5492,#1146);
#650=LINE('',#5494,#1147);
#651=LINE('',#5496,#1148);
#652=LINE('',#5498,#1149);
#653=LINE('',#5500,#1150);
#654=LINE('',#5501,#1151);
#655=LINE('',#5504,#1152);
#656=LINE('',#5506,#1153);
#657=LINE('',#5508,#1154);
#658=LINE('',#5510,#1155);
#659=LINE('',#5512,#1156);
#660=LINE('',#5514,#1157);
#661=LINE('',#5518,#1158);
#662=LINE('',#5522,#1159);
#663=LINE('',#5524,#1160);
#664=LINE('',#5528,#1161);
#665=LINE('',#5530,#1162);
#666=LINE('',#5534,#1163);
#667=LINE('',#5536,#1164);
#668=LINE('',#5540,#1165);
#669=LINE('',#5542,#1166);
#670=LINE('',#5544,#1167);
#671=LINE('',#5546,#1168);
#672=LINE('',#5550,#1169);
#673=LINE('',#5552,#1170);
#674=LINE('',#5555,#1171);
#675=LINE('',#5560,#1172);
#676=LINE('',#5562,#1173);
#677=LINE('',#5564,#1174);
#678=LINE('',#5565,#1175);
#679=LINE('',#5567,#1176);
#680=LINE('',#5569,#1177);
#681=LINE('',#5570,#1178);
#682=LINE('',#5573,#1179);
#683=LINE('',#5574,#1180);
#684=LINE('',#5579,#1181);
#685=LINE('',#5586,#1182);
#686=LINE('',#5593,#1183);
#687=LINE('',#5599,#1184);
#688=LINE('',#5603,#1185);
#689=LINE('',#5605,#1186);
#690=LINE('',#5607,#1187);
#691=LINE('',#5608,#1188);
#692=LINE('',#5610,#1189);
#693=LINE('',#5612,#1190);
#694=LINE('',#5614,#1191);
#695=LINE('',#5615,#1192);
#696=LINE('',#5616,#1193);
#697=LINE('',#5618,#1194);
#698=LINE('',#5619,#1195);
#699=LINE('',#5622,#1196);
#700=LINE('',#5623,#1197);
#701=LINE('',#5630,#1198);
#702=LINE('',#5631,#1199);
#703=LINE('',#5636,#1200);
#704=LINE('',#5638,#1201);
#705=LINE('',#5642,#1202);
#706=LINE('',#5644,#1203);
#707=LINE('',#5648,#1204);
#708=LINE('',#5650,#1205);
#709=LINE('',#5654,#1206);
#710=LINE('',#5656,#1207);
#711=LINE('',#5660,#1208);
#712=LINE('',#5662,#1209);
#713=LINE('',#5666,#1210);
#714=LINE('',#5668,#1211);
#715=LINE('',#5669,#1212);
#716=LINE('',#5670,#1213);
#717=LINE('',#5672,#1214);
#718=LINE('',#5673,#1215);
#719=LINE('',#5675,#1216);
#720=LINE('',#5677,#1217);
#721=LINE('',#5682,#1218);
#722=LINE('',#5684,#1219);
#723=LINE('',#5687,#1220);
#724=LINE('',#5689,#1221);
#725=LINE('',#5691,#1222);
#726=LINE('',#5693,#1223);
#727=LINE('',#5695,#1224);
#728=LINE('',#5699,#1225);
#729=LINE('',#5701,#1226);
#730=LINE('',#5703,#1227);
#731=LINE('',#5705,#1228);
#732=LINE('',#5706,#1229);
#733=LINE('',#5708,#1230);
#734=LINE('',#5710,#1231);
#735=LINE('',#5716,#1232);
#736=LINE('',#5721,#1233);
#737=LINE('',#5723,#1234);
#738=LINE('',#5725,#1235);
#739=LINE('',#5727,#1236);
#740=LINE('',#5729,#1237);
#741=LINE('',#5731,#1238);
#742=LINE('',#5733,#1239);
#743=LINE('',#5735,#1240);
#744=LINE('',#5737,#1241);
#745=LINE('',#5739,#1242);
#746=LINE('',#5741,#1243);
#747=LINE('',#5743,#1244);
#748=LINE('',#5745,#1245);
#749=LINE('',#5747,#1246);
#750=LINE('',#5749,#1247);
#751=LINE('',#5751,#1248);
#752=LINE('',#5753,#1249);
#753=LINE('',#5755,#1250);
#754=LINE('',#5757,#1251);
#755=LINE('',#5759,#1252);
#756=LINE('',#5761,#1253);
#757=LINE('',#5762,#1254);
#758=LINE('',#5765,#1255);
#759=LINE('',#5767,#1256);
#760=LINE('',#5768,#1257);
#761=LINE('',#5771,#1258);
#762=LINE('',#5772,#1259);
#763=LINE('',#5775,#1260);
#764=LINE('',#5776,#1261);
#765=LINE('',#5779,#1262);
#766=LINE('',#5780,#1263);
#767=LINE('',#5783,#1264);
#768=LINE('',#5784,#1265);
#769=LINE('',#5787,#1266);
#770=LINE('',#5788,#1267);
#771=LINE('',#5791,#1268);
#772=LINE('',#5792,#1269);
#773=LINE('',#5795,#1270);
#774=LINE('',#5796,#1271);
#775=LINE('',#5799,#1272);
#776=LINE('',#5800,#1273);
#777=LINE('',#5803,#1274);
#778=LINE('',#5804,#1275);
#779=LINE('',#5807,#1276);
#780=LINE('',#5808,#1277);
#781=LINE('',#5811,#1278);
#782=LINE('',#5812,#1279);
#783=LINE('',#5814,#1280);
#784=LINE('',#5817,#1281);
#785=LINE('',#5819,#1282);
#786=LINE('',#5820,#1283);
#787=LINE('',#5823,#1284);
#788=LINE('',#5824,#1285);
#789=LINE('',#5825,#1286);
#790=LINE('',#5827,#1287);
#791=LINE('',#5830,#1288);
#792=LINE('',#5833,#1289);
#793=LINE('',#5836,#1290);
#794=LINE('',#5837,#1291);
#795=LINE('',#5840,#1292);
#796=LINE('',#5841,#1293);
#797=LINE('',#5845,#1294);
#798=LINE('',#5848,#1295);
#799=LINE('',#5849,#1296);
#800=LINE('',#5851,#1297);
#801=LINE('',#5853,#1298);
#802=LINE('',#5855,#1299);
#803=LINE('',#5859,#1300);
#804=LINE('',#5861,#1301);
#805=LINE('',#5865,#1302);
#806=LINE('',#5867,#1303);
#807=LINE('',#5870,#1304);
#808=LINE('',#5871,#1305);
#809=LINE('',#5873,#1306);
#810=LINE('',#5875,#1307);
#811=LINE('',#5877,#1308);
#812=LINE('',#5879,#1309);
#813=LINE('',#5881,#1310);
#814=LINE('',#5883,#1311);
#815=LINE('',#5885,#1312);
#816=LINE('',#5887,#1313);
#817=LINE('',#5889,#1314);
#818=LINE('',#5890,#1315);
#819=LINE('',#5892,#1316);
#820=LINE('',#5894,#1317);
#821=LINE('',#5896,#1318);
#822=LINE('',#5898,#1319);
#823=LINE('',#5900,#1320);
#824=LINE('',#5902,#1321);
#825=LINE('',#5904,#1322);
#826=LINE('',#5906,#1323);
#827=LINE('',#5908,#1324);
#828=LINE('',#5910,#1325);
#829=LINE('',#5913,#1326);
#830=LINE('',#5915,#1327);
#831=LINE('',#5917,#1328);
#832=LINE('',#5919,#1329);
#833=LINE('',#5921,#1330);
#834=LINE('',#5923,#1331);
#835=LINE('',#5925,#1332);
#836=LINE('',#5927,#1333);
#837=LINE('',#5932,#1334);
#838=LINE('',#5934,#1335);
#839=LINE('',#5936,#1336);
#840=LINE('',#5937,#1337);
#841=LINE('',#5940,#1338);
#842=LINE('',#5942,#1339);
#843=LINE('',#5943,#1340);
#844=LINE('',#5946,#1341);
#845=LINE('',#5948,#1342);
#846=LINE('',#5949,#1343);
#847=LINE('',#5952,#1344);
#848=LINE('',#5954,#1345);
#849=LINE('',#5955,#1346);
#850=LINE('',#5958,#1347);
#851=LINE('',#5960,#1348);
#852=LINE('',#5961,#1349);
#853=LINE('',#5964,#1350);
#854=LINE('',#5966,#1351);
#855=LINE('',#5967,#1352);
#856=LINE('',#5970,#1353);
#857=LINE('',#5972,#1354);
#858=LINE('',#5973,#1355);
#859=LINE('',#5976,#1356);
#860=LINE('',#5978,#1357);
#861=LINE('',#5979,#1358);
#862=LINE('',#5982,#1359);
#863=LINE('',#5984,#1360);
#864=LINE('',#5985,#1361);
#865=LINE('',#5988,#1362);
#866=LINE('',#5990,#1363);
#867=LINE('',#5991,#1364);
#868=LINE('',#5994,#1365);
#869=LINE('',#5996,#1366);
#870=LINE('',#5997,#1367);
#871=LINE('',#6001,#1368);
#872=LINE('',#6003,#1369);
#873=LINE('',#6005,#1370);
#874=LINE('',#6006,#1371);
#875=LINE('',#6009,#1372);
#876=LINE('',#6011,#1373);
#877=LINE('',#6012,#1374);
#878=LINE('',#6015,#1375);
#879=LINE('',#6018,#1376);
#880=LINE('',#6021,#1377);
#881=LINE('',#6022,#1378);
#882=LINE('',#6025,#1379);
#883=LINE('',#6026,#1380);
#884=LINE('',#6029,#1381);
#885=LINE('',#6033,#1382);
#886=LINE('',#6034,#1383);
#887=LINE('',#6037,#1384);
#888=LINE('',#6039,#1385);
#889=LINE('',#6040,#1386);
#890=LINE('',#6043,#1387);
#891=LINE('',#6045,#1388);
#892=LINE('',#6046,#1389);
#893=LINE('',#6049,#1390);
#894=LINE('',#6051,#1391);
#895=LINE('',#6052,#1392);
#896=LINE('',#6055,#1393);
#897=LINE('',#6057,#1394);
#898=LINE('',#6058,#1395);
#899=LINE('',#6061,#1396);
#900=LINE('',#6063,#1397);
#901=LINE('',#6064,#1398);
#902=LINE('',#6067,#1399);
#903=LINE('',#6069,#1400);
#904=LINE('',#6070,#1401);
#905=LINE('',#6073,#1402);
#906=LINE('',#6075,#1403);
#907=LINE('',#6076,#1404);
#908=LINE('',#6079,#1405);
#909=LINE('',#6081,#1406);
#910=LINE('',#6082,#1407);
#911=LINE('',#6085,#1408);
#912=LINE('',#6087,#1409);
#913=LINE('',#6088,#1410);
#914=LINE('',#6091,#1411);
#915=LINE('',#6093,#1412);
#916=LINE('',#6094,#1413);
#917=LINE('',#6096,#1414);
#918=LINE('',#6097,#1415);
#919=LINE('',#6100,#1416);
#920=LINE('',#6103,#1417);
#921=LINE('',#6106,#1418);
#922=LINE('',#6107,#1419);
#923=LINE('',#6110,#1420);
#924=LINE('',#6111,#1421);
#925=LINE('',#6115,#1422);
#926=LINE('',#6118,#1423);
#927=LINE('',#6119,#1424);
#928=LINE('',#6122,#1425);
#929=LINE('',#6123,#1426);
#930=LINE('',#6127,#1427);
#931=LINE('',#6130,#1428);
#932=LINE('',#6131,#1429);
#933=LINE('',#6134,#1430);
#934=LINE('',#6135,#1431);
#935=LINE('',#6139,#1432);
#936=LINE('',#6141,#1433);
#937=LINE('',#6143,#1434);
#938=LINE('',#6144,#1435);
#939=LINE('',#6147,#1436);
#940=LINE('',#6150,#1437);
#941=LINE('',#6152,#1438);
#942=LINE('',#6153,#1439);
#943=LINE('',#6154,#1440);
#944=LINE('',#6157,#1441);
#945=LINE('',#6159,#1442);
#946=LINE('',#6160,#1443);
#947=LINE('',#6162,#1444);
#948=LINE('',#6165,#1445);
#949=LINE('',#6169,#1446);
#950=LINE('',#6177,#1447);
#951=LINE('',#6183,#1448);
#952=LINE('',#6185,#1449);
#953=LINE('',#6187,#1450);
#954=LINE('',#6188,#1451);
#955=LINE('',#6191,#1452);
#956=LINE('',#6193,#1453);
#957=LINE('',#6194,#1454);
#958=LINE('',#6197,#1455);
#959=LINE('',#6199,#1456);
#960=LINE('',#6200,#1457);
#961=LINE('',#6202,#1458);
#962=LINE('',#6203,#1459);
#963=LINE('',#6211,#1460);
#964=LINE('',#6216,#1461);
#965=LINE('',#6218,#1462);
#966=LINE('',#6220,#1463);
#967=LINE('',#6221,#1464);
#968=LINE('',#6224,#1465);
#969=LINE('',#6226,#1466);
#970=LINE('',#6227,#1467);
#971=LINE('',#6230,#1468);
#972=LINE('',#6232,#1469);
#973=LINE('',#6233,#1470);
#974=LINE('',#6235,#1471);
#975=LINE('',#6236,#1472);
#976=LINE('',#6243,#1473);
#977=LINE('',#6249,#1474);
#978=LINE('',#6251,#1475);
#979=LINE('',#6253,#1476);
#980=LINE('',#6254,#1477);
#981=LINE('',#6257,#1478);
#982=LINE('',#6259,#1479);
#983=LINE('',#6260,#1480);
#984=LINE('',#6263,#1481);
#985=LINE('',#6265,#1482);
#986=LINE('',#6266,#1483);
#987=LINE('',#6268,#1484);
#988=LINE('',#6269,#1485);
#989=LINE('',#6276,#1486);
#990=LINE('',#6282,#1487);
#991=LINE('',#6284,#1488);
#992=LINE('',#6286,#1489);
#993=LINE('',#6287,#1490);
#994=LINE('',#6290,#1491);
#995=LINE('',#6292,#1492);
#996=LINE('',#6293,#1493);
#997=LINE('',#6296,#1494);
#998=LINE('',#6298,#1495);
#999=LINE('',#6299,#1496);
#1000=LINE('',#6301,#1497);
#1001=LINE('',#6302,#1498);
#1002=LINE('',#6309,#1499);
#1003=LINE('',#6315,#1500);
#1004=LINE('',#6317,#1501);
#1005=LINE('',#6319,#1502);
#1006=LINE('',#6320,#1503);
#1007=LINE('',#6323,#1504);
#1008=LINE('',#6325,#1505);
#1009=LINE('',#6326,#1506);
#1010=LINE('',#6329,#1507);
#1011=LINE('',#6331,#1508);
#1012=LINE('',#6332,#1509);
#1013=LINE('',#6334,#1510);
#1014=LINE('',#6335,#1511);
#1015=LINE('',#6343,#1512);
#1016=LINE('',#6348,#1513);
#1017=LINE('',#6350,#1514);
#1018=LINE('',#6352,#1515);
#1019=LINE('',#6353,#1516);
#1020=LINE('',#6356,#1517);
#1021=LINE('',#6358,#1518);
#1022=LINE('',#6359,#1519);
#1023=LINE('',#6362,#1520);
#1024=LINE('',#6364,#1521);
#1025=LINE('',#6365,#1522);
#1026=LINE('',#6367,#1523);
#1027=LINE('',#6368,#1524);
#1028=LINE('',#6375,#1525);
#1029=LINE('',#6382,#1526);
#1030=LINE('',#6388,#1527);
#1031=LINE('',#6390,#1528);
#1032=LINE('',#6392,#1529);
#1033=LINE('',#6393,#1530);
#1034=LINE('',#6396,#1531);
#1035=LINE('',#6398,#1532);
#1036=LINE('',#6399,#1533);
#1037=LINE('',#6402,#1534);
#1038=LINE('',#6404,#1535);
#1039=LINE('',#6405,#1536);
#1040=LINE('',#6408,#1537);
#1041=LINE('',#6410,#1538);
#1042=LINE('',#6411,#1539);
#1043=LINE('',#6414,#1540);
#1044=LINE('',#6415,#1541);
#1045=LINE('',#6418,#1542);
#1046=LINE('',#6419,#1543);
#1047=LINE('',#6422,#1544);
#1048=LINE('',#6424,#1545);
#1049=LINE('',#6426,#1546);
#1050=LINE('',#6428,#1547);
#1051=LINE('',#6429,#1548);
#1052=LINE('',#6432,#1549);
#1053=LINE('',#6433,#1550);
#1054=LINE('',#6436,#1551);
#1055=LINE('',#6437,#1552);
#1056=LINE('',#6439,#1553);
#1057=LINE('',#6444,#1554);
#1058=LINE('',#6446,#1555);
#1059=LINE('',#6448,#1556);
#1060=LINE('',#6449,#1557);
#1061=LINE('',#6452,#1558);
#1062=LINE('',#6454,#1559);
#1063=LINE('',#6455,#1560);
#1064=LINE('',#6458,#1561);
#1065=LINE('',#6460,#1562);
#1066=LINE('',#6461,#1563);
#1067=LINE('',#6464,#1564);
#1068=LINE('',#6466,#1565);
#1069=LINE('',#6468,#1566);
#1070=LINE('',#6470,#1567);
#1071=LINE('',#6472,#1568);
#1072=LINE('',#6474,#1569);
#1073=LINE('',#6475,#1570);
#1074=LINE('',#6478,#1571);
#1075=LINE('',#6479,#1572);
#1076=LINE('',#6484,#1573);
#1077=LINE('',#6491,#1574);
#1078=LINE('',#6496,#1575);
#1079=LINE('',#6498,#1576);
#1080=LINE('',#6499,#1577);
#1081=LINE('',#6501,#1578);
#1082=LINE('',#6504,#1579);
#1083=LINE('',#6505,#1580);
#1084=LINE('',#6508,#1581);
#1085=LINE('',#6509,#1582);
#1086=LINE('',#6512,#1583);
#1087=LINE('',#6513,#1584);
#1088=LINE('',#6515,#1585);
#1089=VECTOR('',#4329,0.393700787401575);
#1090=VECTOR('',#4330,0.393700787401575);
#1091=VECTOR('',#4331,0.393700787401575);
#1092=VECTOR('',#4332,0.393700787401575);
#1093=VECTOR('',#4335,0.393700787401575);
#1094=VECTOR('',#4336,0.393700787401575);
#1095=VECTOR('',#4337,0.393700787401575);
#1096=VECTOR('',#4340,0.393700787401575);
#1097=VECTOR('',#4341,0.393700787401575);
#1098=VECTOR('',#4342,0.393700787401575);
#1099=VECTOR('',#4343,0.393700787401575);
#1100=VECTOR('',#4344,0.393700787401575);
#1101=VECTOR('',#4347,0.393700787401575);
#1102=VECTOR('',#4348,0.393700787401575);
#1103=VECTOR('',#4349,0.393700787401575);
#1104=VECTOR('',#4352,0.393700787401575);
#1105=VECTOR('',#4353,0.393700787401575);
#1106=VECTOR('',#4354,0.393700787401575);
#1107=VECTOR('',#4357,0.393700787401575);
#1108=VECTOR('',#4358,0.393700787401575);
#1109=VECTOR('',#4359,0.393700787401575);
#1110=VECTOR('',#4360,0.393700787401575);
#1111=VECTOR('',#4361,0.393700787401575);
#1112=VECTOR('',#4362,0.393700787401575);
#1113=VECTOR('',#4363,0.393700787401575);
#1114=VECTOR('',#4364,0.393700787401575);
#1115=VECTOR('',#4365,0.393700787401575);
#1116=VECTOR('',#4366,0.393700787401575);
#1117=VECTOR('',#4369,0.393700787401575);
#1118=VECTOR('',#4370,0.393700787401575);
#1119=VECTOR('',#4371,0.393700787401575);
#1120=VECTOR('',#4372,0.393700787401575);
#1121=VECTOR('',#4375,0.393700787401575);
#1122=VECTOR('',#4376,0.393700787401575);
#1123=VECTOR('',#4377,0.393700787401575);
#1124=VECTOR('',#4378,0.393700787401575);
#1125=VECTOR('',#4381,0.393700787401575);
#1126=VECTOR('',#4382,0.393700787401575);
#1127=VECTOR('',#4383,0.393700787401575);
#1128=VECTOR('',#4386,0.393700787401575);
#1129=VECTOR('',#4387,0.393700787401575);
#1130=VECTOR('',#4388,0.393700787401575);
#1131=VECTOR('',#4391,0.393700787401575);
#1132=VECTOR('',#4392,0.393700787401575);
#1133=VECTOR('',#4393,0.393700787401575);
#1134=VECTOR('',#4394,0.393700787401575);
#1135=VECTOR('',#4397,0.393700787401575);
#1136=VECTOR('',#4398,0.393700787401575);
#1137=VECTOR('',#4401,0.393700787401575);
#1138=VECTOR('',#4402,0.393700787401575);
#1139=VECTOR('',#4403,0.393700787401575);
#1140=VECTOR('',#4404,0.393700787401575);
#1141=VECTOR('',#4407,0.393700787401575);
#1142=VECTOR('',#4408,0.393700787401575);
#1143=VECTOR('',#4409,0.393700787401575);
#1144=VECTOR('',#4410,0.393700787401575);
#1145=VECTOR('',#4413,0.393700787401575);
#1146=VECTOR('',#4414,0.393700787401575);
#1147=VECTOR('',#4415,0.393700787401575);
#1148=VECTOR('',#4416,0.393700787401575);
#1149=VECTOR('',#4417,0.393700787401575);
#1150=VECTOR('',#4418,0.393700787401575);
#1151=VECTOR('',#4419,0.393700787401575);
#1152=VECTOR('',#4422,0.393700787401575);
#1153=VECTOR('',#4423,0.393700787401575);
#1154=VECTOR('',#4424,0.393700787401575);
#1155=VECTOR('',#4425,0.393700787401575);
#1156=VECTOR('',#4426,0.393700787401575);
#1157=VECTOR('',#4427,0.393700787401575);
#1158=VECTOR('',#4430,0.393700787401575);
#1159=VECTOR('',#4433,0.393700787401575);
#1160=VECTOR('',#4434,0.393700787401575);
#1161=VECTOR('',#4437,0.393700787401575);
#1162=VECTOR('',#4438,0.393700787401575);
#1163=VECTOR('',#4441,0.393700787401575);
#1164=VECTOR('',#4442,0.393700787401575);
#1165=VECTOR('',#4445,0.393700787401575);
#1166=VECTOR('',#4446,0.393700787401575);
#1167=VECTOR('',#4447,0.393700787401575);
#1168=VECTOR('',#4448,0.393700787401575);
#1169=VECTOR('',#4451,0.393700787401575);
#1170=VECTOR('',#4452,0.393700787401575);
#1171=VECTOR('',#4455,0.393700787401575);
#1172=VECTOR('',#4460,0.393700787401575);
#1173=VECTOR('',#4461,0.393700787401575);
#1174=VECTOR('',#4462,0.393700787401575);
#1175=VECTOR('',#4463,0.393700787401575);
#1176=VECTOR('',#4464,0.393700787401575);
#1177=VECTOR('',#4465,0.393700787401575);
#1178=VECTOR('',#4466,0.393700787401575);
#1179=VECTOR('',#4469,0.393700787401575);
#1180=VECTOR('',#4470,0.393700787401575);
#1181=VECTOR('',#4475,0.135);
#1182=VECTOR('',#4484,0.135);
#1183=VECTOR('',#4493,0.135);
#1184=VECTOR('',#4502,2.92061646651147);
#1185=VECTOR('',#4505,0.393700787401575);
#1186=VECTOR('',#4506,0.393700787401575);
#1187=VECTOR('',#4507,0.393700787401575);
#1188=VECTOR('',#4508,0.393700787401575);
#1189=VECTOR('',#4509,0.393700787401575);
#1190=VECTOR('',#4510,0.393700787401575);
#1191=VECTOR('',#4511,0.393700787401575);
#1192=VECTOR('',#4512,0.393700787401575);
#1193=VECTOR('',#4513,0.393700787401575);
#1194=VECTOR('',#4516,0.393700787401575);
#1195=VECTOR('',#4517,0.393700787401575);
#1196=VECTOR('',#4520,0.393700787401575);
#1197=VECTOR('',#4521,0.393700787401575);
#1198=VECTOR('',#4528,0.393700787401575);
#1199=VECTOR('',#4529,0.393700787401575);
#1200=VECTOR('',#4532,0.393700787401575);
#1201=VECTOR('',#4533,0.393700787401575);
#1202=VECTOR('',#4536,0.393700787401575);
#1203=VECTOR('',#4537,0.393700787401575);
#1204=VECTOR('',#4540,0.393700787401575);
#1205=VECTOR('',#4541,0.393700787401575);
#1206=VECTOR('',#4544,0.393700787401575);
#1207=VECTOR('',#4545,0.393700787401575);
#1208=VECTOR('',#4548,0.393700787401575);
#1209=VECTOR('',#4549,0.393700787401575);
#1210=VECTOR('',#4552,0.393700787401575);
#1211=VECTOR('',#4553,0.393700787401575);
#1212=VECTOR('',#4554,0.393700787401575);
#1213=VECTOR('',#4555,0.393700787401575);
#1214=VECTOR('',#4558,0.393700787401575);
#1215=VECTOR('',#4559,0.393700787401575);
#1216=VECTOR('',#4562,0.393700787401575);
#1217=VECTOR('',#4565,0.393700787401575);
#1218=VECTOR('',#4570,0.393700787401575);
#1219=VECTOR('',#4571,0.393700787401575);
#1220=VECTOR('',#4574,0.393700787401575);
#1221=VECTOR('',#4577,0.393700787401575);
#1222=VECTOR('',#4578,0.393700787401575);
#1223=VECTOR('',#4579,0.393700787401575);
#1224=VECTOR('',#4580,0.393700787401575);
#1225=VECTOR('',#4583,0.393700787401575);
#1226=VECTOR('',#4584,0.393700787401575);
#1227=VECTOR('',#4585,0.393700787401575);
#1228=VECTOR('',#4586,0.393700787401575);
#1229=VECTOR('',#4587,0.393700787401575);
#1230=VECTOR('',#4590,0.393700787401575);
#1231=VECTOR('',#4593,0.393700787401575);
#1232=VECTOR('',#4600,0.05);
#1233=VECTOR('',#4605,0.393700787401575);
#1234=VECTOR('',#4606,0.393700787401575);
#1235=VECTOR('',#4607,0.393700787401575);
#1236=VECTOR('',#4608,0.393700787401575);
#1237=VECTOR('',#4609,0.393700787401575);
#1238=VECTOR('',#4610,0.393700787401575);
#1239=VECTOR('',#4611,0.393700787401575);
#1240=VECTOR('',#4612,0.393700787401575);
#1241=VECTOR('',#4613,0.393700787401575);
#1242=VECTOR('',#4614,0.393700787401575);
#1243=VECTOR('',#4615,0.393700787401575);
#1244=VECTOR('',#4616,0.393700787401575);
#1245=VECTOR('',#4617,0.393700787401575);
#1246=VECTOR('',#4618,0.393700787401575);
#1247=VECTOR('',#4619,0.393700787401575);
#1248=VECTOR('',#4620,0.393700787401575);
#1249=VECTOR('',#4621,0.393700787401575);
#1250=VECTOR('',#4622,0.393700787401575);
#1251=VECTOR('',#4623,0.393700787401575);
#1252=VECTOR('',#4624,0.393700787401575);
#1253=VECTOR('',#4625,0.393700787401575);
#1254=VECTOR('',#4626,0.393700787401575);
#1255=VECTOR('',#4629,0.393700787401575);
#1256=VECTOR('',#4630,0.393700787401575);
#1257=VECTOR('',#4631,0.393700787401575);
#1258=VECTOR('',#4634,0.393700787401575);
#1259=VECTOR('',#4635,0.393700787401575);
#1260=VECTOR('',#4638,0.393700787401575);
#1261=VECTOR('',#4639,0.393700787401575);
#1262=VECTOR('',#4642,0.393700787401575);
#1263=VECTOR('',#4643,0.393700787401575);
#1264=VECTOR('',#4646,0.393700787401575);
#1265=VECTOR('',#4647,0.393700787401575);
#1266=VECTOR('',#4650,0.393700787401575);
#1267=VECTOR('',#4651,0.393700787401575);
#1268=VECTOR('',#4654,0.393700787401575);
#1269=VECTOR('',#4655,0.393700787401575);
#1270=VECTOR('',#4658,0.393700787401575);
#1271=VECTOR('',#4659,0.393700787401575);
#1272=VECTOR('',#4662,0.393700787401575);
#1273=VECTOR('',#4663,0.393700787401575);
#1274=VECTOR('',#4666,0.393700787401575);
#1275=VECTOR('',#4667,0.393700787401575);
#1276=VECTOR('',#4670,0.393700787401575);
#1277=VECTOR('',#4671,0.393700787401575);
#1278=VECTOR('',#4674,0.393700787401575);
#1279=VECTOR('',#4675,0.393700787401575);
#1280=VECTOR('',#4678,0.393700787401575);
#1281=VECTOR('',#4681,0.393700787401575);
#1282=VECTOR('',#4682,0.393700787401575);
#1283=VECTOR('',#4683,0.393700787401575);
#1284=VECTOR('',#4686,0.393700787401575);
#1285=VECTOR('',#4687,0.393700787401575);
#1286=VECTOR('',#4688,0.393700787401575);
#1287=VECTOR('',#4691,0.393700787401575);
#1288=VECTOR('',#4694,0.393700787401575);
#1289=VECTOR('',#4697,0.393700787401575);
#1290=VECTOR('',#4700,0.393700787401575);
#1291=VECTOR('',#4701,0.393700787401575);
#1292=VECTOR('',#4704,0.393700787401575);
#1293=VECTOR('',#4705,0.393700787401575);
#1294=VECTOR('',#4710,0.393700787401575);
#1295=VECTOR('',#4713,0.393700787401575);
#1296=VECTOR('',#4714,0.393700787401575);
#1297=VECTOR('',#4717,0.393700787401575);
#1298=VECTOR('',#4718,0.393700787401575);
#1299=VECTOR('',#4719,0.393700787401575);
#1300=VECTOR('',#4722,0.393700787401575);
#1301=VECTOR('',#4723,0.393700787401575);
#1302=VECTOR('',#4726,0.393700787401575);
#1303=VECTOR('',#4727,0.393700787401575);
#1304=VECTOR('',#4730,0.393700787401575);
#1305=VECTOR('',#4731,0.393700787401575);
#1306=VECTOR('',#4732,0.393700787401575);
#1307=VECTOR('',#4733,0.393700787401575);
#1308=VECTOR('',#4734,0.393700787401575);
#1309=VECTOR('',#4735,0.393700787401575);
#1310=VECTOR('',#4736,0.393700787401575);
#1311=VECTOR('',#4737,0.393700787401575);
#1312=VECTOR('',#4738,0.393700787401575);
#1313=VECTOR('',#4739,0.393700787401575);
#1314=VECTOR('',#4740,0.393700787401575);
#1315=VECTOR('',#4741,0.393700787401575);
#1316=VECTOR('',#4744,0.393700787401575);
#1317=VECTOR('',#4747,0.393700787401575);
#1318=VECTOR('',#4750,0.393700787401575);
#1319=VECTOR('',#4753,0.393700787401575);
#1320=VECTOR('',#4756,0.393700787401575);
#1321=VECTOR('',#4759,0.393700787401575);
#1322=VECTOR('',#4762,0.393700787401575);
#1323=VECTOR('',#4765,0.393700787401575);
#1324=VECTOR('',#4768,0.393700787401575);
#1325=VECTOR('',#4771,0.393700787401575);
#1326=VECTOR('',#4776,0.393700787401575);
#1327=VECTOR('',#4779,0.393700787401575);
#1328=VECTOR('',#4782,0.393700787401575);
#1329=VECTOR('',#4785,0.393700787401575);
#1330=VECTOR('',#4788,0.393700787401575);
#1331=VECTOR('',#4791,0.393700787401575);
#1332=VECTOR('',#4794,0.393700787401575);
#1333=VECTOR('',#4797,0.393700787401575);
#1334=VECTOR('',#4802,0.393700787401575);
#1335=VECTOR('',#4803,0.393700787401575);
#1336=VECTOR('',#4804,0.393700787401575);
#1337=VECTOR('',#4805,0.393700787401575);
#1338=VECTOR('',#4808,0.393700787401575);
#1339=VECTOR('',#4809,0.393700787401575);
#1340=VECTOR('',#4810,0.393700787401575);
#1341=VECTOR('',#4813,0.393700787401575);
#1342=VECTOR('',#4814,0.393700787401575);
#1343=VECTOR('',#4815,0.393700787401575);
#1344=VECTOR('',#4818,0.393700787401575);
#1345=VECTOR('',#4819,0.393700787401575);
#1346=VECTOR('',#4820,0.393700787401575);
#1347=VECTOR('',#4823,0.393700787401575);
#1348=VECTOR('',#4824,0.393700787401575);
#1349=VECTOR('',#4825,0.393700787401575);
#1350=VECTOR('',#4828,0.393700787401575);
#1351=VECTOR('',#4829,0.393700787401575);
#1352=VECTOR('',#4830,0.393700787401575);
#1353=VECTOR('',#4833,0.393700787401575);
#1354=VECTOR('',#4834,0.393700787401575);
#1355=VECTOR('',#4835,0.393700787401575);
#1356=VECTOR('',#4838,0.393700787401575);
#1357=VECTOR('',#4839,0.393700787401575);
#1358=VECTOR('',#4840,0.393700787401575);
#1359=VECTOR('',#4843,0.393700787401575);
#1360=VECTOR('',#4844,0.393700787401575);
#1361=VECTOR('',#4845,0.393700787401575);
#1362=VECTOR('',#4848,0.393700787401575);
#1363=VECTOR('',#4849,0.393700787401575);
#1364=VECTOR('',#4850,0.393700787401575);
#1365=VECTOR('',#4853,0.393700787401575);
#1366=VECTOR('',#4854,0.393700787401575);
#1367=VECTOR('',#4855,0.393700787401575);
#1368=VECTOR('',#4858,0.393700787401575);
#1369=VECTOR('',#4859,0.393700787401575);
#1370=VECTOR('',#4860,39.3700787401575);
#1371=VECTOR('',#4861,0.393700787401575);
#1372=VECTOR('',#4864,0.393700787401575);
#1373=VECTOR('',#4865,0.393700787401575);
#1374=VECTOR('',#4866,39.3700787401575);
#1375=VECTOR('',#4869,0.393700787401575);
#1376=VECTOR('',#4872,0.393700787401575);
#1377=VECTOR('',#4875,0.393700787401575);
#1378=VECTOR('',#4876,39.3700787401575);
#1379=VECTOR('',#4879,0.393700787401575);
#1380=VECTOR('',#4880,39.3700787401575);
#1381=VECTOR('',#4883,0.393700787401575);
#1382=VECTOR('',#4888,0.393700787401575);
#1383=VECTOR('',#4889,39.3700787401575);
#1384=VECTOR('',#4892,0.393700787401575);
#1385=VECTOR('',#4893,0.393700787401575);
#1386=VECTOR('',#4894,0.393700787401575);
#1387=VECTOR('',#4897,0.393700787401575);
#1388=VECTOR('',#4898,0.393700787401575);
#1389=VECTOR('',#4899,0.393700787401575);
#1390=VECTOR('',#4902,0.393700787401575);
#1391=VECTOR('',#4903,0.393700787401575);
#1392=VECTOR('',#4904,0.393700787401575);
#1393=VECTOR('',#4907,0.393700787401575);
#1394=VECTOR('',#4908,0.393700787401575);
#1395=VECTOR('',#4909,0.393700787401575);
#1396=VECTOR('',#4912,0.393700787401575);
#1397=VECTOR('',#4913,0.393700787401575);
#1398=VECTOR('',#4914,0.393700787401575);
#1399=VECTOR('',#4917,0.393700787401575);
#1400=VECTOR('',#4918,0.393700787401575);
#1401=VECTOR('',#4919,0.393700787401575);
#1402=VECTOR('',#4922,0.393700787401575);
#1403=VECTOR('',#4923,0.393700787401575);
#1404=VECTOR('',#4924,0.393700787401575);
#1405=VECTOR('',#4927,0.393700787401575);
#1406=VECTOR('',#4928,0.393700787401575);
#1407=VECTOR('',#4929,0.393700787401575);
#1408=VECTOR('',#4932,0.393700787401575);
#1409=VECTOR('',#4933,0.393700787401575);
#1410=VECTOR('',#4934,0.393700787401575);
#1411=VECTOR('',#4937,0.393700787401575);
#1412=VECTOR('',#4938,0.393700787401575);
#1413=VECTOR('',#4939,0.393700787401575);
#1414=VECTOR('',#4942,0.393700787401575);
#1415=VECTOR('',#4943,0.393700787401575);
#1416=VECTOR('',#4946,0.393700787401575);
#1417=VECTOR('',#4949,0.393700787401575);
#1418=VECTOR('',#4952,39.3700787401575);
#1419=VECTOR('',#4953,0.393700787401575);
#1420=VECTOR('',#4956,39.3700787401575);
#1421=VECTOR('',#4957,0.393700787401575);
#1422=VECTOR('',#4962,0.393700787401575);
#1423=VECTOR('',#4965,39.3700787401575);
#1424=VECTOR('',#4966,0.393700787401575);
#1425=VECTOR('',#4969,39.3700787401575);
#1426=VECTOR('',#4970,0.393700787401575);
#1427=VECTOR('',#4975,0.393700787401575);
#1428=VECTOR('',#4978,39.3700787401575);
#1429=VECTOR('',#4979,0.393700787401575);
#1430=VECTOR('',#4982,39.3700787401575);
#1431=VECTOR('',#4983,0.393700787401575);
#1432=VECTOR('',#4988,0.393700787401575);
#1433=VECTOR('',#4991,39.3700787401575);
#1434=VECTOR('',#4994,0.393700787401575);
#1435=VECTOR('',#4995,0.393700787401575);
#1436=VECTOR('',#5000,0.393700787401575);
#1437=VECTOR('',#5003,0.393700787401575);
#1438=VECTOR('',#5004,0.393700787401575);
#1439=VECTOR('',#5005,0.393700787401575);
#1440=VECTOR('',#5006,0.393700787401575);
#1441=VECTOR('',#5011,0.393700787401575);
#1442=VECTOR('',#5014,0.393700787401575);
#1443=VECTOR('',#5015,0.393700787401575);
#1444=VECTOR('',#5018,0.393700787401575);
#1445=VECTOR('',#5021,0.393700787401575);
#1446=VECTOR('',#5028,0.393700787401575);
#1447=VECTOR('',#5039,0.165);
#1448=VECTOR('',#5046,0.393700787401575);
#1449=VECTOR('',#5047,0.393700787401575);
#1450=VECTOR('',#5048,0.393700787401575);
#1451=VECTOR('',#5049,0.393700787401575);
#1452=VECTOR('',#5052,0.393700787401575);
#1453=VECTOR('',#5053,0.393700787401575);
#1454=VECTOR('',#5054,0.393700787401575);
#1455=VECTOR('',#5057,0.393700787401575);
#1456=VECTOR('',#5058,0.393700787401575);
#1457=VECTOR('',#5059,0.393700787401575);
#1458=VECTOR('',#5062,0.393700787401575);
#1459=VECTOR('',#5063,0.393700787401575);
#1460=VECTOR('',#5074,0.165);
#1461=VECTOR('',#5079,0.393700787401575);
#1462=VECTOR('',#5080,0.393700787401575);
#1463=VECTOR('',#5081,0.393700787401575);
#1464=VECTOR('',#5082,0.393700787401575);
#1465=VECTOR('',#5085,0.393700787401575);
#1466=VECTOR('',#5086,0.393700787401575);
#1467=VECTOR('',#5087,0.393700787401575);
#1468=VECTOR('',#5090,0.393700787401575);
#1469=VECTOR('',#5091,0.393700787401575);
#1470=VECTOR('',#5092,0.393700787401575);
#1471=VECTOR('',#5095,0.393700787401575);
#1472=VECTOR('',#5096,0.393700787401575);
#1473=VECTOR('',#5105,0.165);
#1474=VECTOR('',#5112,0.393700787401575);
#1475=VECTOR('',#5113,0.393700787401575);
#1476=VECTOR('',#5114,0.393700787401575);
#1477=VECTOR('',#5115,0.393700787401575);
#1478=VECTOR('',#5118,0.393700787401575);
#1479=VECTOR('',#5119,0.393700787401575);
#1480=VECTOR('',#5120,0.393700787401575);
#1481=VECTOR('',#5123,0.393700787401575);
#1482=VECTOR('',#5124,0.393700787401575);
#1483=VECTOR('',#5125,0.393700787401575);
#1484=VECTOR('',#5128,0.393700787401575);
#1485=VECTOR('',#5129,0.393700787401575);
#1486=VECTOR('',#5138,0.165);
#1487=VECTOR('',#5145,0.393700787401575);
#1488=VECTOR('',#5146,0.393700787401575);
#1489=VECTOR('',#5147,0.393700787401575);
#1490=VECTOR('',#5148,0.393700787401575);
#1491=VECTOR('',#5151,0.393700787401575);
#1492=VECTOR('',#5152,0.393700787401575);
#1493=VECTOR('',#5153,0.393700787401575);
#1494=VECTOR('',#5156,0.393700787401575);
#1495=VECTOR('',#5157,0.393700787401575);
#1496=VECTOR('',#5158,0.393700787401575);
#1497=VECTOR('',#5161,0.393700787401575);
#1498=VECTOR('',#5162,0.393700787401575);
#1499=VECTOR('',#5171,0.165);
#1500=VECTOR('',#5178,0.393700787401575);
#1501=VECTOR('',#5179,0.393700787401575);
#1502=VECTOR('',#5180,0.393700787401575);
#1503=VECTOR('',#5181,0.393700787401575);
#1504=VECTOR('',#5184,0.393700787401575);
#1505=VECTOR('',#5185,0.393700787401575);
#1506=VECTOR('',#5186,0.393700787401575);
#1507=VECTOR('',#5189,0.393700787401575);
#1508=VECTOR('',#5190,0.393700787401575);
#1509=VECTOR('',#5191,0.393700787401575);
#1510=VECTOR('',#5194,0.393700787401575);
#1511=VECTOR('',#5195,0.393700787401575);
#1512=VECTOR('',#5206,0.165);
#1513=VECTOR('',#5211,0.393700787401575);
#1514=VECTOR('',#5212,0.393700787401575);
#1515=VECTOR('',#5213,0.393700787401575);
#1516=VECTOR('',#5214,0.393700787401575);
#1517=VECTOR('',#5217,0.393700787401575);
#1518=VECTOR('',#5218,0.393700787401575);
#1519=VECTOR('',#5219,0.393700787401575);
#1520=VECTOR('',#5222,0.393700787401575);
#1521=VECTOR('',#5223,0.393700787401575);
#1522=VECTOR('',#5224,0.393700787401575);
#1523=VECTOR('',#5227,0.393700787401575);
#1524=VECTOR('',#5228,0.393700787401575);
#1525=VECTOR('',#5237,0.075);
#1526=VECTOR('',#5246,0.075);
#1527=VECTOR('',#5253,0.393700787401575);
#1528=VECTOR('',#5254,0.393700787401575);
#1529=VECTOR('',#5255,0.393700787401575);
#1530=VECTOR('',#5256,0.393700787401575);
#1531=VECTOR('',#5259,0.393700787401575);
#1532=VECTOR('',#5260,0.393700787401575);
#1533=VECTOR('',#5261,0.393700787401575);
#1534=VECTOR('',#5264,0.393700787401575);
#1535=VECTOR('',#5265,0.393700787401575);
#1536=VECTOR('',#5266,0.393700787401575);
#1537=VECTOR('',#5269,0.393700787401575);
#1538=VECTOR('',#5270,0.393700787401575);
#1539=VECTOR('',#5271,0.393700787401575);
#1540=VECTOR('',#5274,0.393700787401575);
#1541=VECTOR('',#5275,0.393700787401575);
#1542=VECTOR('',#5278,0.393700787401575);
#1543=VECTOR('',#5279,0.393700787401575);
#1544=VECTOR('',#5282,0.393700787401575);
#1545=VECTOR('',#5283,0.393700787401575);
#1546=VECTOR('',#5284,0.393700787401575);
#1547=VECTOR('',#5285,0.393700787401575);
#1548=VECTOR('',#5286,0.393700787401575);
#1549=VECTOR('',#5289,0.393700787401575);
#1550=VECTOR('',#5290,0.393700787401575);
#1551=VECTOR('',#5293,0.393700787401575);
#1552=VECTOR('',#5294,0.393700787401575);
#1553=VECTOR('',#5297,0.393700787401575);
#1554=VECTOR('',#5302,0.393700787401575);
#1555=VECTOR('',#5303,0.393700787401575);
#1556=VECTOR('',#5304,0.393700787401575);
#1557=VECTOR('',#5305,0.393700787401575);
#1558=VECTOR('',#5308,0.393700787401575);
#1559=VECTOR('',#5309,0.393700787401575);
#1560=VECTOR('',#5310,0.393700787401575);
#1561=VECTOR('',#5313,0.393700787401575);
#1562=VECTOR('',#5314,0.393700787401575);
#1563=VECTOR('',#5315,0.393700787401575);
#1564=VECTOR('',#5318,0.393700787401575);
#1565=VECTOR('',#5319,0.393700787401575);
#1566=VECTOR('',#5320,0.393700787401575);
#1567=VECTOR('',#5321,0.393700787401575);
#1568=VECTOR('',#5322,0.393700787401575);
#1569=VECTOR('',#5323,0.393700787401575);
#1570=VECTOR('',#5324,0.393700787401575);
#1571=VECTOR('',#5327,0.393700787401575);
#1572=VECTOR('',#5328,0.393700787401575);
#1573=VECTOR('',#5333,0.075);
#1574=VECTOR('',#5342,0.075);
#1575=VECTOR('',#5349,0.393700787401575);
#1576=VECTOR('',#5350,0.393700787401575);
#1577=VECTOR('',#5351,0.393700787401575);
#1578=VECTOR('',#5354,0.393700787401575);
#1579=VECTOR('',#5357,0.393700787401575);
#1580=VECTOR('',#5358,0.393700787401575);
#1581=VECTOR('',#5361,0.393700787401575);
#1582=VECTOR('',#5362,0.393700787401575);
#1583=VECTOR('',#5365,0.393700787401575);
#1584=VECTOR('',#5366,0.393700787401575);
#1585=VECTOR('',#5369,0.393700787401575);
#1586=VERTEX_POINT('',#5374);
#1587=VERTEX_POINT('',#5375);
#1588=VERTEX_POINT('',#5377);
#1589=VERTEX_POINT('',#5379);
#1590=VERTEX_POINT('',#5383);
#1591=VERTEX_POINT('',#5385);
#1592=VERTEX_POINT('',#5389);
#1593=VERTEX_POINT('',#5391);
#1594=VERTEX_POINT('',#5393);
#1595=VERTEX_POINT('',#5395);
#1596=VERTEX_POINT('',#5399);
#1597=VERTEX_POINT('',#5401);
#1598=VERTEX_POINT('',#5405);
#1599=VERTEX_POINT('',#5407);
#1600=VERTEX_POINT('',#5411);
#1601=VERTEX_POINT('',#5413);
#1602=VERTEX_POINT('',#5415);
#1603=VERTEX_POINT('',#5417);
#1604=VERTEX_POINT('',#5419);
#1605=VERTEX_POINT('',#5421);
#1606=VERTEX_POINT('',#5423);
#1607=VERTEX_POINT('',#5425);
#1608=VERTEX_POINT('',#5430);
#1609=VERTEX_POINT('',#5431);
#1610=VERTEX_POINT('',#5433);
#1611=VERTEX_POINT('',#5435);
#1612=VERTEX_POINT('',#5439);
#1613=VERTEX_POINT('',#5440);
#1614=VERTEX_POINT('',#5442);
#1615=VERTEX_POINT('',#5444);
#1616=VERTEX_POINT('',#5448);
#1617=VERTEX_POINT('',#5449);
#1618=VERTEX_POINT('',#5454);
#1619=VERTEX_POINT('',#5456);
#1620=VERTEX_POINT('',#5460);
#1621=VERTEX_POINT('',#5462);
#1622=VERTEX_POINT('',#5464);
#1623=VERTEX_POINT('',#5468);
#1624=VERTEX_POINT('',#5472);
#1625=VERTEX_POINT('',#5473);
#1626=VERTEX_POINT('',#5475);
#1627=VERTEX_POINT('',#5477);
#1628=VERTEX_POINT('',#5481);
#1629=VERTEX_POINT('',#5483);
#1630=VERTEX_POINT('',#5485);
#1631=VERTEX_POINT('',#5489);
#1632=VERTEX_POINT('',#5491);
#1633=VERTEX_POINT('',#5493);
#1634=VERTEX_POINT('',#5495);
#1635=VERTEX_POINT('',#5497);
#1636=VERTEX_POINT('',#5499);
#1637=VERTEX_POINT('',#5503);
#1638=VERTEX_POINT('',#5505);
#1639=VERTEX_POINT('',#5507);
#1640=VERTEX_POINT('',#5509);
#1641=VERTEX_POINT('',#5511);
#1642=VERTEX_POINT('',#5513);
#1643=VERTEX_POINT('',#5516);
#1644=VERTEX_POINT('',#5517);
#1645=VERTEX_POINT('',#5519);
#1646=VERTEX_POINT('',#5521);
#1647=VERTEX_POINT('',#5523);
#1648=VERTEX_POINT('',#5525);
#1649=VERTEX_POINT('',#5527);
#1650=VERTEX_POINT('',#5529);
#1651=VERTEX_POINT('',#5531);
#1652=VERTEX_POINT('',#5533);
#1653=VERTEX_POINT('',#5535);
#1654=VERTEX_POINT('',#5537);
#1655=VERTEX_POINT('',#5539);
#1656=VERTEX_POINT('',#5541);
#1657=VERTEX_POINT('',#5543);
#1658=VERTEX_POINT('',#5545);
#1659=VERTEX_POINT('',#5547);
#1660=VERTEX_POINT('',#5549);
#1661=VERTEX_POINT('',#5551);
#1662=VERTEX_POINT('',#5553);
#1663=VERTEX_POINT('',#5557);
#1664=VERTEX_POINT('',#5559);
#1665=VERTEX_POINT('',#5561);
#1666=VERTEX_POINT('',#5563);
#1667=VERTEX_POINT('',#5566);
#1668=VERTEX_POINT('',#5568);
#1669=VERTEX_POINT('',#5572);
#1670=VERTEX_POINT('',#5576);
#1671=VERTEX_POINT('',#5578);
#1672=VERTEX_POINT('',#5583);
#1673=VERTEX_POINT('',#5585);
#1674=VERTEX_POINT('',#5590);
#1675=VERTEX_POINT('',#5592);
#1676=VERTEX_POINT('',#5597);
#1677=VERTEX_POINT('',#5601);
#1678=VERTEX_POINT('',#5602);
#1679=VERTEX_POINT('',#5604);
#1680=VERTEX_POINT('',#5606);
#1681=VERTEX_POINT('',#5609);
#1682=VERTEX_POINT('',#5611);
#1683=VERTEX_POINT('',#5613);
#1684=VERTEX_POINT('',#5621);
#1685=VERTEX_POINT('',#5625);
#1686=VERTEX_POINT('',#5627);
#1687=VERTEX_POINT('',#5629);
#1688=VERTEX_POINT('',#5632);
#1689=VERTEX_POINT('',#5633);
#1690=VERTEX_POINT('',#5635);
#1691=VERTEX_POINT('',#5637);
#1692=VERTEX_POINT('',#5639);
#1693=VERTEX_POINT('',#5641);
#1694=VERTEX_POINT('',#5643);
#1695=VERTEX_POINT('',#5645);
#1696=VERTEX_POINT('',#5647);
#1697=VERTEX_POINT('',#5649);
#1698=VERTEX_POINT('',#5651);
#1699=VERTEX_POINT('',#5653);
#1700=VERTEX_POINT('',#5655);
#1701=VERTEX_POINT('',#5657);
#1702=VERTEX_POINT('',#5659);
#1703=VERTEX_POINT('',#5661);
#1704=VERTEX_POINT('',#5663);
#1705=VERTEX_POINT('',#5665);
#1706=VERTEX_POINT('',#5667);
#1707=VERTEX_POINT('',#5679);
#1708=VERTEX_POINT('',#5680);
#1709=VERTEX_POINT('',#5683);
#1710=VERTEX_POINT('',#5685);
#1711=VERTEX_POINT('',#5690);
#1712=VERTEX_POINT('',#5692);
#1713=VERTEX_POINT('',#5694);
#1714=VERTEX_POINT('',#5696);
#1715=VERTEX_POINT('',#5698);
#1716=VERTEX_POINT('',#5700);
#1717=VERTEX_POINT('',#5702);
#1718=VERTEX_POINT('',#5704);
#1719=VERTEX_POINT('',#5713);
#1720=VERTEX_POINT('',#5715);
#1721=VERTEX_POINT('',#5719);
#1722=VERTEX_POINT('',#5720);
#1723=VERTEX_POINT('',#5722);
#1724=VERTEX_POINT('',#5724);
#1725=VERTEX_POINT('',#5726);
#1726=VERTEX_POINT('',#5728);
#1727=VERTEX_POINT('',#5730);
#1728=VERTEX_POINT('',#5732);
#1729=VERTEX_POINT('',#5734);
#1730=VERTEX_POINT('',#5736);
#1731=VERTEX_POINT('',#5738);
#1732=VERTEX_POINT('',#5740);
#1733=VERTEX_POINT('',#5742);
#1734=VERTEX_POINT('',#5744);
#1735=VERTEX_POINT('',#5746);
#1736=VERTEX_POINT('',#5748);
#1737=VERTEX_POINT('',#5750);
#1738=VERTEX_POINT('',#5752);
#1739=VERTEX_POINT('',#5754);
#1740=VERTEX_POINT('',#5756);
#1741=VERTEX_POINT('',#5758);
#1742=VERTEX_POINT('',#5760);
#1743=VERTEX_POINT('',#5764);
#1744=VERTEX_POINT('',#5766);
#1745=VERTEX_POINT('',#5770);
#1746=VERTEX_POINT('',#5774);
#1747=VERTEX_POINT('',#5778);
#1748=VERTEX_POINT('',#5782);
#1749=VERTEX_POINT('',#5786);
#1750=VERTEX_POINT('',#5790);
#1751=VERTEX_POINT('',#5794);
#1752=VERTEX_POINT('',#5798);
#1753=VERTEX_POINT('',#5802);
#1754=VERTEX_POINT('',#5806);
#1755=VERTEX_POINT('',#5810);
#1756=VERTEX_POINT('',#5816);
#1757=VERTEX_POINT('',#5818);
#1758=VERTEX_POINT('',#5822);
#1759=VERTEX_POINT('',#5829);
#1760=VERTEX_POINT('',#5831);
#1761=VERTEX_POINT('',#5835);
#1762=VERTEX_POINT('',#5839);
#1763=VERTEX_POINT('',#5843);
#1764=VERTEX_POINT('',#5847);
#1765=VERTEX_POINT('',#5852);
#1766=VERTEX_POINT('',#5854);
#1767=VERTEX_POINT('',#5856);
#1768=VERTEX_POINT('',#5858);
#1769=VERTEX_POINT('',#5860);
#1770=VERTEX_POINT('',#5862);
#1771=VERTEX_POINT('',#5864);
#1772=VERTEX_POINT('',#5866);
#1773=VERTEX_POINT('',#5868);
#1774=VERTEX_POINT('',#5872);
#1775=VERTEX_POINT('',#5874);
#1776=VERTEX_POINT('',#5876);
#1777=VERTEX_POINT('',#5878);
#1778=VERTEX_POINT('',#5880);
#1779=VERTEX_POINT('',#5882);
#1780=VERTEX_POINT('',#5884);
#1781=VERTEX_POINT('',#5886);
#1782=VERTEX_POINT('',#5888);
#1783=VERTEX_POINT('',#5930);
#1784=VERTEX_POINT('',#5931);
#1785=VERTEX_POINT('',#5933);
#1786=VERTEX_POINT('',#5935);
#1787=VERTEX_POINT('',#5939);
#1788=VERTEX_POINT('',#5941);
#1789=VERTEX_POINT('',#5945);
#1790=VERTEX_POINT('',#5947);
#1791=VERTEX_POINT('',#5951);
#1792=VERTEX_POINT('',#5953);
#1793=VERTEX_POINT('',#5957);
#1794=VERTEX_POINT('',#5959);
#1795=VERTEX_POINT('',#5963);
#1796=VERTEX_POINT('',#5965);
#1797=VERTEX_POINT('',#5969);
#1798=VERTEX_POINT('',#5971);
#1799=VERTEX_POINT('',#5975);
#1800=VERTEX_POINT('',#5977);
#1801=VERTEX_POINT('',#5981);
#1802=VERTEX_POINT('',#5983);
#1803=VERTEX_POINT('',#5987);
#1804=VERTEX_POINT('',#5989);
#1805=VERTEX_POINT('',#5993);
#1806=VERTEX_POINT('',#5995);
#1807=VERTEX_POINT('',#5999);
#1808=VERTEX_POINT('',#6000);
#1809=VERTEX_POINT('',#6002);
#1810=VERTEX_POINT('',#6004);
#1811=VERTEX_POINT('',#6008);
#1812=VERTEX_POINT('',#6010);
#1813=VERTEX_POINT('',#6014);
#1814=VERTEX_POINT('',#6016);
#1815=VERTEX_POINT('',#6020);
#1816=VERTEX_POINT('',#6024);
#1817=VERTEX_POINT('',#6028);
#1818=VERTEX_POINT('',#6032);
#1819=VERTEX_POINT('',#6036);
#1820=VERTEX_POINT('',#6038);
#1821=VERTEX_POINT('',#6042);
#1822=VERTEX_POINT('',#6044);
#1823=VERTEX_POINT('',#6048);
#1824=VERTEX_POINT('',#6050);
#1825=VERTEX_POINT('',#6054);
#1826=VERTEX_POINT('',#6056);
#1827=VERTEX_POINT('',#6060);
#1828=VERTEX_POINT('',#6062);
#1829=VERTEX_POINT('',#6066);
#1830=VERTEX_POINT('',#6068);
#1831=VERTEX_POINT('',#6072);
#1832=VERTEX_POINT('',#6074);
#1833=VERTEX_POINT('',#6078);
#1834=VERTEX_POINT('',#6080);
#1835=VERTEX_POINT('',#6084);
#1836=VERTEX_POINT('',#6086);
#1837=VERTEX_POINT('',#6090);
#1838=VERTEX_POINT('',#6092);
#1839=VERTEX_POINT('',#6099);
#1840=VERTEX_POINT('',#6101);
#1841=VERTEX_POINT('',#6105);
#1842=VERTEX_POINT('',#6109);
#1843=VERTEX_POINT('',#6113);
#1844=VERTEX_POINT('',#6117);
#1845=VERTEX_POINT('',#6121);
#1846=VERTEX_POINT('',#6125);
#1847=VERTEX_POINT('',#6129);
#1848=VERTEX_POINT('',#6133);
#1849=VERTEX_POINT('',#6137);
#1850=VERTEX_POINT('',#6149);
#1851=VERTEX_POINT('',#6151);
#1852=VERTEX_POINT('',#6164);
#1853=VERTEX_POINT('',#6174);
#1854=VERTEX_POINT('',#6176);
#1855=VERTEX_POINT('',#6181);
#1856=VERTEX_POINT('',#6182);
#1857=VERTEX_POINT('',#6184);
#1858=VERTEX_POINT('',#6186);
#1859=VERTEX_POINT('',#6190);
#1860=VERTEX_POINT('',#6192);
#1861=VERTEX_POINT('',#6196);
#1862=VERTEX_POINT('',#6198);
#1863=VERTEX_POINT('',#6207);
#1864=VERTEX_POINT('',#6210);
#1865=VERTEX_POINT('',#6214);
#1866=VERTEX_POINT('',#6215);
#1867=VERTEX_POINT('',#6217);
#1868=VERTEX_POINT('',#6219);
#1869=VERTEX_POINT('',#6223);
#1870=VERTEX_POINT('',#6225);
#1871=VERTEX_POINT('',#6229);
#1872=VERTEX_POINT('',#6231);
#1873=VERTEX_POINT('',#6240);
#1874=VERTEX_POINT('',#6242);
#1875=VERTEX_POINT('',#6247);
#1876=VERTEX_POINT('',#6248);
#1877=VERTEX_POINT('',#6250);
#1878=VERTEX_POINT('',#6252);
#1879=VERTEX_POINT('',#6256);
#1880=VERTEX_POINT('',#6258);
#1881=VERTEX_POINT('',#6262);
#1882=VERTEX_POINT('',#6264);
#1883=VERTEX_POINT('',#6273);
#1884=VERTEX_POINT('',#6275);
#1885=VERTEX_POINT('',#6280);
#1886=VERTEX_POINT('',#6281);
#1887=VERTEX_POINT('',#6283);
#1888=VERTEX_POINT('',#6285);
#1889=VERTEX_POINT('',#6289);
#1890=VERTEX_POINT('',#6291);
#1891=VERTEX_POINT('',#6295);
#1892=VERTEX_POINT('',#6297);
#1893=VERTEX_POINT('',#6306);
#1894=VERTEX_POINT('',#6308);
#1895=VERTEX_POINT('',#6313);
#1896=VERTEX_POINT('',#6314);
#1897=VERTEX_POINT('',#6316);
#1898=VERTEX_POINT('',#6318);
#1899=VERTEX_POINT('',#6322);
#1900=VERTEX_POINT('',#6324);
#1901=VERTEX_POINT('',#6328);
#1902=VERTEX_POINT('',#6330);
#1903=VERTEX_POINT('',#6339);
#1904=VERTEX_POINT('',#6342);
#1905=VERTEX_POINT('',#6346);
#1906=VERTEX_POINT('',#6347);
#1907=VERTEX_POINT('',#6349);
#1908=VERTEX_POINT('',#6351);
#1909=VERTEX_POINT('',#6355);
#1910=VERTEX_POINT('',#6357);
#1911=VERTEX_POINT('',#6361);
#1912=VERTEX_POINT('',#6363);
#1913=VERTEX_POINT('',#6372);
#1914=VERTEX_POINT('',#6374);
#1915=VERTEX_POINT('',#6379);
#1916=VERTEX_POINT('',#6381);
#1917=VERTEX_POINT('',#6386);
#1918=VERTEX_POINT('',#6387);
#1919=VERTEX_POINT('',#6389);
#1920=VERTEX_POINT('',#6391);
#1921=VERTEX_POINT('',#6395);
#1922=VERTEX_POINT('',#6397);
#1923=VERTEX_POINT('',#6401);
#1924=VERTEX_POINT('',#6403);
#1925=VERTEX_POINT('',#6407);
#1926=VERTEX_POINT('',#6409);
#1927=VERTEX_POINT('',#6413);
#1928=VERTEX_POINT('',#6417);
#1929=VERTEX_POINT('',#6421);
#1930=VERTEX_POINT('',#6423);
#1931=VERTEX_POINT('',#6425);
#1932=VERTEX_POINT('',#6427);
#1933=VERTEX_POINT('',#6431);
#1934=VERTEX_POINT('',#6435);
#1935=VERTEX_POINT('',#6442);
#1936=VERTEX_POINT('',#6443);
#1937=VERTEX_POINT('',#6445);
#1938=VERTEX_POINT('',#6447);
#1939=VERTEX_POINT('',#6451);
#1940=VERTEX_POINT('',#6453);
#1941=VERTEX_POINT('',#6457);
#1942=VERTEX_POINT('',#6459);
#1943=VERTEX_POINT('',#6463);
#1944=VERTEX_POINT('',#6465);
#1945=VERTEX_POINT('',#6467);
#1946=VERTEX_POINT('',#6469);
#1947=VERTEX_POINT('',#6471);
#1948=VERTEX_POINT('',#6473);
#1949=VERTEX_POINT('',#6477);
#1950=VERTEX_POINT('',#6481);
#1951=VERTEX_POINT('',#6483);
#1952=VERTEX_POINT('',#6488);
#1953=VERTEX_POINT('',#6490);
#1954=VERTEX_POINT('',#6495);
#1955=VERTEX_POINT('',#6497);
#1956=VERTEX_POINT('',#6503);
#1957=VERTEX_POINT('',#6507);
#1958=VERTEX_POINT('',#6511);
#1959=EDGE_CURVE('',#1586,#1587,#592,.T.);
#1960=EDGE_CURVE('',#1587,#1588,#593,.T.);
#1961=EDGE_CURVE('',#1588,#1589,#594,.T.);
#1962=EDGE_CURVE('',#1589,#1586,#595,.T.);
#1963=EDGE_CURVE('',#1587,#1590,#596,.T.);
#1964=EDGE_CURVE('',#1590,#1591,#597,.T.);
#1965=EDGE_CURVE('',#1588,#1591,#598,.T.);
#1966=EDGE_CURVE('',#1590,#1592,#599,.T.);
#1967=EDGE_CURVE('',#1592,#1593,#600,.T.);
#1968=EDGE_CURVE('',#1593,#1594,#601,.T.);
#1969=EDGE_CURVE('',#1595,#1594,#602,.T.);
#1970=EDGE_CURVE('',#1591,#1595,#603,.T.);
#1971=EDGE_CURVE('',#1592,#1596,#604,.T.);
#1972=EDGE_CURVE('',#1596,#1597,#605,.T.);
#1973=EDGE_CURVE('',#1597,#1593,#606,.T.);
#1974=EDGE_CURVE('',#1596,#1598,#607,.T.);
#1975=EDGE_CURVE('',#1598,#1599,#608,.T.);
#1976=EDGE_CURVE('',#1599,#1597,#609,.T.);
#1977=EDGE_CURVE('',#1598,#1600,#610,.T.);
#1978=EDGE_CURVE('',#1600,#1601,#611,.T.);
#1979=EDGE_CURVE('',#1602,#1601,#612,.T.);
#1980=EDGE_CURVE('',#1602,#1603,#613,.T.);
#1981=EDGE_CURVE('',#1604,#1603,#614,.T.);
#1982=EDGE_CURVE('',#1605,#1604,#615,.T.);
#1983=EDGE_CURVE('',#1605,#1606,#616,.T.);
#1984=EDGE_CURVE('',#1607,#1606,#617,.T.);
#1985=EDGE_CURVE('',#1607,#1595,#618,.T.);
#1986=EDGE_CURVE('',#1594,#1599,#619,.T.);
#1987=EDGE_CURVE('',#1608,#1609,#620,.T.);
#1988=EDGE_CURVE('',#1610,#1608,#621,.T.);
#1989=EDGE_CURVE('',#1611,#1610,#622,.T.);
#1990=EDGE_CURVE('',#1611,#1609,#623,.T.);
#1991=EDGE_CURVE('',#1612,#1613,#624,.T.);
#1992=EDGE_CURVE('',#1614,#1612,#625,.T.);
#1993=EDGE_CURVE('',#1614,#1615,#626,.T.);
#1994=EDGE_CURVE('',#1613,#1615,#627,.T.);
#1995=EDGE_CURVE('',#1616,#1617,#628,.T.);
#1996=EDGE_CURVE('',#1615,#1617,#629,.T.);
#1997=EDGE_CURVE('',#1616,#1614,#630,.T.);
#1998=EDGE_CURVE('',#1610,#1618,#631,.T.);
#1999=EDGE_CURVE('',#1619,#1618,#632,.T.);
#2000=EDGE_CURVE('',#1611,#1619,#633,.T.);
#2001=EDGE_CURVE('',#1612,#1620,#634,.T.);
#2002=EDGE_CURVE('',#1620,#1621,#635,.T.);
#2003=EDGE_CURVE('',#1622,#1621,#636,.T.);
#2004=EDGE_CURVE('',#1616,#1622,#637,.T.);
#2005=EDGE_CURVE('',#1623,#1613,#638,.T.);
#2006=EDGE_CURVE('',#1623,#1620,#639,.T.);
#2007=EDGE_CURVE('',#1624,#1625,#640,.T.);
#2008=EDGE_CURVE('',#1626,#1624,#641,.T.);
#2009=EDGE_CURVE('',#1627,#1626,#642,.T.);
#2010=EDGE_CURVE('',#1627,#1625,#643,.T.);
#2011=EDGE_CURVE('',#1628,#1625,#644,.T.);
#2012=EDGE_CURVE('',#1629,#1628,#645,.T.);
#2013=EDGE_CURVE('',#1630,#1629,#646,.T.);
#2014=EDGE_CURVE('',#1624,#1630,#647,.T.);
#2015=EDGE_CURVE('',#1631,#1617,#648,.T.);
#2016=EDGE_CURVE('',#1631,#1632,#649,.T.);
#2017=EDGE_CURVE('',#1633,#1632,#650,.T.);
#2018=EDGE_CURVE('',#1634,#1633,#651,.T.);
#2019=EDGE_CURVE('',#1635,#1634,#652,.T.);
#2020=EDGE_CURVE('',#1636,#1635,#653,.T.);
#2021=EDGE_CURVE('',#1636,#1623,#654,.T.);
#2022=EDGE_CURVE('',#1637,#1627,#655,.T.);
#2023=EDGE_CURVE('',#1637,#1638,#656,.T.);
#2024=EDGE_CURVE('',#1638,#1639,#657,.T.);
#2025=EDGE_CURVE('',#1640,#1639,#658,.T.);
#2026=EDGE_CURVE('',#1641,#1640,#659,.T.);
#2027=EDGE_CURVE('',#1641,#1642,#660,.T.);
#2028=EDGE_CURVE('',#1642,#1628,#82,.T.);
#2029=EDGE_CURVE('',#1643,#1644,#661,.T.);
#2030=EDGE_CURVE('',#1644,#1645,#83,.T.);
#2031=EDGE_CURVE('',#1645,#1646,#662,.T.);
#2032=EDGE_CURVE('',#1646,#1647,#663,.T.);
#2033=EDGE_CURVE('',#1647,#1648,#84,.T.);
#2034=EDGE_CURVE('',#1648,#1649,#664,.T.);
#2035=EDGE_CURVE('',#1649,#1650,#665,.T.);
#2036=EDGE_CURVE('',#1650,#1651,#85,.T.);
#2037=EDGE_CURVE('',#1651,#1652,#666,.T.);
#2038=EDGE_CURVE('',#1652,#1653,#667,.T.);
#2039=EDGE_CURVE('',#1653,#1654,#86,.T.);
#2040=EDGE_CURVE('',#1654,#1655,#668,.T.);
#2041=EDGE_CURVE('',#1655,#1656,#669,.T.);
#2042=EDGE_CURVE('',#1656,#1657,#670,.T.);
#2043=EDGE_CURVE('',#1657,#1658,#671,.T.);
#2044=EDGE_CURVE('',#1658,#1659,#87,.T.);
#2045=EDGE_CURVE('',#1659,#1660,#672,.T.);
#2046=EDGE_CURVE('',#1660,#1661,#673,.T.);
#2047=EDGE_CURVE('',#1661,#1662,#88,.T.);
#2048=EDGE_CURVE('',#1662,#1643,#674,.T.);
#2049=EDGE_CURVE('',#1663,#1663,#89,.T.);
#2050=EDGE_CURVE('',#1626,#1664,#675,.T.);
#2051=EDGE_CURVE('',#1665,#1664,#676,.T.);
#2052=EDGE_CURVE('',#1666,#1665,#677,.T.);
#2053=EDGE_CURVE('',#1633,#1666,#678,.T.);
#2054=EDGE_CURVE('',#1632,#1667,#679,.T.);
#2055=EDGE_CURVE('',#1667,#1668,#680,.T.);
#2056=EDGE_CURVE('',#1639,#1668,#681,.T.);
#2057=EDGE_CURVE('',#1669,#1631,#682,.T.);
#2058=EDGE_CURVE('',#1669,#1667,#683,.T.);
#2059=EDGE_CURVE('',#1670,#1670,#90,.T.);
#2060=EDGE_CURVE('',#1670,#1671,#684,.T.);
#2061=EDGE_CURVE('',#1671,#1671,#91,.T.);
#2062=EDGE_CURVE('',#1672,#1672,#92,.T.);
#2063=EDGE_CURVE('',#1672,#1673,#685,.T.);
#2064=EDGE_CURVE('',#1673,#1673,#93,.T.);
#2065=EDGE_CURVE('',#1674,#1674,#94,.F.);
#2066=EDGE_CURVE('',#1674,#1675,#686,.T.);
#2067=EDGE_CURVE('',#1675,#1675,#95,.T.);
#2068=EDGE_CURVE('',#1676,#1676,#96,.T.);
#2069=EDGE_CURVE('',#1676,#1663,#687,.T.);
#2070=EDGE_CURVE('',#1677,#1678,#688,.T.);
#2071=EDGE_CURVE('',#1678,#1679,#689,.T.);
#2072=EDGE_CURVE('',#1680,#1679,#690,.T.);
#2073=EDGE_CURVE('',#1601,#1680,#691,.T.);
#2074=EDGE_CURVE('',#1600,#1681,#692,.T.);
#2075=EDGE_CURVE('',#1682,#1681,#693,.T.);
#2076=EDGE_CURVE('',#1683,#1682,#694,.T.);
#2077=EDGE_CURVE('',#1668,#1683,#695,.T.);
#2078=EDGE_CURVE('',#1677,#1669,#696,.T.);
#2079=EDGE_CURVE('',#1621,#1678,#697,.T.);
#2080=EDGE_CURVE('',#1622,#1677,#698,.T.);
#2081=EDGE_CURVE('',#1684,#1666,#699,.T.);
#2082=EDGE_CURVE('',#1634,#1684,#700,.T.);
#2083=EDGE_CURVE('',#1685,#1630,#97,.T.);
#2084=EDGE_CURVE('',#1686,#1685,#98,.T.);
#2085=EDGE_CURVE('',#1686,#1687,#701,.F.);
#2086=EDGE_CURVE('',#1684,#1687,#702,.T.);
#2087=EDGE_CURVE('',#1688,#1689,#99,.T.);
#2088=EDGE_CURVE('',#1689,#1690,#703,.T.);
#2089=EDGE_CURVE('',#1690,#1691,#704,.T.);
#2090=EDGE_CURVE('',#1691,#1692,#100,.T.);
#2091=EDGE_CURVE('',#1692,#1693,#705,.T.);
#2092=EDGE_CURVE('',#1693,#1694,#706,.T.);
#2093=EDGE_CURVE('',#1694,#1695,#101,.T.);
#2094=EDGE_CURVE('',#1695,#1696,#707,.T.);
#2095=EDGE_CURVE('',#1696,#1697,#708,.T.);
#2096=EDGE_CURVE('',#1697,#1698,#102,.T.);
#2097=EDGE_CURVE('',#1698,#1699,#709,.T.);
#2098=EDGE_CURVE('',#1699,#1700,#710,.T.);
#2099=EDGE_CURVE('',#1700,#1701,#103,.T.);
#2100=EDGE_CURVE('',#1701,#1702,#711,.T.);
#2101=EDGE_CURVE('',#1702,#1703,#712,.T.);
#2102=EDGE_CURVE('',#1703,#1704,#104,.T.);
#2103=EDGE_CURVE('',#1704,#1705,#713,.T.);
#2104=EDGE_CURVE('',#1705,#1706,#714,.T.);
#2105=EDGE_CURVE('',#1706,#1605,#715,.T.);
#2106=EDGE_CURVE('',#1604,#1688,#716,.T.);
#2107=EDGE_CURVE('',#1681,#1636,#717,.T.);
#2108=EDGE_CURVE('',#1679,#1586,#718,.T.);
#2109=EDGE_CURVE('',#1640,#1683,#719,.T.);
#2110=EDGE_CURVE('',#1682,#1641,#720,.T.);
#2111=EDGE_CURVE('',#1707,#1708,#105,.T.);
#2112=EDGE_CURVE('',#1707,#1654,#721,.T.);
#2113=EDGE_CURVE('',#1709,#1653,#722,.T.);
#2114=EDGE_CURVE('',#1710,#1709,#106,.T.);
#2115=EDGE_CURVE('',#1708,#1710,#723,.T.);
#2116=EDGE_CURVE('',#1603,#1708,#724,.T.);
#2117=EDGE_CURVE('',#1711,#1602,#725,.T.);
#2118=EDGE_CURVE('',#1711,#1712,#726,.T.);
#2119=EDGE_CURVE('',#1713,#1712,#727,.T.);
#2120=EDGE_CURVE('',#1714,#1713,#107,.T.);
#2121=EDGE_CURVE('',#1715,#1714,#728,.F.);
#2122=EDGE_CURVE('',#1716,#1715,#729,.T.);
#2123=EDGE_CURVE('',#1717,#1716,#730,.T.);
#2124=EDGE_CURVE('',#1717,#1718,#731,.T.);
#2125=EDGE_CURVE('',#1707,#1718,#732,.F.);
#2126=EDGE_CURVE('',#1618,#1608,#733,.T.);
#2127=EDGE_CURVE('',#1619,#1609,#734,.T.);
#2128=EDGE_CURVE('',#1719,#1719,#108,.T.);
#2129=EDGE_CURVE('',#1719,#1720,#735,.T.);
#2130=EDGE_CURVE('',#1720,#1720,#109,.T.);
#2131=EDGE_CURVE('',#1721,#1722,#736,.T.);
#2132=EDGE_CURVE('',#1723,#1721,#737,.T.);
#2133=EDGE_CURVE('',#1724,#1723,#738,.T.);
#2134=EDGE_CURVE('',#1725,#1724,#739,.T.);
#2135=EDGE_CURVE('',#1726,#1725,#740,.T.);
#2136=EDGE_CURVE('',#1727,#1726,#741,.T.);
#2137=EDGE_CURVE('',#1728,#1727,#742,.T.);
#2138=EDGE_CURVE('',#1729,#1728,#743,.T.);
#2139=EDGE_CURVE('',#1730,#1729,#744,.T.);
#2140=EDGE_CURVE('',#1731,#1730,#745,.T.);
#2141=EDGE_CURVE('',#1732,#1731,#746,.T.);
#2142=EDGE_CURVE('',#1733,#1732,#747,.T.);
#2143=EDGE_CURVE('',#1734,#1733,#748,.T.);
#2144=EDGE_CURVE('',#1735,#1734,#749,.T.);
#2145=EDGE_CURVE('',#1736,#1735,#750,.T.);
#2146=EDGE_CURVE('',#1737,#1736,#751,.T.);
#2147=EDGE_CURVE('',#1738,#1737,#752,.T.);
#2148=EDGE_CURVE('',#1739,#1738,#753,.T.);
#2149=EDGE_CURVE('',#1740,#1739,#754,.T.);
#2150=EDGE_CURVE('',#1741,#1740,#755,.T.);
#2151=EDGE_CURVE('',#1742,#1741,#756,.T.);
#2152=EDGE_CURVE('',#1722,#1742,#757,.T.);
#2153=EDGE_CURVE('',#1743,#1732,#758,.T.);
#2154=EDGE_CURVE('',#1744,#1743,#759,.T.);
#2155=EDGE_CURVE('',#1744,#1733,#760,.T.);
#2156=EDGE_CURVE('',#1745,#1731,#761,.T.);
#2157=EDGE_CURVE('',#1743,#1745,#762,.T.);
#2158=EDGE_CURVE('',#1746,#1730,#763,.T.);
#2159=EDGE_CURVE('',#1745,#1746,#764,.T.);
#2160=EDGE_CURVE('',#1747,#1729,#765,.T.);
#2161=EDGE_CURVE('',#1746,#1747,#766,.T.);
#2162=EDGE_CURVE('',#1748,#1728,#767,.T.);
#2163=EDGE_CURVE('',#1747,#1748,#768,.T.);
#2164=EDGE_CURVE('',#1749,#1727,#769,.T.);
#2165=EDGE_CURVE('',#1748,#1749,#770,.T.);
#2166=EDGE_CURVE('',#1750,#1726,#771,.T.);
#2167=EDGE_CURVE('',#1749,#1750,#772,.T.);
#2168=EDGE_CURVE('',#1751,#1725,#773,.T.);
#2169=EDGE_CURVE('',#1750,#1751,#774,.T.);
#2170=EDGE_CURVE('',#1752,#1724,#775,.T.);
#2171=EDGE_CURVE('',#1751,#1752,#776,.T.);
#2172=EDGE_CURVE('',#1753,#1723,#777,.T.);
#2173=EDGE_CURVE('',#1752,#1753,#778,.T.);
#2174=EDGE_CURVE('',#1754,#1721,#779,.T.);
#2175=EDGE_CURVE('',#1753,#1754,#780,.T.);
#2176=EDGE_CURVE('',#1755,#1722,#781,.T.);
#2177=EDGE_CURVE('',#1754,#1755,#782,.T.);
#2178=EDGE_CURVE('',#1718,#1655,#783,.F.);
#2179=EDGE_CURVE('',#1756,#1717,#784,.T.);
#2180=EDGE_CURVE('',#1757,#1756,#785,.T.);
#2181=EDGE_CURVE('',#1757,#1656,#786,.T.);
#2182=EDGE_CURVE('',#1758,#1757,#787,.T.);
#2183=EDGE_CURVE('',#1716,#1758,#788,.T.);
#2184=EDGE_CURVE('',#1715,#1657,#789,.T.);
#2185=EDGE_CURVE('',#1714,#1658,#790,.F.);
#2186=EDGE_CURVE('',#1759,#1713,#791,.T.);
#2187=EDGE_CURVE('',#1760,#1759,#110,.T.);
#2188=EDGE_CURVE('',#1760,#1659,#792,.T.);
#2189=EDGE_CURVE('',#1761,#1760,#793,.T.);
#2190=EDGE_CURVE('',#1761,#1660,#794,.F.);
#2191=EDGE_CURVE('',#1762,#1761,#795,.T.);
#2192=EDGE_CURVE('',#1762,#1661,#796,.T.);
#2193=EDGE_CURVE('',#1763,#1762,#111,.T.);
#2194=EDGE_CURVE('',#1763,#1662,#797,.T.);
#2195=EDGE_CURVE('',#1764,#1763,#798,.T.);
#2196=EDGE_CURVE('',#1764,#1643,#799,.T.);
#2197=EDGE_CURVE('',#1710,#1756,#800,.T.);
#2198=EDGE_CURVE('',#1709,#1765,#801,.T.);
#2199=EDGE_CURVE('',#1765,#1766,#802,.T.);
#2200=EDGE_CURVE('',#1766,#1767,#112,.T.);
#2201=EDGE_CURVE('',#1767,#1768,#803,.T.);
#2202=EDGE_CURVE('',#1768,#1769,#804,.T.);
#2203=EDGE_CURVE('',#1769,#1770,#113,.T.);
#2204=EDGE_CURVE('',#1770,#1771,#805,.T.);
#2205=EDGE_CURVE('',#1771,#1772,#806,.T.);
#2206=EDGE_CURVE('',#1772,#1773,#114,.T.);
#2207=EDGE_CURVE('',#1773,#1764,#807,.T.);
#2208=EDGE_CURVE('',#1758,#1759,#808,.T.);
#2209=EDGE_CURVE('',#1755,#1774,#809,.T.);
#2210=EDGE_CURVE('',#1774,#1775,#810,.T.);
#2211=EDGE_CURVE('',#1775,#1776,#811,.T.);
#2212=EDGE_CURVE('',#1776,#1777,#812,.T.);
#2213=EDGE_CURVE('',#1777,#1778,#813,.T.);
#2214=EDGE_CURVE('',#1778,#1779,#814,.T.);
#2215=EDGE_CURVE('',#1779,#1780,#815,.T.);
#2216=EDGE_CURVE('',#1780,#1781,#816,.T.);
#2217=EDGE_CURVE('',#1781,#1782,#817,.T.);
#2218=EDGE_CURVE('',#1782,#1744,#818,.T.);
#2219=EDGE_CURVE('',#1773,#1644,#819,.T.);
#2220=EDGE_CURVE('',#1782,#1734,#820,.T.);
#2221=EDGE_CURVE('',#1781,#1735,#821,.T.);
#2222=EDGE_CURVE('',#1780,#1736,#822,.T.);
#2223=EDGE_CURVE('',#1779,#1737,#823,.T.);
#2224=EDGE_CURVE('',#1778,#1738,#824,.T.);
#2225=EDGE_CURVE('',#1777,#1739,#825,.T.);
#2226=EDGE_CURVE('',#1776,#1740,#826,.T.);
#2227=EDGE_CURVE('',#1775,#1741,#827,.T.);
#2228=EDGE_CURVE('',#1774,#1742,#828,.T.);
#2229=EDGE_CURVE('',#1772,#1645,#829,.T.);
#2230=EDGE_CURVE('',#1771,#1646,#830,.T.);
#2231=EDGE_CURVE('',#1770,#1647,#831,.T.);
#2232=EDGE_CURVE('',#1769,#1648,#832,.T.);
#2233=EDGE_CURVE('',#1768,#1649,#833,.T.);
#2234=EDGE_CURVE('',#1767,#1650,#834,.T.);
#2235=EDGE_CURVE('',#1766,#1651,#835,.T.);
#2236=EDGE_CURVE('',#1765,#1652,#836,.T.);
#2237=EDGE_CURVE('',#1783,#1784,#837,.T.);
#2238=EDGE_CURVE('',#1783,#1785,#838,.T.);
#2239=EDGE_CURVE('',#1786,#1785,#839,.T.);
#2240=EDGE_CURVE('',#1784,#1786,#840,.T.);
#2241=EDGE_CURVE('',#1787,#1783,#841,.T.);
#2242=EDGE_CURVE('',#1787,#1788,#842,.T.);
#2243=EDGE_CURVE('',#1785,#1788,#843,.T.);
#2244=EDGE_CURVE('',#1789,#1787,#844,.T.);
#2245=EDGE_CURVE('',#1789,#1790,#845,.T.);
#2246=EDGE_CURVE('',#1788,#1790,#846,.T.);
#2247=EDGE_CURVE('',#1791,#1789,#847,.T.);
#2248=EDGE_CURVE('',#1791,#1792,#848,.T.);
#2249=EDGE_CURVE('',#1790,#1792,#849,.T.);
#2250=EDGE_CURVE('',#1793,#1791,#850,.T.);
#2251=EDGE_CURVE('',#1793,#1794,#851,.T.);
#2252=EDGE_CURVE('',#1792,#1794,#852,.T.);
#2253=EDGE_CURVE('',#1795,#1793,#853,.T.);
#2254=EDGE_CURVE('',#1795,#1796,#854,.T.);
#2255=EDGE_CURVE('',#1794,#1796,#855,.T.);
#2256=EDGE_CURVE('',#1797,#1795,#856,.T.);
#2257=EDGE_CURVE('',#1797,#1798,#857,.T.);
#2258=EDGE_CURVE('',#1796,#1798,#858,.T.);
#2259=EDGE_CURVE('',#1799,#1797,#859,.T.);
#2260=EDGE_CURVE('',#1799,#1800,#860,.T.);
#2261=EDGE_CURVE('',#1798,#1800,#861,.T.);
#2262=EDGE_CURVE('',#1801,#1799,#862,.T.);
#2263=EDGE_CURVE('',#1801,#1802,#863,.T.);
#2264=EDGE_CURVE('',#1800,#1802,#864,.T.);
#2265=EDGE_CURVE('',#1803,#1801,#865,.T.);
#2266=EDGE_CURVE('',#1803,#1804,#866,.T.);
#2267=EDGE_CURVE('',#1802,#1804,#867,.T.);
#2268=EDGE_CURVE('',#1805,#1803,#868,.T.);
#2269=EDGE_CURVE('',#1805,#1806,#869,.T.);
#2270=EDGE_CURVE('',#1804,#1806,#870,.T.);
#2271=EDGE_CURVE('',#1807,#1808,#871,.T.);
#2272=EDGE_CURVE('',#1807,#1809,#872,.T.);
#2273=EDGE_CURVE('',#1810,#1809,#873,.T.);
#2274=EDGE_CURVE('',#1808,#1810,#874,.T.);
#2275=EDGE_CURVE('',#1811,#1807,#875,.T.);
#2276=EDGE_CURVE('',#1811,#1812,#876,.T.);
#2277=EDGE_CURVE('',#1809,#1812,#877,.T.);
#2278=EDGE_CURVE('',#1703,#1813,#878,.T.);
#2279=EDGE_CURVE('',#1814,#1813,#115,.T.);
#2280=EDGE_CURVE('',#1704,#1814,#879,.T.);
#2281=EDGE_CURVE('',#1702,#1815,#880,.T.);
#2282=EDGE_CURVE('',#1813,#1815,#881,.T.);
#2283=EDGE_CURVE('',#1701,#1816,#882,.T.);
#2284=EDGE_CURVE('',#1815,#1816,#883,.T.);
#2285=EDGE_CURVE('',#1700,#1817,#884,.T.);
#2286=EDGE_CURVE('',#1816,#1817,#116,.T.);
#2287=EDGE_CURVE('',#1699,#1818,#885,.T.);
#2288=EDGE_CURVE('',#1817,#1818,#886,.T.);
#2289=EDGE_CURVE('',#1784,#1819,#887,.T.);
#2290=EDGE_CURVE('',#1820,#1786,#888,.T.);
#2291=EDGE_CURVE('',#1819,#1820,#889,.T.);
#2292=EDGE_CURVE('',#1819,#1821,#890,.T.);
#2293=EDGE_CURVE('',#1822,#1820,#891,.T.);
#2294=EDGE_CURVE('',#1821,#1822,#892,.T.);
#2295=EDGE_CURVE('',#1821,#1823,#893,.T.);
#2296=EDGE_CURVE('',#1824,#1822,#894,.T.);
#2297=EDGE_CURVE('',#1823,#1824,#895,.T.);
#2298=EDGE_CURVE('',#1823,#1825,#896,.T.);
#2299=EDGE_CURVE('',#1826,#1824,#897,.T.);
#2300=EDGE_CURVE('',#1825,#1826,#898,.T.);
#2301=EDGE_CURVE('',#1825,#1827,#899,.T.);
#2302=EDGE_CURVE('',#1828,#1826,#900,.T.);
#2303=EDGE_CURVE('',#1827,#1828,#901,.T.);
#2304=EDGE_CURVE('',#1827,#1829,#902,.T.);
#2305=EDGE_CURVE('',#1830,#1828,#903,.T.);
#2306=EDGE_CURVE('',#1829,#1830,#904,.T.);
#2307=EDGE_CURVE('',#1829,#1831,#905,.T.);
#2308=EDGE_CURVE('',#1832,#1830,#906,.T.);
#2309=EDGE_CURVE('',#1831,#1832,#907,.T.);
#2310=EDGE_CURVE('',#1831,#1833,#908,.T.);
#2311=EDGE_CURVE('',#1834,#1832,#909,.T.);
#2312=EDGE_CURVE('',#1833,#1834,#910,.T.);
#2313=EDGE_CURVE('',#1833,#1835,#911,.T.);
#2314=EDGE_CURVE('',#1836,#1834,#912,.T.);
#2315=EDGE_CURVE('',#1835,#1836,#913,.T.);
#2316=EDGE_CURVE('',#1835,#1837,#914,.T.);
#2317=EDGE_CURVE('',#1838,#1836,#915,.T.);
#2318=EDGE_CURVE('',#1837,#1838,#916,.T.);
#2319=EDGE_CURVE('',#1837,#1805,#917,.T.);
#2320=EDGE_CURVE('',#1806,#1838,#918,.T.);
#2321=EDGE_CURVE('',#1688,#1839,#919,.T.);
#2322=EDGE_CURVE('',#1840,#1839,#117,.T.);
#2323=EDGE_CURVE('',#1689,#1840,#920,.T.);
#2324=EDGE_CURVE('',#1841,#1840,#921,.T.);
#2325=EDGE_CURVE('',#1690,#1841,#922,.T.);
#2326=EDGE_CURVE('',#1842,#1841,#923,.T.);
#2327=EDGE_CURVE('',#1691,#1842,#924,.T.);
#2328=EDGE_CURVE('',#1843,#1842,#118,.T.);
#2329=EDGE_CURVE('',#1692,#1843,#925,.T.);
#2330=EDGE_CURVE('',#1844,#1843,#926,.T.);
#2331=EDGE_CURVE('',#1693,#1844,#927,.T.);
#2332=EDGE_CURVE('',#1845,#1844,#928,.T.);
#2333=EDGE_CURVE('',#1694,#1845,#929,.T.);
#2334=EDGE_CURVE('',#1846,#1845,#119,.T.);
#2335=EDGE_CURVE('',#1695,#1846,#930,.T.);
#2336=EDGE_CURVE('',#1847,#1846,#931,.T.);
#2337=EDGE_CURVE('',#1696,#1847,#932,.T.);
#2338=EDGE_CURVE('',#1848,#1847,#933,.T.);
#2339=EDGE_CURVE('',#1697,#1848,#934,.T.);
#2340=EDGE_CURVE('',#1849,#1848,#120,.T.);
#2341=EDGE_CURVE('',#1698,#1849,#935,.T.);
#2342=EDGE_CURVE('',#1818,#1849,#936,.T.);
#2343=EDGE_CURVE('',#1839,#1810,#937,.T.);
#2344=EDGE_CURVE('',#1812,#1814,#938,.T.);
#2345=EDGE_CURVE('',#1680,#1711,#939,.T.);
#2346=EDGE_CURVE('',#1850,#1589,#940,.T.);
#2347=EDGE_CURVE('',#1851,#1850,#941,.T.);
#2348=EDGE_CURVE('',#1706,#1851,#942,.T.);
#2349=EDGE_CURVE('',#1705,#1712,#943,.T.);
#2350=EDGE_CURVE('',#1850,#1607,#944,.T.);
#2351=EDGE_CURVE('',#1687,#1635,#945,.T.);
#2352=EDGE_CURVE('',#1642,#1686,#946,.T.);
#2353=EDGE_CURVE('',#1808,#1811,#947,.T.);
#2354=EDGE_CURVE('',#1852,#1685,#948,.T.);
#2355=EDGE_CURVE('',#1629,#1852,#121,.T.);
#2356=EDGE_CURVE('',#1851,#1606,#949,.T.);
#2357=EDGE_CURVE('',#1853,#1853,#122,.T.);
#2358=EDGE_CURVE('',#1853,#1854,#950,.T.);
#2359=EDGE_CURVE('',#1854,#1854,#123,.T.);
#2360=EDGE_CURVE('',#1855,#1856,#951,.T.);
#2361=EDGE_CURVE('',#1855,#1857,#952,.T.);
#2362=EDGE_CURVE('',#1858,#1857,#953,.T.);
#2363=EDGE_CURVE('',#1856,#1858,#954,.T.);
#2364=EDGE_CURVE('',#1856,#1859,#955,.T.);
#2365=EDGE_CURVE('',#1860,#1858,#956,.T.);
#2366=EDGE_CURVE('',#1859,#1860,#957,.T.);
#2367=EDGE_CURVE('',#1859,#1861,#958,.T.);
#2368=EDGE_CURVE('',#1862,#1860,#959,.T.);
#2369=EDGE_CURVE('',#1861,#1862,#960,.T.);
#2370=EDGE_CURVE('',#1861,#1855,#961,.T.);
#2371=EDGE_CURVE('',#1857,#1862,#962,.T.);
#2372=EDGE_CURVE('',#1863,#1863,#124,.T.);
#2373=EDGE_CURVE('',#1863,#1864,#963,.T.);
#2374=EDGE_CURVE('',#1864,#1864,#125,.T.);
#2375=EDGE_CURVE('',#1865,#1866,#964,.T.);
#2376=EDGE_CURVE('',#1866,#1867,#965,.T.);
#2377=EDGE_CURVE('',#1868,#1867,#966,.T.);
#2378=EDGE_CURVE('',#1865,#1868,#967,.T.);
#2379=EDGE_CURVE('',#1869,#1865,#968,.T.);
#2380=EDGE_CURVE('',#1870,#1868,#969,.T.);
#2381=EDGE_CURVE('',#1869,#1870,#970,.T.);
#2382=EDGE_CURVE('',#1871,#1869,#971,.T.);
#2383=EDGE_CURVE('',#1872,#1870,#972,.T.);
#2384=EDGE_CURVE('',#1871,#1872,#973,.T.);
#2385=EDGE_CURVE('',#1866,#1871,#974,.T.);
#2386=EDGE_CURVE('',#1867,#1872,#975,.T.);
#2387=EDGE_CURVE('',#1873,#1873,#126,.T.);
#2388=EDGE_CURVE('',#1873,#1874,#976,.T.);
#2389=EDGE_CURVE('',#1874,#1874,#127,.T.);
#2390=EDGE_CURVE('',#1875,#1876,#977,.T.);
#2391=EDGE_CURVE('',#1876,#1877,#978,.T.);
#2392=EDGE_CURVE('',#1878,#1877,#979,.T.);
#2393=EDGE_CURVE('',#1875,#1878,#980,.T.);
#2394=EDGE_CURVE('',#1879,#1875,#981,.T.);
#2395=EDGE_CURVE('',#1880,#1878,#982,.T.);
#2396=EDGE_CURVE('',#1879,#1880,#983,.T.);
#2397=EDGE_CURVE('',#1881,#1879,#984,.T.);
#2398=EDGE_CURVE('',#1882,#1880,#985,.T.);
#2399=EDGE_CURVE('',#1881,#1882,#986,.T.);
#2400=EDGE_CURVE('',#1876,#1881,#987,.T.);
#2401=EDGE_CURVE('',#1877,#1882,#988,.T.);
#2402=EDGE_CURVE('',#1883,#1883,#128,.T.);
#2403=EDGE_CURVE('',#1883,#1884,#989,.T.);
#2404=EDGE_CURVE('',#1884,#1884,#129,.T.);
#2405=EDGE_CURVE('',#1885,#1886,#990,.T.);
#2406=EDGE_CURVE('',#1886,#1887,#991,.T.);
#2407=EDGE_CURVE('',#1888,#1887,#992,.T.);
#2408=EDGE_CURVE('',#1885,#1888,#993,.T.);
#2409=EDGE_CURVE('',#1889,#1885,#994,.T.);
#2410=EDGE_CURVE('',#1890,#1888,#995,.T.);
#2411=EDGE_CURVE('',#1889,#1890,#996,.T.);
#2412=EDGE_CURVE('',#1891,#1889,#997,.T.);
#2413=EDGE_CURVE('',#1892,#1890,#998,.T.);
#2414=EDGE_CURVE('',#1891,#1892,#999,.T.);
#2415=EDGE_CURVE('',#1886,#1891,#1000,.T.);
#2416=EDGE_CURVE('',#1887,#1892,#1001,.T.);
#2417=EDGE_CURVE('',#1893,#1893,#130,.T.);
#2418=EDGE_CURVE('',#1893,#1894,#1002,.T.);
#2419=EDGE_CURVE('',#1894,#1894,#131,.T.);
#2420=EDGE_CURVE('',#1895,#1896,#1003,.T.);
#2421=EDGE_CURVE('',#1895,#1897,#1004,.T.);
#2422=EDGE_CURVE('',#1898,#1897,#1005,.T.);
#2423=EDGE_CURVE('',#1896,#1898,#1006,.T.);
#2424=EDGE_CURVE('',#1896,#1899,#1007,.T.);
#2425=EDGE_CURVE('',#1900,#1898,#1008,.T.);
#2426=EDGE_CURVE('',#1899,#1900,#1009,.T.);
#2427=EDGE_CURVE('',#1899,#1901,#1010,.T.);
#2428=EDGE_CURVE('',#1902,#1900,#1011,.T.);
#2429=EDGE_CURVE('',#1901,#1902,#1012,.T.);
#2430=EDGE_CURVE('',#1901,#1895,#1013,.T.);
#2431=EDGE_CURVE('',#1897,#1902,#1014,.T.);
#2432=EDGE_CURVE('',#1903,#1903,#132,.T.);
#2433=EDGE_CURVE('',#1903,#1904,#1015,.T.);
#2434=EDGE_CURVE('',#1904,#1904,#133,.T.);
#2435=EDGE_CURVE('',#1905,#1906,#1016,.T.);
#2436=EDGE_CURVE('',#1905,#1907,#1017,.T.);
#2437=EDGE_CURVE('',#1908,#1907,#1018,.T.);
#2438=EDGE_CURVE('',#1906,#1908,#1019,.T.);
#2439=EDGE_CURVE('',#1906,#1909,#1020,.T.);
#2440=EDGE_CURVE('',#1910,#1908,#1021,.T.);
#2441=EDGE_CURVE('',#1909,#1910,#1022,.T.);
#2442=EDGE_CURVE('',#1909,#1911,#1023,.T.);
#2443=EDGE_CURVE('',#1912,#1910,#1024,.T.);
#2444=EDGE_CURVE('',#1911,#1912,#1025,.T.);
#2445=EDGE_CURVE('',#1911,#1905,#1026,.T.);
#2446=EDGE_CURVE('',#1907,#1912,#1027,.T.);
#2447=EDGE_CURVE('',#1913,#1913,#134,.T.);
#2448=EDGE_CURVE('',#1913,#1914,#1028,.T.);
#2449=EDGE_CURVE('',#1914,#1914,#135,.T.);
#2450=EDGE_CURVE('',#1915,#1915,#136,.T.);
#2451=EDGE_CURVE('',#1915,#1916,#1029,.T.);
#2452=EDGE_CURVE('',#1916,#1916,#137,.T.);
#2453=EDGE_CURVE('',#1917,#1918,#1030,.T.);
#2454=EDGE_CURVE('',#1917,#1919,#1031,.T.);
#2455=EDGE_CURVE('',#1919,#1920,#1032,.T.);
#2456=EDGE_CURVE('',#1918,#1920,#1033,.T.);
#2457=EDGE_CURVE('',#1921,#1919,#1034,.T.);
#2458=EDGE_CURVE('',#1922,#1921,#1035,.T.);
#2459=EDGE_CURVE('',#1920,#1922,#1036,.T.);
#2460=EDGE_CURVE('',#1921,#1923,#1037,.T.);
#2461=EDGE_CURVE('',#1923,#1924,#1038,.T.);
#2462=EDGE_CURVE('',#1922,#1924,#1039,.T.);
#2463=EDGE_CURVE('',#1918,#1925,#1040,.T.);
#2464=EDGE_CURVE('',#1924,#1926,#1041,.T.);
#2465=EDGE_CURVE('',#1925,#1926,#1042,.T.);
#2466=EDGE_CURVE('',#1926,#1927,#1043,.T.);
#2467=EDGE_CURVE('',#1927,#1923,#1044,.T.);
#2468=EDGE_CURVE('',#1928,#1917,#1045,.T.);
#2469=EDGE_CURVE('',#1927,#1928,#1046,.T.);
#2470=EDGE_CURVE('',#1929,#1928,#1047,.T.);
#2471=EDGE_CURVE('',#1929,#1930,#1048,.T.);
#2472=EDGE_CURVE('',#1930,#1931,#1049,.T.);
#2473=EDGE_CURVE('',#1932,#1931,#1050,.T.);
#2474=EDGE_CURVE('',#1925,#1932,#1051,.T.);
#2475=EDGE_CURVE('',#1930,#1933,#1052,.T.);
#2476=EDGE_CURVE('',#1933,#1929,#1053,.T.);
#2477=EDGE_CURVE('',#1933,#1934,#1054,.T.);
#2478=EDGE_CURVE('',#1931,#1934,#1055,.T.);
#2479=EDGE_CURVE('',#1934,#1932,#1056,.T.);
#2480=EDGE_CURVE('',#1935,#1936,#1057,.T.);
#2481=EDGE_CURVE('',#1937,#1935,#1058,.T.);
#2482=EDGE_CURVE('',#1938,#1937,#1059,.T.);
#2483=EDGE_CURVE('',#1938,#1936,#1060,.T.);
#2484=EDGE_CURVE('',#1936,#1939,#1061,.T.);
#2485=EDGE_CURVE('',#1940,#1938,#1062,.T.);
#2486=EDGE_CURVE('',#1939,#1940,#1063,.T.);
#2487=EDGE_CURVE('',#1941,#1935,#1064,.T.);
#2488=EDGE_CURVE('',#1942,#1941,#1065,.T.);
#2489=EDGE_CURVE('',#1937,#1942,#1066,.T.);
#2490=EDGE_CURVE('',#1939,#1943,#1067,.T.);
#2491=EDGE_CURVE('',#1943,#1944,#1068,.T.);
#2492=EDGE_CURVE('',#1944,#1945,#1069,.T.);
#2493=EDGE_CURVE('',#1946,#1945,#1070,.T.);
#2494=EDGE_CURVE('',#1947,#1946,#1071,.T.);
#2495=EDGE_CURVE('',#1947,#1948,#1072,.T.);
#2496=EDGE_CURVE('',#1948,#1941,#1073,.T.);
#2497=EDGE_CURVE('',#1949,#1940,#1074,.T.);
#2498=EDGE_CURVE('',#1943,#1949,#1075,.T.);
#2499=EDGE_CURVE('',#1950,#1950,#138,.T.);
#2500=EDGE_CURVE('',#1950,#1951,#1076,.T.);
#2501=EDGE_CURVE('',#1951,#1951,#139,.T.);
#2502=EDGE_CURVE('',#1952,#1952,#140,.T.);
#2503=EDGE_CURVE('',#1952,#1953,#1077,.T.);
#2504=EDGE_CURVE('',#1953,#1953,#141,.T.);
#2505=EDGE_CURVE('',#1947,#1954,#1078,.T.);
#2506=EDGE_CURVE('',#1955,#1954,#1079,.T.);
#2507=EDGE_CURVE('',#1948,#1955,#1080,.T.);
#2508=EDGE_CURVE('',#1942,#1955,#1081,.T.);
#2509=EDGE_CURVE('',#1956,#1949,#1082,.T.);
#2510=EDGE_CURVE('',#1944,#1956,#1083,.T.);
#2511=EDGE_CURVE('',#1957,#1956,#1084,.T.);
#2512=EDGE_CURVE('',#1945,#1957,#1085,.T.);
#2513=EDGE_CURVE('',#1958,#1957,#1086,.T.);
#2514=EDGE_CURVE('',#1946,#1958,#1087,.T.);
#2515=EDGE_CURVE('',#1954,#1958,#1088,.T.);
#2516=ORIENTED_EDGE('',*,*,#1959,.T.);
#2517=ORIENTED_EDGE('',*,*,#1960,.T.);
#2518=ORIENTED_EDGE('',*,*,#1961,.T.);
#2519=ORIENTED_EDGE('',*,*,#1962,.T.);
#2520=ORIENTED_EDGE('',*,*,#1963,.T.);
#2521=ORIENTED_EDGE('',*,*,#1964,.T.);
#2522=ORIENTED_EDGE('',*,*,#1965,.F.);
#2523=ORIENTED_EDGE('',*,*,#1960,.F.);
#2524=ORIENTED_EDGE('',*,*,#1966,.T.);
#2525=ORIENTED_EDGE('',*,*,#1967,.T.);
#2526=ORIENTED_EDGE('',*,*,#1968,.T.);
#2527=ORIENTED_EDGE('',*,*,#1969,.F.);
#2528=ORIENTED_EDGE('',*,*,#1970,.F.);
#2529=ORIENTED_EDGE('',*,*,#1964,.F.);
#2530=ORIENTED_EDGE('',*,*,#1971,.T.);
#2531=ORIENTED_EDGE('',*,*,#1972,.T.);
#2532=ORIENTED_EDGE('',*,*,#1973,.T.);
#2533=ORIENTED_EDGE('',*,*,#1967,.F.);
#2534=ORIENTED_EDGE('',*,*,#1974,.T.);
#2535=ORIENTED_EDGE('',*,*,#1975,.T.);
#2536=ORIENTED_EDGE('',*,*,#1976,.T.);
#2537=ORIENTED_EDGE('',*,*,#1972,.F.);
#2538=ORIENTED_EDGE('',*,*,#1977,.T.);
#2539=ORIENTED_EDGE('',*,*,#1978,.T.);
#2540=ORIENTED_EDGE('',*,*,#1979,.F.);
#2541=ORIENTED_EDGE('',*,*,#1980,.T.);
#2542=ORIENTED_EDGE('',*,*,#1981,.F.);
#2543=ORIENTED_EDGE('',*,*,#1982,.F.);
#2544=ORIENTED_EDGE('',*,*,#1983,.T.);
#2545=ORIENTED_EDGE('',*,*,#1984,.F.);
#2546=ORIENTED_EDGE('',*,*,#1985,.T.);
#2547=ORIENTED_EDGE('',*,*,#1969,.T.);
#2548=ORIENTED_EDGE('',*,*,#1986,.T.);
#2549=ORIENTED_EDGE('',*,*,#1975,.F.);
#2550=ORIENTED_EDGE('',*,*,#1987,.F.);
#2551=ORIENTED_EDGE('',*,*,#1988,.F.);
#2552=ORIENTED_EDGE('',*,*,#1989,.F.);
#2553=ORIENTED_EDGE('',*,*,#1990,.T.);
#2554=ORIENTED_EDGE('',*,*,#1991,.F.);
#2555=ORIENTED_EDGE('',*,*,#1992,.F.);
#2556=ORIENTED_EDGE('',*,*,#1993,.T.);
#2557=ORIENTED_EDGE('',*,*,#1994,.F.);
#2558=ORIENTED_EDGE('',*,*,#1995,.T.);
#2559=ORIENTED_EDGE('',*,*,#1996,.F.);
#2560=ORIENTED_EDGE('',*,*,#1993,.F.);
#2561=ORIENTED_EDGE('',*,*,#1997,.F.);
#2562=ORIENTED_EDGE('',*,*,#1989,.T.);
#2563=ORIENTED_EDGE('',*,*,#1998,.T.);
#2564=ORIENTED_EDGE('',*,*,#1999,.F.);
#2565=ORIENTED_EDGE('',*,*,#2000,.F.);
#2566=ORIENTED_EDGE('',*,*,#1997,.T.);
#2567=ORIENTED_EDGE('',*,*,#1992,.T.);
#2568=ORIENTED_EDGE('',*,*,#2001,.T.);
#2569=ORIENTED_EDGE('',*,*,#2002,.T.);
#2570=ORIENTED_EDGE('',*,*,#2003,.F.);
#2571=ORIENTED_EDGE('',*,*,#2004,.F.);
#2572=ORIENTED_EDGE('',*,*,#2005,.F.);
#2573=ORIENTED_EDGE('',*,*,#2006,.T.);
#2574=ORIENTED_EDGE('',*,*,#2001,.F.);
#2575=ORIENTED_EDGE('',*,*,#1991,.T.);
#2576=ORIENTED_EDGE('',*,*,#2007,.F.);
#2577=ORIENTED_EDGE('',*,*,#2008,.F.);
#2578=ORIENTED_EDGE('',*,*,#2009,.F.);
#2579=ORIENTED_EDGE('',*,*,#2010,.T.);
#2580=ORIENTED_EDGE('',*,*,#2007,.T.);
#2581=ORIENTED_EDGE('',*,*,#2011,.F.);
#2582=ORIENTED_EDGE('',*,*,#2012,.F.);
#2583=ORIENTED_EDGE('',*,*,#2013,.F.);
#2584=ORIENTED_EDGE('',*,*,#2014,.F.);
#2585=ORIENTED_EDGE('',*,*,#1996,.T.);
#2586=ORIENTED_EDGE('',*,*,#2015,.F.);
#2587=ORIENTED_EDGE('',*,*,#2016,.T.);
#2588=ORIENTED_EDGE('',*,*,#2017,.F.);
#2589=ORIENTED_EDGE('',*,*,#2018,.F.);
#2590=ORIENTED_EDGE('',*,*,#2019,.F.);
#2591=ORIENTED_EDGE('',*,*,#2020,.F.);
#2592=ORIENTED_EDGE('',*,*,#2021,.T.);
#2593=ORIENTED_EDGE('',*,*,#2005,.T.);
#2594=ORIENTED_EDGE('',*,*,#1994,.T.);
#2595=ORIENTED_EDGE('',*,*,#2010,.F.);
#2596=ORIENTED_EDGE('',*,*,#2022,.F.);
#2597=ORIENTED_EDGE('',*,*,#2023,.T.);
#2598=ORIENTED_EDGE('',*,*,#2024,.T.);
#2599=ORIENTED_EDGE('',*,*,#2025,.F.);
#2600=ORIENTED_EDGE('',*,*,#2026,.F.);
#2601=ORIENTED_EDGE('',*,*,#2027,.T.);
#2602=ORIENTED_EDGE('',*,*,#2028,.T.);
#2603=ORIENTED_EDGE('',*,*,#2011,.T.);
#2604=ORIENTED_EDGE('',*,*,#2029,.T.);
#2605=ORIENTED_EDGE('',*,*,#2030,.T.);
#2606=ORIENTED_EDGE('',*,*,#2031,.T.);
#2607=ORIENTED_EDGE('',*,*,#2032,.T.);
#2608=ORIENTED_EDGE('',*,*,#2033,.T.);
#2609=ORIENTED_EDGE('',*,*,#2034,.T.);
#2610=ORIENTED_EDGE('',*,*,#2035,.T.);
#2611=ORIENTED_EDGE('',*,*,#2036,.T.);
#2612=ORIENTED_EDGE('',*,*,#2037,.T.);
#2613=ORIENTED_EDGE('',*,*,#2038,.T.);
#2614=ORIENTED_EDGE('',*,*,#2039,.T.);
#2615=ORIENTED_EDGE('',*,*,#2040,.T.);
#2616=ORIENTED_EDGE('',*,*,#2041,.T.);
#2617=ORIENTED_EDGE('',*,*,#2042,.T.);
#2618=ORIENTED_EDGE('',*,*,#2043,.T.);
#2619=ORIENTED_EDGE('',*,*,#2044,.T.);
#2620=ORIENTED_EDGE('',*,*,#2045,.T.);
#2621=ORIENTED_EDGE('',*,*,#2046,.T.);
#2622=ORIENTED_EDGE('',*,*,#2047,.T.);
#2623=ORIENTED_EDGE('',*,*,#2048,.T.);
#2624=ORIENTED_EDGE('',*,*,#2049,.F.);
#2625=ORIENTED_EDGE('',*,*,#2050,.T.);
#2626=ORIENTED_EDGE('',*,*,#2051,.F.);
#2627=ORIENTED_EDGE('',*,*,#2052,.F.);
#2628=ORIENTED_EDGE('',*,*,#2053,.F.);
#2629=ORIENTED_EDGE('',*,*,#2017,.T.);
#2630=ORIENTED_EDGE('',*,*,#2054,.T.);
#2631=ORIENTED_EDGE('',*,*,#2055,.T.);
#2632=ORIENTED_EDGE('',*,*,#2056,.F.);
#2633=ORIENTED_EDGE('',*,*,#2024,.F.);
#2634=ORIENTED_EDGE('',*,*,#2023,.F.);
#2635=ORIENTED_EDGE('',*,*,#2022,.T.);
#2636=ORIENTED_EDGE('',*,*,#2009,.T.);
#2637=ORIENTED_EDGE('',*,*,#2054,.F.);
#2638=ORIENTED_EDGE('',*,*,#2016,.F.);
#2639=ORIENTED_EDGE('',*,*,#2057,.F.);
#2640=ORIENTED_EDGE('',*,*,#2058,.T.);
#2641=ORIENTED_EDGE('',*,*,#2059,.F.);
#2642=ORIENTED_EDGE('',*,*,#2060,.T.);
#2643=ORIENTED_EDGE('',*,*,#2061,.F.);
#2644=ORIENTED_EDGE('',*,*,#2060,.F.);
#2645=ORIENTED_EDGE('',*,*,#2059,.T.);
#2646=ORIENTED_EDGE('',*,*,#2062,.F.);
#2647=ORIENTED_EDGE('',*,*,#2063,.T.);
#2648=ORIENTED_EDGE('',*,*,#2064,.F.);
#2649=ORIENTED_EDGE('',*,*,#2063,.F.);
#2650=ORIENTED_EDGE('',*,*,#2062,.T.);
#2651=ORIENTED_EDGE('',*,*,#2065,.F.);
#2652=ORIENTED_EDGE('',*,*,#2066,.T.);
#2653=ORIENTED_EDGE('',*,*,#2067,.F.);
#2654=ORIENTED_EDGE('',*,*,#2066,.F.);
#2655=ORIENTED_EDGE('',*,*,#2065,.T.);
#2656=ORIENTED_EDGE('',*,*,#2068,.F.);
#2657=ORIENTED_EDGE('',*,*,#2069,.T.);
#2658=ORIENTED_EDGE('',*,*,#2049,.T.);
#2659=ORIENTED_EDGE('',*,*,#2069,.F.);
#2660=ORIENTED_EDGE('',*,*,#2070,.T.);
#2661=ORIENTED_EDGE('',*,*,#2071,.T.);
#2662=ORIENTED_EDGE('',*,*,#2072,.F.);
#2663=ORIENTED_EDGE('',*,*,#2073,.F.);
#2664=ORIENTED_EDGE('',*,*,#1978,.F.);
#2665=ORIENTED_EDGE('',*,*,#2074,.T.);
#2666=ORIENTED_EDGE('',*,*,#2075,.F.);
#2667=ORIENTED_EDGE('',*,*,#2076,.F.);
#2668=ORIENTED_EDGE('',*,*,#2077,.F.);
#2669=ORIENTED_EDGE('',*,*,#2055,.F.);
#2670=ORIENTED_EDGE('',*,*,#2058,.F.);
#2671=ORIENTED_EDGE('',*,*,#2078,.F.);
#2672=ORIENTED_EDGE('',*,*,#2003,.T.);
#2673=ORIENTED_EDGE('',*,*,#2079,.T.);
#2674=ORIENTED_EDGE('',*,*,#2070,.F.);
#2675=ORIENTED_EDGE('',*,*,#2080,.F.);
#2676=ORIENTED_EDGE('',*,*,#2053,.T.);
#2677=ORIENTED_EDGE('',*,*,#2081,.F.);
#2678=ORIENTED_EDGE('',*,*,#2082,.F.);
#2679=ORIENTED_EDGE('',*,*,#2018,.T.);
#2680=ORIENTED_EDGE('',*,*,#2014,.T.);
#2681=ORIENTED_EDGE('',*,*,#2083,.F.);
#2682=ORIENTED_EDGE('',*,*,#2084,.F.);
#2683=ORIENTED_EDGE('',*,*,#2085,.T.);
#2684=ORIENTED_EDGE('',*,*,#2086,.F.);
#2685=ORIENTED_EDGE('',*,*,#2081,.T.);
#2686=ORIENTED_EDGE('',*,*,#2052,.T.);
#2687=ORIENTED_EDGE('',*,*,#2051,.T.);
#2688=ORIENTED_EDGE('',*,*,#2050,.F.);
#2689=ORIENTED_EDGE('',*,*,#2008,.T.);
#2690=ORIENTED_EDGE('',*,*,#2087,.T.);
#2691=ORIENTED_EDGE('',*,*,#2088,.T.);
#2692=ORIENTED_EDGE('',*,*,#2089,.T.);
#2693=ORIENTED_EDGE('',*,*,#2090,.T.);
#2694=ORIENTED_EDGE('',*,*,#2091,.T.);
#2695=ORIENTED_EDGE('',*,*,#2092,.T.);
#2696=ORIENTED_EDGE('',*,*,#2093,.T.);
#2697=ORIENTED_EDGE('',*,*,#2094,.T.);
#2698=ORIENTED_EDGE('',*,*,#2095,.T.);
#2699=ORIENTED_EDGE('',*,*,#2096,.T.);
#2700=ORIENTED_EDGE('',*,*,#2097,.T.);
#2701=ORIENTED_EDGE('',*,*,#2098,.T.);
#2702=ORIENTED_EDGE('',*,*,#2099,.T.);
#2703=ORIENTED_EDGE('',*,*,#2100,.T.);
#2704=ORIENTED_EDGE('',*,*,#2101,.T.);
#2705=ORIENTED_EDGE('',*,*,#2102,.T.);
#2706=ORIENTED_EDGE('',*,*,#2103,.T.);
#2707=ORIENTED_EDGE('',*,*,#2104,.T.);
#2708=ORIENTED_EDGE('',*,*,#2105,.T.);
#2709=ORIENTED_EDGE('',*,*,#1982,.T.);
#2710=ORIENTED_EDGE('',*,*,#2106,.T.);
#2711=ORIENTED_EDGE('',*,*,#2107,.F.);
#2712=ORIENTED_EDGE('',*,*,#2074,.F.);
#2713=ORIENTED_EDGE('',*,*,#1977,.F.);
#2714=ORIENTED_EDGE('',*,*,#1974,.F.);
#2715=ORIENTED_EDGE('',*,*,#1971,.F.);
#2716=ORIENTED_EDGE('',*,*,#1966,.F.);
#2717=ORIENTED_EDGE('',*,*,#1963,.F.);
#2718=ORIENTED_EDGE('',*,*,#1959,.F.);
#2719=ORIENTED_EDGE('',*,*,#2108,.F.);
#2720=ORIENTED_EDGE('',*,*,#2071,.F.);
#2721=ORIENTED_EDGE('',*,*,#2079,.F.);
#2722=ORIENTED_EDGE('',*,*,#2002,.F.);
#2723=ORIENTED_EDGE('',*,*,#2006,.F.);
#2724=ORIENTED_EDGE('',*,*,#2021,.F.);
#2725=ORIENTED_EDGE('',*,*,#2056,.T.);
#2726=ORIENTED_EDGE('',*,*,#2077,.T.);
#2727=ORIENTED_EDGE('',*,*,#2109,.F.);
#2728=ORIENTED_EDGE('',*,*,#2025,.T.);
#2729=ORIENTED_EDGE('',*,*,#2076,.T.);
#2730=ORIENTED_EDGE('',*,*,#2110,.T.);
#2731=ORIENTED_EDGE('',*,*,#2026,.T.);
#2732=ORIENTED_EDGE('',*,*,#2109,.T.);
#2733=ORIENTED_EDGE('',*,*,#2111,.F.);
#2734=ORIENTED_EDGE('',*,*,#2112,.T.);
#2735=ORIENTED_EDGE('',*,*,#2039,.F.);
#2736=ORIENTED_EDGE('',*,*,#2113,.F.);
#2737=ORIENTED_EDGE('',*,*,#2114,.F.);
#2738=ORIENTED_EDGE('',*,*,#2115,.F.);
#2739=ORIENTED_EDGE('',*,*,#2111,.T.);
#2740=ORIENTED_EDGE('',*,*,#2116,.F.);
#2741=ORIENTED_EDGE('',*,*,#1980,.F.);
#2742=ORIENTED_EDGE('',*,*,#2117,.F.);
#2743=ORIENTED_EDGE('',*,*,#2118,.T.);
#2744=ORIENTED_EDGE('',*,*,#2119,.F.);
#2745=ORIENTED_EDGE('',*,*,#2120,.F.);
#2746=ORIENTED_EDGE('',*,*,#2121,.F.);
#2747=ORIENTED_EDGE('',*,*,#2122,.F.);
#2748=ORIENTED_EDGE('',*,*,#2123,.F.);
#2749=ORIENTED_EDGE('',*,*,#2124,.T.);
#2750=ORIENTED_EDGE('',*,*,#2125,.F.);
#2751=ORIENTED_EDGE('',*,*,#1988,.T.);
#2752=ORIENTED_EDGE('',*,*,#2126,.F.);
#2753=ORIENTED_EDGE('',*,*,#1998,.F.);
#2754=ORIENTED_EDGE('',*,*,#2126,.T.);
#2755=ORIENTED_EDGE('',*,*,#1987,.T.);
#2756=ORIENTED_EDGE('',*,*,#2127,.F.);
#2757=ORIENTED_EDGE('',*,*,#1999,.T.);
#2758=ORIENTED_EDGE('',*,*,#2068,.T.);
#2759=ORIENTED_EDGE('',*,*,#2004,.T.);
#2760=ORIENTED_EDGE('',*,*,#2080,.T.);
#2761=ORIENTED_EDGE('',*,*,#2078,.T.);
#2762=ORIENTED_EDGE('',*,*,#2057,.T.);
#2763=ORIENTED_EDGE('',*,*,#2015,.T.);
#2764=ORIENTED_EDGE('',*,*,#1995,.F.);
#2765=ORIENTED_EDGE('',*,*,#2061,.T.);
#2766=ORIENTED_EDGE('',*,*,#2064,.T.);
#2767=ORIENTED_EDGE('',*,*,#2067,.T.);
#2768=ORIENTED_EDGE('',*,*,#1990,.F.);
#2769=ORIENTED_EDGE('',*,*,#2000,.T.);
#2770=ORIENTED_EDGE('',*,*,#2127,.T.);
#2771=ORIENTED_EDGE('',*,*,#2128,.F.);
#2772=ORIENTED_EDGE('',*,*,#2129,.T.);
#2773=ORIENTED_EDGE('',*,*,#2130,.F.);
#2774=ORIENTED_EDGE('',*,*,#2129,.F.);
#2775=ORIENTED_EDGE('',*,*,#2131,.F.);
#2776=ORIENTED_EDGE('',*,*,#2132,.F.);
#2777=ORIENTED_EDGE('',*,*,#2133,.F.);
#2778=ORIENTED_EDGE('',*,*,#2134,.F.);
#2779=ORIENTED_EDGE('',*,*,#2135,.F.);
#2780=ORIENTED_EDGE('',*,*,#2136,.F.);
#2781=ORIENTED_EDGE('',*,*,#2137,.F.);
#2782=ORIENTED_EDGE('',*,*,#2138,.F.);
#2783=ORIENTED_EDGE('',*,*,#2139,.F.);
#2784=ORIENTED_EDGE('',*,*,#2140,.F.);
#2785=ORIENTED_EDGE('',*,*,#2141,.F.);
#2786=ORIENTED_EDGE('',*,*,#2142,.F.);
#2787=ORIENTED_EDGE('',*,*,#2143,.F.);
#2788=ORIENTED_EDGE('',*,*,#2144,.F.);
#2789=ORIENTED_EDGE('',*,*,#2145,.F.);
#2790=ORIENTED_EDGE('',*,*,#2146,.F.);
#2791=ORIENTED_EDGE('',*,*,#2147,.F.);
#2792=ORIENTED_EDGE('',*,*,#2148,.F.);
#2793=ORIENTED_EDGE('',*,*,#2149,.F.);
#2794=ORIENTED_EDGE('',*,*,#2150,.F.);
#2795=ORIENTED_EDGE('',*,*,#2151,.F.);
#2796=ORIENTED_EDGE('',*,*,#2152,.F.);
#2797=ORIENTED_EDGE('',*,*,#2130,.T.);
#2798=ORIENTED_EDGE('',*,*,#2142,.T.);
#2799=ORIENTED_EDGE('',*,*,#2153,.F.);
#2800=ORIENTED_EDGE('',*,*,#2154,.F.);
#2801=ORIENTED_EDGE('',*,*,#2155,.T.);
#2802=ORIENTED_EDGE('',*,*,#2141,.T.);
#2803=ORIENTED_EDGE('',*,*,#2156,.F.);
#2804=ORIENTED_EDGE('',*,*,#2157,.F.);
#2805=ORIENTED_EDGE('',*,*,#2153,.T.);
#2806=ORIENTED_EDGE('',*,*,#2140,.T.);
#2807=ORIENTED_EDGE('',*,*,#2158,.F.);
#2808=ORIENTED_EDGE('',*,*,#2159,.F.);
#2809=ORIENTED_EDGE('',*,*,#2156,.T.);
#2810=ORIENTED_EDGE('',*,*,#2139,.T.);
#2811=ORIENTED_EDGE('',*,*,#2160,.F.);
#2812=ORIENTED_EDGE('',*,*,#2161,.F.);
#2813=ORIENTED_EDGE('',*,*,#2158,.T.);
#2814=ORIENTED_EDGE('',*,*,#2138,.T.);
#2815=ORIENTED_EDGE('',*,*,#2162,.F.);
#2816=ORIENTED_EDGE('',*,*,#2163,.F.);
#2817=ORIENTED_EDGE('',*,*,#2160,.T.);
#2818=ORIENTED_EDGE('',*,*,#2137,.T.);
#2819=ORIENTED_EDGE('',*,*,#2164,.F.);
#2820=ORIENTED_EDGE('',*,*,#2165,.F.);
#2821=ORIENTED_EDGE('',*,*,#2162,.T.);
#2822=ORIENTED_EDGE('',*,*,#2136,.T.);
#2823=ORIENTED_EDGE('',*,*,#2166,.F.);
#2824=ORIENTED_EDGE('',*,*,#2167,.F.);
#2825=ORIENTED_EDGE('',*,*,#2164,.T.);
#2826=ORIENTED_EDGE('',*,*,#2135,.T.);
#2827=ORIENTED_EDGE('',*,*,#2168,.F.);
#2828=ORIENTED_EDGE('',*,*,#2169,.F.);
#2829=ORIENTED_EDGE('',*,*,#2166,.T.);
#2830=ORIENTED_EDGE('',*,*,#2134,.T.);
#2831=ORIENTED_EDGE('',*,*,#2170,.F.);
#2832=ORIENTED_EDGE('',*,*,#2171,.F.);
#2833=ORIENTED_EDGE('',*,*,#2168,.T.);
#2834=ORIENTED_EDGE('',*,*,#2133,.T.);
#2835=ORIENTED_EDGE('',*,*,#2172,.F.);
#2836=ORIENTED_EDGE('',*,*,#2173,.F.);
#2837=ORIENTED_EDGE('',*,*,#2170,.T.);
#2838=ORIENTED_EDGE('',*,*,#2132,.T.);
#2839=ORIENTED_EDGE('',*,*,#2174,.F.);
#2840=ORIENTED_EDGE('',*,*,#2175,.F.);
#2841=ORIENTED_EDGE('',*,*,#2172,.T.);
#2842=ORIENTED_EDGE('',*,*,#2131,.T.);
#2843=ORIENTED_EDGE('',*,*,#2176,.F.);
#2844=ORIENTED_EDGE('',*,*,#2177,.F.);
#2845=ORIENTED_EDGE('',*,*,#2174,.T.);
#2846=ORIENTED_EDGE('',*,*,#2125,.T.);
#2847=ORIENTED_EDGE('',*,*,#2178,.T.);
#2848=ORIENTED_EDGE('',*,*,#2040,.F.);
#2849=ORIENTED_EDGE('',*,*,#2112,.F.);
#2850=ORIENTED_EDGE('',*,*,#2178,.F.);
#2851=ORIENTED_EDGE('',*,*,#2124,.F.);
#2852=ORIENTED_EDGE('',*,*,#2179,.F.);
#2853=ORIENTED_EDGE('',*,*,#2180,.F.);
#2854=ORIENTED_EDGE('',*,*,#2181,.T.);
#2855=ORIENTED_EDGE('',*,*,#2041,.F.);
#2856=ORIENTED_EDGE('',*,*,#2181,.F.);
#2857=ORIENTED_EDGE('',*,*,#2182,.F.);
#2858=ORIENTED_EDGE('',*,*,#2183,.F.);
#2859=ORIENTED_EDGE('',*,*,#2122,.T.);
#2860=ORIENTED_EDGE('',*,*,#2184,.T.);
#2861=ORIENTED_EDGE('',*,*,#2042,.F.);
#2862=ORIENTED_EDGE('',*,*,#2185,.T.);
#2863=ORIENTED_EDGE('',*,*,#2043,.F.);
#2864=ORIENTED_EDGE('',*,*,#2184,.F.);
#2865=ORIENTED_EDGE('',*,*,#2121,.T.);
#2866=ORIENTED_EDGE('',*,*,#2186,.F.);
#2867=ORIENTED_EDGE('',*,*,#2187,.F.);
#2868=ORIENTED_EDGE('',*,*,#2188,.T.);
#2869=ORIENTED_EDGE('',*,*,#2044,.F.);
#2870=ORIENTED_EDGE('',*,*,#2185,.F.);
#2871=ORIENTED_EDGE('',*,*,#2120,.T.);
#2872=ORIENTED_EDGE('',*,*,#2188,.F.);
#2873=ORIENTED_EDGE('',*,*,#2189,.F.);
#2874=ORIENTED_EDGE('',*,*,#2190,.T.);
#2875=ORIENTED_EDGE('',*,*,#2045,.F.);
#2876=ORIENTED_EDGE('',*,*,#2190,.F.);
#2877=ORIENTED_EDGE('',*,*,#2191,.F.);
#2878=ORIENTED_EDGE('',*,*,#2192,.T.);
#2879=ORIENTED_EDGE('',*,*,#2046,.F.);
#2880=ORIENTED_EDGE('',*,*,#2192,.F.);
#2881=ORIENTED_EDGE('',*,*,#2193,.F.);
#2882=ORIENTED_EDGE('',*,*,#2194,.T.);
#2883=ORIENTED_EDGE('',*,*,#2047,.F.);
#2884=ORIENTED_EDGE('',*,*,#2194,.F.);
#2885=ORIENTED_EDGE('',*,*,#2195,.F.);
#2886=ORIENTED_EDGE('',*,*,#2196,.T.);
#2887=ORIENTED_EDGE('',*,*,#2048,.F.);
#2888=ORIENTED_EDGE('',*,*,#2197,.F.);
#2889=ORIENTED_EDGE('',*,*,#2114,.T.);
#2890=ORIENTED_EDGE('',*,*,#2198,.T.);
#2891=ORIENTED_EDGE('',*,*,#2199,.T.);
#2892=ORIENTED_EDGE('',*,*,#2200,.T.);
#2893=ORIENTED_EDGE('',*,*,#2201,.T.);
#2894=ORIENTED_EDGE('',*,*,#2202,.T.);
#2895=ORIENTED_EDGE('',*,*,#2203,.T.);
#2896=ORIENTED_EDGE('',*,*,#2204,.T.);
#2897=ORIENTED_EDGE('',*,*,#2205,.T.);
#2898=ORIENTED_EDGE('',*,*,#2206,.T.);
#2899=ORIENTED_EDGE('',*,*,#2207,.T.);
#2900=ORIENTED_EDGE('',*,*,#2195,.T.);
#2901=ORIENTED_EDGE('',*,*,#2193,.T.);
#2902=ORIENTED_EDGE('',*,*,#2191,.T.);
#2903=ORIENTED_EDGE('',*,*,#2189,.T.);
#2904=ORIENTED_EDGE('',*,*,#2187,.T.);
#2905=ORIENTED_EDGE('',*,*,#2208,.F.);
#2906=ORIENTED_EDGE('',*,*,#2182,.T.);
#2907=ORIENTED_EDGE('',*,*,#2180,.T.);
#2908=ORIENTED_EDGE('',*,*,#2175,.T.);
#2909=ORIENTED_EDGE('',*,*,#2177,.T.);
#2910=ORIENTED_EDGE('',*,*,#2209,.T.);
#2911=ORIENTED_EDGE('',*,*,#2210,.T.);
#2912=ORIENTED_EDGE('',*,*,#2211,.T.);
#2913=ORIENTED_EDGE('',*,*,#2212,.T.);
#2914=ORIENTED_EDGE('',*,*,#2213,.T.);
#2915=ORIENTED_EDGE('',*,*,#2214,.T.);
#2916=ORIENTED_EDGE('',*,*,#2215,.T.);
#2917=ORIENTED_EDGE('',*,*,#2216,.T.);
#2918=ORIENTED_EDGE('',*,*,#2217,.T.);
#2919=ORIENTED_EDGE('',*,*,#2218,.T.);
#2920=ORIENTED_EDGE('',*,*,#2154,.T.);
#2921=ORIENTED_EDGE('',*,*,#2157,.T.);
#2922=ORIENTED_EDGE('',*,*,#2159,.T.);
#2923=ORIENTED_EDGE('',*,*,#2161,.T.);
#2924=ORIENTED_EDGE('',*,*,#2163,.T.);
#2925=ORIENTED_EDGE('',*,*,#2165,.T.);
#2926=ORIENTED_EDGE('',*,*,#2167,.T.);
#2927=ORIENTED_EDGE('',*,*,#2169,.T.);
#2928=ORIENTED_EDGE('',*,*,#2171,.T.);
#2929=ORIENTED_EDGE('',*,*,#2173,.T.);
#2930=ORIENTED_EDGE('',*,*,#2196,.F.);
#2931=ORIENTED_EDGE('',*,*,#2207,.F.);
#2932=ORIENTED_EDGE('',*,*,#2219,.T.);
#2933=ORIENTED_EDGE('',*,*,#2029,.F.);
#2934=ORIENTED_EDGE('',*,*,#2143,.T.);
#2935=ORIENTED_EDGE('',*,*,#2155,.F.);
#2936=ORIENTED_EDGE('',*,*,#2218,.F.);
#2937=ORIENTED_EDGE('',*,*,#2220,.T.);
#2938=ORIENTED_EDGE('',*,*,#2144,.T.);
#2939=ORIENTED_EDGE('',*,*,#2220,.F.);
#2940=ORIENTED_EDGE('',*,*,#2217,.F.);
#2941=ORIENTED_EDGE('',*,*,#2221,.T.);
#2942=ORIENTED_EDGE('',*,*,#2145,.T.);
#2943=ORIENTED_EDGE('',*,*,#2221,.F.);
#2944=ORIENTED_EDGE('',*,*,#2216,.F.);
#2945=ORIENTED_EDGE('',*,*,#2222,.T.);
#2946=ORIENTED_EDGE('',*,*,#2146,.T.);
#2947=ORIENTED_EDGE('',*,*,#2222,.F.);
#2948=ORIENTED_EDGE('',*,*,#2215,.F.);
#2949=ORIENTED_EDGE('',*,*,#2223,.T.);
#2950=ORIENTED_EDGE('',*,*,#2147,.T.);
#2951=ORIENTED_EDGE('',*,*,#2223,.F.);
#2952=ORIENTED_EDGE('',*,*,#2214,.F.);
#2953=ORIENTED_EDGE('',*,*,#2224,.T.);
#2954=ORIENTED_EDGE('',*,*,#2148,.T.);
#2955=ORIENTED_EDGE('',*,*,#2224,.F.);
#2956=ORIENTED_EDGE('',*,*,#2213,.F.);
#2957=ORIENTED_EDGE('',*,*,#2225,.T.);
#2958=ORIENTED_EDGE('',*,*,#2149,.T.);
#2959=ORIENTED_EDGE('',*,*,#2225,.F.);
#2960=ORIENTED_EDGE('',*,*,#2212,.F.);
#2961=ORIENTED_EDGE('',*,*,#2226,.T.);
#2962=ORIENTED_EDGE('',*,*,#2150,.T.);
#2963=ORIENTED_EDGE('',*,*,#2226,.F.);
#2964=ORIENTED_EDGE('',*,*,#2211,.F.);
#2965=ORIENTED_EDGE('',*,*,#2227,.T.);
#2966=ORIENTED_EDGE('',*,*,#2151,.T.);
#2967=ORIENTED_EDGE('',*,*,#2227,.F.);
#2968=ORIENTED_EDGE('',*,*,#2210,.F.);
#2969=ORIENTED_EDGE('',*,*,#2228,.T.);
#2970=ORIENTED_EDGE('',*,*,#2152,.T.);
#2971=ORIENTED_EDGE('',*,*,#2228,.F.);
#2972=ORIENTED_EDGE('',*,*,#2209,.F.);
#2973=ORIENTED_EDGE('',*,*,#2176,.T.);
#2974=ORIENTED_EDGE('',*,*,#2219,.F.);
#2975=ORIENTED_EDGE('',*,*,#2206,.F.);
#2976=ORIENTED_EDGE('',*,*,#2229,.T.);
#2977=ORIENTED_EDGE('',*,*,#2030,.F.);
#2978=ORIENTED_EDGE('',*,*,#2229,.F.);
#2979=ORIENTED_EDGE('',*,*,#2205,.F.);
#2980=ORIENTED_EDGE('',*,*,#2230,.T.);
#2981=ORIENTED_EDGE('',*,*,#2031,.F.);
#2982=ORIENTED_EDGE('',*,*,#2230,.F.);
#2983=ORIENTED_EDGE('',*,*,#2204,.F.);
#2984=ORIENTED_EDGE('',*,*,#2231,.T.);
#2985=ORIENTED_EDGE('',*,*,#2032,.F.);
#2986=ORIENTED_EDGE('',*,*,#2231,.F.);
#2987=ORIENTED_EDGE('',*,*,#2203,.F.);
#2988=ORIENTED_EDGE('',*,*,#2232,.T.);
#2989=ORIENTED_EDGE('',*,*,#2033,.F.);
#2990=ORIENTED_EDGE('',*,*,#2232,.F.);
#2991=ORIENTED_EDGE('',*,*,#2202,.F.);
#2992=ORIENTED_EDGE('',*,*,#2233,.T.);
#2993=ORIENTED_EDGE('',*,*,#2034,.F.);
#2994=ORIENTED_EDGE('',*,*,#2233,.F.);
#2995=ORIENTED_EDGE('',*,*,#2201,.F.);
#2996=ORIENTED_EDGE('',*,*,#2234,.T.);
#2997=ORIENTED_EDGE('',*,*,#2035,.F.);
#2998=ORIENTED_EDGE('',*,*,#2234,.F.);
#2999=ORIENTED_EDGE('',*,*,#2200,.F.);
#3000=ORIENTED_EDGE('',*,*,#2235,.T.);
#3001=ORIENTED_EDGE('',*,*,#2036,.F.);
#3002=ORIENTED_EDGE('',*,*,#2235,.F.);
#3003=ORIENTED_EDGE('',*,*,#2199,.F.);
#3004=ORIENTED_EDGE('',*,*,#2236,.T.);
#3005=ORIENTED_EDGE('',*,*,#2037,.F.);
#3006=ORIENTED_EDGE('',*,*,#2236,.F.);
#3007=ORIENTED_EDGE('',*,*,#2198,.F.);
#3008=ORIENTED_EDGE('',*,*,#2113,.T.);
#3009=ORIENTED_EDGE('',*,*,#2038,.F.);
#3010=ORIENTED_EDGE('',*,*,#2237,.F.);
#3011=ORIENTED_EDGE('',*,*,#2238,.T.);
#3012=ORIENTED_EDGE('',*,*,#2239,.F.);
#3013=ORIENTED_EDGE('',*,*,#2240,.F.);
#3014=ORIENTED_EDGE('',*,*,#2241,.F.);
#3015=ORIENTED_EDGE('',*,*,#2242,.T.);
#3016=ORIENTED_EDGE('',*,*,#2243,.F.);
#3017=ORIENTED_EDGE('',*,*,#2238,.F.);
#3018=ORIENTED_EDGE('',*,*,#2244,.F.);
#3019=ORIENTED_EDGE('',*,*,#2245,.T.);
#3020=ORIENTED_EDGE('',*,*,#2246,.F.);
#3021=ORIENTED_EDGE('',*,*,#2242,.F.);
#3022=ORIENTED_EDGE('',*,*,#2247,.F.);
#3023=ORIENTED_EDGE('',*,*,#2248,.T.);
#3024=ORIENTED_EDGE('',*,*,#2249,.F.);
#3025=ORIENTED_EDGE('',*,*,#2245,.F.);
#3026=ORIENTED_EDGE('',*,*,#2250,.F.);
#3027=ORIENTED_EDGE('',*,*,#2251,.T.);
#3028=ORIENTED_EDGE('',*,*,#2252,.F.);
#3029=ORIENTED_EDGE('',*,*,#2248,.F.);
#3030=ORIENTED_EDGE('',*,*,#2253,.F.);
#3031=ORIENTED_EDGE('',*,*,#2254,.T.);
#3032=ORIENTED_EDGE('',*,*,#2255,.F.);
#3033=ORIENTED_EDGE('',*,*,#2251,.F.);
#3034=ORIENTED_EDGE('',*,*,#2256,.F.);
#3035=ORIENTED_EDGE('',*,*,#2257,.T.);
#3036=ORIENTED_EDGE('',*,*,#2258,.F.);
#3037=ORIENTED_EDGE('',*,*,#2254,.F.);
#3038=ORIENTED_EDGE('',*,*,#2259,.F.);
#3039=ORIENTED_EDGE('',*,*,#2260,.T.);
#3040=ORIENTED_EDGE('',*,*,#2261,.F.);
#3041=ORIENTED_EDGE('',*,*,#2257,.F.);
#3042=ORIENTED_EDGE('',*,*,#2262,.F.);
#3043=ORIENTED_EDGE('',*,*,#2263,.T.);
#3044=ORIENTED_EDGE('',*,*,#2264,.F.);
#3045=ORIENTED_EDGE('',*,*,#2260,.F.);
#3046=ORIENTED_EDGE('',*,*,#2265,.F.);
#3047=ORIENTED_EDGE('',*,*,#2266,.T.);
#3048=ORIENTED_EDGE('',*,*,#2267,.F.);
#3049=ORIENTED_EDGE('',*,*,#2263,.F.);
#3050=ORIENTED_EDGE('',*,*,#2268,.F.);
#3051=ORIENTED_EDGE('',*,*,#2269,.T.);
#3052=ORIENTED_EDGE('',*,*,#2270,.F.);
#3053=ORIENTED_EDGE('',*,*,#2266,.F.);
#3054=ORIENTED_EDGE('',*,*,#2271,.F.);
#3055=ORIENTED_EDGE('',*,*,#2272,.T.);
#3056=ORIENTED_EDGE('',*,*,#2273,.F.);
#3057=ORIENTED_EDGE('',*,*,#2274,.F.);
#3058=ORIENTED_EDGE('',*,*,#2275,.F.);
#3059=ORIENTED_EDGE('',*,*,#2276,.T.);
#3060=ORIENTED_EDGE('',*,*,#2277,.F.);
#3061=ORIENTED_EDGE('',*,*,#2272,.F.);
#3062=ORIENTED_EDGE('',*,*,#2102,.F.);
#3063=ORIENTED_EDGE('',*,*,#2278,.T.);
#3064=ORIENTED_EDGE('',*,*,#2279,.F.);
#3065=ORIENTED_EDGE('',*,*,#2280,.F.);
#3066=ORIENTED_EDGE('',*,*,#2101,.F.);
#3067=ORIENTED_EDGE('',*,*,#2281,.T.);
#3068=ORIENTED_EDGE('',*,*,#2282,.F.);
#3069=ORIENTED_EDGE('',*,*,#2278,.F.);
#3070=ORIENTED_EDGE('',*,*,#2100,.F.);
#3071=ORIENTED_EDGE('',*,*,#2283,.T.);
#3072=ORIENTED_EDGE('',*,*,#2284,.F.);
#3073=ORIENTED_EDGE('',*,*,#2281,.F.);
#3074=ORIENTED_EDGE('',*,*,#2099,.F.);
#3075=ORIENTED_EDGE('',*,*,#2285,.T.);
#3076=ORIENTED_EDGE('',*,*,#2286,.F.);
#3077=ORIENTED_EDGE('',*,*,#2283,.F.);
#3078=ORIENTED_EDGE('',*,*,#2098,.F.);
#3079=ORIENTED_EDGE('',*,*,#2287,.T.);
#3080=ORIENTED_EDGE('',*,*,#2288,.F.);
#3081=ORIENTED_EDGE('',*,*,#2285,.F.);
#3082=ORIENTED_EDGE('',*,*,#2289,.F.);
#3083=ORIENTED_EDGE('',*,*,#2240,.T.);
#3084=ORIENTED_EDGE('',*,*,#2290,.F.);
#3085=ORIENTED_EDGE('',*,*,#2291,.F.);
#3086=ORIENTED_EDGE('',*,*,#2292,.F.);
#3087=ORIENTED_EDGE('',*,*,#2291,.T.);
#3088=ORIENTED_EDGE('',*,*,#2293,.F.);
#3089=ORIENTED_EDGE('',*,*,#2294,.F.);
#3090=ORIENTED_EDGE('',*,*,#2295,.F.);
#3091=ORIENTED_EDGE('',*,*,#2294,.T.);
#3092=ORIENTED_EDGE('',*,*,#2296,.F.);
#3093=ORIENTED_EDGE('',*,*,#2297,.F.);
#3094=ORIENTED_EDGE('',*,*,#2298,.F.);
#3095=ORIENTED_EDGE('',*,*,#2297,.T.);
#3096=ORIENTED_EDGE('',*,*,#2299,.F.);
#3097=ORIENTED_EDGE('',*,*,#2300,.F.);
#3098=ORIENTED_EDGE('',*,*,#2301,.F.);
#3099=ORIENTED_EDGE('',*,*,#2300,.T.);
#3100=ORIENTED_EDGE('',*,*,#2302,.F.);
#3101=ORIENTED_EDGE('',*,*,#2303,.F.);
#3102=ORIENTED_EDGE('',*,*,#2304,.F.);
#3103=ORIENTED_EDGE('',*,*,#2303,.T.);
#3104=ORIENTED_EDGE('',*,*,#2305,.F.);
#3105=ORIENTED_EDGE('',*,*,#2306,.F.);
#3106=ORIENTED_EDGE('',*,*,#2307,.F.);
#3107=ORIENTED_EDGE('',*,*,#2306,.T.);
#3108=ORIENTED_EDGE('',*,*,#2308,.F.);
#3109=ORIENTED_EDGE('',*,*,#2309,.F.);
#3110=ORIENTED_EDGE('',*,*,#2310,.F.);
#3111=ORIENTED_EDGE('',*,*,#2309,.T.);
#3112=ORIENTED_EDGE('',*,*,#2311,.F.);
#3113=ORIENTED_EDGE('',*,*,#2312,.F.);
#3114=ORIENTED_EDGE('',*,*,#2313,.F.);
#3115=ORIENTED_EDGE('',*,*,#2312,.T.);
#3116=ORIENTED_EDGE('',*,*,#2314,.F.);
#3117=ORIENTED_EDGE('',*,*,#2315,.F.);
#3118=ORIENTED_EDGE('',*,*,#2316,.F.);
#3119=ORIENTED_EDGE('',*,*,#2315,.T.);
#3120=ORIENTED_EDGE('',*,*,#2317,.F.);
#3121=ORIENTED_EDGE('',*,*,#2318,.F.);
#3122=ORIENTED_EDGE('',*,*,#2319,.F.);
#3123=ORIENTED_EDGE('',*,*,#2318,.T.);
#3124=ORIENTED_EDGE('',*,*,#2320,.F.);
#3125=ORIENTED_EDGE('',*,*,#2269,.F.);
#3126=ORIENTED_EDGE('',*,*,#2087,.F.);
#3127=ORIENTED_EDGE('',*,*,#2321,.T.);
#3128=ORIENTED_EDGE('',*,*,#2322,.F.);
#3129=ORIENTED_EDGE('',*,*,#2323,.F.);
#3130=ORIENTED_EDGE('',*,*,#2088,.F.);
#3131=ORIENTED_EDGE('',*,*,#2323,.T.);
#3132=ORIENTED_EDGE('',*,*,#2324,.F.);
#3133=ORIENTED_EDGE('',*,*,#2325,.F.);
#3134=ORIENTED_EDGE('',*,*,#2089,.F.);
#3135=ORIENTED_EDGE('',*,*,#2325,.T.);
#3136=ORIENTED_EDGE('',*,*,#2326,.F.);
#3137=ORIENTED_EDGE('',*,*,#2327,.F.);
#3138=ORIENTED_EDGE('',*,*,#2090,.F.);
#3139=ORIENTED_EDGE('',*,*,#2327,.T.);
#3140=ORIENTED_EDGE('',*,*,#2328,.F.);
#3141=ORIENTED_EDGE('',*,*,#2329,.F.);
#3142=ORIENTED_EDGE('',*,*,#2091,.F.);
#3143=ORIENTED_EDGE('',*,*,#2329,.T.);
#3144=ORIENTED_EDGE('',*,*,#2330,.F.);
#3145=ORIENTED_EDGE('',*,*,#2331,.F.);
#3146=ORIENTED_EDGE('',*,*,#2092,.F.);
#3147=ORIENTED_EDGE('',*,*,#2331,.T.);
#3148=ORIENTED_EDGE('',*,*,#2332,.F.);
#3149=ORIENTED_EDGE('',*,*,#2333,.F.);
#3150=ORIENTED_EDGE('',*,*,#2093,.F.);
#3151=ORIENTED_EDGE('',*,*,#2333,.T.);
#3152=ORIENTED_EDGE('',*,*,#2334,.F.);
#3153=ORIENTED_EDGE('',*,*,#2335,.F.);
#3154=ORIENTED_EDGE('',*,*,#2094,.F.);
#3155=ORIENTED_EDGE('',*,*,#2335,.T.);
#3156=ORIENTED_EDGE('',*,*,#2336,.F.);
#3157=ORIENTED_EDGE('',*,*,#2337,.F.);
#3158=ORIENTED_EDGE('',*,*,#2095,.F.);
#3159=ORIENTED_EDGE('',*,*,#2337,.T.);
#3160=ORIENTED_EDGE('',*,*,#2338,.F.);
#3161=ORIENTED_EDGE('',*,*,#2339,.F.);
#3162=ORIENTED_EDGE('',*,*,#2096,.F.);
#3163=ORIENTED_EDGE('',*,*,#2339,.T.);
#3164=ORIENTED_EDGE('',*,*,#2340,.F.);
#3165=ORIENTED_EDGE('',*,*,#2341,.F.);
#3166=ORIENTED_EDGE('',*,*,#2097,.F.);
#3167=ORIENTED_EDGE('',*,*,#2341,.T.);
#3168=ORIENTED_EDGE('',*,*,#2342,.F.);
#3169=ORIENTED_EDGE('',*,*,#2287,.F.);
#3170=ORIENTED_EDGE('',*,*,#2343,.T.);
#3171=ORIENTED_EDGE('',*,*,#2273,.T.);
#3172=ORIENTED_EDGE('',*,*,#2277,.T.);
#3173=ORIENTED_EDGE('',*,*,#2344,.T.);
#3174=ORIENTED_EDGE('',*,*,#2279,.T.);
#3175=ORIENTED_EDGE('',*,*,#2282,.T.);
#3176=ORIENTED_EDGE('',*,*,#2284,.T.);
#3177=ORIENTED_EDGE('',*,*,#2286,.T.);
#3178=ORIENTED_EDGE('',*,*,#2288,.T.);
#3179=ORIENTED_EDGE('',*,*,#2342,.T.);
#3180=ORIENTED_EDGE('',*,*,#2340,.T.);
#3181=ORIENTED_EDGE('',*,*,#2338,.T.);
#3182=ORIENTED_EDGE('',*,*,#2336,.T.);
#3183=ORIENTED_EDGE('',*,*,#2334,.T.);
#3184=ORIENTED_EDGE('',*,*,#2332,.T.);
#3185=ORIENTED_EDGE('',*,*,#2330,.T.);
#3186=ORIENTED_EDGE('',*,*,#2328,.T.);
#3187=ORIENTED_EDGE('',*,*,#2326,.T.);
#3188=ORIENTED_EDGE('',*,*,#2324,.T.);
#3189=ORIENTED_EDGE('',*,*,#2322,.T.);
#3190=ORIENTED_EDGE('',*,*,#2270,.T.);
#3191=ORIENTED_EDGE('',*,*,#2320,.T.);
#3192=ORIENTED_EDGE('',*,*,#2317,.T.);
#3193=ORIENTED_EDGE('',*,*,#2314,.T.);
#3194=ORIENTED_EDGE('',*,*,#2311,.T.);
#3195=ORIENTED_EDGE('',*,*,#2308,.T.);
#3196=ORIENTED_EDGE('',*,*,#2305,.T.);
#3197=ORIENTED_EDGE('',*,*,#2302,.T.);
#3198=ORIENTED_EDGE('',*,*,#2299,.T.);
#3199=ORIENTED_EDGE('',*,*,#2296,.T.);
#3200=ORIENTED_EDGE('',*,*,#2293,.T.);
#3201=ORIENTED_EDGE('',*,*,#2290,.T.);
#3202=ORIENTED_EDGE('',*,*,#2239,.T.);
#3203=ORIENTED_EDGE('',*,*,#2243,.T.);
#3204=ORIENTED_EDGE('',*,*,#2246,.T.);
#3205=ORIENTED_EDGE('',*,*,#2249,.T.);
#3206=ORIENTED_EDGE('',*,*,#2252,.T.);
#3207=ORIENTED_EDGE('',*,*,#2255,.T.);
#3208=ORIENTED_EDGE('',*,*,#2258,.T.);
#3209=ORIENTED_EDGE('',*,*,#2261,.T.);
#3210=ORIENTED_EDGE('',*,*,#2264,.T.);
#3211=ORIENTED_EDGE('',*,*,#2267,.T.);
#3212=ORIENTED_EDGE('',*,*,#2265,.T.);
#3213=ORIENTED_EDGE('',*,*,#2262,.T.);
#3214=ORIENTED_EDGE('',*,*,#2259,.T.);
#3215=ORIENTED_EDGE('',*,*,#2256,.T.);
#3216=ORIENTED_EDGE('',*,*,#2253,.T.);
#3217=ORIENTED_EDGE('',*,*,#2250,.T.);
#3218=ORIENTED_EDGE('',*,*,#2247,.T.);
#3219=ORIENTED_EDGE('',*,*,#2244,.T.);
#3220=ORIENTED_EDGE('',*,*,#2241,.T.);
#3221=ORIENTED_EDGE('',*,*,#2237,.T.);
#3222=ORIENTED_EDGE('',*,*,#2289,.T.);
#3223=ORIENTED_EDGE('',*,*,#2292,.T.);
#3224=ORIENTED_EDGE('',*,*,#2295,.T.);
#3225=ORIENTED_EDGE('',*,*,#2298,.T.);
#3226=ORIENTED_EDGE('',*,*,#2301,.T.);
#3227=ORIENTED_EDGE('',*,*,#2304,.T.);
#3228=ORIENTED_EDGE('',*,*,#2307,.T.);
#3229=ORIENTED_EDGE('',*,*,#2310,.T.);
#3230=ORIENTED_EDGE('',*,*,#2313,.T.);
#3231=ORIENTED_EDGE('',*,*,#2316,.T.);
#3232=ORIENTED_EDGE('',*,*,#2319,.T.);
#3233=ORIENTED_EDGE('',*,*,#2268,.T.);
#3234=ORIENTED_EDGE('',*,*,#2128,.T.);
#3235=ORIENTED_EDGE('',*,*,#2073,.T.);
#3236=ORIENTED_EDGE('',*,*,#2345,.T.);
#3237=ORIENTED_EDGE('',*,*,#2117,.T.);
#3238=ORIENTED_EDGE('',*,*,#1979,.T.);
#3239=ORIENTED_EDGE('',*,*,#2108,.T.);
#3240=ORIENTED_EDGE('',*,*,#1962,.F.);
#3241=ORIENTED_EDGE('',*,*,#2346,.F.);
#3242=ORIENTED_EDGE('',*,*,#2347,.F.);
#3243=ORIENTED_EDGE('',*,*,#2348,.F.);
#3244=ORIENTED_EDGE('',*,*,#2104,.F.);
#3245=ORIENTED_EDGE('',*,*,#2349,.T.);
#3246=ORIENTED_EDGE('',*,*,#2118,.F.);
#3247=ORIENTED_EDGE('',*,*,#2345,.F.);
#3248=ORIENTED_EDGE('',*,*,#2072,.T.);
#3249=ORIENTED_EDGE('',*,*,#1986,.F.);
#3250=ORIENTED_EDGE('',*,*,#1968,.F.);
#3251=ORIENTED_EDGE('',*,*,#1973,.F.);
#3252=ORIENTED_EDGE('',*,*,#1976,.F.);
#3253=ORIENTED_EDGE('',*,*,#1965,.T.);
#3254=ORIENTED_EDGE('',*,*,#1970,.T.);
#3255=ORIENTED_EDGE('',*,*,#1985,.F.);
#3256=ORIENTED_EDGE('',*,*,#2350,.F.);
#3257=ORIENTED_EDGE('',*,*,#2346,.T.);
#3258=ORIENTED_EDGE('',*,*,#1961,.F.);
#3259=ORIENTED_EDGE('',*,*,#2020,.T.);
#3260=ORIENTED_EDGE('',*,*,#2351,.F.);
#3261=ORIENTED_EDGE('',*,*,#2085,.F.);
#3262=ORIENTED_EDGE('',*,*,#2352,.F.);
#3263=ORIENTED_EDGE('',*,*,#2027,.F.);
#3264=ORIENTED_EDGE('',*,*,#2110,.F.);
#3265=ORIENTED_EDGE('',*,*,#2075,.T.);
#3266=ORIENTED_EDGE('',*,*,#2107,.T.);
#3267=ORIENTED_EDGE('',*,*,#2271,.T.);
#3268=ORIENTED_EDGE('',*,*,#2353,.T.);
#3269=ORIENTED_EDGE('',*,*,#2275,.T.);
#3270=ORIENTED_EDGE('',*,*,#2352,.T.);
#3271=ORIENTED_EDGE('',*,*,#2084,.T.);
#3272=ORIENTED_EDGE('',*,*,#2354,.F.);
#3273=ORIENTED_EDGE('',*,*,#2355,.F.);
#3274=ORIENTED_EDGE('',*,*,#2012,.T.);
#3275=ORIENTED_EDGE('',*,*,#2028,.F.);
#3276=ORIENTED_EDGE('',*,*,#2115,.T.);
#3277=ORIENTED_EDGE('',*,*,#2197,.T.);
#3278=ORIENTED_EDGE('',*,*,#2179,.T.);
#3279=ORIENTED_EDGE('',*,*,#2123,.T.);
#3280=ORIENTED_EDGE('',*,*,#2183,.T.);
#3281=ORIENTED_EDGE('',*,*,#2208,.T.);
#3282=ORIENTED_EDGE('',*,*,#2186,.T.);
#3283=ORIENTED_EDGE('',*,*,#2119,.T.);
#3284=ORIENTED_EDGE('',*,*,#2349,.F.);
#3285=ORIENTED_EDGE('',*,*,#2103,.F.);
#3286=ORIENTED_EDGE('',*,*,#2280,.T.);
#3287=ORIENTED_EDGE('',*,*,#2344,.F.);
#3288=ORIENTED_EDGE('',*,*,#2276,.F.);
#3289=ORIENTED_EDGE('',*,*,#2353,.F.);
#3290=ORIENTED_EDGE('',*,*,#2274,.T.);
#3291=ORIENTED_EDGE('',*,*,#2343,.F.);
#3292=ORIENTED_EDGE('',*,*,#2321,.F.);
#3293=ORIENTED_EDGE('',*,*,#2106,.F.);
#3294=ORIENTED_EDGE('',*,*,#1981,.T.);
#3295=ORIENTED_EDGE('',*,*,#2116,.T.);
#3296=ORIENTED_EDGE('',*,*,#2356,.F.);
#3297=ORIENTED_EDGE('',*,*,#2347,.T.);
#3298=ORIENTED_EDGE('',*,*,#2350,.T.);
#3299=ORIENTED_EDGE('',*,*,#1984,.T.);
#3300=ORIENTED_EDGE('',*,*,#2356,.T.);
#3301=ORIENTED_EDGE('',*,*,#1983,.F.);
#3302=ORIENTED_EDGE('',*,*,#2105,.F.);
#3303=ORIENTED_EDGE('',*,*,#2348,.T.);
#3304=ORIENTED_EDGE('',*,*,#2013,.T.);
#3305=ORIENTED_EDGE('',*,*,#2355,.T.);
#3306=ORIENTED_EDGE('',*,*,#2354,.T.);
#3307=ORIENTED_EDGE('',*,*,#2083,.T.);
#3308=ORIENTED_EDGE('',*,*,#2019,.T.);
#3309=ORIENTED_EDGE('',*,*,#2082,.T.);
#3310=ORIENTED_EDGE('',*,*,#2086,.T.);
#3311=ORIENTED_EDGE('',*,*,#2351,.T.);
#3312=ORIENTED_EDGE('',*,*,#2357,.T.);
#3313=ORIENTED_EDGE('',*,*,#2358,.T.);
#3314=ORIENTED_EDGE('',*,*,#2359,.F.);
#3315=ORIENTED_EDGE('',*,*,#2358,.F.);
#3316=ORIENTED_EDGE('',*,*,#2357,.F.);
#3317=ORIENTED_EDGE('',*,*,#2360,.F.);
#3318=ORIENTED_EDGE('',*,*,#2361,.T.);
#3319=ORIENTED_EDGE('',*,*,#2362,.F.);
#3320=ORIENTED_EDGE('',*,*,#2363,.F.);
#3321=ORIENTED_EDGE('',*,*,#2364,.F.);
#3322=ORIENTED_EDGE('',*,*,#2363,.T.);
#3323=ORIENTED_EDGE('',*,*,#2365,.F.);
#3324=ORIENTED_EDGE('',*,*,#2366,.F.);
#3325=ORIENTED_EDGE('',*,*,#2359,.T.);
#3326=ORIENTED_EDGE('',*,*,#2367,.F.);
#3327=ORIENTED_EDGE('',*,*,#2366,.T.);
#3328=ORIENTED_EDGE('',*,*,#2368,.F.);
#3329=ORIENTED_EDGE('',*,*,#2369,.F.);
#3330=ORIENTED_EDGE('',*,*,#2370,.F.);
#3331=ORIENTED_EDGE('',*,*,#2369,.T.);
#3332=ORIENTED_EDGE('',*,*,#2371,.F.);
#3333=ORIENTED_EDGE('',*,*,#2361,.F.);
#3334=ORIENTED_EDGE('',*,*,#2371,.T.);
#3335=ORIENTED_EDGE('',*,*,#2368,.T.);
#3336=ORIENTED_EDGE('',*,*,#2365,.T.);
#3337=ORIENTED_EDGE('',*,*,#2362,.T.);
#3338=ORIENTED_EDGE('',*,*,#2370,.T.);
#3339=ORIENTED_EDGE('',*,*,#2360,.T.);
#3340=ORIENTED_EDGE('',*,*,#2364,.T.);
#3341=ORIENTED_EDGE('',*,*,#2367,.T.);
#3342=ORIENTED_EDGE('',*,*,#2372,.F.);
#3343=ORIENTED_EDGE('',*,*,#2372,.T.);
#3344=ORIENTED_EDGE('',*,*,#2373,.T.);
#3345=ORIENTED_EDGE('',*,*,#2374,.F.);
#3346=ORIENTED_EDGE('',*,*,#2373,.F.);
#3347=ORIENTED_EDGE('',*,*,#2375,.T.);
#3348=ORIENTED_EDGE('',*,*,#2376,.T.);
#3349=ORIENTED_EDGE('',*,*,#2377,.F.);
#3350=ORIENTED_EDGE('',*,*,#2378,.F.);
#3351=ORIENTED_EDGE('',*,*,#2379,.T.);
#3352=ORIENTED_EDGE('',*,*,#2378,.T.);
#3353=ORIENTED_EDGE('',*,*,#2380,.F.);
#3354=ORIENTED_EDGE('',*,*,#2381,.F.);
#3355=ORIENTED_EDGE('',*,*,#2382,.T.);
#3356=ORIENTED_EDGE('',*,*,#2381,.T.);
#3357=ORIENTED_EDGE('',*,*,#2383,.F.);
#3358=ORIENTED_EDGE('',*,*,#2384,.F.);
#3359=ORIENTED_EDGE('',*,*,#2374,.T.);
#3360=ORIENTED_EDGE('',*,*,#2385,.T.);
#3361=ORIENTED_EDGE('',*,*,#2384,.T.);
#3362=ORIENTED_EDGE('',*,*,#2386,.F.);
#3363=ORIENTED_EDGE('',*,*,#2376,.F.);
#3364=ORIENTED_EDGE('',*,*,#2386,.T.);
#3365=ORIENTED_EDGE('',*,*,#2383,.T.);
#3366=ORIENTED_EDGE('',*,*,#2380,.T.);
#3367=ORIENTED_EDGE('',*,*,#2377,.T.);
#3368=ORIENTED_EDGE('',*,*,#2385,.F.);
#3369=ORIENTED_EDGE('',*,*,#2375,.F.);
#3370=ORIENTED_EDGE('',*,*,#2379,.F.);
#3371=ORIENTED_EDGE('',*,*,#2382,.F.);
#3372=ORIENTED_EDGE('',*,*,#2387,.F.);
#3373=ORIENTED_EDGE('',*,*,#2388,.T.);
#3374=ORIENTED_EDGE('',*,*,#2389,.T.);
#3375=ORIENTED_EDGE('',*,*,#2388,.F.);
#3376=ORIENTED_EDGE('',*,*,#2389,.F.);
#3377=ORIENTED_EDGE('',*,*,#2390,.T.);
#3378=ORIENTED_EDGE('',*,*,#2391,.T.);
#3379=ORIENTED_EDGE('',*,*,#2392,.F.);
#3380=ORIENTED_EDGE('',*,*,#2393,.F.);
#3381=ORIENTED_EDGE('',*,*,#2394,.T.);
#3382=ORIENTED_EDGE('',*,*,#2393,.T.);
#3383=ORIENTED_EDGE('',*,*,#2395,.F.);
#3384=ORIENTED_EDGE('',*,*,#2396,.F.);
#3385=ORIENTED_EDGE('',*,*,#2397,.T.);
#3386=ORIENTED_EDGE('',*,*,#2396,.T.);
#3387=ORIENTED_EDGE('',*,*,#2398,.F.);
#3388=ORIENTED_EDGE('',*,*,#2399,.F.);
#3389=ORIENTED_EDGE('',*,*,#2387,.T.);
#3390=ORIENTED_EDGE('',*,*,#2400,.T.);
#3391=ORIENTED_EDGE('',*,*,#2399,.T.);
#3392=ORIENTED_EDGE('',*,*,#2401,.F.);
#3393=ORIENTED_EDGE('',*,*,#2391,.F.);
#3394=ORIENTED_EDGE('',*,*,#2401,.T.);
#3395=ORIENTED_EDGE('',*,*,#2398,.T.);
#3396=ORIENTED_EDGE('',*,*,#2395,.T.);
#3397=ORIENTED_EDGE('',*,*,#2392,.T.);
#3398=ORIENTED_EDGE('',*,*,#2400,.F.);
#3399=ORIENTED_EDGE('',*,*,#2390,.F.);
#3400=ORIENTED_EDGE('',*,*,#2394,.F.);
#3401=ORIENTED_EDGE('',*,*,#2397,.F.);
#3402=ORIENTED_EDGE('',*,*,#2402,.F.);
#3403=ORIENTED_EDGE('',*,*,#2403,.T.);
#3404=ORIENTED_EDGE('',*,*,#2404,.T.);
#3405=ORIENTED_EDGE('',*,*,#2403,.F.);
#3406=ORIENTED_EDGE('',*,*,#2404,.F.);
#3407=ORIENTED_EDGE('',*,*,#2405,.T.);
#3408=ORIENTED_EDGE('',*,*,#2406,.T.);
#3409=ORIENTED_EDGE('',*,*,#2407,.F.);
#3410=ORIENTED_EDGE('',*,*,#2408,.F.);
#3411=ORIENTED_EDGE('',*,*,#2409,.T.);
#3412=ORIENTED_EDGE('',*,*,#2408,.T.);
#3413=ORIENTED_EDGE('',*,*,#2410,.F.);
#3414=ORIENTED_EDGE('',*,*,#2411,.F.);
#3415=ORIENTED_EDGE('',*,*,#2412,.T.);
#3416=ORIENTED_EDGE('',*,*,#2411,.T.);
#3417=ORIENTED_EDGE('',*,*,#2413,.F.);
#3418=ORIENTED_EDGE('',*,*,#2414,.F.);
#3419=ORIENTED_EDGE('',*,*,#2402,.T.);
#3420=ORIENTED_EDGE('',*,*,#2415,.T.);
#3421=ORIENTED_EDGE('',*,*,#2414,.T.);
#3422=ORIENTED_EDGE('',*,*,#2416,.F.);
#3423=ORIENTED_EDGE('',*,*,#2406,.F.);
#3424=ORIENTED_EDGE('',*,*,#2416,.T.);
#3425=ORIENTED_EDGE('',*,*,#2413,.T.);
#3426=ORIENTED_EDGE('',*,*,#2410,.T.);
#3427=ORIENTED_EDGE('',*,*,#2407,.T.);
#3428=ORIENTED_EDGE('',*,*,#2415,.F.);
#3429=ORIENTED_EDGE('',*,*,#2405,.F.);
#3430=ORIENTED_EDGE('',*,*,#2409,.F.);
#3431=ORIENTED_EDGE('',*,*,#2412,.F.);
#3432=ORIENTED_EDGE('',*,*,#2417,.F.);
#3433=ORIENTED_EDGE('',*,*,#2418,.T.);
#3434=ORIENTED_EDGE('',*,*,#2419,.T.);
#3435=ORIENTED_EDGE('',*,*,#2418,.F.);
#3436=ORIENTED_EDGE('',*,*,#2419,.F.);
#3437=ORIENTED_EDGE('',*,*,#2420,.F.);
#3438=ORIENTED_EDGE('',*,*,#2421,.T.);
#3439=ORIENTED_EDGE('',*,*,#2422,.F.);
#3440=ORIENTED_EDGE('',*,*,#2423,.F.);
#3441=ORIENTED_EDGE('',*,*,#2424,.F.);
#3442=ORIENTED_EDGE('',*,*,#2423,.T.);
#3443=ORIENTED_EDGE('',*,*,#2425,.F.);
#3444=ORIENTED_EDGE('',*,*,#2426,.F.);
#3445=ORIENTED_EDGE('',*,*,#2417,.T.);
#3446=ORIENTED_EDGE('',*,*,#2427,.F.);
#3447=ORIENTED_EDGE('',*,*,#2426,.T.);
#3448=ORIENTED_EDGE('',*,*,#2428,.F.);
#3449=ORIENTED_EDGE('',*,*,#2429,.F.);
#3450=ORIENTED_EDGE('',*,*,#2430,.F.);
#3451=ORIENTED_EDGE('',*,*,#2429,.T.);
#3452=ORIENTED_EDGE('',*,*,#2431,.F.);
#3453=ORIENTED_EDGE('',*,*,#2421,.F.);
#3454=ORIENTED_EDGE('',*,*,#2431,.T.);
#3455=ORIENTED_EDGE('',*,*,#2428,.T.);
#3456=ORIENTED_EDGE('',*,*,#2425,.T.);
#3457=ORIENTED_EDGE('',*,*,#2422,.T.);
#3458=ORIENTED_EDGE('',*,*,#2430,.T.);
#3459=ORIENTED_EDGE('',*,*,#2420,.T.);
#3460=ORIENTED_EDGE('',*,*,#2424,.T.);
#3461=ORIENTED_EDGE('',*,*,#2427,.T.);
#3462=ORIENTED_EDGE('',*,*,#2432,.F.);
#3463=ORIENTED_EDGE('',*,*,#2432,.T.);
#3464=ORIENTED_EDGE('',*,*,#2433,.T.);
#3465=ORIENTED_EDGE('',*,*,#2434,.F.);
#3466=ORIENTED_EDGE('',*,*,#2433,.F.);
#3467=ORIENTED_EDGE('',*,*,#2435,.F.);
#3468=ORIENTED_EDGE('',*,*,#2436,.T.);
#3469=ORIENTED_EDGE('',*,*,#2437,.F.);
#3470=ORIENTED_EDGE('',*,*,#2438,.F.);
#3471=ORIENTED_EDGE('',*,*,#2439,.F.);
#3472=ORIENTED_EDGE('',*,*,#2438,.T.);
#3473=ORIENTED_EDGE('',*,*,#2440,.F.);
#3474=ORIENTED_EDGE('',*,*,#2441,.F.);
#3475=ORIENTED_EDGE('',*,*,#2434,.T.);
#3476=ORIENTED_EDGE('',*,*,#2442,.F.);
#3477=ORIENTED_EDGE('',*,*,#2441,.T.);
#3478=ORIENTED_EDGE('',*,*,#2443,.F.);
#3479=ORIENTED_EDGE('',*,*,#2444,.F.);
#3480=ORIENTED_EDGE('',*,*,#2445,.F.);
#3481=ORIENTED_EDGE('',*,*,#2444,.T.);
#3482=ORIENTED_EDGE('',*,*,#2446,.F.);
#3483=ORIENTED_EDGE('',*,*,#2436,.F.);
#3484=ORIENTED_EDGE('',*,*,#2446,.T.);
#3485=ORIENTED_EDGE('',*,*,#2443,.T.);
#3486=ORIENTED_EDGE('',*,*,#2440,.T.);
#3487=ORIENTED_EDGE('',*,*,#2437,.T.);
#3488=ORIENTED_EDGE('',*,*,#2445,.T.);
#3489=ORIENTED_EDGE('',*,*,#2435,.T.);
#3490=ORIENTED_EDGE('',*,*,#2439,.T.);
#3491=ORIENTED_EDGE('',*,*,#2442,.T.);
#3492=ORIENTED_EDGE('',*,*,#2447,.F.);
#3493=ORIENTED_EDGE('',*,*,#2448,.T.);
#3494=ORIENTED_EDGE('',*,*,#2449,.T.);
#3495=ORIENTED_EDGE('',*,*,#2448,.F.);
#3496=ORIENTED_EDGE('',*,*,#2449,.F.);
#3497=ORIENTED_EDGE('',*,*,#2450,.F.);
#3498=ORIENTED_EDGE('',*,*,#2451,.T.);
#3499=ORIENTED_EDGE('',*,*,#2452,.T.);
#3500=ORIENTED_EDGE('',*,*,#2451,.F.);
#3501=ORIENTED_EDGE('',*,*,#2452,.F.);
#3502=ORIENTED_EDGE('',*,*,#2453,.F.);
#3503=ORIENTED_EDGE('',*,*,#2454,.T.);
#3504=ORIENTED_EDGE('',*,*,#2455,.T.);
#3505=ORIENTED_EDGE('',*,*,#2456,.F.);
#3506=ORIENTED_EDGE('',*,*,#2457,.F.);
#3507=ORIENTED_EDGE('',*,*,#2458,.F.);
#3508=ORIENTED_EDGE('',*,*,#2459,.F.);
#3509=ORIENTED_EDGE('',*,*,#2455,.F.);
#3510=ORIENTED_EDGE('',*,*,#2447,.T.);
#3511=ORIENTED_EDGE('',*,*,#2450,.T.);
#3512=ORIENTED_EDGE('',*,*,#2458,.T.);
#3513=ORIENTED_EDGE('',*,*,#2460,.T.);
#3514=ORIENTED_EDGE('',*,*,#2461,.T.);
#3515=ORIENTED_EDGE('',*,*,#2462,.F.);
#3516=ORIENTED_EDGE('',*,*,#2463,.F.);
#3517=ORIENTED_EDGE('',*,*,#2456,.T.);
#3518=ORIENTED_EDGE('',*,*,#2459,.T.);
#3519=ORIENTED_EDGE('',*,*,#2462,.T.);
#3520=ORIENTED_EDGE('',*,*,#2464,.T.);
#3521=ORIENTED_EDGE('',*,*,#2465,.F.);
#3522=ORIENTED_EDGE('',*,*,#2466,.F.);
#3523=ORIENTED_EDGE('',*,*,#2464,.F.);
#3524=ORIENTED_EDGE('',*,*,#2461,.F.);
#3525=ORIENTED_EDGE('',*,*,#2467,.F.);
#3526=ORIENTED_EDGE('',*,*,#2468,.F.);
#3527=ORIENTED_EDGE('',*,*,#2469,.F.);
#3528=ORIENTED_EDGE('',*,*,#2467,.T.);
#3529=ORIENTED_EDGE('',*,*,#2460,.F.);
#3530=ORIENTED_EDGE('',*,*,#2457,.T.);
#3531=ORIENTED_EDGE('',*,*,#2454,.F.);
#3532=ORIENTED_EDGE('',*,*,#2465,.T.);
#3533=ORIENTED_EDGE('',*,*,#2466,.T.);
#3534=ORIENTED_EDGE('',*,*,#2469,.T.);
#3535=ORIENTED_EDGE('',*,*,#2470,.F.);
#3536=ORIENTED_EDGE('',*,*,#2471,.T.);
#3537=ORIENTED_EDGE('',*,*,#2472,.T.);
#3538=ORIENTED_EDGE('',*,*,#2473,.F.);
#3539=ORIENTED_EDGE('',*,*,#2474,.F.);
#3540=ORIENTED_EDGE('',*,*,#2475,.F.);
#3541=ORIENTED_EDGE('',*,*,#2471,.F.);
#3542=ORIENTED_EDGE('',*,*,#2476,.F.);
#3543=ORIENTED_EDGE('',*,*,#2475,.T.);
#3544=ORIENTED_EDGE('',*,*,#2477,.T.);
#3545=ORIENTED_EDGE('',*,*,#2478,.F.);
#3546=ORIENTED_EDGE('',*,*,#2472,.F.);
#3547=ORIENTED_EDGE('',*,*,#2463,.T.);
#3548=ORIENTED_EDGE('',*,*,#2474,.T.);
#3549=ORIENTED_EDGE('',*,*,#2479,.F.);
#3550=ORIENTED_EDGE('',*,*,#2477,.F.);
#3551=ORIENTED_EDGE('',*,*,#2476,.T.);
#3552=ORIENTED_EDGE('',*,*,#2470,.T.);
#3553=ORIENTED_EDGE('',*,*,#2468,.T.);
#3554=ORIENTED_EDGE('',*,*,#2453,.T.);
#3555=ORIENTED_EDGE('',*,*,#2478,.T.);
#3556=ORIENTED_EDGE('',*,*,#2479,.T.);
#3557=ORIENTED_EDGE('',*,*,#2473,.T.);
#3558=ORIENTED_EDGE('',*,*,#2480,.F.);
#3559=ORIENTED_EDGE('',*,*,#2481,.F.);
#3560=ORIENTED_EDGE('',*,*,#2482,.F.);
#3561=ORIENTED_EDGE('',*,*,#2483,.T.);
#3562=ORIENTED_EDGE('',*,*,#2484,.F.);
#3563=ORIENTED_EDGE('',*,*,#2483,.F.);
#3564=ORIENTED_EDGE('',*,*,#2485,.F.);
#3565=ORIENTED_EDGE('',*,*,#2486,.F.);
#3566=ORIENTED_EDGE('',*,*,#2487,.F.);
#3567=ORIENTED_EDGE('',*,*,#2488,.F.);
#3568=ORIENTED_EDGE('',*,*,#2489,.F.);
#3569=ORIENTED_EDGE('',*,*,#2481,.T.);
#3570=ORIENTED_EDGE('',*,*,#2487,.T.);
#3571=ORIENTED_EDGE('',*,*,#2480,.T.);
#3572=ORIENTED_EDGE('',*,*,#2484,.T.);
#3573=ORIENTED_EDGE('',*,*,#2490,.T.);
#3574=ORIENTED_EDGE('',*,*,#2491,.T.);
#3575=ORIENTED_EDGE('',*,*,#2492,.T.);
#3576=ORIENTED_EDGE('',*,*,#2493,.F.);
#3577=ORIENTED_EDGE('',*,*,#2494,.F.);
#3578=ORIENTED_EDGE('',*,*,#2495,.T.);
#3579=ORIENTED_EDGE('',*,*,#2496,.T.);
#3580=ORIENTED_EDGE('',*,*,#2486,.T.);
#3581=ORIENTED_EDGE('',*,*,#2497,.F.);
#3582=ORIENTED_EDGE('',*,*,#2498,.F.);
#3583=ORIENTED_EDGE('',*,*,#2490,.F.);
#3584=ORIENTED_EDGE('',*,*,#2499,.F.);
#3585=ORIENTED_EDGE('',*,*,#2500,.T.);
#3586=ORIENTED_EDGE('',*,*,#2501,.T.);
#3587=ORIENTED_EDGE('',*,*,#2500,.F.);
#3588=ORIENTED_EDGE('',*,*,#2501,.F.);
#3589=ORIENTED_EDGE('',*,*,#2502,.F.);
#3590=ORIENTED_EDGE('',*,*,#2503,.T.);
#3591=ORIENTED_EDGE('',*,*,#2504,.T.);
#3592=ORIENTED_EDGE('',*,*,#2503,.F.);
#3593=ORIENTED_EDGE('',*,*,#2504,.F.);
#3594=ORIENTED_EDGE('',*,*,#2495,.F.);
#3595=ORIENTED_EDGE('',*,*,#2505,.T.);
#3596=ORIENTED_EDGE('',*,*,#2506,.F.);
#3597=ORIENTED_EDGE('',*,*,#2507,.F.);
#3598=ORIENTED_EDGE('',*,*,#2488,.T.);
#3599=ORIENTED_EDGE('',*,*,#2496,.F.);
#3600=ORIENTED_EDGE('',*,*,#2507,.T.);
#3601=ORIENTED_EDGE('',*,*,#2508,.F.);
#3602=ORIENTED_EDGE('',*,*,#2491,.F.);
#3603=ORIENTED_EDGE('',*,*,#2498,.T.);
#3604=ORIENTED_EDGE('',*,*,#2509,.F.);
#3605=ORIENTED_EDGE('',*,*,#2510,.F.);
#3606=ORIENTED_EDGE('',*,*,#2492,.F.);
#3607=ORIENTED_EDGE('',*,*,#2510,.T.);
#3608=ORIENTED_EDGE('',*,*,#2511,.F.);
#3609=ORIENTED_EDGE('',*,*,#2512,.F.);
#3610=ORIENTED_EDGE('',*,*,#2493,.T.);
#3611=ORIENTED_EDGE('',*,*,#2512,.T.);
#3612=ORIENTED_EDGE('',*,*,#2513,.F.);
#3613=ORIENTED_EDGE('',*,*,#2514,.F.);
#3614=ORIENTED_EDGE('',*,*,#2494,.T.);
#3615=ORIENTED_EDGE('',*,*,#2514,.T.);
#3616=ORIENTED_EDGE('',*,*,#2515,.F.);
#3617=ORIENTED_EDGE('',*,*,#2505,.F.);
#3618=ORIENTED_EDGE('',*,*,#2489,.T.);
#3619=ORIENTED_EDGE('',*,*,#2508,.T.);
#3620=ORIENTED_EDGE('',*,*,#2506,.T.);
#3621=ORIENTED_EDGE('',*,*,#2515,.T.);
#3622=ORIENTED_EDGE('',*,*,#2513,.T.);
#3623=ORIENTED_EDGE('',*,*,#2511,.T.);
#3624=ORIENTED_EDGE('',*,*,#2509,.T.);
#3625=ORIENTED_EDGE('',*,*,#2497,.T.);
#3626=ORIENTED_EDGE('',*,*,#2485,.T.);
#3627=ORIENTED_EDGE('',*,*,#2482,.T.);
#3628=ORIENTED_EDGE('',*,*,#2499,.T.);
#3629=ORIENTED_EDGE('',*,*,#2502,.T.);
#3630=PLANE('',#4051);
#3631=PLANE('',#4052);
#3632=PLANE('',#4053);
#3633=PLANE('',#4054);
#3634=PLANE('',#4055);
#3635=PLANE('',#4056);
#3636=PLANE('',#4057);
#3637=PLANE('',#4058);
#3638=PLANE('',#4059);
#3639=PLANE('',#4060);
#3640=PLANE('',#4061);
#3641=PLANE('',#4062);
#3642=PLANE('',#4063);
#3643=PLANE('',#4064);
#3644=PLANE('',#4065);
#3645=PLANE('',#4066);
#3646=PLANE('',#4074);
#3647=PLANE('',#4076);
#3648=PLANE('',#4080);
#3649=PLANE('',#4084);
#3650=PLANE('',#4088);
#3651=PLANE('',#4091);
#3652=PLANE('',#4092);
#3653=PLANE('',#4093);
#3654=PLANE('',#4094);
#3655=PLANE('',#4103);
#3656=PLANE('',#4104);
#3657=PLANE('',#4105);
#3658=PLANE('',#4109);
#3659=PLANE('',#4111);
#3660=PLANE('',#4112);
#3661=PLANE('',#4113);
#3662=PLANE('',#4117);
#3663=PLANE('',#4118);
#3664=PLANE('',#4119);
#3665=PLANE('',#4120);
#3666=PLANE('',#4121);
#3667=PLANE('',#4122);
#3668=PLANE('',#4123);
#3669=PLANE('',#4124);
#3670=PLANE('',#4125);
#3671=PLANE('',#4126);
#3672=PLANE('',#4127);
#3673=PLANE('',#4128);
#3674=PLANE('',#4129);
#3675=PLANE('',#4130);
#3676=PLANE('',#4131);
#3677=PLANE('',#4132);
#3678=PLANE('',#4133);
#3679=PLANE('',#4136);
#3680=PLANE('',#4137);
#3681=PLANE('',#4140);
#3682=PLANE('',#4141);
#3683=PLANE('',#4145);
#3684=PLANE('',#4146);
#3685=PLANE('',#4147);
#3686=PLANE('',#4148);
#3687=PLANE('',#4149);
#3688=PLANE('',#4150);
#3689=PLANE('',#4151);
#3690=PLANE('',#4152);
#3691=PLANE('',#4153);
#3692=PLANE('',#4154);
#3693=PLANE('',#4155);
#3694=PLANE('',#4157);
#3695=PLANE('',#4158);
#3696=PLANE('',#4160);
#3697=PLANE('',#4161);
#3698=PLANE('',#4163);
#3699=PLANE('',#4164);
#3700=PLANE('',#4165);
#3701=PLANE('',#4166);
#3702=PLANE('',#4167);
#3703=PLANE('',#4168);
#3704=PLANE('',#4169);
#3705=PLANE('',#4170);
#3706=PLANE('',#4171);
#3707=PLANE('',#4172);
#3708=PLANE('',#4173);
#3709=PLANE('',#4174);
#3710=PLANE('',#4175);
#3711=PLANE('',#4176);
#3712=PLANE('',#4177);
#3713=PLANE('',#4180);
#3714=PLANE('',#4181);
#3715=PLANE('',#4184);
#3716=PLANE('',#4185);
#3717=PLANE('',#4186);
#3718=PLANE('',#4187);
#3719=PLANE('',#4188);
#3720=PLANE('',#4189);
#3721=PLANE('',#4190);
#3722=PLANE('',#4191);
#3723=PLANE('',#4192);
#3724=PLANE('',#4193);
#3725=PLANE('',#4194);
#3726=PLANE('',#4195);
#3727=PLANE('',#4198);
#3728=PLANE('',#4199);
#3729=PLANE('',#4202);
#3730=PLANE('',#4203);
#3731=PLANE('',#4206);
#3732=PLANE('',#4207);
#3733=PLANE('',#4210);
#3734=PLANE('',#4211);
#3735=PLANE('',#4212);
#3736=PLANE('',#4213);
#3737=PLANE('',#4214);
#3738=PLANE('',#4215);
#3739=PLANE('',#4216);
#3740=PLANE('',#4217);
#3741=PLANE('',#4218);
#3742=PLANE('',#4221);
#3743=PLANE('',#4222);
#3744=PLANE('',#4223);
#3745=PLANE('',#4225);
#3746=PLANE('',#4229);
#3747=PLANE('',#4230);
#3748=PLANE('',#4231);
#3749=PLANE('',#4232);
#3750=PLANE('',#4233);
#3751=PLANE('',#4234);
#3752=PLANE('',#4235);
#3753=PLANE('',#4236);
#3754=PLANE('',#4240);
#3755=PLANE('',#4241);
#3756=PLANE('',#4242);
#3757=PLANE('',#4243);
#3758=PLANE('',#4244);
#3759=PLANE('',#4245);
#3760=PLANE('',#4249);
#3761=PLANE('',#4250);
#3762=PLANE('',#4251);
#3763=PLANE('',#4252);
#3764=PLANE('',#4253);
#3765=PLANE('',#4254);
#3766=PLANE('',#4255);
#3767=PLANE('',#4259);
#3768=PLANE('',#4260);
#3769=PLANE('',#4261);
#3770=PLANE('',#4262);
#3771=PLANE('',#4263);
#3772=PLANE('',#4264);
#3773=PLANE('',#4265);
#3774=PLANE('',#4269);
#3775=PLANE('',#4270);
#3776=PLANE('',#4271);
#3777=PLANE('',#4272);
#3778=PLANE('',#4273);
#3779=PLANE('',#4274);
#3780=PLANE('',#4275);
#3781=PLANE('',#4276);
#3782=PLANE('',#4280);
#3783=PLANE('',#4281);
#3784=PLANE('',#4282);
#3785=PLANE('',#4283);
#3786=PLANE('',#4284);
#3787=PLANE('',#4285);
#3788=PLANE('',#4289);
#3789=PLANE('',#4293);
#3790=PLANE('',#4294);
#3791=PLANE('',#4295);
#3792=PLANE('',#4296);
#3793=PLANE('',#4297);
#3794=PLANE('',#4298);
#3795=PLANE('',#4299);
#3796=PLANE('',#4300);
#3797=PLANE('',#4301);
#3798=PLANE('',#4302);
#3799=PLANE('',#4303);
#3800=PLANE('',#4304);
#3801=PLANE('',#4305);
#3802=PLANE('',#4306);
#3803=PLANE('',#4307);
#3804=PLANE('',#4308);
#3805=PLANE('',#4309);
#3806=PLANE('',#4313);
#3807=PLANE('',#4317);
#3808=PLANE('',#4318);
#3809=PLANE('',#4319);
#3810=PLANE('',#4320);
#3811=PLANE('',#4321);
#3812=PLANE('',#4322);
#3813=PLANE('',#4323);
#3814=PLANE('',#4324);
#3815=ADVANCED_FACE('',(#142),#3630,.T.);
#3816=ADVANCED_FACE('',(#143),#3631,.F.);
#3817=ADVANCED_FACE('',(#144),#3632,.F.);
#3818=ADVANCED_FACE('',(#145),#3633,.F.);
#3819=ADVANCED_FACE('',(#146),#3634,.F.);
#3820=ADVANCED_FACE('',(#147),#3635,.F.);
#3821=ADVANCED_FACE('',(#148),#3636,.T.);
#3822=ADVANCED_FACE('',(#149),#3637,.T.);
#3823=ADVANCED_FACE('',(#150),#3638,.T.);
#3824=ADVANCED_FACE('',(#151),#3639,.F.);
#3825=ADVANCED_FACE('',(#152),#3640,.F.);
#3826=ADVANCED_FACE('',(#153),#3641,.T.);
#3827=ADVANCED_FACE('',(#154),#3642,.T.);
#3828=ADVANCED_FACE('',(#155),#3643,.T.);
#3829=ADVANCED_FACE('',(#156),#3644,.F.);
#3830=ADVANCED_FACE('',(#157,#60),#3645,.T.);
#3831=ADVANCED_FACE('',(#158,#61),#3646,.F.);
#3832=ADVANCED_FACE('',(#159),#3647,.F.);
#3833=ADVANCED_FACE('',(#160),#31,.T.);
#3834=ADVANCED_FACE('',(#161),#3648,.T.);
#3835=ADVANCED_FACE('',(#162),#32,.T.);
#3836=ADVANCED_FACE('',(#163),#3649,.T.);
#3837=ADVANCED_FACE('',(#164),#33,.T.);
#3838=ADVANCED_FACE('',(#165),#3650,.T.);
#3839=ADVANCED_FACE('',(#166),#34,.T.);
#3840=ADVANCED_FACE('',(#167),#3651,.F.);
#3841=ADVANCED_FACE('',(#168),#3652,.F.);
#3842=ADVANCED_FACE('',(#169),#3653,.T.);
#3843=ADVANCED_FACE('',(#170,#62),#3654,.T.);
#3844=ADVANCED_FACE('',(#171),#3655,.F.);
#3845=ADVANCED_FACE('',(#172),#3656,.T.);
#3846=ADVANCED_FACE('',(#173),#3657,.T.);
#3847=ADVANCED_FACE('',(#174),#35,.F.);
#3848=ADVANCED_FACE('',(#175),#3658,.T.);
#3849=ADVANCED_FACE('',(#176),#3659,.F.);
#3850=ADVANCED_FACE('',(#177),#3660,.F.);
#3851=ADVANCED_FACE('',(#178,#63,#64,#65,#66,#67),#3661,.T.);
#3852=ADVANCED_FACE('',(#179),#36,.F.);
#3853=ADVANCED_FACE('',(#180,#68),#3662,.T.);
#3854=ADVANCED_FACE('',(#181),#3663,.F.);
#3855=ADVANCED_FACE('',(#182),#3664,.F.);
#3856=ADVANCED_FACE('',(#183),#3665,.F.);
#3857=ADVANCED_FACE('',(#184),#3666,.F.);
#3858=ADVANCED_FACE('',(#185),#3667,.F.);
#3859=ADVANCED_FACE('',(#186),#3668,.F.);
#3860=ADVANCED_FACE('',(#187),#3669,.F.);
#3861=ADVANCED_FACE('',(#188),#3670,.F.);
#3862=ADVANCED_FACE('',(#189),#3671,.F.);
#3863=ADVANCED_FACE('',(#190),#3672,.F.);
#3864=ADVANCED_FACE('',(#191),#3673,.F.);
#3865=ADVANCED_FACE('',(#192),#3674,.F.);
#3866=ADVANCED_FACE('',(#193),#3675,.F.);
#3867=ADVANCED_FACE('',(#194),#3676,.F.);
#3868=ADVANCED_FACE('',(#195),#3677,.F.);
#3869=ADVANCED_FACE('',(#196),#3678,.F.);
#3870=ADVANCED_FACE('',(#197),#37,.F.);
#3871=ADVANCED_FACE('',(#198),#3679,.F.);
#3872=ADVANCED_FACE('',(#199),#3680,.F.);
#3873=ADVANCED_FACE('',(#200),#38,.F.);
#3874=ADVANCED_FACE('',(#201),#3681,.F.);
#3875=ADVANCED_FACE('',(#202,#69),#3682,.F.);
#3876=ADVANCED_FACE('',(#203),#3683,.F.);
#3877=ADVANCED_FACE('',(#204),#3684,.F.);
#3878=ADVANCED_FACE('',(#205),#3685,.F.);
#3879=ADVANCED_FACE('',(#206),#3686,.F.);
#3880=ADVANCED_FACE('',(#207),#3687,.F.);
#3881=ADVANCED_FACE('',(#208),#3688,.F.);
#3882=ADVANCED_FACE('',(#209),#3689,.F.);
#3883=ADVANCED_FACE('',(#210),#3690,.F.);
#3884=ADVANCED_FACE('',(#211),#3691,.F.);
#3885=ADVANCED_FACE('',(#212),#3692,.F.);
#3886=ADVANCED_FACE('',(#213),#3693,.F.);
#3887=ADVANCED_FACE('',(#214),#39,.F.);
#3888=ADVANCED_FACE('',(#215),#3694,.F.);
#3889=ADVANCED_FACE('',(#216),#3695,.F.);
#3890=ADVANCED_FACE('',(#217),#40,.F.);
#3891=ADVANCED_FACE('',(#218),#3696,.F.);
#3892=ADVANCED_FACE('',(#219),#3697,.F.);
#3893=ADVANCED_FACE('',(#220),#41,.F.);
#3894=ADVANCED_FACE('',(#221),#3698,.F.);
#3895=ADVANCED_FACE('',(#222),#3699,.F.);
#3896=ADVANCED_FACE('',(#223),#3700,.T.);
#3897=ADVANCED_FACE('',(#224),#3701,.T.);
#3898=ADVANCED_FACE('',(#225),#3702,.T.);
#3899=ADVANCED_FACE('',(#226),#3703,.T.);
#3900=ADVANCED_FACE('',(#227),#3704,.T.);
#3901=ADVANCED_FACE('',(#228),#3705,.T.);
#3902=ADVANCED_FACE('',(#229),#3706,.T.);
#3903=ADVANCED_FACE('',(#230),#3707,.T.);
#3904=ADVANCED_FACE('',(#231),#3708,.T.);
#3905=ADVANCED_FACE('',(#232),#3709,.T.);
#3906=ADVANCED_FACE('',(#233),#3710,.T.);
#3907=ADVANCED_FACE('',(#234),#3711,.T.);
#3908=ADVANCED_FACE('',(#235),#3712,.T.);
#3909=ADVANCED_FACE('',(#236),#42,.T.);
#3910=ADVANCED_FACE('',(#237),#3713,.T.);
#3911=ADVANCED_FACE('',(#238),#3714,.T.);
#3912=ADVANCED_FACE('',(#239),#43,.T.);
#3913=ADVANCED_FACE('',(#240),#3715,.T.);
#3914=ADVANCED_FACE('',(#241),#3716,.T.);
#3915=ADVANCED_FACE('',(#242),#3717,.T.);
#3916=ADVANCED_FACE('',(#243),#3718,.T.);
#3917=ADVANCED_FACE('',(#244),#3719,.T.);
#3918=ADVANCED_FACE('',(#245),#3720,.T.);
#3919=ADVANCED_FACE('',(#246),#3721,.T.);
#3920=ADVANCED_FACE('',(#247),#3722,.T.);
#3921=ADVANCED_FACE('',(#248),#3723,.T.);
#3922=ADVANCED_FACE('',(#249),#3724,.T.);
#3923=ADVANCED_FACE('',(#250),#3725,.T.);
#3924=ADVANCED_FACE('',(#251),#3726,.T.);
#3925=ADVANCED_FACE('',(#252),#44,.T.);
#3926=ADVANCED_FACE('',(#253),#3727,.T.);
#3927=ADVANCED_FACE('',(#254),#3728,.T.);
#3928=ADVANCED_FACE('',(#255),#45,.T.);
#3929=ADVANCED_FACE('',(#256),#3729,.T.);
#3930=ADVANCED_FACE('',(#257),#3730,.T.);
#3931=ADVANCED_FACE('',(#258),#46,.T.);
#3932=ADVANCED_FACE('',(#259),#3731,.T.);
#3933=ADVANCED_FACE('',(#260),#3732,.T.);
#3934=ADVANCED_FACE('',(#261),#47,.T.);
#3935=ADVANCED_FACE('',(#262),#3733,.T.);
#3936=ADVANCED_FACE('',(#263,#70),#3734,.T.);
#3937=ADVANCED_FACE('',(#264,#71),#3735,.T.);
#3938=ADVANCED_FACE('',(#265),#3736,.T.);
#3939=ADVANCED_FACE('',(#266),#3737,.F.);
#3940=ADVANCED_FACE('',(#267),#3738,.F.);
#3941=ADVANCED_FACE('',(#268),#3739,.F.);
#3942=ADVANCED_FACE('',(#269),#3740,.T.);
#3943=ADVANCED_FACE('',(#270),#3741,.F.);
#3944=ADVANCED_FACE('',(#271),#48,.T.);
#3945=ADVANCED_FACE('',(#272),#3742,.F.);
#3946=ADVANCED_FACE('',(#273),#3743,.T.);
#3947=ADVANCED_FACE('',(#274),#3744,.F.);
#3948=ADVANCED_FACE('',(#275),#49,.T.);
#3949=ADVANCED_FACE('',(#276),#3745,.T.);
#3950=ADVANCED_FACE('',(#277),#50,.F.);
#3951=ADVANCED_FACE('',(#278),#3746,.T.);
#3952=ADVANCED_FACE('',(#279),#3747,.T.);
#3953=ADVANCED_FACE('',(#280,#72),#3748,.T.);
#3954=ADVANCED_FACE('',(#281),#3749,.T.);
#3955=ADVANCED_FACE('',(#282),#3750,.T.);
#3956=ADVANCED_FACE('',(#283),#3751,.T.);
#3957=ADVANCED_FACE('',(#284),#3752,.F.);
#3958=ADVANCED_FACE('',(#285),#3753,.T.);
#3959=ADVANCED_FACE('',(#286),#51,.F.);
#3960=ADVANCED_FACE('',(#287),#3754,.T.);
#3961=ADVANCED_FACE('',(#288),#3755,.T.);
#3962=ADVANCED_FACE('',(#289,#73),#3756,.T.);
#3963=ADVANCED_FACE('',(#290),#3757,.T.);
#3964=ADVANCED_FACE('',(#291),#3758,.T.);
#3965=ADVANCED_FACE('',(#292),#3759,.F.);
#3966=ADVANCED_FACE('',(#293),#52,.F.);
#3967=ADVANCED_FACE('',(#294),#3760,.F.);
#3968=ADVANCED_FACE('',(#295),#3761,.T.);
#3969=ADVANCED_FACE('',(#296),#3762,.T.);
#3970=ADVANCED_FACE('',(#297,#74),#3763,.T.);
#3971=ADVANCED_FACE('',(#298),#3764,.T.);
#3972=ADVANCED_FACE('',(#299),#3765,.T.);
#3973=ADVANCED_FACE('',(#300),#3766,.F.);
#3974=ADVANCED_FACE('',(#301),#53,.F.);
#3975=ADVANCED_FACE('',(#302),#3767,.F.);
#3976=ADVANCED_FACE('',(#303),#3768,.T.);
#3977=ADVANCED_FACE('',(#304),#3769,.T.);
#3978=ADVANCED_FACE('',(#305,#75),#3770,.T.);
#3979=ADVANCED_FACE('',(#306),#3771,.T.);
#3980=ADVANCED_FACE('',(#307),#3772,.T.);
#3981=ADVANCED_FACE('',(#308),#3773,.F.);
#3982=ADVANCED_FACE('',(#309),#54,.F.);
#3983=ADVANCED_FACE('',(#310),#3774,.F.);
#3984=ADVANCED_FACE('',(#311),#3775,.T.);
#3985=ADVANCED_FACE('',(#312,#76),#3776,.T.);
#3986=ADVANCED_FACE('',(#313),#3777,.T.);
#3987=ADVANCED_FACE('',(#314),#3778,.T.);
#3988=ADVANCED_FACE('',(#315),#3779,.T.);
#3989=ADVANCED_FACE('',(#316),#3780,.F.);
#3990=ADVANCED_FACE('',(#317),#3781,.T.);
#3991=ADVANCED_FACE('',(#318),#55,.F.);
#3992=ADVANCED_FACE('',(#319),#3782,.T.);
#3993=ADVANCED_FACE('',(#320,#77),#3783,.T.);
#3994=ADVANCED_FACE('',(#321),#3784,.T.);
#3995=ADVANCED_FACE('',(#322),#3785,.T.);
#3996=ADVANCED_FACE('',(#323),#3786,.T.);
#3997=ADVANCED_FACE('',(#324),#3787,.F.);
#3998=ADVANCED_FACE('',(#325),#56,.F.);
#3999=ADVANCED_FACE('',(#326),#3788,.T.);
#4000=ADVANCED_FACE('',(#327),#57,.F.);
#4001=ADVANCED_FACE('',(#328),#3789,.T.);
#4002=ADVANCED_FACE('',(#329),#3790,.F.);
#4003=ADVANCED_FACE('',(#330,#78,#79),#3791,.F.);
#4004=ADVANCED_FACE('',(#331),#3792,.F.);
#4005=ADVANCED_FACE('',(#332),#3793,.F.);
#4006=ADVANCED_FACE('',(#333),#3794,.F.);
#4007=ADVANCED_FACE('',(#334),#3795,.F.);
#4008=ADVANCED_FACE('',(#335),#3796,.T.);
#4009=ADVANCED_FACE('',(#336),#3797,.F.);
#4010=ADVANCED_FACE('',(#337),#3798,.T.);
#4011=ADVANCED_FACE('',(#338),#3799,.T.);
#4012=ADVANCED_FACE('',(#339),#3800,.T.);
#4013=ADVANCED_FACE('',(#340),#3801,.F.);
#4014=ADVANCED_FACE('',(#341),#3802,.F.);
#4015=ADVANCED_FACE('',(#342),#3803,.F.);
#4016=ADVANCED_FACE('',(#343),#3804,.F.);
#4017=ADVANCED_FACE('',(#344),#3805,.T.);
#4018=ADVANCED_FACE('',(#345),#58,.F.);
#4019=ADVANCED_FACE('',(#346),#3806,.T.);
#4020=ADVANCED_FACE('',(#347),#59,.F.);
#4021=ADVANCED_FACE('',(#348),#3807,.T.);
#4022=ADVANCED_FACE('',(#349),#3808,.T.);
#4023=ADVANCED_FACE('',(#350),#3809,.T.);
#4024=ADVANCED_FACE('',(#351),#3810,.T.);
#4025=ADVANCED_FACE('',(#352),#3811,.T.);
#4026=ADVANCED_FACE('',(#353),#3812,.T.);
#4027=ADVANCED_FACE('',(#354),#3813,.T.);
#4028=ADVANCED_FACE('',(#355,#80,#81),#3814,.T.);
#4029=CLOSED_SHELL('',(#3815,#3816,#3817,#3818,#3819,#3820,#3821,#3822,
#3823,#3824,#3825,#3826,#3827,#3828,#3829,#3830,#3831,#3832,#3833,#3834,
#3835,#3836,#3837,#3838,#3839,#3840,#3841,#3842,#3843,#3844,#3845,#3846,
#3847,#3848,#3849,#3850,#3851,#3852,#3853,#3854,#3855,#3856,#3857,#3858,
#3859,#3860,#3861,#3862,#3863,#3864,#3865,#3866,#3867,#3868,#3869,#3870,
#3871,#3872,#3873,#3874,#3875,#3876,#3877,#3878,#3879,#3880,#3881,#3882,
#3883,#3884,#3885,#3886,#3887,#3888,#3889,#3890,#3891,#3892,#3893,#3894,
#3895,#3896,#3897,#3898,#3899,#3900,#3901,#3902,#3903,#3904,#3905,#3906,
#3907,#3908,#3909,#3910,#3911,#3912,#3913,#3914,#3915,#3916,#3917,#3918,
#3919,#3920,#3921,#3922,#3923,#3924,#3925,#3926,#3927,#3928,#3929,#3930,
#3931,#3932,#3933,#3934,#3935,#3936,#3937,#3938,#3939,#3940,#3941,#3942,
#3943,#3944,#3945,#3946,#3947,#3948,#3949));
#4030=CLOSED_SHELL('',(#3950,#3951,#3952,#3953,#3954,#3955,#3956,#3957));
#4031=CLOSED_SHELL('',(#3958,#3959,#3960,#3961,#3962,#3963,#3964,#3965));
#4032=CLOSED_SHELL('',(#3966,#3967,#3968,#3969,#3970,#3971,#3972,#3973));
#4033=CLOSED_SHELL('',(#3974,#3975,#3976,#3977,#3978,#3979,#3980,#3981));
#4034=CLOSED_SHELL('',(#3982,#3983,#3984,#3985,#3986,#3987,#3988,#3989));
#4035=CLOSED_SHELL('',(#3990,#3991,#3992,#3993,#3994,#3995,#3996,#3997));
#4036=CLOSED_SHELL('',(#3998,#3999,#4000,#4001,#4002,#4003,#4004,#4005,
#4006,#4007,#4008,#4009,#4010,#4011,#4012));
#4037=CLOSED_SHELL('',(#4013,#4014,#4015,#4016,#4017,#4018,#4019,#4020,
#4021,#4022,#4023,#4024,#4025,#4026,#4027,#4028));
#4038=DERIVED_UNIT_ELEMENT(#4040,1.);
#4039=DERIVED_UNIT_ELEMENT(#6524,-3.);
#4040=(
MASS_UNIT()
NAMED_UNIT(*)
SI_UNIT(.KILO.,.GRAM.)
);
#4041=DERIVED_UNIT((#4038,#4039));
#4042=MEASURE_REPRESENTATION_ITEM('density measure',
POSITIVE_RATIO_MEASURE(7850.),#4041);
#4043=PROPERTY_DEFINITION_REPRESENTATION(#4048,#4045);
#4044=PROPERTY_DEFINITION_REPRESENTATION(#4049,#4046);
#4045=REPRESENTATION('material name',(#4047),#6519);
#4046=REPRESENTATION('density',(#4042),#6519);
#4047=DESCRIPTIVE_REPRESENTATION_ITEM('Steel','Steel');
#4048=PROPERTY_DEFINITION('material property','material name',#6532);
#4049=PROPERTY_DEFINITION('material property','density of part',#6532);
#4050=AXIS2_PLACEMENT_3D('',#5372,#4325,#4326);
#4051=AXIS2_PLACEMENT_3D('',#5373,#4327,#4328);
#4052=AXIS2_PLACEMENT_3D('',#5382,#4333,#4334);
#4053=AXIS2_PLACEMENT_3D('',#5388,#4338,#4339);
#4054=AXIS2_PLACEMENT_3D('',#5398,#4345,#4346);
#4055=AXIS2_PLACEMENT_3D('',#5404,#4350,#4351);
#4056=AXIS2_PLACEMENT_3D('',#5410,#4355,#4356);
#4057=AXIS2_PLACEMENT_3D('',#5429,#4367,#4368);
#4058=AXIS2_PLACEMENT_3D('',#5438,#4373,#4374);
#4059=AXIS2_PLACEMENT_3D('',#5447,#4379,#4380);
#4060=AXIS2_PLACEMENT_3D('',#5453,#4384,#4385);
#4061=AXIS2_PLACEMENT_3D('',#5459,#4389,#4390);
#4062=AXIS2_PLACEMENT_3D('',#5467,#4395,#4396);
#4063=AXIS2_PLACEMENT_3D('',#5471,#4399,#4400);
#4064=AXIS2_PLACEMENT_3D('',#5480,#4405,#4406);
#4065=AXIS2_PLACEMENT_3D('',#5488,#4411,#4412);
#4066=AXIS2_PLACEMENT_3D('',#5502,#4420,#4421);
#4067=AXIS2_PLACEMENT_3D('',#5515,#4428,#4429);
#4068=AXIS2_PLACEMENT_3D('',#5520,#4431,#4432);
#4069=AXIS2_PLACEMENT_3D('',#5526,#4435,#4436);
#4070=AXIS2_PLACEMENT_3D('',#5532,#4439,#4440);
#4071=AXIS2_PLACEMENT_3D('',#5538,#4443,#4444);
#4072=AXIS2_PLACEMENT_3D('',#5548,#4449,#4450);
#4073=AXIS2_PLACEMENT_3D('',#5554,#4453,#4454);
#4074=AXIS2_PLACEMENT_3D('',#5556,#4456,#4457);
#4075=AXIS2_PLACEMENT_3D('',#5558,#4458,#4459);
#4076=AXIS2_PLACEMENT_3D('',#5571,#4467,#4468);
#4077=AXIS2_PLACEMENT_3D('',#5575,#4471,#4472);
#4078=AXIS2_PLACEMENT_3D('',#5577,#4473,#4474);
#4079=AXIS2_PLACEMENT_3D('',#5580,#4476,#4477);
#4080=AXIS2_PLACEMENT_3D('',#5581,#4478,#4479);
#4081=AXIS2_PLACEMENT_3D('',#5582,#4480,#4481);
#4082=AXIS2_PLACEMENT_3D('',#5584,#4482,#4483);
#4083=AXIS2_PLACEMENT_3D('',#5587,#4485,#4486);
#4084=AXIS2_PLACEMENT_3D('',#5588,#4487,#4488);
#4085=AXIS2_PLACEMENT_3D('',#5589,#4489,#4490);
#4086=AXIS2_PLACEMENT_3D('',#5591,#4491,#4492);
#4087=AXIS2_PLACEMENT_3D('',#5594,#4494,#4495);
#4088=AXIS2_PLACEMENT_3D('',#5595,#4496,#4497);
#4089=AXIS2_PLACEMENT_3D('',#5596,#4498,#4499);
#4090=AXIS2_PLACEMENT_3D('',#5598,#4500,#4501);
#4091=AXIS2_PLACEMENT_3D('',#5600,#4503,#4504);
#4092=AXIS2_PLACEMENT_3D('',#5617,#4514,#4515);
#4093=AXIS2_PLACEMENT_3D('',#5620,#4518,#4519);
#4094=AXIS2_PLACEMENT_3D('',#5624,#4522,#4523);
#4095=AXIS2_PLACEMENT_3D('',#5626,#4524,#4525);
#4096=AXIS2_PLACEMENT_3D('',#5628,#4526,#4527);
#4097=AXIS2_PLACEMENT_3D('',#5634,#4530,#4531);
#4098=AXIS2_PLACEMENT_3D('',#5640,#4534,#4535);
#4099=AXIS2_PLACEMENT_3D('',#5646,#4538,#4539);
#4100=AXIS2_PLACEMENT_3D('',#5652,#4542,#4543);
#4101=AXIS2_PLACEMENT_3D('',#5658,#4546,#4547);
#4102=AXIS2_PLACEMENT_3D('',#5664,#4550,#4551);
#4103=AXIS2_PLACEMENT_3D('',#5671,#4556,#4557);
#4104=AXIS2_PLACEMENT_3D('',#5674,#4560,#4561);
#4105=AXIS2_PLACEMENT_3D('',#5676,#4563,#4564);
#4106=AXIS2_PLACEMENT_3D('',#5678,#4566,#4567);
#4107=AXIS2_PLACEMENT_3D('',#5681,#4568,#4569);
#4108=AXIS2_PLACEMENT_3D('',#5686,#4572,#4573);
#4109=AXIS2_PLACEMENT_3D('',#5688,#4575,#4576);
#4110=AXIS2_PLACEMENT_3D('',#5697,#4581,#4582);
#4111=AXIS2_PLACEMENT_3D('',#5707,#4588,#4589);
#4112=AXIS2_PLACEMENT_3D('',#5709,#4591,#4592);
#4113=AXIS2_PLACEMENT_3D('',#5711,#4594,#4595);
#4114=AXIS2_PLACEMENT_3D('',#5712,#4596,#4597);
#4115=AXIS2_PLACEMENT_3D('',#5714,#4598,#4599);
#4116=AXIS2_PLACEMENT_3D('',#5717,#4601,#4602);
#4117=AXIS2_PLACEMENT_3D('',#5718,#4603,#4604);
#4118=AXIS2_PLACEMENT_3D('',#5763,#4627,#4628);
#4119=AXIS2_PLACEMENT_3D('',#5769,#4632,#4633);
#4120=AXIS2_PLACEMENT_3D('',#5773,#4636,#4637);
#4121=AXIS2_PLACEMENT_3D('',#5777,#4640,#4641);
#4122=AXIS2_PLACEMENT_3D('',#5781,#4644,#4645);
#4123=AXIS2_PLACEMENT_3D('',#5785,#4648,#4649);
#4124=AXIS2_PLACEMENT_3D('',#5789,#4652,#4653);
#4125=AXIS2_PLACEMENT_3D('',#5793,#4656,#4657);
#4126=AXIS2_PLACEMENT_3D('',#5797,#4660,#4661);
#4127=AXIS2_PLACEMENT_3D('',#5801,#4664,#4665);
#4128=AXIS2_PLACEMENT_3D('',#5805,#4668,#4669);
#4129=AXIS2_PLACEMENT_3D('',#5809,#4672,#4673);
#4130=AXIS2_PLACEMENT_3D('',#5813,#4676,#4677);
#4131=AXIS2_PLACEMENT_3D('',#5815,#4679,#4680);
#4132=AXIS2_PLACEMENT_3D('',#5821,#4684,#4685);
#4133=AXIS2_PLACEMENT_3D('',#5826,#4689,#4690);
#4134=AXIS2_PLACEMENT_3D('',#5828,#4692,#4693);
#4135=AXIS2_PLACEMENT_3D('',#5832,#4695,#4696);
#4136=AXIS2_PLACEMENT_3D('',#5834,#4698,#4699);
#4137=AXIS2_PLACEMENT_3D('',#5838,#4702,#4703);
#4138=AXIS2_PLACEMENT_3D('',#5842,#4706,#4707);
#4139=AXIS2_PLACEMENT_3D('',#5844,#4708,#4709);
#4140=AXIS2_PLACEMENT_3D('',#5846,#4711,#4712);
#4141=AXIS2_PLACEMENT_3D('',#5850,#4715,#4716);
#4142=AXIS2_PLACEMENT_3D('',#5857,#4720,#4721);
#4143=AXIS2_PLACEMENT_3D('',#5863,#4724,#4725);
#4144=AXIS2_PLACEMENT_3D('',#5869,#4728,#4729);
#4145=AXIS2_PLACEMENT_3D('',#5891,#4742,#4743);
#4146=AXIS2_PLACEMENT_3D('',#5893,#4745,#4746);
#4147=AXIS2_PLACEMENT_3D('',#5895,#4748,#4749);
#4148=AXIS2_PLACEMENT_3D('',#5897,#4751,#4752);
#4149=AXIS2_PLACEMENT_3D('',#5899,#4754,#4755);
#4150=AXIS2_PLACEMENT_3D('',#5901,#4757,#4758);
#4151=AXIS2_PLACEMENT_3D('',#5903,#4760,#4761);
#4152=AXIS2_PLACEMENT_3D('',#5905,#4763,#4764);
#4153=AXIS2_PLACEMENT_3D('',#5907,#4766,#4767);
#4154=AXIS2_PLACEMENT_3D('',#5909,#4769,#4770);
#4155=AXIS2_PLACEMENT_3D('',#5911,#4772,#4773);
#4156=AXIS2_PLACEMENT_3D('',#5912,#4774,#4775);
#4157=AXIS2_PLACEMENT_3D('',#5914,#4777,#4778);
#4158=AXIS2_PLACEMENT_3D('',#5916,#4780,#4781);
#4159=AXIS2_PLACEMENT_3D('',#5918,#4783,#4784);
#4160=AXIS2_PLACEMENT_3D('',#5920,#4786,#4787);
#4161=AXIS2_PLACEMENT_3D('',#5922,#4789,#4790);
#4162=AXIS2_PLACEMENT_3D('',#5924,#4792,#4793);
#4163=AXIS2_PLACEMENT_3D('',#5926,#4795,#4796);
#4164=AXIS2_PLACEMENT_3D('',#5928,#4798,#4799);
#4165=AXIS2_PLACEMENT_3D('',#5929,#4800,#4801);
#4166=AXIS2_PLACEMENT_3D('',#5938,#4806,#4807);
#4167=AXIS2_PLACEMENT_3D('',#5944,#4811,#4812);
#4168=AXIS2_PLACEMENT_3D('',#5950,#4816,#4817);
#4169=AXIS2_PLACEMENT_3D('',#5956,#4821,#4822);
#4170=AXIS2_PLACEMENT_3D('',#5962,#4826,#4827);
#4171=AXIS2_PLACEMENT_3D('',#5968,#4831,#4832);
#4172=AXIS2_PLACEMENT_3D('',#5974,#4836,#4837);
#4173=AXIS2_PLACEMENT_3D('',#5980,#4841,#4842);
#4174=AXIS2_PLACEMENT_3D('',#5986,#4846,#4847);
#4175=AXIS2_PLACEMENT_3D('',#5992,#4851,#4852);
#4176=AXIS2_PLACEMENT_3D('',#5998,#4856,#4857);
#4177=AXIS2_PLACEMENT_3D('',#6007,#4862,#4863);
#4178=AXIS2_PLACEMENT_3D('',#6013,#4867,#4868);
#4179=AXIS2_PLACEMENT_3D('',#6017,#4870,#4871);
#4180=AXIS2_PLACEMENT_3D('',#6019,#4873,#4874);
#4181=AXIS2_PLACEMENT_3D('',#6023,#4877,#4878);
#4182=AXIS2_PLACEMENT_3D('',#6027,#4881,#4882);
#4183=AXIS2_PLACEMENT_3D('',#6030,#4884,#4885);
#4184=AXIS2_PLACEMENT_3D('',#6031,#4886,#4887);
#4185=AXIS2_PLACEMENT_3D('',#6035,#4890,#4891);
#4186=AXIS2_PLACEMENT_3D('',#6041,#4895,#4896);
#4187=AXIS2_PLACEMENT_3D('',#6047,#4900,#4901);
#4188=AXIS2_PLACEMENT_3D('',#6053,#4905,#4906);
#4189=AXIS2_PLACEMENT_3D('',#6059,#4910,#4911);
#4190=AXIS2_PLACEMENT_3D('',#6065,#4915,#4916);
#4191=AXIS2_PLACEMENT_3D('',#6071,#4920,#4921);
#4192=AXIS2_PLACEMENT_3D('',#6077,#4925,#4926);
#4193=AXIS2_PLACEMENT_3D('',#6083,#4930,#4931);
#4194=AXIS2_PLACEMENT_3D('',#6089,#4935,#4936);
#4195=AXIS2_PLACEMENT_3D('',#6095,#4940,#4941);
#4196=AXIS2_PLACEMENT_3D('',#6098,#4944,#4945);
#4197=AXIS2_PLACEMENT_3D('',#6102,#4947,#4948);
#4198=AXIS2_PLACEMENT_3D('',#6104,#4950,#4951);
#4199=AXIS2_PLACEMENT_3D('',#6108,#4954,#4955);
#4200=AXIS2_PLACEMENT_3D('',#6112,#4958,#4959);
#4201=AXIS2_PLACEMENT_3D('',#6114,#4960,#4961);
#4202=AXIS2_PLACEMENT_3D('',#6116,#4963,#4964);
#4203=AXIS2_PLACEMENT_3D('',#6120,#4967,#4968);
#4204=AXIS2_PLACEMENT_3D('',#6124,#4971,#4972);
#4205=AXIS2_PLACEMENT_3D('',#6126,#4973,#4974);
#4206=AXIS2_PLACEMENT_3D('',#6128,#4976,#4977);
#4207=AXIS2_PLACEMENT_3D('',#6132,#4980,#4981);
#4208=AXIS2_PLACEMENT_3D('',#6136,#4984,#4985);
#4209=AXIS2_PLACEMENT_3D('',#6138,#4986,#4987);
#4210=AXIS2_PLACEMENT_3D('',#6140,#4989,#4990);
#4211=AXIS2_PLACEMENT_3D('',#6142,#4992,#4993);
#4212=AXIS2_PLACEMENT_3D('',#6145,#4996,#4997);
#4213=AXIS2_PLACEMENT_3D('',#6146,#4998,#4999);
#4214=AXIS2_PLACEMENT_3D('',#6148,#5001,#5002);
#4215=AXIS2_PLACEMENT_3D('',#6155,#5007,#5008);
#4216=AXIS2_PLACEMENT_3D('',#6156,#5009,#5010);
#4217=AXIS2_PLACEMENT_3D('',#6158,#5012,#5013);
#4218=AXIS2_PLACEMENT_3D('',#6161,#5016,#5017);
#4219=AXIS2_PLACEMENT_3D('',#6163,#5019,#5020);
#4220=AXIS2_PLACEMENT_3D('',#6166,#5022,#5023);
#4221=AXIS2_PLACEMENT_3D('',#6167,#5024,#5025);
#4222=AXIS2_PLACEMENT_3D('',#6168,#5026,#5027);
#4223=AXIS2_PLACEMENT_3D('',#6170,#5029,#5030);
#4224=AXIS2_PLACEMENT_3D('',#6171,#5031,#5032);
#4225=AXIS2_PLACEMENT_3D('',#6172,#5033,#5034);
#4226=AXIS2_PLACEMENT_3D('',#6173,#5035,#5036);
#4227=AXIS2_PLACEMENT_3D('',#6175,#5037,#5038);
#4228=AXIS2_PLACEMENT_3D('',#6178,#5040,#5041);
#4229=AXIS2_PLACEMENT_3D('',#6179,#5042,#5043);
#4230=AXIS2_PLACEMENT_3D('',#6180,#5044,#5045);
#4231=AXIS2_PLACEMENT_3D('',#6189,#5050,#5051);
#4232=AXIS2_PLACEMENT_3D('',#6195,#5055,#5056);
#4233=AXIS2_PLACEMENT_3D('',#6201,#5060,#5061);
#4234=AXIS2_PLACEMENT_3D('',#6204,#5064,#5065);
#4235=AXIS2_PLACEMENT_3D('',#6205,#5066,#5067);
#4236=AXIS2_PLACEMENT_3D('',#6206,#5068,#5069);
#4237=AXIS2_PLACEMENT_3D('',#6208,#5070,#5071);
#4238=AXIS2_PLACEMENT_3D('',#6209,#5072,#5073);
#4239=AXIS2_PLACEMENT_3D('',#6212,#5075,#5076);
#4240=AXIS2_PLACEMENT_3D('',#6213,#5077,#5078);
#4241=AXIS2_PLACEMENT_3D('',#6222,#5083,#5084);
#4242=AXIS2_PLACEMENT_3D('',#6228,#5088,#5089);
#4243=AXIS2_PLACEMENT_3D('',#6234,#5093,#5094);
#4244=AXIS2_PLACEMENT_3D('',#6237,#5097,#5098);
#4245=AXIS2_PLACEMENT_3D('',#6238,#5099,#5100);
#4246=AXIS2_PLACEMENT_3D('',#6239,#5101,#5102);
#4247=AXIS2_PLACEMENT_3D('',#6241,#5103,#5104);
#4248=AXIS2_PLACEMENT_3D('',#6244,#5106,#5107);
#4249=AXIS2_PLACEMENT_3D('',#6245,#5108,#5109);
#4250=AXIS2_PLACEMENT_3D('',#6246,#5110,#5111);
#4251=AXIS2_PLACEMENT_3D('',#6255,#5116,#5117);
#4252=AXIS2_PLACEMENT_3D('',#6261,#5121,#5122);
#4253=AXIS2_PLACEMENT_3D('',#6267,#5126,#5127);
#4254=AXIS2_PLACEMENT_3D('',#6270,#5130,#5131);
#4255=AXIS2_PLACEMENT_3D('',#6271,#5132,#5133);
#4256=AXIS2_PLACEMENT_3D('',#6272,#5134,#5135);
#4257=AXIS2_PLACEMENT_3D('',#6274,#5136,#5137);
#4258=AXIS2_PLACEMENT_3D('',#6277,#5139,#5140);
#4259=AXIS2_PLACEMENT_3D('',#6278,#5141,#5142);
#4260=AXIS2_PLACEMENT_3D('',#6279,#5143,#5144);
#4261=AXIS2_PLACEMENT_3D('',#6288,#5149,#5150);
#4262=AXIS2_PLACEMENT_3D('',#6294,#5154,#5155);
#4263=AXIS2_PLACEMENT_3D('',#6300,#5159,#5160);
#4264=AXIS2_PLACEMENT_3D('',#6303,#5163,#5164);
#4265=AXIS2_PLACEMENT_3D('',#6304,#5165,#5166);
#4266=AXIS2_PLACEMENT_3D('',#6305,#5167,#5168);
#4267=AXIS2_PLACEMENT_3D('',#6307,#5169,#5170);
#4268=AXIS2_PLACEMENT_3D('',#6310,#5172,#5173);
#4269=AXIS2_PLACEMENT_3D('',#6311,#5174,#5175);
#4270=AXIS2_PLACEMENT_3D('',#6312,#5176,#5177);
#4271=AXIS2_PLACEMENT_3D('',#6321,#5182,#5183);
#4272=AXIS2_PLACEMENT_3D('',#6327,#5187,#5188);
#4273=AXIS2_PLACEMENT_3D('',#6333,#5192,#5193);
#4274=AXIS2_PLACEMENT_3D('',#6336,#5196,#5197);
#4275=AXIS2_PLACEMENT_3D('',#6337,#5198,#5199);
#4276=AXIS2_PLACEMENT_3D('',#6338,#5200,#5201);
#4277=AXIS2_PLACEMENT_3D('',#6340,#5202,#5203);
#4278=AXIS2_PLACEMENT_3D('',#6341,#5204,#5205);
#4279=AXIS2_PLACEMENT_3D('',#6344,#5207,#5208);
#4280=AXIS2_PLACEMENT_3D('',#6345,#5209,#5210);
#4281=AXIS2_PLACEMENT_3D('',#6354,#5215,#5216);
#4282=AXIS2_PLACEMENT_3D('',#6360,#5220,#5221);
#4283=AXIS2_PLACEMENT_3D('',#6366,#5225,#5226);
#4284=AXIS2_PLACEMENT_3D('',#6369,#5229,#5230);
#4285=AXIS2_PLACEMENT_3D('',#6370,#5231,#5232);
#4286=AXIS2_PLACEMENT_3D('',#6371,#5233,#5234);
#4287=AXIS2_PLACEMENT_3D('',#6373,#5235,#5236);
#4288=AXIS2_PLACEMENT_3D('',#6376,#5238,#5239);
#4289=AXIS2_PLACEMENT_3D('',#6377,#5240,#5241);
#4290=AXIS2_PLACEMENT_3D('',#6378,#5242,#5243);
#4291=AXIS2_PLACEMENT_3D('',#6380,#5244,#5245);
#4292=AXIS2_PLACEMENT_3D('',#6383,#5247,#5248);
#4293=AXIS2_PLACEMENT_3D('',#6384,#5249,#5250);
#4294=AXIS2_PLACEMENT_3D('',#6385,#5251,#5252);
#4295=AXIS2_PLACEMENT_3D('',#6394,#5257,#5258);
#4296=AXIS2_PLACEMENT_3D('',#6400,#5262,#5263);
#4297=AXIS2_PLACEMENT_3D('',#6406,#5267,#5268);
#4298=AXIS2_PLACEMENT_3D('',#6412,#5272,#5273);
#4299=AXIS2_PLACEMENT_3D('',#6416,#5276,#5277);
#4300=AXIS2_PLACEMENT_3D('',#6420,#5280,#5281);
#4301=AXIS2_PLACEMENT_3D('',#6430,#5287,#5288);
#4302=AXIS2_PLACEMENT_3D('',#6434,#5291,#5292);
#4303=AXIS2_PLACEMENT_3D('',#6438,#5295,#5296);
#4304=AXIS2_PLACEMENT_3D('',#6440,#5298,#5299);
#4305=AXIS2_PLACEMENT_3D('',#6441,#5300,#5301);
#4306=AXIS2_PLACEMENT_3D('',#6450,#5306,#5307);
#4307=AXIS2_PLACEMENT_3D('',#6456,#5311,#5312);
#4308=AXIS2_PLACEMENT_3D('',#6462,#5316,#5317);
#4309=AXIS2_PLACEMENT_3D('',#6476,#5325,#5326);
#4310=AXIS2_PLACEMENT_3D('',#6480,#5329,#5330);
#4311=AXIS2_PLACEMENT_3D('',#6482,#5331,#5332);
#4312=AXIS2_PLACEMENT_3D('',#6485,#5334,#5335);
#4313=AXIS2_PLACEMENT_3D('',#6486,#5336,#5337);
#4314=AXIS2_PLACEMENT_3D('',#6487,#5338,#5339);
#4315=AXIS2_PLACEMENT_3D('',#6489,#5340,#5341);
#4316=AXIS2_PLACEMENT_3D('',#6492,#5343,#5344);
#4317=AXIS2_PLACEMENT_3D('',#6493,#5345,#5346);
#4318=AXIS2_PLACEMENT_3D('',#6494,#5347,#5348);
#4319=AXIS2_PLACEMENT_3D('',#6500,#5352,#5353);
#4320=AXIS2_PLACEMENT_3D('',#6502,#5355,#5356);
#4321=AXIS2_PLACEMENT_3D('',#6506,#5359,#5360);
#4322=AXIS2_PLACEMENT_3D('',#6510,#5363,#5364);
#4323=AXIS2_PLACEMENT_3D('',#6514,#5367,#5368);
#4324=AXIS2_PLACEMENT_3D('',#6516,#5370,#5371);
#4325=DIRECTION('axis',(0.,0.,1.));
#4326=DIRECTION('refdir',(1.,0.,0.));
#4327=DIRECTION('center_axis',(1.,0.,0.));
#4328=DIRECTION('ref_axis',(0.,0.,-1.));
#4329=DIRECTION('',(0.,-1.,0.));
#4330=DIRECTION('',(0.,0.,-1.));
#4331=DIRECTION('',(0.,1.,0.));
#4332=DIRECTION('',(0.,0.,1.));
#4333=DIRECTION('center_axis',(0.,1.,0.));
#4334=DIRECTION('ref_axis',(1.,0.,0.));
#4335=DIRECTION('',(-1.,0.,0.));
#4336=DIRECTION('',(0.,0.,-1.));
#4337=DIRECTION('',(-1.,0.,0.));
#4338=DIRECTION('center_axis',(-1.,0.,0.));
#4339=DIRECTION('ref_axis',(0.,1.,0.));
#4340=DIRECTION('',(0.,-1.,0.));
#4341=DIRECTION('',(0.,0.,-1.));
#4342=DIRECTION('',(0.,1.,0.));
#4343=DIRECTION('',(0.,0.,-1.));
#4344=DIRECTION('',(0.,-1.,0.));
#4345=DIRECTION('center_axis',(0.,-1.,0.));
#4346=DIRECTION('ref_axis',(-1.,0.,0.));
#4347=DIRECTION('',(1.,0.,0.));
#4348=DIRECTION('',(0.,0.,-1.));
#4349=DIRECTION('',(-1.,0.,0.));
#4350=DIRECTION('center_axis',(1.,0.,0.));
#4351=DIRECTION('ref_axis',(0.,-1.,0.));
#4352=DIRECTION('',(0.,1.,0.));
#4353=DIRECTION('',(0.,0.,-1.));
#4354=DIRECTION('',(0.,-1.,0.));
#4355=DIRECTION('center_axis',(0.,-1.,0.));
#4356=DIRECTION('ref_axis',(0.,0.,-1.));
#4357=DIRECTION('',(1.,0.,0.));
#4358=DIRECTION('',(0.,0.,1.));
#4359=DIRECTION('',(-1.,0.,0.));
#4360=DIRECTION('',(0.,0.,-1.));
#4361=DIRECTION('',(1.,0.,0.));
#4362=DIRECTION('',(0.,0.,-1.));
#4363=DIRECTION('',(1.,0.,0.));
#4364=DIRECTION('',(0.,0.,-1.));
#4365=DIRECTION('',(1.,0.,0.));
#4366=DIRECTION('',(1.,0.,0.));
#4367=DIRECTION('center_axis',(1.,0.,0.));
#4368=DIRECTION('ref_axis',(0.,-1.,0.));
#4369=DIRECTION('',(0.,0.,1.));
#4370=DIRECTION('',(0.,-1.,0.));
#4371=DIRECTION('',(0.,0.,-1.));
#4372=DIRECTION('',(0.,-1.,0.));
#4373=DIRECTION('center_axis',(0.,0.,-1.));
#4374=DIRECTION('ref_axis',(-1.,0.,0.));
#4375=DIRECTION('',(-1.,0.,0.));
#4376=DIRECTION('',(0.,1.,0.));
#4377=DIRECTION('',(-1.,0.,0.));
#4378=DIRECTION('',(0.,-1.,0.));
#4379=DIRECTION('center_axis',(0.,-1.,0.));
#4380=DIRECTION('ref_axis',(-1.,0.,0.));
#4381=DIRECTION('',(-1.,0.,0.));
#4382=DIRECTION('',(0.,0.,1.));
#4383=DIRECTION('',(0.,0.,-1.));
#4384=DIRECTION('center_axis',(0.,1.,0.));
#4385=DIRECTION('ref_axis',(1.,0.,0.));
#4386=DIRECTION('',(1.,0.,0.));
#4387=DIRECTION('',(0.,0.,-1.));
#4388=DIRECTION('',(1.,0.,0.));
#4389=DIRECTION('center_axis',(1.,0.,0.));
#4390=DIRECTION('ref_axis',(0.,-1.,0.));
#4391=DIRECTION('',(0.,0.,-1.));
#4392=DIRECTION('',(0.,-1.,0.));
#4393=DIRECTION('',(0.,0.,-1.));
#4394=DIRECTION('',(0.,-1.,0.));
#4395=DIRECTION('center_axis',(0.,-1.,0.));
#4396=DIRECTION('ref_axis',(0.,0.,1.));
#4397=DIRECTION('',(0.,0.,1.));
#4398=DIRECTION('',(1.,0.,0.));
#4399=DIRECTION('center_axis',(0.,0.813733471206735,-0.581238193719096));
#4400=DIRECTION('ref_axis',(0.,-0.581238193719096,-0.813733471206735));
#4401=DIRECTION('',(1.,-1.09273919746571E-16,-1.52983487645199E-16));
#4402=DIRECTION('',(0.,-0.581238193719096,-0.813733471206735));
#4403=DIRECTION('',(-1.,0.,0.));
#4404=DIRECTION('',(0.,-0.581238193719096,-0.813733471206735));
#4405=DIRECTION('center_axis',(1.09273919746571E-16,1.,1.60937108083555E-49));
#4406=DIRECTION('ref_axis',(-1.22007455242777E-32,1.4941603953518E-48,-1.));
#4407=DIRECTION('',(0.,0.,1.));
#4408=DIRECTION('',(1.,0.,0.));
#4409=DIRECTION('',(1.,0.,0.));
#4410=DIRECTION('',(0.,0.,-1.));
#4411=DIRECTION('center_axis',(-1.,0.,0.));
#4412=DIRECTION('ref_axis',(0.,1.,0.));
#4413=DIRECTION('',(0.,1.,0.));
#4414=DIRECTION('',(0.,0.,-1.));
#4415=DIRECTION('',(0.,-1.,0.));
#4416=DIRECTION('',(0.,0.,1.));
#4417=DIRECTION('',(0.,-1.,0.));
#4418=DIRECTION('',(0.,-6.31470585797976E-50,1.));
#4419=DIRECTION('',(0.,1.,0.));
#4420=DIRECTION('center_axis',(1.,0.,0.));
#4421=DIRECTION('ref_axis',(0.,1.,0.));
#4422=DIRECTION('',(0.,1.,0.));
#4423=DIRECTION('',(0.,-1.,0.));
#4424=DIRECTION('',(0.,-1.,0.));
#4425=DIRECTION('',(0.,0.,1.));
#4426=DIRECTION('',(0.,-1.,0.));
#4427=DIRECTION('',(0.,0.,-1.));
#4428=DIRECTION('center_axis',(1.,0.,0.));
#4429=DIRECTION('ref_axis',(0.,-0.707106781186548,-0.707106781186548));
#4430=DIRECTION('',(0.,0.296396047801743,-0.955065119689494));
#4431=DIRECTION('center_axis',(-1.,0.,0.));
#4432=DIRECTION('ref_axis',(1.21980189484546E-16,0.866025403784433,0.50000000000001));
#4433=DIRECTION('',(0.,-0.678912632018672,0.734219066822347));
#4434=DIRECTION('',(0.,-0.678912632018657,-0.734219066822362));
#4435=DIRECTION('center_axis',(-1.,0.,0.));
#4436=DIRECTION('ref_axis',(-1.21980189484542E-16,0.866025403784443,-0.499999999999992));
#4437=DIRECTION('',(0.,0.296396047801723,0.9550651196895));
#4438=DIRECTION('',(0.,-0.975308679820396,0.220846052867142));
#4439=DIRECTION('center_axis',(-1.,0.,0.));
#4440=DIRECTION('ref_axis',(-2.43960378969088E-16,0.,-1.));
#4441=DIRECTION('',(0.,0.975308679820396,0.220846052867142));
#4442=DIRECTION('',(0.,-0.296396047801736,0.955065119689496));
#4443=DIRECTION('center_axis',(-1.,0.,0.));
#4444=DIRECTION('ref_axis',(-1.21980189484545E-16,-0.866025403784436,-0.500000000000004));
#4445=DIRECTION('',(0.,1.,0.));
#4446=DIRECTION('',(0.,0.678912632018667,-0.734219066822352));
#4447=DIRECTION('',(0.,0.678912632018662,0.734219066822357));
#4448=DIRECTION('',(0.,1.,0.));
#4449=DIRECTION('center_axis',(-1.,0.,0.));
#4450=DIRECTION('ref_axis',(1.21980189484543E-16,-0.86602540378444,0.499999999999998));
#4451=DIRECTION('',(0.,-0.29639604780173,-0.955065119689498));
#4452=DIRECTION('',(0.,0.975308679820396,-0.220846052867142));
#4453=DIRECTION('center_axis',(-1.,0.,0.));
#4454=DIRECTION('ref_axis',(2.43960378969088E-16,0.,1.));
#4455=DIRECTION('',(0.,-0.975308679820396,-0.220846052867142));
#4456=DIRECTION('center_axis',(0.,0.,1.));
#4457=DIRECTION('ref_axis',(1.,0.,0.));
#4458=DIRECTION('center_axis',(0.,0.,1.));
#4459=DIRECTION('ref_axis',(1.,0.,0.));
#4460=DIRECTION('',(0.,-1.,0.));
#4461=DIRECTION('',(0.,1.,0.));
#4462=DIRECTION('',(0.,1.,0.));
#4463=DIRECTION('',(-1.,0.,0.));
#4464=DIRECTION('',(1.,0.,0.));
#4465=DIRECTION('',(0.,1.,0.));
#4466=DIRECTION('',(-1.,0.,0.));
#4467=DIRECTION('center_axis',(0.,-1.,0.));
#4468=DIRECTION('ref_axis',(-1.,0.,0.));
#4469=DIRECTION('',(-1.,0.,0.));
#4470=DIRECTION('',(0.,0.,-1.));
#4471=DIRECTION('center_axis',(0.,0.,1.));
#4472=DIRECTION('ref_axis',(-1.,0.,0.));
#4473=DIRECTION('center_axis',(0.,0.,1.));
#4474=DIRECTION('ref_axis',(-1.,0.,0.));
#4475=DIRECTION('',(0.,0.,-1.));
#4476=DIRECTION('center_axis',(0.,0.,-1.));
#4477=DIRECTION('ref_axis',(-1.,0.,0.));
#4478=DIRECTION('center_axis',(0.,0.,1.));
#4479=DIRECTION('ref_axis',(-1.,0.,0.));
#4480=DIRECTION('center_axis',(0.,0.,1.));
#4481=DIRECTION('ref_axis',(-1.,0.,0.));
#4482=DIRECTION('center_axis',(0.,0.,1.));
#4483=DIRECTION('ref_axis',(-1.,0.,0.));
#4484=DIRECTION('',(0.,0.,-1.));
#4485=DIRECTION('center_axis',(0.,0.,-1.));
#4486=DIRECTION('ref_axis',(-1.,0.,0.));
#4487=DIRECTION('center_axis',(0.,0.,1.));
#4488=DIRECTION('ref_axis',(-1.,0.,0.));
#4489=DIRECTION('center_axis',(0.,0.,1.));
#4490=DIRECTION('ref_axis',(-1.,0.,0.));
#4491=DIRECTION('center_axis',(0.,0.,-1.));
#4492=DIRECTION('ref_axis',(-1.,0.,0.));
#4493=DIRECTION('',(0.,0.,-1.));
#4494=DIRECTION('center_axis',(0.,0.,-1.));
#4495=DIRECTION('ref_axis',(-1.,0.,0.));
#4496=DIRECTION('center_axis',(0.,0.,1.));
#4497=DIRECTION('ref_axis',(-1.,0.,0.));
#4498=DIRECTION('center_axis',(0.,0.,1.));
#4499=DIRECTION('ref_axis',(1.,0.,0.));
#4500=DIRECTION('center_axis',(0.,0.,1.));
#4501=DIRECTION('ref_axis',(1.,0.,0.));
#4502=DIRECTION('',(0.,0.,-1.));
#4503=DIRECTION('center_axis',(1.,0.,0.));
#4504=DIRECTION('ref_axis',(0.,-1.,0.));
#4505=DIRECTION('',(0.,0.,-1.));
#4506=DIRECTION('',(0.,-1.,0.));
#4507=DIRECTION('',(0.,0.,-1.));
#4508=DIRECTION('',(0.,1.,0.));
#4509=DIRECTION('',(0.,-1.,0.));
#4510=DIRECTION('',(0.,6.31470585797976E-50,-1.));
#4511=DIRECTION('',(0.,1.,0.));
#4512=DIRECTION('',(0.,0.,-1.));
#4513=DIRECTION('',(0.,-1.,0.));
#4514=DIRECTION('center_axis',(0.,1.,0.));
#4515=DIRECTION('ref_axis',(1.,0.,0.));
#4516=DIRECTION('',(1.,0.,0.));
#4517=DIRECTION('',(1.,0.,0.));
#4518=DIRECTION('center_axis',(0.,-1.,0.));
#4519=DIRECTION('ref_axis',(1.,0.,0.));
#4520=DIRECTION('',(0.,0.,1.));
#4521=DIRECTION('',(-1.,0.,0.));
#4522=DIRECTION('center_axis',(-1.,0.,0.));
#4523=DIRECTION('ref_axis',(0.,-1.,0.));
#4524=DIRECTION('center_axis',(1.,0.,0.));
#4525=DIRECTION('ref_axis',(0.,0.707106781186548,-0.707106781186547));
#4526=DIRECTION('center_axis',(1.,0.,0.));
#4527=DIRECTION('ref_axis',(0.,-0.707106781186548,-0.707106781186548));
#4528=DIRECTION('',(-9.85453000560545E-33,1.1399901795525E-48,-1.));
#4529=DIRECTION('',(0.,1.,0.));
#4530=DIRECTION('center_axis',(1.,0.,0.));
#4531=DIRECTION('ref_axis',(0.,-0.866025403784436,-0.500000000000004));
#4532=DIRECTION('',(0.,0.296396047801736,-0.955065119689496));
#4533=DIRECTION('',(0.,-0.975308679820396,-0.220846052867142));
#4534=DIRECTION('center_axis',(1.,0.,0.));
#4535=DIRECTION('ref_axis',(0.,0.,-1.));
#4536=DIRECTION('',(0.,0.975308679820396,-0.220846052867142));
#4537=DIRECTION('',(0.,-0.296396047801723,-0.9550651196895));
#4538=DIRECTION('center_axis',(1.,0.,0.));
#4539=DIRECTION('ref_axis',(0.,0.866025403784443,-0.499999999999992));
#4540=DIRECTION('',(0.,0.678912632018657,0.734219066822362));
#4541=DIRECTION('',(0.,0.678912632018672,-0.734219066822347));
#4542=DIRECTION('center_axis',(1.,0.,0.));
#4543=DIRECTION('ref_axis',(0.,0.866025403784433,0.50000000000001));
#4544=DIRECTION('',(0.,-0.296396047801743,0.955065119689494));
#4545=DIRECTION('',(0.,0.975308679820396,0.220846052867142));
#4546=DIRECTION('center_axis',(1.,0.,0.));
#4547=DIRECTION('ref_axis',(0.,0.,1.));
#4548=DIRECTION('',(0.,-0.975308679820396,0.220846052867142));
#4549=DIRECTION('',(0.,0.29639604780173,0.955065119689498));
#4550=DIRECTION('center_axis',(1.,0.,0.));
#4551=DIRECTION('ref_axis',(0.,-0.86602540378444,0.499999999999998));
#4552=DIRECTION('',(0.,1.,0.));
#4553=DIRECTION('',(0.,0.,1.));
#4554=DIRECTION('',(0.,-1.,0.));
#4555=DIRECTION('',(0.,1.,0.));
#4556=DIRECTION('center_axis',(0.,0.,-1.));
#4557=DIRECTION('ref_axis',(-1.,0.,0.));
#4558=DIRECTION('',(-1.,1.09273919746571E-16,0.));
#4559=DIRECTION('',(-1.,0.,0.));
#4560=DIRECTION('center_axis',(0.,-1.,0.));
#4561=DIRECTION('ref_axis',(1.,0.,0.));
#4562=DIRECTION('',(-1.,0.,0.));
#4563=DIRECTION('center_axis',(0.,0.,-1.));
#4564=DIRECTION('ref_axis',(-1.,0.,0.));
#4565=DIRECTION('',(1.,0.,0.));
#4566=DIRECTION('center_axis',(1.,0.,-2.43960378969088E-16));
#4567=DIRECTION('ref_axis',(-1.21980189484545E-16,-0.866025403784436,-0.500000000000004));
#4568=DIRECTION('center_axis',(1.,0.,0.));
#4569=DIRECTION('ref_axis',(-1.21980189484545E-16,-0.866025403784436,-0.500000000000004));
#4570=DIRECTION('',(1.,0.,-2.43960378969088E-16));
#4571=DIRECTION('',(1.,0.,0.));
#4572=DIRECTION('center_axis',(1.,0.,-2.22044604925031E-16));
#4573=DIRECTION('ref_axis',(-1.21980189484545E-16,-0.866025403784436,-0.500000000000004));
#4574=DIRECTION('',(-1.,0.,2.43960378969088E-16));
#4575=DIRECTION('center_axis',(-1.,0.,0.));
#4576=DIRECTION('ref_axis',(0.,0.,1.));
#4577=DIRECTION('',(0.,1.,0.));
#4578=DIRECTION('',(0.,-1.,0.));
#4579=DIRECTION('',(0.,5.71841079910962E-49,-1.));
#4580=DIRECTION('',(0.,1.,0.));
#4581=DIRECTION('center_axis',(-1.,0.,0.));
#4582=DIRECTION('ref_axis',(1.21980189484543E-16,-0.86602540378444,0.499999999999998));
#4583=DIRECTION('',(0.,-1.,0.));
#4584=DIRECTION('',(0.,0.678912632018662,0.734219066822357));
#4585=DIRECTION('',(0.,1.,0.));
#4586=DIRECTION('',(0.,-0.678912632018667,0.734219066822352));
#4587=DIRECTION('',(0.,-1.,0.));
#4588=DIRECTION('center_axis',(0.,0.,-1.));
#4589=DIRECTION('ref_axis',(-1.,0.,0.));
#4590=DIRECTION('',(-0.000690063296516958,-0.999999761906295,0.));
#4591=DIRECTION('center_axis',(0.999999761906295,-0.000690063296516958,
0.));
#4592=DIRECTION('ref_axis',(-0.000690063296516958,-0.999999761906295,0.));
#4593=DIRECTION('',(-0.000690063296516958,-0.999999761906295,0.));
#4594=DIRECTION('center_axis',(0.,0.,1.));
#4595=DIRECTION('ref_axis',(1.,0.,0.));
#4596=DIRECTION('center_axis',(1.,0.,0.));
#4597=DIRECTION('ref_axis',(0.,-1.,0.));
#4598=DIRECTION('center_axis',(1.,0.,0.));
#4599=DIRECTION('ref_axis',(0.,-1.,0.));
#4600=DIRECTION('',(1.,0.,0.));
#4601=DIRECTION('center_axis',(-1.,0.,0.));
#4602=DIRECTION('ref_axis',(0.,-1.,0.));
#4603=DIRECTION('center_axis',(1.,0.,0.));
#4604=DIRECTION('ref_axis',(0.,0.,-1.));
#4605=DIRECTION('',(0.,0.647949985546744,-0.761682884296329));
#4606=DIRECTION('',(0.,0.987064997404976,-0.160320587879145));
#4607=DIRECTION('',(0.,-0.309660987519184,-0.950847029131734));
#4608=DIRECTION('',(0.,1.,0.));
#4609=DIRECTION('',(0.,0.668471004449317,0.743738204081599));
#4610=DIRECTION('',(0.,0.554700196225229,-0.832050294337844));
#4611=DIRECTION('',(0.,0.963730021877003,-0.266879082981324));
#4612=DIRECTION('',(0.,0.832050294337844,0.554700196225229));
#4613=DIRECTION('',(0.,-0.368997703768791,0.929430306485301));
#4614=DIRECTION('',(0.,0.988076567729138,0.153963295316141));
#4615=DIRECTION('',(0.,0.169403262951042,0.98554682004537));
#4616=DIRECTION('',(0.,-0.975308679820395,0.220846052867147));
#4617=DIRECTION('',(0.,0.28,0.96));
#4618=DIRECTION('',(0.,-0.96,0.28));
#4619=DIRECTION('',(0.,-0.551700939871936,-0.834042009100515));
#4620=DIRECTION('',(0.,-0.867301929536834,0.497782445473606));
#4621=DIRECTION('',(0.,-0.617476089496509,0.786589650898167));
#4622=DIRECTION('',(0.,-0.69225773157342,-0.721650353756459));
#4623=DIRECTION('',(0.,0.423529411764706,-0.905882352941177));
#4624=DIRECTION('',(0.,-0.290597488688445,-0.956845389583902));
#4625=DIRECTION('',(0.,-1.,0.));
#4626=DIRECTION('',(0.,-0.488879986278529,-0.872351052625206));
#4627=DIRECTION('center_axis',(2.37936675140824E-16,0.220846052867147,0.975308679820395));
#4628=DIRECTION('ref_axis',(4.90376745581382E-17,-0.975308679820395,0.220846052867147));
#4629=DIRECTION('',(1.,0.,-2.43960378969088E-16));
#4630=DIRECTION('',(4.90376745581382E-17,-0.975308679820395,0.220846052867147));
#4631=DIRECTION('',(1.,0.,-2.43960378969088E-16));
#4632=DIRECTION('center_axis',(-4.13276842281362E-17,0.98554682004537,-0.169403262951042));
#4633=DIRECTION('ref_axis',(2.18835354292095E-16,0.169403262951042,0.98554682004537));
#4634=DIRECTION('',(1.,0.,-2.43960378969088E-16));
#4635=DIRECTION('',(2.18835354292095E-16,0.169403262951042,0.98554682004537));
#4636=DIRECTION('center_axis',(-2.41051533913676E-16,0.153963295316141,
-0.988076567729139));
#4637=DIRECTION('ref_axis',(3.41867190814284E-17,0.988076567729138,0.153963295316141));
#4638=DIRECTION('',(1.,0.,-2.43960378969088E-16));
#4639=DIRECTION('',(3.41867190814284E-17,0.988076567729138,0.153963295316141));
#4640=DIRECTION('center_axis',(9.00208196501574E-17,0.929430306485301,0.368997703768791));
#4641=DIRECTION('ref_axis',(2.06374985208879E-16,-0.368997703768791,0.929430306485301));
#4642=DIRECTION('',(1.,0.,-2.43960378969088E-16));
#4643=DIRECTION('',(2.06374985208879E-16,-0.368997703768791,0.929430306485301));
#4644=DIRECTION('center_axis',(-2.02987305128001E-16,0.554700196225229,
-0.832050294337844));
#4645=DIRECTION('ref_axis',(1.23168185922668E-16,0.832050294337844,0.554700196225229));
#4646=DIRECTION('',(1.,0.,-2.43960378969088E-16));
#4647=DIRECTION('',(1.23168185922668E-16,0.832050294337844,0.554700196225229));
#4648=DIRECTION('center_axis',(-2.35111941361001E-16,-0.266879082981324,
-0.963730021877003));
#4649=DIRECTION('ref_axis',(-5.92590605433427E-17,0.963730021877003,-0.266879082981324));
#4650=DIRECTION('',(1.,0.,-2.43960378969088E-16));
#4651=DIRECTION('',(-5.92590605433427E-17,0.963730021877003,-0.266879082981324));
#4652=DIRECTION('center_axis',(-1.35324870085334E-16,-0.832050294337844,
-0.554700196225229));
#4653=DIRECTION('ref_axis',(-1.84752278884002E-16,0.554700196225229,-0.832050294337844));
#4654=DIRECTION('',(1.,0.,-2.43960378969088E-16));
#4655=DIRECTION('',(-1.84752278884002E-16,0.554700196225229,-0.832050294337844));
#4656=DIRECTION('center_axis',(-1.63080439575302E-16,0.743738204081599,
-0.668471004449317));
#4657=DIRECTION('ref_axis',(1.65143055692951E-16,0.668471004449317,0.743738204081599));
#4658=DIRECTION('',(1.,0.,-2.43960378969088E-16));
#4659=DIRECTION('',(1.65143055692951E-16,0.668471004449317,0.743738204081599));
#4660=DIRECTION('center_axis',(-2.43960378969088E-16,0.,-1.));
#4661=DIRECTION('ref_axis',(0.,1.,0.));
#4662=DIRECTION('',(1.,0.,-2.43960378969088E-16));
#4663=DIRECTION('',(0.,1.,0.));
#4664=DIRECTION('center_axis',(7.55450118671221E-17,-0.950847029131734,
0.309660987519184));
#4665=DIRECTION('ref_axis',(-2.11130452927695E-16,-0.309660987519184,-0.950847029131734));
#4666=DIRECTION('',(1.,0.,-2.43960378969088E-16));
#4667=DIRECTION('',(-2.11130452927695E-16,-0.309660987519184,-0.950847029131734));
#4668=DIRECTION('center_axis',(-2.4080475083404E-16,-0.160320587879145,
-0.987064997404976));
#4669=DIRECTION('ref_axis',(-3.55983215969735E-17,0.987064997404976,-0.160320587879145));
#4670=DIRECTION('',(1.,0.,-2.43960378969088E-16));
#4671=DIRECTION('',(-3.55983215969735E-17,0.987064997404976,-0.160320587879145));
#4672=DIRECTION('center_axis',(-1.58074124026999E-16,-0.761682884296329,
-0.647949985546744));
#4673=DIRECTION('ref_axis',(-1.69127575121737E-16,0.647949985546744,-0.761682884296329));
#4674=DIRECTION('',(1.,0.,-2.43960378969088E-16));
#4675=DIRECTION('',(-1.69127575121737E-16,0.647949985546744,-0.761682884296329));
#4676=DIRECTION('center_axis',(2.43960378969088E-16,0.,1.));
#4677=DIRECTION('ref_axis',(0.,-1.,0.));
#4678=DIRECTION('',(-1.,-3.3575678434569E-32,2.43960378969088E-16));
#4679=DIRECTION('center_axis',(1.65627782994175E-16,0.734219066822352,0.678912632018667));
#4680=DIRECTION('ref_axis',(1.63029382620994E-16,-0.678912632018667,0.734219066822352));
#4681=DIRECTION('',(1.,-2.25583603693377E-16,0.));
#4682=DIRECTION('',(1.63029382620994E-16,-0.678912632018667,0.734219066822352));
#4683=DIRECTION('',(1.,0.,-2.43960378969088E-16));
#4684=DIRECTION('center_axis',(1.65627782994174E-16,-0.734219066822357,
0.678912632018662));
#4685=DIRECTION('ref_axis',(-1.63029382620995E-16,-0.678912632018662,-0.734219066822357));
#4686=DIRECTION('',(-1.63029382620995E-16,-0.678912632018662,-0.734219066822357));
#4687=DIRECTION('',(-1.,-2.25583603693374E-16,0.));
#4688=DIRECTION('',(1.,0.,-2.43960378969088E-16));
#4689=DIRECTION('center_axis',(2.43960378969088E-16,0.,1.));
#4690=DIRECTION('ref_axis',(0.,-1.,0.));
#4691=DIRECTION('',(-1.,0.,2.43960378969088E-16));
#4692=DIRECTION('center_axis',(1.,0.,-2.43960378969088E-16));
#4693=DIRECTION('ref_axis',(1.21980189484543E-16,-0.86602540378444,0.499999999999998));
#4694=DIRECTION('',(1.,0.,-2.43960378969088E-16));
#4695=DIRECTION('center_axis',(1.,0.,-2.22044604925031E-16));
#4696=DIRECTION('ref_axis',(1.21980189484543E-16,-0.86602540378444,0.499999999999998));
#4697=DIRECTION('',(1.,0.,-2.43960378969088E-16));
#4698=DIRECTION('center_axis',(-7.23088921466498E-17,0.955065119689498,
-0.29639604780173));
#4699=DIRECTION('ref_axis',(2.12067057179132E-16,0.29639604780173,0.955065119689498));
#4700=DIRECTION('',(2.12067057179132E-16,0.29639604780173,0.955065119689498));
#4701=DIRECTION('',(-1.,0.,2.43960378969088E-16));
#4702=DIRECTION('center_axis',(2.37936675140824E-16,0.220846052867142,0.975308679820396));
#4703=DIRECTION('ref_axis',(4.90376745581371E-17,-0.975308679820396,0.220846052867142));
#4704=DIRECTION('',(4.90376745581371E-17,-0.975308679820396,0.220846052867142));
#4705=DIRECTION('',(1.,0.,-2.43960378969088E-16));
#4706=DIRECTION('center_axis',(1.,0.,-2.43960378969088E-16));
#4707=DIRECTION('ref_axis',(2.43960378969088E-16,0.,1.));
#4708=DIRECTION('center_axis',(1.,0.,-2.22044604925031E-16));
#4709=DIRECTION('ref_axis',(2.43960378969088E-16,0.,1.));
#4710=DIRECTION('',(1.,0.,-2.43960378969088E-16));
#4711=DIRECTION('center_axis',(-2.37936675140824E-16,0.220846052867142,
-0.975308679820396));
#4712=DIRECTION('ref_axis',(4.90376745581371E-17,0.975308679820396,0.220846052867142));
#4713=DIRECTION('',(4.90376745581371E-17,0.975308679820396,0.220846052867142));
#4714=DIRECTION('',(1.,0.,-2.43960378969088E-16));
#4715=DIRECTION('center_axis',(-1.,0.,2.22044604925031E-16));
#4716=DIRECTION('ref_axis',(2.22044604925031E-16,0.,1.));
#4717=DIRECTION('',(0.,1.,0.));
#4718=DIRECTION('',(-2.12067057179132E-16,0.296396047801736,-0.955065119689496));
#4719=DIRECTION('',(-4.90376745581371E-17,-0.975308679820396,-0.220846052867142));
#4720=DIRECTION('center_axis',(1.,0.,-2.22044604925031E-16));
#4721=DIRECTION('ref_axis',(-2.43960378969088E-16,0.,-1.));
#4722=DIRECTION('',(-4.90376745581371E-17,0.975308679820396,-0.220846052867142));
#4723=DIRECTION('',(-2.12067057179133E-16,-0.296396047801723,-0.9550651196895));
#4724=DIRECTION('center_axis',(1.,0.,-2.22044604925031E-16));
#4725=DIRECTION('ref_axis',(-1.21980189484542E-16,0.866025403784443,-0.499999999999992));
#4726=DIRECTION('',(1.63029382620996E-16,0.678912632018657,0.734219066822362));
#4727=DIRECTION('',(-1.63029382620993E-16,0.678912632018672,-0.734219066822347));
#4728=DIRECTION('center_axis',(1.,0.,-2.22044604925031E-16));
#4729=DIRECTION('ref_axis',(1.21980189484546E-16,0.866025403784433,0.50000000000001));
#4730=DIRECTION('',(2.12067057179131E-16,-0.296396047801743,0.955065119689494));
#4731=DIRECTION('',(0.,1.,0.));
#4732=DIRECTION('',(-1.93700844836099E-16,-0.488879986278529,-0.872351052625206));
#4733=DIRECTION('',(0.,-1.,0.));
#4734=DIRECTION('',(-2.12462356504495E-16,-0.290597488688445,-0.956845389583902));
#4735=DIRECTION('',(-2.01146289167381E-16,0.423529411764706,-0.905882352941177));
#4736=DIRECTION('',(-1.60238567693862E-16,-0.69225773157342,-0.721650353756459));
#4737=DIRECTION('',(1.74657988271802E-16,-0.617476089496509,0.786589650898167));
#4738=DIRECTION('',(1.10529906443803E-16,-0.867301929536834,0.497782445473606));
#4739=DIRECTION('',(-1.85194528401603E-16,-0.551700939871936,-0.834042009100515));
#4740=DIRECTION('',(6.21724893790087E-17,-0.96,0.28));
#4741=DIRECTION('',(2.1316282072803E-16,0.28,0.96));
#4742=DIRECTION('center_axis',(7.23088921466531E-17,0.955065119689494,0.296396047801743));
#4743=DIRECTION('ref_axis',(2.12067057179131E-16,-0.296396047801743,0.955065119689494));
#4744=DIRECTION('',(1.,0.,0.));
#4745=DIRECTION('center_axis',(-6.83089061113445E-17,0.96,-0.28));
#4746=DIRECTION('ref_axis',(2.1316282072803E-16,0.28,0.96));
#4747=DIRECTION('',(1.,0.,-2.43960378969088E-16));
#4748=DIRECTION('center_axis',(2.34201963810324E-16,0.28,0.96));
#4749=DIRECTION('ref_axis',(6.21724893790087E-17,-0.96,0.28));
#4750=DIRECTION('',(1.,0.,-2.43960378969088E-16));
#4751=DIRECTION('center_axis',(1.34593170368759E-16,-0.834042009100515,
0.551700939871936));
#4752=DIRECTION('ref_axis',(-1.85194528401603E-16,-0.551700939871936,-0.834042009100515));
#4753=DIRECTION('',(1.,0.,-2.43960378969088E-16));
#4754=DIRECTION('center_axis',(2.11587307410427E-16,0.497782445473606,0.867301929536834));
#4755=DIRECTION('ref_axis',(1.10529906443803E-16,-0.867301929536834,0.497782445473606));
#4756=DIRECTION('',(1.,0.,-2.43960378969088E-16));
#4757=DIRECTION('center_axis',(1.50639700797919E-16,0.786589650898167,0.617476089496509));
#4758=DIRECTION('ref_axis',(1.74657988271802E-16,-0.617476089496509,0.786589650898167));
#4759=DIRECTION('',(1.,0.,-2.43960378969088E-16));
#4760=DIRECTION('center_axis',(1.68883458538933E-16,-0.721650353756459,
0.69225773157342));
#4761=DIRECTION('ref_axis',(-1.60238567693862E-16,-0.69225773157342,-0.721650353756459));
#4762=DIRECTION('',(1.,0.,-2.43960378969088E-16));
#4763=DIRECTION('center_axis',(-1.03324395798672E-16,-0.905882352941177,
-0.423529411764706));
#4764=DIRECTION('ref_axis',(-2.01146289167381E-16,0.423529411764706,-0.905882352941177));
#4765=DIRECTION('',(1.,0.,-2.43960378969088E-16));
#4766=DIRECTION('center_axis',(7.08942734678982E-17,-0.956845389583902,
0.290597488688445));
#4767=DIRECTION('ref_axis',(-2.12462356504495E-16,-0.290597488688445,-0.956845389583902));
#4768=DIRECTION('',(1.,0.,-2.43960378969088E-16));
#4769=DIRECTION('center_axis',(2.43960378969088E-16,0.,1.));
#4770=DIRECTION('ref_axis',(0.,-1.,0.));
#4771=DIRECTION('',(1.,0.,-2.43960378969088E-16));
#4772=DIRECTION('center_axis',(1.19267346722912E-16,-0.872351052625206,
0.488879986278529));
#4773=DIRECTION('ref_axis',(-1.93700844836099E-16,-0.488879986278529,-0.872351052625206));
#4774=DIRECTION('center_axis',(1.,0.,-2.43960378969088E-16));
#4775=DIRECTION('ref_axis',(1.21980189484546E-16,0.866025403784433,0.50000000000001));
#4776=DIRECTION('',(1.,0.,0.));
#4777=DIRECTION('center_axis',(-1.65627782994176E-16,-0.734219066822347,
-0.678912632018673));
#4778=DIRECTION('ref_axis',(-1.63029382620993E-16,0.678912632018672,-0.734219066822347));
#4779=DIRECTION('',(1.,0.,-2.43960378969088E-16));
#4780=DIRECTION('center_axis',(-1.65627782994172E-16,0.734219066822361,
-0.678912632018657));
#4781=DIRECTION('ref_axis',(1.63029382620996E-16,0.678912632018657,0.734219066822362));
#4782=DIRECTION('',(1.,0.,0.));
#4783=DIRECTION('center_axis',(1.,0.,-2.43960378969088E-16));
#4784=DIRECTION('ref_axis',(-1.21980189484542E-16,0.866025403784443,-0.499999999999992));
#4785=DIRECTION('',(1.,0.,0.));
#4786=DIRECTION('center_axis',(7.23088921466482E-17,-0.9550651196895,0.296396047801723));
#4787=DIRECTION('ref_axis',(-2.12067057179133E-16,-0.296396047801723,-0.9550651196895));
#4788=DIRECTION('',(1.,0.,-2.43960378969088E-16));
#4789=DIRECTION('center_axis',(-2.37936675140824E-16,-0.220846052867142,
-0.975308679820396));
#4790=DIRECTION('ref_axis',(-4.90376745581371E-17,0.975308679820396,-0.220846052867142));
#4791=DIRECTION('',(1.,0.,0.));
#4792=DIRECTION('center_axis',(1.,0.,-2.43960378969088E-16));
#4793=DIRECTION('ref_axis',(-2.43960378969088E-16,0.,-1.));
#4794=DIRECTION('',(1.,0.,0.));
#4795=DIRECTION('center_axis',(2.37936675140824E-16,-0.220846052867142,
0.975308679820396));
#4796=DIRECTION('ref_axis',(-4.90376745581371E-17,-0.975308679820396,-0.220846052867142));
#4797=DIRECTION('',(1.,0.,-2.43960378969088E-16));
#4798=DIRECTION('center_axis',(-7.23088921466514E-17,-0.955065119689496,
-0.296396047801736));
#4799=DIRECTION('ref_axis',(-2.12067057179132E-16,0.296396047801736,-0.955065119689496));
#4800=DIRECTION('center_axis',(0.,0.28,0.96));
#4801=DIRECTION('ref_axis',(-6.21724893790087E-17,0.96,-0.28));
#4802=DIRECTION('',(0.,-0.96,0.28));
#4803=DIRECTION('',(-1.,0.,0.));
#4804=DIRECTION('',(-6.21724893790087E-17,0.96,-0.28));
#4805=DIRECTION('',(-1.,0.,0.));
#4806=DIRECTION('center_axis',(0.,-0.834042009100515,0.551700939871936));
#4807=DIRECTION('ref_axis',(1.85194528401603E-16,0.551700939871936,0.834042009100515));
#4808=DIRECTION('',(0.,-0.551700939871936,-0.834042009100515));
#4809=DIRECTION('',(-1.,0.,0.));
#4810=DIRECTION('',(1.85194528401603E-16,0.551700939871936,0.834042009100515));
#4811=DIRECTION('center_axis',(0.,0.497782445473606,0.867301929536834));
#4812=DIRECTION('ref_axis',(-1.10529906443803E-16,0.867301929536834,-0.497782445473606));
#4813=DIRECTION('',(0.,-0.867301929536834,0.497782445473606));
#4814=DIRECTION('',(-1.,0.,0.));
#4815=DIRECTION('',(-1.10529906443803E-16,0.867301929536834,-0.497782445473606));
#4816=DIRECTION('center_axis',(0.,0.786589650898167,0.617476089496509));
#4817=DIRECTION('ref_axis',(-1.74657988271802E-16,0.617476089496509,-0.786589650898167));
#4818=DIRECTION('',(0.,-0.617476089496509,0.786589650898167));
#4819=DIRECTION('',(-1.,0.,0.));
#4820=DIRECTION('',(-1.74657988271802E-16,0.617476089496509,-0.786589650898167));
#4821=DIRECTION('center_axis',(0.,-0.721650353756459,0.69225773157342));
#4822=DIRECTION('ref_axis',(1.60238567693862E-16,0.69225773157342,0.721650353756459));
#4823=DIRECTION('',(0.,-0.69225773157342,-0.721650353756459));
#4824=DIRECTION('',(-1.,0.,0.));
#4825=DIRECTION('',(1.60238567693862E-16,0.69225773157342,0.721650353756459));
#4826=DIRECTION('center_axis',(0.,-0.905882352941177,-0.423529411764706));
#4827=DIRECTION('ref_axis',(2.01146289167381E-16,-0.423529411764706,0.905882352941177));
#4828=DIRECTION('',(0.,0.423529411764706,-0.905882352941177));
#4829=DIRECTION('',(-1.,0.,0.));
#4830=DIRECTION('',(2.01146289167381E-16,-0.423529411764706,0.905882352941177));
#4831=DIRECTION('center_axis',(0.,-0.956845389583902,0.290597488688445));
#4832=DIRECTION('ref_axis',(2.12462356504495E-16,0.290597488688445,0.956845389583902));
#4833=DIRECTION('',(0.,-0.290597488688445,-0.956845389583902));
#4834=DIRECTION('',(-1.,0.,0.));
#4835=DIRECTION('',(2.12462356504495E-16,0.290597488688445,0.956845389583902));
#4836=DIRECTION('center_axis',(0.,0.,1.));
#4837=DIRECTION('ref_axis',(0.,1.,0.));
#4838=DIRECTION('',(0.,-1.,0.));
#4839=DIRECTION('',(-1.,0.,0.));
#4840=DIRECTION('',(0.,1.,0.));
#4841=DIRECTION('center_axis',(0.,-0.872351052625206,0.488879986278529));
#4842=DIRECTION('ref_axis',(1.93700844836099E-16,0.488879986278529,0.872351052625206));
#4843=DIRECTION('',(0.,-0.488879986278529,-0.872351052625206));
#4844=DIRECTION('',(-1.,0.,0.));
#4845=DIRECTION('',(1.93700844836099E-16,0.488879986278529,0.872351052625206));
#4846=DIRECTION('center_axis',(0.,-0.761682884296329,-0.647949985546744));
#4847=DIRECTION('ref_axis',(1.69127575121737E-16,-0.647949985546744,0.761682884296329));
#4848=DIRECTION('',(0.,0.647949985546744,-0.761682884296329));
#4849=DIRECTION('',(-1.,0.,0.));
#4850=DIRECTION('',(1.69127575121737E-16,-0.647949985546744,0.761682884296329));
#4851=DIRECTION('center_axis',(0.,-0.160320587879145,-0.987064997404976));
#4852=DIRECTION('ref_axis',(3.55983215969735E-17,-0.987064997404976,0.160320587879145));
#4853=DIRECTION('',(0.,0.987064997404976,-0.160320587879145));
#4854=DIRECTION('',(-1.,0.,0.));
#4855=DIRECTION('',(3.55983215969735E-17,-0.987064997404976,0.160320587879145));
#4856=DIRECTION('center_axis',(0.,0.734219066822352,0.678912632018667));
#4857=DIRECTION('ref_axis',(-1.63029382620994E-16,0.678912632018667,-0.734219066822352));
#4858=DIRECTION('',(0.,-0.678912632018667,0.734219066822352));
#4859=DIRECTION('',(-1.,0.,0.));
#4860=DIRECTION('',(-1.63029382620994E-16,0.678912632018667,-0.734219066822352));
#4861=DIRECTION('',(-1.,0.,0.));
#4862=DIRECTION('center_axis',(0.,-0.734219066822357,0.678912632018662));
#4863=DIRECTION('ref_axis',(1.63029382620995E-16,0.678912632018662,0.734219066822357));
#4864=DIRECTION('',(0.,-0.678912632018662,-0.734219066822357));
#4865=DIRECTION('',(-1.,0.,0.));
#4866=DIRECTION('',(1.63029382620995E-16,0.678912632018662,0.734219066822357));
#4867=DIRECTION('center_axis',(-1.,0.,0.));
#4868=DIRECTION('ref_axis',(0.,-0.86602540378444,0.499999999999998));
#4869=DIRECTION('',(-1.,0.,0.));
#4870=DIRECTION('center_axis',(-1.,0.,2.22044604925031E-16));
#4871=DIRECTION('ref_axis',(1.11022302462515E-16,-0.86602540378444,0.499999999999998));
#4872=DIRECTION('',(-1.,0.,0.));
#4873=DIRECTION('center_axis',(0.,0.955065119689498,-0.29639604780173));
#4874=DIRECTION('ref_axis',(-2.12067057179132E-16,-0.29639604780173,-0.955065119689498));
#4875=DIRECTION('',(-1.,0.,0.));
#4876=DIRECTION('',(-2.12067057179132E-16,-0.29639604780173,-0.955065119689498));
#4877=DIRECTION('center_axis',(0.,0.220846052867142,0.975308679820396));
#4878=DIRECTION('ref_axis',(-4.90376745581371E-17,0.975308679820396,-0.220846052867142));
#4879=DIRECTION('',(-1.,0.,0.));
#4880=DIRECTION('',(-4.90376745581371E-17,0.975308679820396,-0.220846052867142));
#4881=DIRECTION('center_axis',(-1.,0.,0.));
#4882=DIRECTION('ref_axis',(0.,0.,1.));
#4883=DIRECTION('',(-1.,0.,0.));
#4884=DIRECTION('center_axis',(-1.,0.,2.22044604925031E-16));
#4885=DIRECTION('ref_axis',(2.22044604925031E-16,0.,1.));
#4886=DIRECTION('center_axis',(0.,0.220846052867142,-0.975308679820396));
#4887=DIRECTION('ref_axis',(-4.90376745581371E-17,-0.975308679820396,-0.220846052867142));
#4888=DIRECTION('',(-1.,0.,0.));
#4889=DIRECTION('',(-4.90376745581371E-17,-0.975308679820396,-0.220846052867142));
#4890=DIRECTION('center_axis',(0.,0.96,-0.28));
#4891=DIRECTION('ref_axis',(-2.1316282072803E-16,-0.28,-0.96));
#4892=DIRECTION('',(0.,0.28,0.96));
#4893=DIRECTION('',(-2.1316282072803E-16,-0.28,-0.96));
#4894=DIRECTION('',(-1.,0.,0.));
#4895=DIRECTION('center_axis',(0.,0.220846052867147,0.975308679820395));
#4896=DIRECTION('ref_axis',(-4.90376745581382E-17,0.975308679820395,-0.220846052867147));
#4897=DIRECTION('',(0.,-0.975308679820395,0.220846052867147));
#4898=DIRECTION('',(-4.90376745581382E-17,0.975308679820395,-0.220846052867147));
#4899=DIRECTION('',(-1.,0.,0.));
#4900=DIRECTION('center_axis',(0.,0.98554682004537,-0.169403262951042));
#4901=DIRECTION('ref_axis',(-2.18835354292095E-16,-0.169403262951042,-0.98554682004537));
#4902=DIRECTION('',(0.,0.169403262951042,0.98554682004537));
#4903=DIRECTION('',(-2.18835354292095E-16,-0.169403262951042,-0.98554682004537));
#4904=DIRECTION('',(-1.,0.,0.));
#4905=DIRECTION('center_axis',(0.,0.153963295316141,-0.988076567729139));
#4906=DIRECTION('ref_axis',(-3.41867190814284E-17,-0.988076567729138,-0.153963295316141));
#4907=DIRECTION('',(0.,0.988076567729138,0.153963295316141));
#4908=DIRECTION('',(-3.41867190814284E-17,-0.988076567729138,-0.153963295316141));
#4909=DIRECTION('',(-1.,0.,0.));
#4910=DIRECTION('center_axis',(0.,0.929430306485301,0.368997703768791));
#4911=DIRECTION('ref_axis',(-2.06374985208879E-16,0.368997703768791,-0.929430306485301));
#4912=DIRECTION('',(0.,-0.368997703768791,0.929430306485301));
#4913=DIRECTION('',(-2.06374985208879E-16,0.368997703768791,-0.929430306485301));
#4914=DIRECTION('',(-1.,0.,0.));
#4915=DIRECTION('center_axis',(0.,0.554700196225229,-0.832050294337844));
#4916=DIRECTION('ref_axis',(-1.23168185922668E-16,-0.832050294337844,-0.554700196225229));
#4917=DIRECTION('',(0.,0.832050294337844,0.554700196225229));
#4918=DIRECTION('',(-1.23168185922668E-16,-0.832050294337844,-0.554700196225229));
#4919=DIRECTION('',(-1.,0.,0.));
#4920=DIRECTION('center_axis',(0.,-0.266879082981324,-0.963730021877003));
#4921=DIRECTION('ref_axis',(5.92590605433427E-17,-0.963730021877003,0.266879082981324));
#4922=DIRECTION('',(0.,0.963730021877003,-0.266879082981324));
#4923=DIRECTION('',(5.92590605433427E-17,-0.963730021877003,0.266879082981324));
#4924=DIRECTION('',(-1.,0.,0.));
#4925=DIRECTION('center_axis',(0.,-0.832050294337844,-0.554700196225229));
#4926=DIRECTION('ref_axis',(1.84752278884002E-16,-0.554700196225229,0.832050294337844));
#4927=DIRECTION('',(0.,0.554700196225229,-0.832050294337844));
#4928=DIRECTION('',(1.84752278884002E-16,-0.554700196225229,0.832050294337844));
#4929=DIRECTION('',(-1.,0.,0.));
#4930=DIRECTION('center_axis',(0.,0.743738204081599,-0.668471004449317));
#4931=DIRECTION('ref_axis',(-1.65143055692951E-16,-0.668471004449317,-0.743738204081599));
#4932=DIRECTION('',(0.,0.668471004449317,0.743738204081599));
#4933=DIRECTION('',(-1.65143055692951E-16,-0.668471004449317,-0.743738204081599));
#4934=DIRECTION('',(-1.,0.,0.));
#4935=DIRECTION('center_axis',(0.,0.,-1.));
#4936=DIRECTION('ref_axis',(0.,-1.,0.));
#4937=DIRECTION('',(0.,1.,0.));
#4938=DIRECTION('',(0.,-1.,0.));
#4939=DIRECTION('',(-1.,0.,0.));
#4940=DIRECTION('center_axis',(0.,-0.950847029131734,0.309660987519184));
#4941=DIRECTION('ref_axis',(2.11130452927695E-16,0.309660987519184,0.950847029131734));
#4942=DIRECTION('',(0.,-0.309660987519184,-0.950847029131734));
#4943=DIRECTION('',(2.11130452927695E-16,0.309660987519184,0.950847029131734));
#4944=DIRECTION('center_axis',(-1.,0.,0.));
#4945=DIRECTION('ref_axis',(0.,-0.866025403784436,-0.500000000000004));
#4946=DIRECTION('',(-1.,0.,0.));
#4947=DIRECTION('center_axis',(-1.,0.,2.22044604925031E-16));
#4948=DIRECTION('ref_axis',(-1.11022302462516E-16,-0.866025403784436,-0.500000000000004));
#4949=DIRECTION('',(-1.,0.,0.));
#4950=DIRECTION('center_axis',(0.,-0.955065119689496,-0.296396047801736));
#4951=DIRECTION('ref_axis',(2.12067057179132E-16,-0.296396047801736,0.955065119689496));
#4952=DIRECTION('',(2.12067057179132E-16,-0.296396047801736,0.955065119689496));
#4953=DIRECTION('',(-1.,0.,0.));
#4954=DIRECTION('center_axis',(0.,-0.220846052867142,0.975308679820396));
#4955=DIRECTION('ref_axis',(4.90376745581371E-17,0.975308679820396,0.220846052867142));
#4956=DIRECTION('',(4.90376745581371E-17,0.975308679820396,0.220846052867142));
#4957=DIRECTION('',(-1.,0.,0.));
#4958=DIRECTION('center_axis',(-1.,0.,0.));
#4959=DIRECTION('ref_axis',(0.,0.,-1.));
#4960=DIRECTION('center_axis',(-1.,0.,2.22044604925031E-16));
#4961=DIRECTION('ref_axis',(-2.22044604925031E-16,0.,-1.));
#4962=DIRECTION('',(-1.,0.,0.));
#4963=DIRECTION('center_axis',(0.,-0.220846052867142,-0.975308679820396));
#4964=DIRECTION('ref_axis',(4.90376745581371E-17,-0.975308679820396,0.220846052867142));
#4965=DIRECTION('',(4.90376745581371E-17,-0.975308679820396,0.220846052867142));
#4966=DIRECTION('',(-1.,0.,0.));
#4967=DIRECTION('center_axis',(0.,-0.9550651196895,0.296396047801723));
#4968=DIRECTION('ref_axis',(2.12067057179133E-16,0.296396047801723,0.9550651196895));
#4969=DIRECTION('',(2.12067057179133E-16,0.296396047801723,0.9550651196895));
#4970=DIRECTION('',(-1.,0.,0.));
#4971=DIRECTION('center_axis',(-1.,0.,0.));
#4972=DIRECTION('ref_axis',(0.,0.866025403784443,-0.499999999999992));
#4973=DIRECTION('center_axis',(-1.,0.,2.22044604925031E-16));
#4974=DIRECTION('ref_axis',(-1.11022302462514E-16,0.866025403784443,-0.499999999999992));
#4975=DIRECTION('',(-1.,0.,0.));
#4976=DIRECTION('center_axis',(0.,0.734219066822361,-0.678912632018657));
#4977=DIRECTION('ref_axis',(-1.63029382620996E-16,-0.678912632018657,-0.734219066822362));
#4978=DIRECTION('',(-1.63029382620996E-16,-0.678912632018657,-0.734219066822361));
#4979=DIRECTION('',(-1.,0.,0.));
#4980=DIRECTION('center_axis',(0.,-0.734219066822347,-0.678912632018673));
#4981=DIRECTION('ref_axis',(1.63029382620993E-16,-0.678912632018672,0.734219066822347));
#4982=DIRECTION('',(1.63029382620993E-16,-0.678912632018673,0.734219066822347));
#4983=DIRECTION('',(-1.,0.,0.));
#4984=DIRECTION('center_axis',(-1.,0.,0.));
#4985=DIRECTION('ref_axis',(0.,0.866025403784433,0.50000000000001));
#4986=DIRECTION('center_axis',(-1.,0.,2.22044604925031E-16));
#4987=DIRECTION('ref_axis',(1.11022302462518E-16,0.866025403784433,0.50000000000001));
#4988=DIRECTION('',(-1.,0.,0.));
#4989=DIRECTION('center_axis',(0.,0.955065119689494,0.296396047801743));
#4990=DIRECTION('ref_axis',(-2.12067057179131E-16,0.296396047801743,-0.955065119689494));
#4991=DIRECTION('',(-2.12067057179131E-16,0.296396047801743,-0.955065119689494));
#4992=DIRECTION('center_axis',(-1.,0.,2.22044604925031E-16));
#4993=DIRECTION('ref_axis',(2.22044604925031E-16,0.,1.));
#4994=DIRECTION('',(0.,1.,0.));
#4995=DIRECTION('',(0.,1.,0.));
#4996=DIRECTION('center_axis',(-1.,0.,0.));
#4997=DIRECTION('ref_axis',(0.,0.,1.));
#4998=DIRECTION('center_axis',(0.,0.,-1.));
#4999=DIRECTION('ref_axis',(-1.,0.,0.));
#5000=DIRECTION('',(1.,0.,0.));
#5001=DIRECTION('center_axis',(0.,1.,0.));
#5002=DIRECTION('ref_axis',(0.,0.,1.));
#5003=DIRECTION('',(1.,0.,0.));
#5004=DIRECTION('',(0.,0.,1.));
#5005=DIRECTION('',(1.,0.,0.));
#5006=DIRECTION('',(1.,0.,0.));
#5007=DIRECTION('center_axis',(0.,0.,-1.));
#5008=DIRECTION('ref_axis',(-1.,0.,0.));
#5009=DIRECTION('center_axis',(0.,0.,1.));
#5010=DIRECTION('ref_axis',(0.,-1.,0.));
#5011=DIRECTION('',(0.,-1.,0.));
#5012=DIRECTION('center_axis',(-1.09273919746571E-16,-1.,-6.31470585797976E-50));
#5013=DIRECTION('ref_axis',(4.78721906658574E-33,-5.8626525067114E-49,1.));
#5014=DIRECTION('',(1.,0.,0.));
#5015=DIRECTION('',(-1.,0.,0.));
#5016=DIRECTION('center_axis',(1.,0.,0.));
#5017=DIRECTION('ref_axis',(0.,1.,0.));
#5018=DIRECTION('',(0.,1.,0.));
#5019=DIRECTION('center_axis',(1.,0.,0.));
#5020=DIRECTION('ref_axis',(0.,-0.707106781186548,-0.707106781186548));
#5021=DIRECTION('',(-1.,0.,0.));
#5022=DIRECTION('center_axis',(-1.,0.,0.));
#5023=DIRECTION('ref_axis',(0.,0.707106781186548,-0.707106781186547));
#5024=DIRECTION('center_axis',(0.,0.,-1.));
#5025=DIRECTION('ref_axis',(0.,1.,0.));
#5026=DIRECTION('center_axis',(1.,0.,0.));
#5027=DIRECTION('ref_axis',(0.,0.,-1.));
#5028=DIRECTION('',(0.,-1.,0.));
#5029=DIRECTION('center_axis',(0.,0.,1.));
#5030=DIRECTION('ref_axis',(0.,-1.,0.));
#5031=DIRECTION('center_axis',(1.,0.,0.));
#5032=DIRECTION('ref_axis',(0.,0.707106781186548,-0.707106781186547));
#5033=DIRECTION('center_axis',(0.,0.,-1.));
#5034=DIRECTION('ref_axis',(-1.,0.,0.));
#5035=DIRECTION('center_axis',(-0.996194698091746,0.0871557427476581,0.));
#5036=DIRECTION('ref_axis',(-0.0871557427476581,-0.996194698091746,0.));
#5037=DIRECTION('center_axis',(0.996194698091746,-0.0871557427476581,0.));
#5038=DIRECTION('ref_axis',(-0.0871557427476581,-0.996194698091746,0.));
#5039=DIRECTION('',(-0.996194698091746,0.0871557427476581,0.));
#5040=DIRECTION('center_axis',(0.996194698091746,-0.0871557427476581,0.));
#5041=DIRECTION('ref_axis',(-0.0871557427476581,-0.996194698091746,0.));
#5042=DIRECTION('center_axis',(-0.996194698091746,0.0871557427476581,0.));
#5043=DIRECTION('ref_axis',(-0.0871557427476581,-0.996194698091746,0.));
#5044=DIRECTION('center_axis',(-0.0871557427476581,-0.996194698091746,0.));
#5045=DIRECTION('ref_axis',(0.996194698091746,-0.0871557427476581,0.));
#5046=DIRECTION('',(-0.996194698091746,0.0871557427476581,0.));
#5047=DIRECTION('',(0.,0.,1.));
#5048=DIRECTION('',(0.996194698091746,-0.0871557427476581,0.));
#5049=DIRECTION('',(0.,0.,1.));
#5050=DIRECTION('center_axis',(-0.996194698091746,0.0871557427476581,0.));
#5051=DIRECTION('ref_axis',(-0.0871557427476581,-0.996194698091746,0.));
#5052=DIRECTION('',(0.0871557427476581,0.996194698091746,0.));
#5053=DIRECTION('',(-0.0871557427476581,-0.996194698091746,0.));
#5054=DIRECTION('',(0.,0.,1.));
#5055=DIRECTION('center_axis',(0.0871557427476581,0.996194698091746,0.));
#5056=DIRECTION('ref_axis',(-0.996194698091746,0.0871557427476581,0.));
#5057=DIRECTION('',(0.996194698091746,-0.0871557427476581,0.));
#5058=DIRECTION('',(-0.996194698091746,0.0871557427476581,0.));
#5059=DIRECTION('',(0.,0.,1.));
#5060=DIRECTION('center_axis',(0.996194698091746,-0.0871557427476581,0.));
#5061=DIRECTION('ref_axis',(0.0871557427476581,0.996194698091746,0.));
#5062=DIRECTION('',(-0.0871557427476581,-0.996194698091746,0.));
#5063=DIRECTION('',(0.0871557427476581,0.996194698091746,0.));
#5064=DIRECTION('center_axis',(0.,0.,1.));
#5065=DIRECTION('ref_axis',(0.996194698091746,-0.0871557427476581,0.));
#5066=DIRECTION('center_axis',(0.,0.,1.));
#5067=DIRECTION('ref_axis',(-0.996194698091746,0.0871557427476581,0.));
#5068=DIRECTION('center_axis',(-0.470542290043802,0.882377443773545,0.));
#5069=DIRECTION('ref_axis',(-0.882377443773545,-0.470542290043802,0.));
#5070=DIRECTION('center_axis',(0.470542290043802,-0.882377443773545,0.));
#5071=DIRECTION('ref_axis',(-0.882377443773545,-0.470542290043802,0.));
#5072=DIRECTION('center_axis',(-0.470542290043802,0.882377443773545,0.));
#5073=DIRECTION('ref_axis',(-0.882377443773545,-0.470542290043802,0.));
#5074=DIRECTION('',(-0.470542290043802,0.882377443773545,0.));
#5075=DIRECTION('center_axis',(0.470542290043802,-0.882377443773545,0.));
#5076=DIRECTION('ref_axis',(-0.882377443773545,-0.470542290043802,0.));
#5077=DIRECTION('center_axis',(0.470542290043802,-0.882377443773545,0.));
#5078=DIRECTION('ref_axis',(0.882377443773545,0.470542290043802,0.));
#5079=DIRECTION('',(0.882377443773545,0.470542290043802,0.));
#5080=DIRECTION('',(0.,0.,1.));
#5081=DIRECTION('',(0.882377443773545,0.470542290043802,0.));
#5082=DIRECTION('',(0.,0.,1.));
#5083=DIRECTION('center_axis',(-0.882377443773545,-0.470542290043801,0.));
#5084=DIRECTION('ref_axis',(0.470542290043801,-0.882377443773545,0.));
#5085=DIRECTION('',(0.470542290043801,-0.882377443773545,0.));
#5086=DIRECTION('',(0.470542290043801,-0.882377443773545,0.));
#5087=DIRECTION('',(0.,0.,1.));
#5088=DIRECTION('center_axis',(-0.470542290043802,0.882377443773545,0.));
#5089=DIRECTION('ref_axis',(-0.882377443773545,-0.470542290043802,0.));
#5090=DIRECTION('',(-0.882377443773545,-0.470542290043802,0.));
#5091=DIRECTION('',(-0.882377443773545,-0.470542290043802,0.));
#5092=DIRECTION('',(0.,0.,1.));
#5093=DIRECTION('center_axis',(0.882377443773545,0.470542290043801,0.));
#5094=DIRECTION('ref_axis',(-0.470542290043801,0.882377443773545,0.));
#5095=DIRECTION('',(-0.470542290043801,0.882377443773545,0.));
#5096=DIRECTION('',(-0.470542290043801,0.882377443773545,0.));
#5097=DIRECTION('center_axis',(0.,0.,1.));
#5098=DIRECTION('ref_axis',(1.,0.,0.));
#5099=DIRECTION('center_axis',(0.,0.,1.));
#5100=DIRECTION('ref_axis',(-1.,0.,0.));
#5101=DIRECTION('center_axis',(0.55931029457545,0.828958379161417,0.));
#5102=DIRECTION('ref_axis',(-0.828958379161417,0.55931029457545,0.));
#5103=DIRECTION('center_axis',(0.55931029457545,0.828958379161417,0.));
#5104=DIRECTION('ref_axis',(-0.828958379161417,0.55931029457545,0.));
#5105=DIRECTION('',(0.55931029457545,0.828958379161417,0.));
#5106=DIRECTION('center_axis',(0.55931029457545,0.828958379161417,0.));
#5107=DIRECTION('ref_axis',(-0.828958379161417,0.55931029457545,0.));
#5108=DIRECTION('center_axis',(0.55931029457545,0.828958379161417,0.));
#5109=DIRECTION('ref_axis',(-0.828958379161417,0.55931029457545,0.));
#5110=DIRECTION('center_axis',(0.55931029457545,0.828958379161417,0.));
#5111=DIRECTION('ref_axis',(-0.828958379161417,0.55931029457545,0.));
#5112=DIRECTION('',(-0.828958379161417,0.55931029457545,0.));
#5113=DIRECTION('',(0.,0.,1.));
#5114=DIRECTION('',(-0.828958379161417,0.55931029457545,0.));
#5115=DIRECTION('',(0.,0.,1.));
#5116=DIRECTION('center_axis',(0.828958379161417,-0.55931029457545,0.));
#5117=DIRECTION('ref_axis',(0.55931029457545,0.828958379161417,0.));
#5118=DIRECTION('',(0.55931029457545,0.828958379161417,0.));
#5119=DIRECTION('',(0.55931029457545,0.828958379161417,0.));
#5120=DIRECTION('',(0.,0.,1.));
#5121=DIRECTION('center_axis',(-0.55931029457545,-0.828958379161417,0.));
#5122=DIRECTION('ref_axis',(0.828958379161417,-0.55931029457545,0.));
#5123=DIRECTION('',(0.828958379161417,-0.55931029457545,0.));
#5124=DIRECTION('',(0.828958379161417,-0.55931029457545,0.));
#5125=DIRECTION('',(0.,0.,1.));
#5126=DIRECTION('center_axis',(-0.828958379161416,0.559310294575451,0.));
#5127=DIRECTION('ref_axis',(-0.559310294575451,-0.828958379161417,0.));
#5128=DIRECTION('',(-0.559310294575451,-0.828958379161417,0.));
#5129=DIRECTION('',(-0.559310294575451,-0.828958379161417,0.));
#5130=DIRECTION('center_axis',(0.,0.,1.));
#5131=DIRECTION('ref_axis',(1.,1.11022302462516E-16,0.));
#5132=DIRECTION('center_axis',(0.,0.,1.));
#5133=DIRECTION('ref_axis',(-1.,-1.11022302462516E-16,0.));
#5134=DIRECTION('center_axis',(-0.998629534754574,0.0523359562429438,0.));
#5135=DIRECTION('ref_axis',(-0.0523359562429438,-0.998629534754574,0.));
#5136=DIRECTION('center_axis',(-0.998629534754574,0.0523359562429438,0.));
#5137=DIRECTION('ref_axis',(-0.0523359562429438,-0.998629534754574,0.));
#5138=DIRECTION('',(-0.998629534754574,0.0523359562429438,0.));
#5139=DIRECTION('center_axis',(-0.998629534754574,0.0523359562429438,0.));
#5140=DIRECTION('ref_axis',(-0.0523359562429438,-0.998629534754574,0.));
#5141=DIRECTION('center_axis',(-0.998629534754574,0.0523359562429438,0.));
#5142=DIRECTION('ref_axis',(-0.0523359562429438,-0.998629534754574,0.));
#5143=DIRECTION('center_axis',(-0.998629534754574,0.0523359562429438,0.));
#5144=DIRECTION('ref_axis',(-0.0523359562429438,-0.998629534754574,0.));
#5145=DIRECTION('',(-0.0523359562429438,-0.998629534754574,0.));
#5146=DIRECTION('',(0.,0.,1.));
#5147=DIRECTION('',(-0.0523359562429438,-0.998629534754574,0.));
#5148=DIRECTION('',(0.,0.,1.));
#5149=DIRECTION('center_axis',(0.0523359562429438,0.998629534754574,0.));
#5150=DIRECTION('ref_axis',(-0.998629534754574,0.0523359562429438,0.));
#5151=DIRECTION('',(-0.998629534754574,0.0523359562429438,0.));
#5152=DIRECTION('',(-0.998629534754574,0.0523359562429438,0.));
#5153=DIRECTION('',(0.,0.,1.));
#5154=DIRECTION('center_axis',(0.998629534754574,-0.0523359562429438,0.));
#5155=DIRECTION('ref_axis',(0.0523359562429438,0.998629534754574,0.));
#5156=DIRECTION('',(0.0523359562429438,0.998629534754574,0.));
#5157=DIRECTION('',(0.0523359562429438,0.998629534754574,0.));
#5158=DIRECTION('',(0.,0.,1.));
#5159=DIRECTION('center_axis',(-0.0523359562429438,-0.998629534754574,0.));
#5160=DIRECTION('ref_axis',(0.998629534754574,-0.0523359562429438,0.));
#5161=DIRECTION('',(0.998629534754574,-0.0523359562429438,0.));
#5162=DIRECTION('',(0.998629534754574,-0.0523359562429438,0.));
#5163=DIRECTION('center_axis',(0.,0.,1.));
#5164=DIRECTION('ref_axis',(0.998629534754574,-0.0523359562429438,0.));
#5165=DIRECTION('center_axis',(0.,0.,1.));
#5166=DIRECTION('ref_axis',(-0.998629534754574,0.0523359562429438,0.));
#5167=DIRECTION('center_axis',(-0.470542290043802,0.882377443773545,0.));
#5168=DIRECTION('ref_axis',(-0.882377443773545,-0.470542290043802,0.));
#5169=DIRECTION('center_axis',(-0.470542290043802,0.882377443773544,0.));
#5170=DIRECTION('ref_axis',(-0.882377443773545,-0.470542290043802,0.));
#5171=DIRECTION('',(-0.470542290043802,0.882377443773545,0.));
#5172=DIRECTION('center_axis',(-0.470542290043802,0.882377443773545,0.));
#5173=DIRECTION('ref_axis',(-0.882377443773544,-0.470542290043802,0.));
#5174=DIRECTION('center_axis',(-0.470542290043802,0.882377443773545,0.));
#5175=DIRECTION('ref_axis',(-0.882377443773544,-0.470542290043802,0.));
#5176=DIRECTION('center_axis',(0.882377443773545,0.470542290043801,0.));
#5177=DIRECTION('ref_axis',(-0.470542290043801,0.882377443773545,0.));
#5178=DIRECTION('',(0.470542290043801,-0.882377443773545,0.));
#5179=DIRECTION('',(0.,0.,1.));
#5180=DIRECTION('',(-0.470542290043801,0.882377443773545,0.));
#5181=DIRECTION('',(0.,0.,1.));
#5182=DIRECTION('center_axis',(0.470542290043802,-0.882377443773544,0.));
#5183=DIRECTION('ref_axis',(0.882377443773544,0.470542290043802,0.));
#5184=DIRECTION('',(-0.882377443773544,-0.470542290043802,0.));
#5185=DIRECTION('',(0.882377443773544,0.470542290043802,0.));
#5186=DIRECTION('',(0.,0.,1.));
#5187=DIRECTION('center_axis',(-0.882377443773545,-0.470542290043801,0.));
#5188=DIRECTION('ref_axis',(0.470542290043801,-0.882377443773545,0.));
#5189=DIRECTION('',(-0.470542290043801,0.882377443773545,0.));
#5190=DIRECTION('',(0.470542290043801,-0.882377443773545,0.));
#5191=DIRECTION('',(0.,0.,1.));
#5192=DIRECTION('center_axis',(-0.470542290043802,0.882377443773544,0.));
#5193=DIRECTION('ref_axis',(-0.882377443773544,-0.470542290043802,0.));
#5194=DIRECTION('',(0.882377443773544,0.470542290043802,0.));
#5195=DIRECTION('',(-0.882377443773544,-0.470542290043802,0.));
#5196=DIRECTION('center_axis',(0.,0.,1.));
#5197=DIRECTION('ref_axis',(1.,0.,0.));
#5198=DIRECTION('center_axis',(0.,0.,1.));
#5199=DIRECTION('ref_axis',(-1.,0.,0.));
#5200=DIRECTION('center_axis',(0.55931029457545,0.828958379161417,0.));
#5201=DIRECTION('ref_axis',(-0.828958379161417,0.55931029457545,0.));
#5202=DIRECTION('center_axis',(-0.55931029457545,-0.828958379161417,0.));
#5203=DIRECTION('ref_axis',(-0.828958379161417,0.55931029457545,0.));
#5204=DIRECTION('center_axis',(0.55931029457545,0.828958379161417,0.));
#5205=DIRECTION('ref_axis',(-0.828958379161417,0.55931029457545,0.));
#5206=DIRECTION('',(0.55931029457545,0.828958379161417,0.));
#5207=DIRECTION('center_axis',(-0.55931029457545,-0.828958379161417,0.));
#5208=DIRECTION('ref_axis',(-0.828958379161417,0.55931029457545,0.));
#5209=DIRECTION('center_axis',(-0.828958379161417,0.55931029457545,0.));
#5210=DIRECTION('ref_axis',(-0.55931029457545,-0.828958379161417,0.));
#5211=DIRECTION('',(0.55931029457545,0.828958379161417,0.));
#5212=DIRECTION('',(0.,0.,1.));
#5213=DIRECTION('',(-0.55931029457545,-0.828958379161417,0.));
#5214=DIRECTION('',(0.,0.,1.));
#5215=DIRECTION('center_axis',(0.55931029457545,0.828958379161417,0.));
#5216=DIRECTION('ref_axis',(-0.828958379161417,0.55931029457545,0.));
#5217=DIRECTION('',(0.828958379161417,-0.55931029457545,0.));
#5218=DIRECTION('',(-0.828958379161417,0.55931029457545,0.));
#5219=DIRECTION('',(0.,0.,1.));
#5220=DIRECTION('center_axis',(0.828958379161417,-0.55931029457545,0.));
#5221=DIRECTION('ref_axis',(0.55931029457545,0.828958379161417,0.));
#5222=DIRECTION('',(-0.55931029457545,-0.828958379161417,0.));
#5223=DIRECTION('',(0.55931029457545,0.828958379161417,0.));
#5224=DIRECTION('',(0.,0.,1.));
#5225=DIRECTION('center_axis',(-0.55931029457545,-0.828958379161417,0.));
#5226=DIRECTION('ref_axis',(0.828958379161417,-0.55931029457545,0.));
#5227=DIRECTION('',(-0.828958379161417,0.55931029457545,0.));
#5228=DIRECTION('',(0.828958379161417,-0.55931029457545,0.));
#5229=DIRECTION('center_axis',(0.,0.,1.));
#5230=DIRECTION('ref_axis',(1.,0.,0.));
#5231=DIRECTION('center_axis',(0.,0.,1.));
#5232=DIRECTION('ref_axis',(-1.,0.,0.));
#5233=DIRECTION('center_axis',(0.,0.,-1.));
#5234=DIRECTION('ref_axis',(-1.,0.,0.));
#5235=DIRECTION('center_axis',(0.,0.,-1.));
#5236=DIRECTION('ref_axis',(-1.,0.,0.));
#5237=DIRECTION('',(0.,0.,-1.));
#5238=DIRECTION('center_axis',(0.,0.,-1.));
#5239=DIRECTION('ref_axis',(-1.,0.,0.));
#5240=DIRECTION('center_axis',(0.,0.,1.));
#5241=DIRECTION('ref_axis',(-1.,0.,0.));
#5242=DIRECTION('center_axis',(0.,0.,-1.));
#5243=DIRECTION('ref_axis',(-1.,0.,0.));
#5244=DIRECTION('center_axis',(0.,0.,-1.));
#5245=DIRECTION('ref_axis',(-1.,0.,0.));
#5246=DIRECTION('',(0.,0.,-1.));
#5247=DIRECTION('center_axis',(0.,0.,-1.));
#5248=DIRECTION('ref_axis',(-1.,0.,0.));
#5249=DIRECTION('center_axis',(0.,0.,1.));
#5250=DIRECTION('ref_axis',(-1.,0.,0.));
#5251=DIRECTION('center_axis',(0.,-1.,0.));
#5252=DIRECTION('ref_axis',(-1.,0.,0.));
#5253=DIRECTION('',(-1.,0.,0.));
#5254=DIRECTION('',(0.,0.,-1.));
#5255=DIRECTION('',(-1.,0.,0.));
#5256=DIRECTION('',(0.,0.,-1.));
#5257=DIRECTION('center_axis',(0.,0.,-1.));
#5258=DIRECTION('ref_axis',(-1.,0.,0.));
#5259=DIRECTION('',(0.,-1.,0.));
#5260=DIRECTION('',(1.,0.,0.));
#5261=DIRECTION('',(0.,1.,0.));
#5262=DIRECTION('center_axis',(0.,-1.,0.));
#5263=DIRECTION('ref_axis',(-1.,0.,0.));
#5264=DIRECTION('',(0.,0.,-1.));
#5265=DIRECTION('',(-1.,0.,0.));
#5266=DIRECTION('',(0.,0.,-1.));
#5267=DIRECTION('center_axis',(-1.,0.,0.));
#5268=DIRECTION('ref_axis',(0.,1.,0.));
#5269=DIRECTION('',(0.,1.,0.));
#5270=DIRECTION('',(0.,1.,0.));
#5271=DIRECTION('',(0.,0.,-1.));
#5272=DIRECTION('center_axis',(0.,0.,-1.));
#5273=DIRECTION('ref_axis',(-1.,0.,0.));
#5274=DIRECTION('',(1.,0.,0.));
#5275=DIRECTION('',(0.,-1.,0.));
#5276=DIRECTION('center_axis',(1.,0.,0.));
#5277=DIRECTION('ref_axis',(0.,-1.,0.));
#5278=DIRECTION('',(0.,-1.,0.));
#5279=DIRECTION('',(0.,0.,1.));
#5280=DIRECTION('center_axis',(0.,1.,0.));
#5281=DIRECTION('ref_axis',(0.,0.,-1.));
#5282=DIRECTION('',(-1.,0.,0.));
#5283=DIRECTION('',(0.,0.,-1.));
#5284=DIRECTION('',(-1.,0.,0.));
#5285=DIRECTION('',(0.,0.,-1.));
#5286=DIRECTION('',(-1.,0.,0.));
#5287=DIRECTION('center_axis',(-1.,0.,0.));
#5288=DIRECTION('ref_axis',(0.,0.,1.));
#5289=DIRECTION('',(0.,-0.581238193719096,0.813733471206735));
#5290=DIRECTION('',(0.,1.,0.));
#5291=DIRECTION('center_axis',(0.,-0.813733471206735,-0.581238193719096));
#5292=DIRECTION('ref_axis',(0.,-0.581238193719096,0.813733471206735));
#5293=DIRECTION('',(-1.,0.,0.));
#5294=DIRECTION('',(0.,-0.581238193719096,0.813733471206735));
#5295=DIRECTION('center_axis',(0.,0.,1.));
#5296=DIRECTION('ref_axis',(0.,1.,0.));
#5297=DIRECTION('',(0.,1.,0.));
#5298=DIRECTION('center_axis',(-1.,0.,0.));
#5299=DIRECTION('ref_axis',(0.,0.,1.));
#5300=DIRECTION('center_axis',(0.,1.,0.));
#5301=DIRECTION('ref_axis',(1.,0.,0.));
#5302=DIRECTION('',(-1.,0.,0.));
#5303=DIRECTION('',(0.,0.,-1.));
#5304=DIRECTION('',(1.,0.,0.));
#5305=DIRECTION('',(0.,0.,-1.));
#5306=DIRECTION('center_axis',(-1.,0.,0.));
#5307=DIRECTION('ref_axis',(0.,1.,0.));
#5308=DIRECTION('',(0.,-1.,0.));
#5309=DIRECTION('',(0.,1.,0.));
#5310=DIRECTION('',(0.,0.,1.));
#5311=DIRECTION('center_axis',(1.,0.,0.));
#5312=DIRECTION('ref_axis',(0.,-1.,0.));
#5313=DIRECTION('',(0.,1.,0.));
#5314=DIRECTION('',(0.,0.,-1.));
#5315=DIRECTION('',(0.,-1.,0.));
#5316=DIRECTION('center_axis',(0.,0.,1.));
#5317=DIRECTION('ref_axis',(-1.,0.,0.));
#5318=DIRECTION('',(-1.,0.,0.));
#5319=DIRECTION('',(0.,1.,0.));
#5320=DIRECTION('',(1.,0.,0.));
#5321=DIRECTION('',(0.,1.,0.));
#5322=DIRECTION('',(-1.,0.,0.));
#5323=DIRECTION('',(0.,-1.,0.));
#5324=DIRECTION('',(-1.,0.,0.));
#5325=DIRECTION('center_axis',(0.,-1.,0.));
#5326=DIRECTION('ref_axis',(1.,0.,0.));
#5327=DIRECTION('',(1.,0.,0.));
#5328=DIRECTION('',(0.,0.,1.));
#5329=DIRECTION('center_axis',(0.,0.,-1.));
#5330=DIRECTION('ref_axis',(-1.,0.,0.));
#5331=DIRECTION('center_axis',(0.,0.,-1.));
#5332=DIRECTION('ref_axis',(-1.,0.,0.));
#5333=DIRECTION('',(0.,0.,-1.));
#5334=DIRECTION('center_axis',(0.,0.,-1.));
#5335=DIRECTION('ref_axis',(-1.,0.,0.));
#5336=DIRECTION('center_axis',(0.,0.,1.));
#5337=DIRECTION('ref_axis',(-1.,0.,0.));
#5338=DIRECTION('center_axis',(0.,0.,-1.));
#5339=DIRECTION('ref_axis',(-1.,0.,0.));
#5340=DIRECTION('center_axis',(0.,0.,-1.));
#5341=DIRECTION('ref_axis',(-1.,0.,0.));
#5342=DIRECTION('',(0.,0.,-1.));
#5343=DIRECTION('center_axis',(0.,0.,-1.));
#5344=DIRECTION('ref_axis',(-1.,0.,0.));
#5345=DIRECTION('center_axis',(0.,0.,1.));
#5346=DIRECTION('ref_axis',(-1.,0.,0.));
#5347=DIRECTION('center_axis',(1.,0.,0.));
#5348=DIRECTION('ref_axis',(0.,1.,0.));
#5349=DIRECTION('',(0.,0.,1.));
#5350=DIRECTION('',(0.,1.,0.));
#5351=DIRECTION('',(0.,0.,1.));
#5352=DIRECTION('center_axis',(0.,-1.,0.));
#5353=DIRECTION('ref_axis',(1.,0.,0.));
#5354=DIRECTION('',(1.,0.,0.));
#5355=DIRECTION('center_axis',(-1.,0.,0.));
#5356=DIRECTION('ref_axis',(0.,-1.,0.));
#5357=DIRECTION('',(0.,-1.,0.));
#5358=DIRECTION('',(0.,0.,1.));
#5359=DIRECTION('center_axis',(0.,1.,0.));
#5360=DIRECTION('ref_axis',(-1.,0.,0.));
#5361=DIRECTION('',(-1.,0.,0.));
#5362=DIRECTION('',(0.,0.,1.));
#5363=DIRECTION('center_axis',(1.,0.,0.));
#5364=DIRECTION('ref_axis',(0.,1.,0.));
#5365=DIRECTION('',(0.,1.,0.));
#5366=DIRECTION('',(0.,0.,1.));
#5367=DIRECTION('center_axis',(0.,1.,0.));
#5368=DIRECTION('ref_axis',(-1.,0.,0.));
#5369=DIRECTION('',(-1.,0.,0.));
#5370=DIRECTION('center_axis',(0.,0.,1.));
#5371=DIRECTION('ref_axis',(1.,0.,0.));
#5372=CARTESIAN_POINT('',(0.,0.,0.));
#5373=CARTESIAN_POINT('Origin',(-6.5,0.,4.60000014680577));
#5374=CARTESIAN_POINT('',(-6.5,0.500000015957149,4.2));
#5375=CARTESIAN_POINT('',(-6.5,0.300000009574289,4.2));
#5376=CARTESIAN_POINT('',(-6.5,-0.0750000023935723,4.2));
#5377=CARTESIAN_POINT('',(-6.50000020744294,0.300000009574289,4.00000012765719));
#5378=CARTESIAN_POINT('',(-6.5,0.300000009574289,5.30000007340289));
#5379=CARTESIAN_POINT('',(-6.5,0.500000015957149,4.00000012765719));
#5380=CARTESIAN_POINT('',(-6.5,0.250000007978574,4.00000012765719));
#5381=CARTESIAN_POINT('',(-6.5,0.500000015957149,3.30000010531718));
#5382=CARTESIAN_POINT('Origin',(-7.00000022340009,0.300000009574289,6.));
#5383=CARTESIAN_POINT('',(-7.00000022340009,0.300000009574289,4.2));
#5384=CARTESIAN_POINT('',(-6.8750002194108,0.300000009574289,4.2));
#5385=CARTESIAN_POINT('',(-7.00000022340009,0.300000009574289,4.00000012765719));
#5386=CARTESIAN_POINT('',(-7.00000022340009,0.300000009574289,6.));
#5387=CARTESIAN_POINT('',(-7.25000011170004,0.300000009574289,4.00000012765719));
#5388=CARTESIAN_POINT('Origin',(-7.00000022340009,0.300000009574289,6.));
#5389=CARTESIAN_POINT('',(-7.00000022340009,-0.600000019148579,4.2));
#5390=CARTESIAN_POINT('',(-7.00000022340009,0.0750000023935723,4.2));
#5391=CARTESIAN_POINT('',(-7.00000022340009,-0.600000019148579,1.6));
#5392=CARTESIAN_POINT('',(-7.00000022340009,-0.600000019148579,6.));
#5393=CARTESIAN_POINT('',(-7.00000022340009,-0.500000015957149,1.6));
#5394=CARTESIAN_POINT('',(-7.00000022340009,-0.600000019148579,1.6));
#5395=CARTESIAN_POINT('',(-7.00000022340009,-0.500000015957149,4.00000012765719));
#5396=CARTESIAN_POINT('',(-7.00000022340009,-0.500000015957149,4.0000000319143));
#5397=CARTESIAN_POINT('',(-7.00000022340009,-0.0500000015957149,4.00000012765719));
#5398=CARTESIAN_POINT('Origin',(-6.50000020744294,-0.600000019148579,6.));
#5399=CARTESIAN_POINT('',(-6.50000020744294,-0.600000019148579,4.2));
#5400=CARTESIAN_POINT('',(-6.62500021143222,-0.600000019148579,4.2));
#5401=CARTESIAN_POINT('',(-6.50000020744294,-0.600000019148579,1.6));
#5402=CARTESIAN_POINT('',(-6.50000020744294,-0.600000019148579,6.));
#5403=CARTESIAN_POINT('',(-6.50000020744294,-0.600000019148579,1.6));
#5404=CARTESIAN_POINT('Origin',(-6.50000020744294,0.500000015957149,6.));
#5405=CARTESIAN_POINT('',(-6.5,-0.500000015957149,4.2));
#5406=CARTESIAN_POINT('',(-6.50000020744294,0.175000005585002,4.2));
#5407=CARTESIAN_POINT('',(-6.50000020744294,-0.500000015957149,1.6));
#5408=CARTESIAN_POINT('',(-6.5,-0.500000015957149,5.90000018829436));
#5409=CARTESIAN_POINT('',(-6.50000020744294,0.300000009574289,1.6));
#5410=CARTESIAN_POINT('Origin',(-7.5,-0.500000015957149,2.0000000638286));
#5411=CARTESIAN_POINT('',(-6.35000020265579,-0.500000015957149,4.2));
#5412=CARTESIAN_POINT('',(-7.12500010771075,-0.500000015957149,4.2));
#5413=CARTESIAN_POINT('',(-6.35000020265579,-0.500000015957149,4.6));
#5414=CARTESIAN_POINT('',(-6.35000020265579,-0.500000015957149,4.0000000319143));
#5415=CARTESIAN_POINT('',(-6.05100003604438,-0.500000015957149,4.6));
#5416=CARTESIAN_POINT('',(-7.12500010771075,-0.500000015957149,4.6));
#5417=CARTESIAN_POINT('',(-6.05100003604438,-0.500000015957149,1.50000004787145));
#5418=CARTESIAN_POINT('',(-6.05100003604438,-0.500000015957149,3.1237390569962));
#5419=CARTESIAN_POINT('',(-7.5,-0.500000015957149,1.50000004787145));
#5420=CARTESIAN_POINT('',(-7.5,-0.500000015957149,1.50000004787145));
#5421=CARTESIAN_POINT('',(-7.5,-0.500000015957149,2.0000000638286));
#5422=CARTESIAN_POINT('',(-7.5,-0.500000015957149,1.50000004787145));
#5423=CARTESIAN_POINT('',(-7.3,-0.500000015957149,2.0000000638286));
#5424=CARTESIAN_POINT('',(-7.5,-0.500000015957149,2.0000000638286));
#5425=CARTESIAN_POINT('',(-7.3,-0.500000015957149,4.00000012765719));
#5426=CARTESIAN_POINT('',(-7.3,-0.500000015957149,3.50000011170004));
#5427=CARTESIAN_POINT('',(-7.5,-0.500000015957149,4.00000012765719));
#5428=CARTESIAN_POINT('',(-7.12500010771075,-0.500000015957149,1.6));
#5429=CARTESIAN_POINT('Origin',(-6.35020722170064,1.25000003989287,6.));
#5430=CARTESIAN_POINT('',(-6.35020722170064,0.950000030318583,5.75));
#5431=CARTESIAN_POINT('',(-6.35020722170064,0.950000030318583,6.));
#5432=CARTESIAN_POINT('',(-6.35020722170064,0.950000030318583,5.9));
#5433=CARTESIAN_POINT('',(-6.35020722170064,1.25000003989287,5.75));
#5434=CARTESIAN_POINT('',(-6.35020722170064,1.1750000374993,5.75));
#5435=CARTESIAN_POINT('',(-6.35020722170064,1.25000003989287,6.));
#5436=CARTESIAN_POINT('',(-6.35020722170064,1.25000003989287,6.));
#5437=CARTESIAN_POINT('',(-6.35020722170064,1.25000003989287,6.));
#5438=CARTESIAN_POINT('Origin',(-6.75010372494394,1.07435720768259,5.6));
#5439=CARTESIAN_POINT('',(-6.35020722170064,0.900000028722868,5.60000017872007));
#5440=CARTESIAN_POINT('',(-7.15000022818723,0.900000028722868,5.60000017872007));
#5441=CARTESIAN_POINT('',(0.,0.900000028722868,5.60000017872007));
#5442=CARTESIAN_POINT('',(-6.35020722170064,0.898714375472305,5.6));
#5443=CARTESIAN_POINT('',(-6.35020722170064,0.962178614213441,5.6));
#5444=CARTESIAN_POINT('',(-7.15000022818723,0.898714375472305,5.6));
#5445=CARTESIAN_POINT('',(-6.35020722170064,0.898714375472305,5.6));
#5446=CARTESIAN_POINT('',(-7.15000022818723,0.0621785886820028,5.6));
#5447=CARTESIAN_POINT('Origin',(-6.35020722170064,0.898714375472305,6.));
#5448=CARTESIAN_POINT('',(-6.35020722170064,0.898714375472305,6.));
#5449=CARTESIAN_POINT('',(-7.15000022818723,0.898714375472305,6.));
#5450=CARTESIAN_POINT('',(-6.35020722170064,0.898714375472305,6.));
#5451=CARTESIAN_POINT('',(-7.15000022818723,0.898714375472305,6.));
#5452=CARTESIAN_POINT('',(-6.35020722170064,0.898714375472305,6.));
#5453=CARTESIAN_POINT('Origin',(-7.15000022818723,1.25000003989287,6.));
#5454=CARTESIAN_POINT('',(-6.35000020265579,1.25000003989287,5.75));
#5455=CARTESIAN_POINT('',(-7.15000022818723,1.25000003989287,5.75));
#5456=CARTESIAN_POINT('',(-6.35000020265579,1.25000003989287,6.));
#5457=CARTESIAN_POINT('',(-6.35000020265579,1.25000003989287,6.));
#5458=CARTESIAN_POINT('',(-6.92500022100651,1.25000003989287,6.));
#5459=CARTESIAN_POINT('Origin',(-6.35020722170064,0.850000020744294,6.));
#5460=CARTESIAN_POINT('',(-6.35020722170064,0.900000028722868,4.2));
#5461=CARTESIAN_POINT('',(-6.35020722170064,0.900000028722868,4.5));
#5462=CARTESIAN_POINT('',(-6.35020722170064,0.650000020744294,4.2));
#5463=CARTESIAN_POINT('',(-6.35020722170064,0.650000020744294,4.2));
#5464=CARTESIAN_POINT('',(-6.35020722170064,0.650000020744294,6.));
#5465=CARTESIAN_POINT('',(-6.35020722170064,0.650000020744294,4.5));
#5466=CARTESIAN_POINT('',(-6.35020722170064,0.425000010372147,6.));
#5467=CARTESIAN_POINT('Origin',(0.,0.900000028722868,3.50000011170004));
#5468=CARTESIAN_POINT('',(-7.15000022818723,0.900000028722868,4.2));
#5469=CARTESIAN_POINT('',(-7.15000022818723,0.900000028722868,4.75000005585002));
#5470=CARTESIAN_POINT('',(-3.37500010771076,0.900000028722868,4.2));
#5471=CARTESIAN_POINT('Origin',(0.,2.40000007659431,5.60000017872007));
#5472=CARTESIAN_POINT('',(-7.5,0.972670965861187,3.60173942369369));
#5473=CARTESIAN_POINT('',(-6.,0.972670965861187,3.60173942369369));
#5474=CARTESIAN_POINT('',(-2.97500001802219,0.972670965861187,3.60173942369369));
#5475=CARTESIAN_POINT('',(-7.5,2.40000007659431,5.60000017872007));
#5476=CARTESIAN_POINT('',(-7.5,0.900000028722868,3.50000011170004));
#5477=CARTESIAN_POINT('',(-6.,2.40000007659431,5.60000017872007));
#5478=CARTESIAN_POINT('',(-3.3500001069129,2.39999994893712,5.6));
#5479=CARTESIAN_POINT('',(-6.,2.02500006462645,5.07500016196506));
#5480=CARTESIAN_POINT('Origin',(-5.95000003604438,0.972670965861187,5.99855545897976));
#5481=CARTESIAN_POINT('',(-6.00000019148579,0.972670965861187,0.767812028186458));
#5482=CARTESIAN_POINT('',(-6.00000019148579,0.972670965861188,2.43182793145809));
#5483=CARTESIAN_POINT('',(-6.05000019148579,0.972670965861187,0.767812028186459));
#5484=CARTESIAN_POINT('',(-6.05000019148579,0.972670965861187,0.767812028186459));
#5485=CARTESIAN_POINT('',(-7.5,0.972670965861187,0.767812028186459));
#5486=CARTESIAN_POINT('',(-7.50000011967862,0.972670965861187,0.767812028186459));
#5487=CARTESIAN_POINT('',(-7.5,0.972670965861187,2.93182794741524));
#5488=CARTESIAN_POINT('Origin',(-7.15000022818723,-0.950000030318583,6.));
#5489=CARTESIAN_POINT('',(-7.15000022818723,-1.55000004946716,6.));
#5490=CARTESIAN_POINT('',(-7.15000022818723,0.475000015159292,6.));
#5491=CARTESIAN_POINT('',(-7.15000022818723,-1.55000004946716,5.6));
#5492=CARTESIAN_POINT('',(-7.15000022818723,-1.55000004946716,6.));
#5493=CARTESIAN_POINT('',(-7.15000022818723,-1.0000000319143,5.6));
#5494=CARTESIAN_POINT('',(-7.15000022818723,-0.625000019946436,5.6));
#5495=CARTESIAN_POINT('',(-7.15000022818723,-1.0000000319143,4.6));
#5496=CARTESIAN_POINT('',(-7.15000022818723,-1.0000000319143,5.5));
#5497=CARTESIAN_POINT('',(-7.15000022818723,-0.98885862346631,4.6));
#5498=CARTESIAN_POINT('',(-7.15000022818723,-0.625000019946436,4.6));
#5499=CARTESIAN_POINT('',(-7.15000022818723,-0.98885862346631,4.2));
#5500=CARTESIAN_POINT('',(-7.15000022818723,-0.98885862346631,5.36968735917591));
#5501=CARTESIAN_POINT('',(-7.15000022818723,1.20573339851122,4.2));
#5502=CARTESIAN_POINT('Origin',(-6.00000019148579,-1.0000000319143,5.));
#5503=CARTESIAN_POINT('',(-6.00000019148579,1.0000000319143,5.6));
#5504=CARTESIAN_POINT('',(-6.,0.825000026329296,5.6));
#5505=CARTESIAN_POINT('',(-6.,0.900000028722868,5.60000017872007));
#5506=CARTESIAN_POINT('',(-6.00000019148579,-0.500000015957149,5.6));
#5507=CARTESIAN_POINT('',(-6.00000019148579,-1.0000000319143,5.6));
#5508=CARTESIAN_POINT('',(-6.00000019148579,-0.500000015957149,5.6));
#5509=CARTESIAN_POINT('',(-6.00000019148579,-1.0000000319143,4.6));
#5510=CARTESIAN_POINT('',(-6.00000019148579,-1.0000000319143,5.));
#5511=CARTESIAN_POINT('',(-6.00000019148579,-0.98885862346631,4.6));
#5512=CARTESIAN_POINT('',(-6.00000019148579,1.0000000319143,4.6));
#5513=CARTESIAN_POINT('',(-6.00000019148579,-0.98885862346631,0.85114206130081));
#5514=CARTESIAN_POINT('',(-6.00000019148579,-0.98885862346631,0.295387203459556));
#5515=CARTESIAN_POINT('Origin',(-6.00000019148579,-3.19142979759859E-8,
1.));
#5516=CARTESIAN_POINT('',(-6.00000019148579,0.281228293637993,0.824640642980116));
#5517=CARTESIAN_POINT('',(-6.00000019148579,0.369893831503204,0.538937229720658));
#5518=CARTESIAN_POINT('',(-6.00000019148579,-0.321692487273729,2.76740813956261));
#5519=CARTESIAN_POINT('',(-6.00000019148579,0.203093644898019,0.442635097083272));
#5520=CARTESIAN_POINT('Origin',(-6.00000019148579,0.275590551181108,0.509671037284171));
#5521=CARTESIAN_POINT('',(-6.00000019148579,3.33012006947672E-15,0.662273411944483));
#5522=CARTESIAN_POINT('',(-6.00000019148579,-1.31891796459566,2.08863473078061));
#5523=CARTESIAN_POINT('',(-6.00000019148579,-0.203093644898008,0.442635097083268));
#5524=CARTESIAN_POINT('',(-6.00000019148579,0.749106574853911,1.4724046488672));
#5525=CARTESIAN_POINT('',(-6.00000019148579,-0.369893831503195,0.538937229720651));
#5526=CARTESIAN_POINT('Origin',(-6.00000019148579,-0.275590551181098,0.509671037284165));
#5527=CARTESIAN_POINT('',(-6.00000019148579,-0.281228293637988,0.824640642980115));
#5528=CARTESIAN_POINT('',(-6.00000019148579,0.281380050604836,2.63751098864692));
#5529=CARTESIAN_POINT('',(-6.00000019148579,-0.572987476401212,0.890705741378364));
#5530=CARTESIAN_POINT('',(-6.00000019148579,-1.2186371745456,1.03690477592024));
#5531=CARTESIAN_POINT('',(-6.00000019148579,-0.572987476401212,1.08331000665313));
#5532=CARTESIAN_POINT('Origin',(-6.00000019148579,-0.551181102362205,0.987007874015748));
#5533=CARTESIAN_POINT('',(-6.00000019148579,-0.26166227145908,1.15380557804719));
#5534=CARTESIAN_POINT('',(-6.00000019148579,-0.197839275148455,1.16825747118522));
#5535=CARTESIAN_POINT('',(-6.00000019148579,-0.350792529109411,1.44100643926688));
#5536=CARTESIAN_POINT('',(-6.00000019148579,-0.175350899484957,0.875687899298078));
#5537=CARTESIAN_POINT('',(-6.00000019148579,-0.331290603691183,1.52000004787145));
#5538=CARTESIAN_POINT('Origin',(-6.00000019148579,-0.275590551181105,1.46434471074733));
#5539=CARTESIAN_POINT('',(-6.00000019148579,-0.21981013370333,1.52000004787145));
#5540=CARTESIAN_POINT('',(-6.00000019148579,-0.600658351653262,1.52000004787145));
#5541=CARTESIAN_POINT('',(-6.00000019148579,-1.04902962956708E-15,1.28228346456693));
#5542=CARTESIAN_POINT('',(-6.00000019148579,0.089129115109303,1.18589360137102));
#5543=CARTESIAN_POINT('',(-6.00000019148579,0.219810133703325,1.52000004787145));
#5544=CARTESIAN_POINT('',(-6.00000019148579,-0.449393156037718,0.796281277980281));
#5545=CARTESIAN_POINT('',(-6.00000019148579,0.331290603691181,1.52000004787145));
#5546=CARTESIAN_POINT('',(-6.00000019148579,-0.327102356777338,1.52000004787145));
#5547=CARTESIAN_POINT('',(-6.00000019148579,0.350792529109408,1.44100643926688));
#5548=CARTESIAN_POINT('Origin',(-6.00000019148579,0.275590551181101,1.46434471074733));
#5549=CARTESIAN_POINT('',(-6.00000019148579,0.261662271459078,1.15380557804719));
#5550=CARTESIAN_POINT('',(-6.00000019148579,0.0399620962414642,0.439429978406832));
#5551=CARTESIAN_POINT('',(-6.00000019148579,0.572987476401212,1.08331000665313));
#5552=CARTESIAN_POINT('',(-6.00000019148579,-0.596960579737744,1.34822963220743));
#5553=CARTESIAN_POINT('',(-6.00000019148579,0.572987476401212,0.890705741378364));
#5554=CARTESIAN_POINT('Origin',(-6.00000019148579,0.551181102362205,0.987007874015748));
#5555=CARTESIAN_POINT('',(-6.00000019148579,0.110982926850308,0.786090778663412));
#5556=CARTESIAN_POINT('Origin',(-6.7000002138258,0.,5.6));
#5557=CARTESIAN_POINT('',(-9.62061668033726,-3.57672360725032E-16,5.6));
#5558=CARTESIAN_POINT('Origin',(-6.7000002138258,0.,5.6));
#5559=CARTESIAN_POINT('',(-7.50000023935723,1.0000000319143,5.6));
#5560=CARTESIAN_POINT('',(-7.5,0.825000026329296,5.6));
#5561=CARTESIAN_POINT('',(-7.5,0.900000028722868,5.60000017872007));
#5562=CARTESIAN_POINT('',(-7.50000023935723,0.500000015957149,5.6));
#5563=CARTESIAN_POINT('',(-7.50000023935723,-1.0000000319143,5.6));
#5564=CARTESIAN_POINT('',(-7.50000023935723,0.500000015957149,5.6));
#5565=CARTESIAN_POINT('',(-7.10000022659151,-1.0000000319143,5.6));
#5566=CARTESIAN_POINT('',(-6.35000020265579,-1.55000004946716,5.6));
#5567=CARTESIAN_POINT('',(-6.52500020824079,-1.55000004946716,5.6));
#5568=CARTESIAN_POINT('',(-6.35000020265579,-1.0000000319143,5.6));
#5569=CARTESIAN_POINT('',(-6.35000020265579,-0.625000019946436,5.6));
#5570=CARTESIAN_POINT('',(-7.10000022659151,-1.0000000319143,5.6));
#5571=CARTESIAN_POINT('Origin',(-6.35000020265579,-1.55000004946716,6.));
#5572=CARTESIAN_POINT('',(-6.35000020265579,-1.55000004946716,6.));
#5573=CARTESIAN_POINT('',(-6.52500020824079,-1.55000004946716,6.));
#5574=CARTESIAN_POINT('',(-6.35000020265579,-1.55000004946716,6.));
#5575=CARTESIAN_POINT('Origin',(-8.209822197463,-0.924237921287013,6.));
#5576=CARTESIAN_POINT('',(-8.074822197463,-0.924237921287013,6.2));
#5577=CARTESIAN_POINT('Origin',(-8.209822197463,-0.924237921287013,6.2));
#5578=CARTESIAN_POINT('',(-8.074822197463,-0.924237921287013,6.));
#5579=CARTESIAN_POINT('',(-8.074822197463,-0.924237921287013,6.));
#5580=CARTESIAN_POINT('Origin',(-8.209822197463,-0.924237921287013,6.));
#5581=CARTESIAN_POINT('Origin',(-8.209822197463,-0.924237921287013,6.2));
#5582=CARTESIAN_POINT('Origin',(-6.74550274098267,1.76966315366554,6.));
#5583=CARTESIAN_POINT('',(-6.61050274098267,1.76966315366554,6.2));
#5584=CARTESIAN_POINT('Origin',(-6.74550274098267,1.76966315366554,6.2));
#5585=CARTESIAN_POINT('',(-6.61050274098267,1.76966315366554,6.));
#5586=CARTESIAN_POINT('',(-6.61050274098267,1.76966315366554,6.));
#5587=CARTESIAN_POINT('Origin',(-6.74550274098267,1.76966315366554,6.));
#5588=CARTESIAN_POINT('Origin',(-6.74550274098267,1.76966315366554,6.2));
#5589=CARTESIAN_POINT('Origin',(-5.04909893906533,-0.75876556779185,5.97582307070639));
#5590=CARTESIAN_POINT('',(-4.91409893906533,-0.75876556779185,6.2));
#5591=CARTESIAN_POINT('Origin',(-5.04909893906533,-0.75876556779185,6.2));
#5592=CARTESIAN_POINT('',(-4.91409893906533,-0.75876556779185,6.));
#5593=CARTESIAN_POINT('',(-4.91409893906533,-0.75876556779185,5.97582307070639));
#5594=CARTESIAN_POINT('Origin',(-5.04909893906533,-0.75876556779185,6.));
#5595=CARTESIAN_POINT('Origin',(-5.14467570303172,-0.845425232378521,6.2));
#5596=CARTESIAN_POINT('Origin',(-6.7000002138258,0.,0.2));
#5597=CARTESIAN_POINT('',(-9.62061668033726,-3.57672360725032E-16,6.));
#5598=CARTESIAN_POINT('Origin',(-6.7000002138258,0.,6.));
#5599=CARTESIAN_POINT('',(-9.62061668033726,-3.57672360725032E-16,0.2));
#5600=CARTESIAN_POINT('Origin',(-6.35000020265579,0.650000020744294,6.));
#5601=CARTESIAN_POINT('',(-6.35000020265579,0.650000020744294,6.));
#5602=CARTESIAN_POINT('',(-6.35000020265579,0.650000020744294,4.2));
#5603=CARTESIAN_POINT('',(-6.35000020265579,0.650000020744294,6.));
#5604=CARTESIAN_POINT('',(-6.35000020265579,0.500000015957149,4.2));
#5605=CARTESIAN_POINT('',(-6.35000020265579,-0.950000030318583,4.2));
#5606=CARTESIAN_POINT('',(-6.35000020265579,0.500000015957149,4.6));
#5607=CARTESIAN_POINT('',(-6.35000020265579,0.500000015957149,3.75000002393572));
#5608=CARTESIAN_POINT('',(-6.35000020265579,0.325000010372147,4.6));
#5609=CARTESIAN_POINT('',(-6.35000020265579,-0.98885862346631,4.2));
#5610=CARTESIAN_POINT('',(-6.35000020265579,-0.646116548235704,4.2));
#5611=CARTESIAN_POINT('',(-6.35000020265579,-0.98885862346631,4.6));
#5612=CARTESIAN_POINT('',(-6.35000020265579,-0.98885862346631,5.36968735917591));
#5613=CARTESIAN_POINT('',(-6.35000020265579,-1.0000000319143,4.6));
#5614=CARTESIAN_POINT('',(-6.35000020265579,-0.323058274117852,4.6));
#5615=CARTESIAN_POINT('',(-6.35000020265579,-1.0000000319143,5.5));
#5616=CARTESIAN_POINT('',(-6.35000020265579,-0.475000015159292,6.));
#5617=CARTESIAN_POINT('Origin',(-7.15000022818723,0.650000020744294,6.));
#5618=CARTESIAN_POINT('',(-6.35000020265579,0.650000020744294,4.2));
#5619=CARTESIAN_POINT('',(-6.95000022180437,0.650000020744294,6.));
#5620=CARTESIAN_POINT('Origin',(-7.50000023935723,-1.0000000319143,5.));
#5621=CARTESIAN_POINT('',(-7.50000023935723,-1.0000000319143,4.6));
#5622=CARTESIAN_POINT('',(-7.50000023935723,-1.0000000319143,5.));
#5623=CARTESIAN_POINT('',(-6.00000019148579,-1.0000000319143,4.6));
#5624=CARTESIAN_POINT('Origin',(-7.50000023935723,1.0000000319143,5.));
#5625=CARTESIAN_POINT('',(-7.5,3.19142979759859E-8,0.));
#5626=CARTESIAN_POINT('Origin',(-7.5,3.19142979759859E-8,1.));
#5627=CARTESIAN_POINT('',(-7.5,-0.98885862346631,0.85114206130081));
#5628=CARTESIAN_POINT('Origin',(-7.5,-3.19142979759859E-8,1.));
#5629=CARTESIAN_POINT('',(-7.50000003604438,-0.98885862346631,4.6));
#5630=CARTESIAN_POINT('',(-7.50000003604438,-0.98885862346631,5.3528567255271));
#5631=CARTESIAN_POINT('',(-7.50000023935723,-1.0000000319143,4.6));
#5632=CARTESIAN_POINT('',(-7.5,-0.345795318359625,1.50000004787145));
#5633=CARTESIAN_POINT('',(-7.5,-0.350792529109411,1.44100643926688));
#5634=CARTESIAN_POINT('Origin',(-7.5,-0.275590551181105,1.46434471074733));
#5635=CARTESIAN_POINT('',(-7.5,-0.255716162534775,1.13464566929134));
#5636=CARTESIAN_POINT('',(-7.5,-0.225426169654179,1.03704343778233));
#5637=CARTESIAN_POINT('',(-7.5,-0.568570555343869,1.06380383305672));
#5638=CARTESIAN_POINT('',(-7.5,-0.305022169381081,1.12348096090727));
#5639=CARTESIAN_POINT('',(-7.5,-0.568570555343869,0.910211914974772));
#5640=CARTESIAN_POINT('Origin',(-7.5,-0.551181102362205,0.987007874015749));
#5641=CARTESIAN_POINT('',(-7.5,-0.255716162534774,0.839370078740156));
#5642=CARTESIAN_POINT('',(-7.5,-0.151393386907541,0.815747533695586));
#5643=CARTESIAN_POINT('',(-7.5,-0.350792529109405,0.533009308764616));
#5644=CARTESIAN_POINT('',(-7.5,-0.269286574049098,0.795642684959811));
#5645=CARTESIAN_POINT('',(-7.5,-0.217778026234455,0.456213349723641));
#5646=CARTESIAN_POINT('Origin',(-7.5,-0.275590551181098,0.509671037284166));
#5647=CARTESIAN_POINT('',(-7.5,3.0733289928723E-15,0.691732283464567));
#5648=CARTESIAN_POINT('',(-7.5,0.0768311966776464,0.774822399728532));
#5649=CARTESIAN_POINT('',(-7.5,0.217778026234466,0.456213349723646));
#5650=CARTESIAN_POINT('',(-7.5,0.0320578164395897,0.65706293285807));
#5651=CARTESIAN_POINT('',(-7.5,0.350792529109414,0.533009308764624));
#5652=CARTESIAN_POINT('Origin',(-7.5,0.275590551181108,0.509671037284171));
#5653=CARTESIAN_POINT('',(-7.5,0.255716162534777,0.839370078740161));
#5654=CARTESIAN_POINT('',(-7.5,0.221748390761783,0.948823069947586));
#5655=CARTESIAN_POINT('',(-7.5,0.568570555343869,0.910211914974772));
#5656=CARTESIAN_POINT('',(-7.5,0.307820583312089,0.851168451812893));
#5657=CARTESIAN_POINT('',(-7.5,0.568570555343869,1.06380383305672));
#5658=CARTESIAN_POINT('Origin',(-7.5,0.551181102362205,0.987007874015749));
#5659=CARTESIAN_POINT('',(-7.5,0.255716162534775,1.13464566929134));
#5660=CARTESIAN_POINT('',(-7.5,0.148594972976534,1.15890187902458));
#5661=CARTESIAN_POINT('',(-7.5,0.350792529109408,1.44100643926688));
#5662=CARTESIAN_POINT('',(-7.5,0.272964352941495,1.1902238227701));
#5663=CARTESIAN_POINT('',(-7.5,0.345795318359622,1.50000004787145));
#5664=CARTESIAN_POINT('Origin',(-7.5,0.275590551181101,1.46434471074733));
#5665=CARTESIAN_POINT('',(-7.5,0.500000015957149,1.50000004787145));
#5666=CARTESIAN_POINT('',(-7.5,-0.250000007978574,1.50000004787145));
#5667=CARTESIAN_POINT('',(-7.5,0.500000015957149,2.0000000638286));
#5668=CARTESIAN_POINT('',(-7.5,0.500000015957149,1.25000003989287));
#5669=CARTESIAN_POINT('',(-7.5,0.250000007978574,2.0000000638286));
#5670=CARTESIAN_POINT('',(-7.5,-0.250000007978574,1.50000004787145));
#5671=CARTESIAN_POINT('Origin',(-6.75000021542151,-0.948058294064288,4.2));
#5672=CARTESIAN_POINT('',(-6.35000012573295,-0.98885862346631,4.2));
#5673=CARTESIAN_POINT('',(-7.12500010771075,0.500000015957149,4.2));
#5674=CARTESIAN_POINT('Origin',(-7.50000023935723,-1.0000000319143,5.));
#5675=CARTESIAN_POINT('',(-6.00000019148579,-1.0000000319143,4.6));
#5676=CARTESIAN_POINT('Origin',(-6.75000021542151,0.,4.6));
#5677=CARTESIAN_POINT('',(-6.40000020345365,-0.98885862346631,4.6));
#5678=CARTESIAN_POINT('Origin',(-7.50089763779528,-0.275590551181105,1.46434471074733));
#5679=CARTESIAN_POINT('',(-6.05100003604438,-0.331290603691182,1.52000004787145));
#5680=CARTESIAN_POINT('',(-6.05100003604438,-0.345795318359625,1.50000004787145));
#5681=CARTESIAN_POINT('Origin',(-6.05100003604438,-0.275590551181105,1.46434471074733));
#5682=CARTESIAN_POINT('',(-7.50089763779528,-0.331290603691182,1.52000004787145));
#5683=CARTESIAN_POINT('',(-7.45089763779528,-0.350792529109411,1.44100643926688));
#5684=CARTESIAN_POINT('',(-6.05000019148579,-0.350792529109411,1.44100643926688));
#5685=CARTESIAN_POINT('',(-7.45089763779528,-0.345795318359625,1.50000004787145));
#5686=CARTESIAN_POINT('Origin',(-7.45089763779528,-0.275590551181105,1.46434471074733));
#5687=CARTESIAN_POINT('',(-7.50089763779528,-0.345795318359625,1.50000004787145));
#5688=CARTESIAN_POINT('Origin',(-6.05100003604438,0.0420642908394003,4.24747805016381));
#5689=CARTESIAN_POINT('',(-6.05100003604438,-0.228967862558874,1.50000004787145));
#5690=CARTESIAN_POINT('',(-6.05100003604438,0.500000015957149,4.6));
#5691=CARTESIAN_POINT('',(-6.05100003604438,0.0210321454197002,4.6));
#5692=CARTESIAN_POINT('',(-6.05100003604438,0.500000015957149,1.50000004787145));
#5693=CARTESIAN_POINT('',(-6.05100003604438,0.500000015957149,3.1237390569962));
#5694=CARTESIAN_POINT('',(-6.05100003604438,0.345795318359622,1.50000004787145));
#5695=CARTESIAN_POINT('',(-6.05100003604438,-0.228967862558874,1.50000004787145));
#5696=CARTESIAN_POINT('',(-6.05100003604438,0.331290603691181,1.52000004787145));
#5697=CARTESIAN_POINT('Origin',(-6.05100003604438,0.275590551181101,1.46434471074733));
#5698=CARTESIAN_POINT('',(-6.05100003604438,0.219810133703325,1.52000004787145));
#5699=CARTESIAN_POINT('',(-6.05100003604438,0.193929804599511,1.52000004787145));
#5700=CARTESIAN_POINT('',(-6.05100003604438,0.201316671392221,1.50000004787145));
#5701=CARTESIAN_POINT('',(-6.05100003604438,0.849383682655741,2.20086070918136));
#5702=CARTESIAN_POINT('',(-6.05100003604438,-0.201316671392226,1.50000004787145));
#5703=CARTESIAN_POINT('',(-6.05100003604438,-0.228967862558874,1.50000004787145));
#5704=CARTESIAN_POINT('',(-6.05100003604438,-0.21981013370333,1.52000004787145));
#5705=CARTESIAN_POINT('',(-6.05100003604438,-0.729336974673677,2.0710346052722));
#5706=CARTESIAN_POINT('',(-6.05100003604438,-0.0796261902764126,1.52000004787145));
#5707=CARTESIAN_POINT('Origin',(-6.75000021542151,1.10000003510573,5.75));
#5708=CARTESIAN_POINT('',(-6.35000020265579,1.25000003989287,5.75));
#5709=CARTESIAN_POINT('Origin',(-6.35000020265579,1.25000003989287,6.));
#5710=CARTESIAN_POINT('',(-6.35043158736466,0.624862304932693,6.));
#5711=CARTESIAN_POINT('Origin',(-6.75000021542151,0.,6.));
#5712=CARTESIAN_POINT('Origin',(-7.5,0.,0.987925893538575));
#5713=CARTESIAN_POINT('',(-7.5,0.1,0.987925893538575));
#5714=CARTESIAN_POINT('Origin',(-7.5,0.,0.987925893538575));
#5715=CARTESIAN_POINT('',(-7.45,0.1,0.987925893538575));
#5716=CARTESIAN_POINT('',(-7.5,0.1,0.987925893538575));
#5717=CARTESIAN_POINT('Origin',(-7.45,0.,0.987925893538575));
#5718=CARTESIAN_POINT('Origin',(-7.45,0.00714324940935433,0.975223065964936));
#5719=CARTESIAN_POINT('',(-7.45,0.565421796472345,1.04064767597536));
#5720=CARTESIAN_POINT('',(-7.45,0.600000019148579,1.0000000319143));
#5721=CARTESIAN_POINT('',(-7.45,0.464372774567231,1.15943355787497));
#5722=CARTESIAN_POINT('',(-7.45,0.20000000638286,1.10000003510573));
#5723=CARTESIAN_POINT('',(-7.45,0.1159228772789,1.11365596941661));
#5724=CARTESIAN_POINT('',(-7.45,0.326621969934298,1.48880625454676));
#5725=CARTESIAN_POINT('',(-7.45,0.235694798218759,1.20960469355673));
#5726=CARTESIAN_POINT('',(-7.45,0.231756285419183,1.48880625454676));
#5727=CARTESIAN_POINT('',(-7.45,0.119449767414269,1.48880625454676));
#5728=CARTESIAN_POINT('',(-7.45,-0.0192896860695331,1.20949349642534));
#5729=CARTESIAN_POINT('',(-7.45,-0.0716196746710826,1.15127135741994));
#5730=CARTESIAN_POINT('',(-7.45,-0.198955730482774,1.4789925630452));
#5731=CARTESIAN_POINT('',(-7.45,-0.0509936957885396,1.25704951100385));
#5732=CARTESIAN_POINT('',(-7.45,-0.2698323913274,1.49861994604833));
#5733=CARTESIAN_POINT('',(-7.45,-0.0738996113966072,1.4443616377598));
#5734=CARTESIAN_POINT('',(-7.45,-0.328714540336782,1.45936518004207));
#5735=CARTESIAN_POINT('',(-7.45,-0.324181177903997,1.46238742166393));
#5736=CARTESIAN_POINT('',(-7.45,-0.183689988147009,1.09407777415054));
#5737=CARTESIAN_POINT('',(-7.45,-0.150317061971447,1.01001814806924));
#5738=CARTESIAN_POINT('',(-7.45,-0.568570555343869,1.03410521497432));
#5739=CARTESIAN_POINT('',(-7.45,-0.292016011197126,1.07719828118208));
#5740=CARTESIAN_POINT('',(-7.45,-0.58571352032987,0.934371630545163));
#5741=CARTESIAN_POINT('',(-7.45,-0.573796604405011,1.00370133759978));
#5742=CARTESIAN_POINT('',(-7.45,-0.218665112330448,0.851258259573451));
#5743=CARTESIAN_POINT('',(-7.45,-0.124618184961415,0.829962547637863));
#5744=CARTESIAN_POINT('',(-7.45,-0.32435289966942,0.488900131554118));
#5745=CARTESIAN_POINT('',(-7.45,-0.245996448240719,0.75755082216681));
#5746=CARTESIAN_POINT('',(-7.45,-0.245843367656912,0.466001518050469));
#5747=CARTESIAN_POINT('',(-7.45,-0.197706510552481,0.45196160139501));
#5748=CARTESIAN_POINT('',(-7.45,-0.0604736392940437,0.746236930928452));
#5749=CARTESIAN_POINT('',(-7.45,0.00249981131245134,0.841437970962977));
#5750=CARTESIAN_POINT('',(-7.45,0.0943646043972929,0.657368502330959));
#5751=CARTESIAN_POINT('',(-7.45,-0.00705320426510494,0.715576610823815));
#5752=CARTESIAN_POINT('',(-7.45,0.255716162534777,0.451826185881544));
#5753=CARTESIAN_POINT('',(-7.45,0.0812216186232864,0.674111072233812));
#5754=CARTESIAN_POINT('',(-7.45,0.3320740207685,0.531426128060893));
#5755=CARTESIAN_POINT('',(-7.45,0.365070616565838,0.565823728757654));
#5756=CARTESIAN_POINT('',(-7.45,0.214309722749737,0.783310876601025));
#5757=CARTESIAN_POINT('',(-7.45,0.158913989990851,0.901796193890864));
#5758=CARTESIAN_POINT('',(-7.45,0.259016539590193,0.930516249124479));
#5759=CARTESIAN_POINT('',(-7.45,0.254597098979773,0.915964432480412));
#5760=CARTESIAN_POINT('',(-7.45,0.561060155804984,0.930516249124479));
#5761=CARTESIAN_POINT('',(-7.45,0.284101702607169,0.930516249124479));
#5762=CARTESIAN_POINT('',(-7.45,0.523869177960955,0.864153154743449));
#5763=CARTESIAN_POINT('Origin',(-7.50089763779528,-0.218665112330448,0.851258259573451));
#5764=CARTESIAN_POINT('',(-7.45089763779528,-0.58571352032987,0.934371630545163));
#5765=CARTESIAN_POINT('',(-7.50089763779528,-0.58571352032987,0.934371630545163));
#5766=CARTESIAN_POINT('',(-7.45089763779528,-0.218665112330448,0.851258259573451));
#5767=CARTESIAN_POINT('',(-7.45089763779528,0.132864385102087,0.771658945447955));
#5768=CARTESIAN_POINT('',(-7.50089763779528,-0.218665112330448,0.851258259573451));
#5769=CARTESIAN_POINT('Origin',(-7.50089763779528,-0.58571352032987,0.934371630545163));
#5770=CARTESIAN_POINT('',(-7.45089763779528,-0.568570555343869,1.03410521497432));
#5771=CARTESIAN_POINT('',(-7.50089763779528,-0.568570555343869,1.03410521497432));
#5772=CARTESIAN_POINT('',(-7.45089763779528,-0.565006585234373,1.05483952284397));
#5773=CARTESIAN_POINT('Origin',(-7.50089763779528,-0.56857055534387,1.03410521497432));
#5774=CARTESIAN_POINT('',(-7.45089763779528,-0.183689988147009,1.09407777415054));
#5775=CARTESIAN_POINT('',(-7.50089763779528,-0.183689988147009,1.09407777415054));
#5776=CARTESIAN_POINT('',(-7.45089763779528,-0.025548813924825,1.11871952470269));
#5777=CARTESIAN_POINT('Origin',(-7.50089763779528,-0.183689988147009,1.09407777415054));
#5778=CARTESIAN_POINT('',(-7.45089763779528,-0.328714540336782,1.45936518004207));
#5779=CARTESIAN_POINT('',(-7.50089763779528,-0.328714540336782,1.45936518004207));
#5780=CARTESIAN_POINT('',(-7.45089763779528,-0.115299998921356,0.921817274973142));
#5781=CARTESIAN_POINT('Origin',(-7.50089763779528,-0.328714540336782,1.45936518004207));
#5782=CARTESIAN_POINT('',(-7.45089763779528,-0.2698323913274,1.49861994604833));
#5783=CARTESIAN_POINT('',(-7.50089763779528,-0.2698323913274,1.49861994604833));
#5784=CARTESIAN_POINT('',(-7.45089763779528,-0.133140811562439,1.58974766589164));
#5785=CARTESIAN_POINT('Origin',(-7.50089763779528,-0.2698323913274,1.49861994604833));
#5786=CARTESIAN_POINT('',(-7.45089763779528,-0.198955730482774,1.4789925630452));
#5787=CARTESIAN_POINT('',(-7.50089763779528,-0.198955730482774,1.4789925630452));
#5788=CARTESIAN_POINT('',(-7.45089763779528,0.177229395341835,1.37481822050915));
#5789=CARTESIAN_POINT('Origin',(-7.50089763779528,-0.198955730482774,1.4789925630452));
#5790=CARTESIAN_POINT('',(-7.45089763779528,-0.0192896860695331,1.20949349642534));
#5791=CARTESIAN_POINT('',(-7.50089763779528,-0.0192896860695331,1.20949349642534));
#5792=CARTESIAN_POINT('',(-7.45089763779528,0.0299848643463267,1.13558167080155));
#5793=CARTESIAN_POINT('Origin',(-7.50089763779528,-0.0192896860695333,1.20949349642534));
#5794=CARTESIAN_POINT('',(-7.45089763779528,0.231756285419183,1.48880625454676));
#5795=CARTESIAN_POINT('',(-7.50089763779528,0.231756285419183,1.48880625454676));
#5796=CARTESIAN_POINT('',(-7.45089763779528,0.0528624416140036,1.28976966922393));
#5797=CARTESIAN_POINT('Origin',(-7.50089763779528,0.231756285419183,1.48880625454676));
#5798=CARTESIAN_POINT('',(-7.45089763779528,0.326621969934298,1.48880625454676));
#5799=CARTESIAN_POINT('',(-7.50089763779528,0.326621969934298,1.48880625454676));
#5800=CARTESIAN_POINT('',(-7.45089763779528,0.391468693890694,1.48880625454676));
#5801=CARTESIAN_POINT('Origin',(-7.50089763779528,0.326621969934298,1.48880625454676));
#5802=CARTESIAN_POINT('',(-7.45089763779528,0.20000000638286,1.10000003510573));
#5803=CARTESIAN_POINT('',(-7.50089763779528,0.20000000638286,1.10000003510573));
#5804=CARTESIAN_POINT('',(-7.45089763779528,0.263513634069869,1.29502539067084));
#5805=CARTESIAN_POINT('Origin',(-7.50089763779528,0.20000000638286,1.10000003510573));
#5806=CARTESIAN_POINT('',(-7.45089763779528,0.565421796472345,1.04064767597536));
#5807=CARTESIAN_POINT('',(-7.50089763779528,0.565421796472345,1.04064767597536));
#5808=CARTESIAN_POINT('',(-7.45089763779528,0.380017731048813,1.07076128434161));
#5809=CARTESIAN_POINT('Origin',(-7.50089763779528,0.565421796472345,1.04064767597536));
#5810=CARTESIAN_POINT('',(-7.45089763779528,0.600000019148579,1.0000000319143));
#5811=CARTESIAN_POINT('',(-7.50089763779528,0.600000019148579,1.0000000319143));
#5812=CARTESIAN_POINT('',(-7.45089763779528,0.57566888624693,1.0286019424014));
#5813=CARTESIAN_POINT('Origin',(-7.50089763779528,-0.201316671392226,1.52000004787145));
#5814=CARTESIAN_POINT('',(-7.50089763779528,-0.21981013370333,1.52000004787145));
#5815=CARTESIAN_POINT('Origin',(-7.50089763779528,-9.6161049376982E-16,
1.28228346456693));
#5816=CARTESIAN_POINT('',(-7.45089763779528,-0.201316671392226,1.50000004787145));
#5817=CARTESIAN_POINT('',(-7.50044881889764,-0.201316671392226,1.50000004787145));
#5818=CARTESIAN_POINT('',(-7.45089763779528,-1.04902962956708E-15,1.28228346456693));
#5819=CARTESIAN_POINT('',(-7.45089763779528,0.200618948037659,1.06532144343452));
#5820=CARTESIAN_POINT('',(-7.50089763779528,-1.04902962956708E-15,1.28228346456693));
#5821=CARTESIAN_POINT('Origin',(-7.50089763779528,0.201316671392221,1.50000004787145));
#5822=CARTESIAN_POINT('',(-7.45089763779528,0.201316671392221,1.50000004787145));
#5823=CARTESIAN_POINT('',(-7.45089763779528,0.154091083201882,1.44892730941297));
#5824=CARTESIAN_POINT('',(-7.50044881889764,0.201316671392221,1.50000004787145));
#5825=CARTESIAN_POINT('',(-7.50089763779528,0.219810133703325,1.52000004787145));
#5826=CARTESIAN_POINT('Origin',(-7.50089763779528,0.345795318359622,1.52000004787145));
#5827=CARTESIAN_POINT('',(-7.50089763779528,0.331290603691181,1.52000004787145));
#5828=CARTESIAN_POINT('Origin',(-7.50089763779528,0.275590551181101,1.46434471074733));
#5829=CARTESIAN_POINT('',(-7.45089763779528,0.345795318359622,1.50000004787145));
#5830=CARTESIAN_POINT('',(-7.50089763779528,0.345795318359622,1.50000004787145));
#5831=CARTESIAN_POINT('',(-7.45089763779528,0.350792529109408,1.44100643926688));
#5832=CARTESIAN_POINT('Origin',(-7.45089763779528,0.275590551181101,1.46434471074733));
#5833=CARTESIAN_POINT('',(-7.50089763779528,0.350792529109408,1.44100643926688));
#5834=CARTESIAN_POINT('Origin',(-7.50089763779528,0.255716162534775,1.13464566929134));
#5835=CARTESIAN_POINT('',(-7.45089763779528,0.261662271459078,1.15380557804719));
#5836=CARTESIAN_POINT('',(-7.45089763779528,0.247798080210634,1.10913154959));
#5837=CARTESIAN_POINT('',(-7.50089763779528,0.261662271459078,1.15380557804719));
#5838=CARTESIAN_POINT('Origin',(-7.50089763779528,0.572987476401212,1.08331000665313));
#5839=CARTESIAN_POINT('',(-7.45089763779528,0.572987476401212,1.08331000665313));
#5840=CARTESIAN_POINT('',(-7.45089763779528,0.572987476401212,1.08331000665313));
#5841=CARTESIAN_POINT('',(-7.50089763779528,0.572987476401212,1.08331000665313));
#5842=CARTESIAN_POINT('Origin',(-7.50089763779528,0.551181102362205,0.987007874015749));
#5843=CARTESIAN_POINT('',(-7.45089763779528,0.572987476401212,0.890705741378364));
#5844=CARTESIAN_POINT('Origin',(-7.45089763779528,0.551181102362205,0.987007874015749));
#5845=CARTESIAN_POINT('',(-7.50089763779528,0.572987476401212,0.890705741378364));
#5846=CARTESIAN_POINT('Origin',(-7.50089763779528,0.260133083592121,0.81986390514375));
#5847=CARTESIAN_POINT('',(-7.45089763779528,0.281228293637993,0.824640642980116));
#5848=CARTESIAN_POINT('',(-7.45089763779528,0.416560279996666,0.855284823261057));
#5849=CARTESIAN_POINT('',(-7.50089763779528,0.281228293637993,0.824640642980116));
#5850=CARTESIAN_POINT('Origin',(-7.45089763779528,0.551181102362205,0.987007874015749));
#5851=CARTESIAN_POINT('',(-7.45089763779528,0.0255905432025279,1.50000004787145));
#5852=CARTESIAN_POINT('',(-7.45089763779528,-0.26166227145908,1.15380557804719));
#5853=CARTESIAN_POINT('',(-7.45089763779528,-0.246914663492644,1.10628495126401));
#5854=CARTESIAN_POINT('',(-7.45089763779528,-0.572987476401212,1.08331000665313));
#5855=CARTESIAN_POINT('',(-7.45089763779528,0.107738077997904,1.23745151578286));
#5856=CARTESIAN_POINT('',(-7.45089763779528,-0.572987476401212,0.890705741378364));
#5857=CARTESIAN_POINT('Origin',(-7.45089763779528,-0.551181102362205,0.987007874015749));
#5858=CARTESIAN_POINT('',(-7.45089763779528,-0.281228293637988,0.824640642980115));
#5859=CARTESIAN_POINT('',(-7.45089763779528,-0.0486891184066434,0.771985150365941));
#5860=CARTESIAN_POINT('',(-7.45089763779528,-0.369893831503195,0.538937229720651));
#5861=CARTESIAN_POINT('',(-7.45089763779528,-0.218477782599118,1.02683910271129));
#5862=CARTESIAN_POINT('',(-7.45089763779528,-0.203093644898008,0.442635097083268));
#5863=CARTESIAN_POINT('Origin',(-7.45089763779528,-0.275590551181098,0.509671037284166));
#5864=CARTESIAN_POINT('',(-7.45089763779528,3.40224356688338E-15,0.662273411944483));
#5865=CARTESIAN_POINT('',(-7.45089763779528,0.106414316256876,0.777356585086139));
#5866=CARTESIAN_POINT('',(-7.45089763779528,0.203093644898019,0.442635097083272));
#5867=CARTESIAN_POINT('',(-7.45089763779528,0.0387483661693309,0.620368477630414));
#5868=CARTESIAN_POINT('',(-7.45089763779528,0.369893831503204,0.538937229720658));
#5869=CARTESIAN_POINT('Origin',(-7.45089763779528,0.275590551181108,0.509671037284171));
#5870=CARTESIAN_POINT('',(-7.45089763779528,0.314437565891745,0.717631734409762));
#5871=CARTESIAN_POINT('',(-7.45089763779528,0.0255905432025279,1.50000004787145));
#5872=CARTESIAN_POINT('',(-7.45089763779528,0.561060155804984,0.930516249124479));
#5873=CARTESIAN_POINT('',(-7.45089763779528,0.591395654639016,0.984646516434507));
#5874=CARTESIAN_POINT('',(-7.45089763779528,0.259016539590193,0.930516249124479));
#5875=CARTESIAN_POINT('',(-7.45089763779528,0.556120629083594,0.930516249124479));
#5876=CARTESIAN_POINT('',(-7.45089763779528,0.214309722749737,0.783310876601025));
#5877=CARTESIAN_POINT('',(-7.45089763779528,0.279206677583585,0.996995971785648));
#5878=CARTESIAN_POINT('',(-7.45089763779528,0.3320740207685,0.531426128060893));
#5879=CARTESIAN_POINT('',(-7.45089763779528,0.20544724739639,0.802266726662349));
#5880=CARTESIAN_POINT('',(-7.45089763779528,0.255716162534777,0.451826185881544));
#5881=CARTESIAN_POINT('',(-7.45089763779528,0.498371391840969,0.70478433150118));
#5882=CARTESIAN_POINT('',(-7.45089763779528,0.0943646043972929,0.657368502330959));
#5883=CARTESIAN_POINT('',(-7.45089763779528,0.182074160574602,0.5456371651221));
#5884=CARTESIAN_POINT('',(-7.45089763779528,-0.0604736392940437,0.746236930928452));
#5885=CARTESIAN_POINT('',(-7.45089763779528,0.195018955835044,0.599598575273377));
#5886=CARTESIAN_POINT('',(-7.45089763779528,-0.245843367656912,0.466001518050469));
#5887=CARTESIAN_POINT('',(-7.45089763779528,0.0880066213582515,0.970704148502804));
#5888=CARTESIAN_POINT('',(-7.45089763779528,-0.32435289966942,0.488900131554118));
#5889=CARTESIAN_POINT('',(-7.45089763779528,0.0514022538861638,0.379304878433739));
#5890=CARTESIAN_POINT('',(-7.45089763779528,-0.223086286202938,0.836099949153487));
#5891=CARTESIAN_POINT('Origin',(-7.50089763779528,0.369893831503204,0.538937229720658));
#5892=CARTESIAN_POINT('',(-6.05000019148579,0.369893831503204,0.538937229720658));
#5893=CARTESIAN_POINT('Origin',(-7.50089763779528,-0.32435289966942,0.488900131554118));
#5894=CARTESIAN_POINT('',(-7.50089763779528,-0.32435289966942,0.488900131554118));
#5895=CARTESIAN_POINT('Origin',(-7.50089763779528,-0.245843367656912,0.466001518050469));
#5896=CARTESIAN_POINT('',(-7.50089763779528,-0.245843367656912,0.466001518050469));
#5897=CARTESIAN_POINT('Origin',(-7.50089763779528,-0.0604736392940436,0.746236930928452));
#5898=CARTESIAN_POINT('',(-7.50089763779528,-0.0604736392940437,0.746236930928452));
#5899=CARTESIAN_POINT('Origin',(-7.50089763779528,0.0943646043972929,0.657368502330959));
#5900=CARTESIAN_POINT('',(-7.50089763779528,0.0943646043972929,0.657368502330959));
#5901=CARTESIAN_POINT('Origin',(-7.50089763779528,0.255716162534777,0.451826185881544));
#5902=CARTESIAN_POINT('',(-7.50089763779528,0.255716162534777,0.451826185881544));
#5903=CARTESIAN_POINT('Origin',(-7.50089763779528,0.3320740207685,0.531426128060893));
#5904=CARTESIAN_POINT('',(-7.50089763779528,0.3320740207685,0.531426128060893));
#5905=CARTESIAN_POINT('Origin',(-7.50089763779528,0.214309722749737,0.783310876601025));
#5906=CARTESIAN_POINT('',(-7.50089763779528,0.214309722749737,0.783310876601025));
#5907=CARTESIAN_POINT('Origin',(-7.50089763779528,0.259016539590193,0.930516249124479));
#5908=CARTESIAN_POINT('',(-7.50089763779528,0.259016539590193,0.930516249124479));
#5909=CARTESIAN_POINT('Origin',(-7.50089763779528,0.561060155804984,0.930516249124479));
#5910=CARTESIAN_POINT('',(-7.50089763779528,0.561060155804984,0.930516249124479));
#5911=CARTESIAN_POINT('Origin',(-7.50089763779528,0.600000019148579,1.0000000319143));
#5912=CARTESIAN_POINT('Origin',(-7.50089763779528,0.275590551181108,0.509671037284171));
#5913=CARTESIAN_POINT('',(-6.05000019148579,0.203093644898019,0.442635097083272));
#5914=CARTESIAN_POINT('Origin',(-7.50089763779528,-0.0146843813364439,0.678154030824194));
#5915=CARTESIAN_POINT('',(-7.50089763779528,3.36136821570427E-15,0.662273411944483));
#5916=CARTESIAN_POINT('Origin',(-7.50089763779528,-0.203093644898008,0.442635097083268));
#5917=CARTESIAN_POINT('',(-6.05000019148579,-0.203093644898008,0.442635097083268));
#5918=CARTESIAN_POINT('Origin',(-7.50089763779528,-0.275590551181098,0.509671037284166));
#5919=CARTESIAN_POINT('',(-6.05000019148579,-0.369893831503195,0.538937229720651));
#5920=CARTESIAN_POINT('Origin',(-7.50089763779528,-0.274817464928564,0.845297999696191));
#5921=CARTESIAN_POINT('',(-7.50089763779528,-0.281228293637988,0.824640642980115));
#5922=CARTESIAN_POINT('Origin',(-7.50089763779528,-0.572987476401212,0.890705741378364));
#5923=CARTESIAN_POINT('',(-6.05000019148579,-0.572987476401212,0.890705741378364));
#5924=CARTESIAN_POINT('Origin',(-7.50089763779528,-0.551181102362205,0.987007874015749));
#5925=CARTESIAN_POINT('',(-6.05000019148579,-0.572987476401212,1.08331000665313));
#5926=CARTESIAN_POINT('Origin',(-7.50089763779528,-0.260133083592118,1.15415184288775));
#5927=CARTESIAN_POINT('',(-7.50089763779528,-0.26166227145908,1.15380557804719));
#5928=CARTESIAN_POINT('Origin',(-7.50089763779528,-0.350792529109411,1.44100643926688));
#5929=CARTESIAN_POINT('Origin',(-7.35089763779528,-0.324352899669421,0.488900131554118));
#5930=CARTESIAN_POINT('',(-7.5,-0.245843367656912,0.466001518050469));
#5931=CARTESIAN_POINT('',(-7.5,-0.32435289966942,0.488900131554118));
#5932=CARTESIAN_POINT('',(-7.5,-0.245843367656912,0.466001518050469));
#5933=CARTESIAN_POINT('',(-7.50089763779528,-0.245843367656912,0.466001518050469));
#5934=CARTESIAN_POINT('',(-7.35089763779528,-0.245843367656912,0.466001518050469));
#5935=CARTESIAN_POINT('',(-7.50089763779528,-0.32435289966942,0.488900131554118));
#5936=CARTESIAN_POINT('',(-7.50089763779528,0.0514022538861638,0.379304878433739));
#5937=CARTESIAN_POINT('',(-7.35089763779528,-0.32435289966942,0.488900131554118));
#5938=CARTESIAN_POINT('Origin',(-7.35089763779528,-0.245843367656912,0.466001518050469));
#5939=CARTESIAN_POINT('',(-7.5,-0.0604736392940437,0.746236930928452));
#5940=CARTESIAN_POINT('',(-7.5,-0.0604736392940437,0.746236930928452));
#5941=CARTESIAN_POINT('',(-7.50089763779528,-0.0604736392940437,0.746236930928452));
#5942=CARTESIAN_POINT('',(-7.35089763779528,-0.0604736392940437,0.746236930928452));
#5943=CARTESIAN_POINT('',(-7.50089763779528,0.0880066213582515,0.970704148502804));
#5944=CARTESIAN_POINT('Origin',(-7.35089763779528,-0.0604736392940437,0.746236930928452));
#5945=CARTESIAN_POINT('',(-7.5,0.0943646043972929,0.657368502330959));
#5946=CARTESIAN_POINT('',(-7.5,0.0943646043972929,0.657368502330959));
#5947=CARTESIAN_POINT('',(-7.50089763779528,0.0943646043972929,0.657368502330959));
#5948=CARTESIAN_POINT('',(-7.35089763779528,0.0943646043972929,0.657368502330959));
#5949=CARTESIAN_POINT('',(-7.50089763779528,0.195018955835044,0.599598575273377));
#5950=CARTESIAN_POINT('Origin',(-7.35089763779528,0.0943646043972928,0.657368502330959));
#5951=CARTESIAN_POINT('',(-7.5,0.255716162534777,0.451826185881544));
#5952=CARTESIAN_POINT('',(-7.5,0.255716162534777,0.451826185881544));
#5953=CARTESIAN_POINT('',(-7.50089763779528,0.255716162534777,0.451826185881544));
#5954=CARTESIAN_POINT('',(-7.35089763779528,0.255716162534777,0.451826185881544));
#5955=CARTESIAN_POINT('',(-7.50089763779528,0.182074160574602,0.5456371651221));
#5956=CARTESIAN_POINT('Origin',(-7.35089763779528,0.255716162534777,0.451826185881544));
#5957=CARTESIAN_POINT('',(-7.5,0.3320740207685,0.531426128060893));
#5958=CARTESIAN_POINT('',(-7.5,0.3320740207685,0.531426128060893));
#5959=CARTESIAN_POINT('',(-7.50089763779528,0.3320740207685,0.531426128060893));
#5960=CARTESIAN_POINT('',(-7.35089763779528,0.3320740207685,0.531426128060893));
#5961=CARTESIAN_POINT('',(-7.50089763779528,0.498371391840969,0.70478433150118));
#5962=CARTESIAN_POINT('Origin',(-7.35089763779528,0.3320740207685,0.531426128060893));
#5963=CARTESIAN_POINT('',(-7.5,0.214309722749737,0.783310876601025));
#5964=CARTESIAN_POINT('',(-7.5,0.214309722749737,0.783310876601025));
#5965=CARTESIAN_POINT('',(-7.50089763779528,0.214309722749737,0.783310876601025));
#5966=CARTESIAN_POINT('',(-7.35089763779528,0.214309722749737,0.783310876601025));
#5967=CARTESIAN_POINT('',(-7.50089763779528,0.20544724739639,0.802266726662349));
#5968=CARTESIAN_POINT('Origin',(-7.35089763779528,0.214309722749737,0.783310876601025));
#5969=CARTESIAN_POINT('',(-7.5,0.259016539590193,0.930516249124479));
#5970=CARTESIAN_POINT('',(-7.5,0.259016539590193,0.930516249124479));
#5971=CARTESIAN_POINT('',(-7.50089763779528,0.259016539590193,0.930516249124479));
#5972=CARTESIAN_POINT('',(-7.35089763779528,0.259016539590193,0.930516249124479));
#5973=CARTESIAN_POINT('',(-7.50089763779528,0.279206677583585,0.996995971785648));
#5974=CARTESIAN_POINT('Origin',(-7.35089763779528,0.259016539590193,0.930516249124479));
#5975=CARTESIAN_POINT('',(-7.5,0.561060155804984,0.930516249124479));
#5976=CARTESIAN_POINT('',(-7.5,0.561060155804984,0.930516249124479));
#5977=CARTESIAN_POINT('',(-7.50089763779528,0.561060155804984,0.930516249124479));
#5978=CARTESIAN_POINT('',(-7.35089763779528,0.561060155804984,0.930516249124479));
#5979=CARTESIAN_POINT('',(-7.50089763779528,0.556120629083594,0.930516249124479));
#5980=CARTESIAN_POINT('Origin',(-7.35089763779528,0.561060155804984,0.930516249124479));
#5981=CARTESIAN_POINT('',(-7.5,0.600000019148579,1.0000000319143));
#5982=CARTESIAN_POINT('',(-7.5,0.600000019148579,1.0000000319143));
#5983=CARTESIAN_POINT('',(-7.50089763779528,0.600000019148579,1.0000000319143));
#5984=CARTESIAN_POINT('',(-7.35089763779528,0.600000019148579,1.0000000319143));
#5985=CARTESIAN_POINT('',(-7.50089763779528,0.591395654639016,0.984646516434506));
#5986=CARTESIAN_POINT('Origin',(-7.35089763779528,0.600000019148579,1.0000000319143));
#5987=CARTESIAN_POINT('',(-7.5,0.565421796472345,1.04064767597536));
#5988=CARTESIAN_POINT('',(-7.5,0.565421796472345,1.04064767597536));
#5989=CARTESIAN_POINT('',(-7.50089763779528,0.565421796472345,1.04064767597536));
#5990=CARTESIAN_POINT('',(-7.35089763779528,0.565421796472345,1.04064767597536));
#5991=CARTESIAN_POINT('',(-7.50089763779528,0.57566888624693,1.0286019424014));
#5992=CARTESIAN_POINT('Origin',(-7.35089763779528,0.565421796472345,1.04064767597536));
#5993=CARTESIAN_POINT('',(-7.5,0.20000000638286,1.10000003510573));
#5994=CARTESIAN_POINT('',(-7.5,0.20000000638286,1.10000003510573));
#5995=CARTESIAN_POINT('',(-7.50089763779528,0.20000000638286,1.10000003510573));
#5996=CARTESIAN_POINT('',(-7.35089763779528,0.20000000638286,1.10000003510573));
#5997=CARTESIAN_POINT('',(-7.50089763779528,0.380017731048813,1.07076128434161));
#5998=CARTESIAN_POINT('Origin',(-7.35089763779528,-0.201316671392226,1.50000004787145));
#5999=CARTESIAN_POINT('',(-7.5,-1.0073689476637E-15,1.28228346456693));
#6000=CARTESIAN_POINT('',(-7.5,-0.201316671392226,1.50000004787145));
#6001=CARTESIAN_POINT('',(-7.5,-0.0385340092629902,1.32395657976273));
#6002=CARTESIAN_POINT('',(-7.50089763779528,-1.04902962956708E-15,1.28228346456693));
#6003=CARTESIAN_POINT('',(-7.35089763779528,-1.00532006166845E-15,1.28228346456693));
#6004=CARTESIAN_POINT('',(-7.50089763779528,-0.201316671392226,1.50000004787145));
#6005=CARTESIAN_POINT('',(-7.50089763779528,-0.217778026234463,1.51780239830785));
#6006=CARTESIAN_POINT('',(-7.35089763779528,-0.201316671392226,1.50000004787145));
#6007=CARTESIAN_POINT('Origin',(-7.35089763779528,-9.17900925871192E-16,
1.28228346456693));
#6008=CARTESIAN_POINT('',(-7.5,0.201316671392221,1.50000004787145));
#6009=CARTESIAN_POINT('',(-7.5,-0.0703550038542421,1.20619711289226));
#6010=CARTESIAN_POINT('',(-7.50089763779528,0.201316671392221,1.50000004787145));
#6011=CARTESIAN_POINT('',(-7.35089763779528,0.201316671392221,1.50000004787145));
#6012=CARTESIAN_POINT('',(-7.50089763779528,0.217778026234459,1.51780239830785));
#6013=CARTESIAN_POINT('Origin',(-7.35089763779528,0.275590551181101,1.46434471074733));
#6014=CARTESIAN_POINT('',(-7.50089763779528,0.350792529109408,1.44100643926688));
#6015=CARTESIAN_POINT('',(-7.35089763779528,0.350792529109408,1.44100643926688));
#6016=CARTESIAN_POINT('',(-7.50089763779528,0.345795318359622,1.50000004787145));
#6017=CARTESIAN_POINT('Origin',(-7.50089763779528,0.275590551181101,1.46434471074733));
#6018=CARTESIAN_POINT('',(-7.35089763779528,0.345795318359622,1.50000004787145));
#6019=CARTESIAN_POINT('Origin',(-7.35089763779528,0.350792529109408,1.44100643926688));
#6020=CARTESIAN_POINT('',(-7.50089763779528,0.255716162534775,1.13464566929134));
#6021=CARTESIAN_POINT('',(-7.35089763779528,0.255716162534775,1.13464566929134));
#6022=CARTESIAN_POINT('',(-7.50089763779528,0.350792529109408,1.44100643926688));
#6023=CARTESIAN_POINT('Origin',(-7.35089763779528,0.255716162534775,1.13464566929134));
#6024=CARTESIAN_POINT('',(-7.50089763779528,0.568570555343869,1.06380383305672));
#6025=CARTESIAN_POINT('',(-7.35089763779528,0.568570555343869,1.06380383305672));
#6026=CARTESIAN_POINT('',(-7.50089763779528,0.568570555343869,1.06380383305672));
#6027=CARTESIAN_POINT('Origin',(-7.35089763779528,0.551181102362205,0.987007874015749));
#6028=CARTESIAN_POINT('',(-7.50089763779528,0.568570555343869,0.910211914974772));
#6029=CARTESIAN_POINT('',(-7.35089763779528,0.568570555343869,0.910211914974772));
#6030=CARTESIAN_POINT('Origin',(-7.50089763779528,0.551181102362205,0.987007874015749));
#6031=CARTESIAN_POINT('Origin',(-7.35089763779528,0.568570555343869,0.910211914974772));
#6032=CARTESIAN_POINT('',(-7.50089763779528,0.255716162534777,0.839370078740161));
#6033=CARTESIAN_POINT('',(-7.35089763779528,0.255716162534777,0.839370078740161));
#6034=CARTESIAN_POINT('',(-7.50089763779528,0.568570555343869,0.910211914974772));
#6035=CARTESIAN_POINT('Origin',(-7.35089763779528,-0.218665112330448,0.851258259573451));
#6036=CARTESIAN_POINT('',(-7.5,-0.218665112330448,0.851258259573451));
#6037=CARTESIAN_POINT('',(-7.5,-0.32435289966942,0.488900131554118));
#6038=CARTESIAN_POINT('',(-7.50089763779528,-0.218665112330448,0.851258259573451));
#6039=CARTESIAN_POINT('',(-7.50089763779528,-0.223086286202938,0.836099949153487));
#6040=CARTESIAN_POINT('',(-7.35089763779528,-0.218665112330448,0.851258259573451));
#6041=CARTESIAN_POINT('Origin',(-7.35089763779528,-0.58571352032987,0.934371630545163));
#6042=CARTESIAN_POINT('',(-7.5,-0.58571352032987,0.934371630545163));
#6043=CARTESIAN_POINT('',(-7.5,-0.218665112330448,0.851258259573451));
#6044=CARTESIAN_POINT('',(-7.50089763779528,-0.58571352032987,0.934371630545163));
#6045=CARTESIAN_POINT('',(-7.50089763779528,0.132864385102087,0.771658945447955));
#6046=CARTESIAN_POINT('',(-7.35089763779528,-0.58571352032987,0.934371630545163));
#6047=CARTESIAN_POINT('Origin',(-7.35089763779528,-0.56857055534387,1.03410521497432));
#6048=CARTESIAN_POINT('',(-7.5,-0.568570555343869,1.03410521497432));
#6049=CARTESIAN_POINT('',(-7.5,-0.58571352032987,0.934371630545163));
#6050=CARTESIAN_POINT('',(-7.50089763779528,-0.568570555343869,1.03410521497432));
#6051=CARTESIAN_POINT('',(-7.50089763779528,-0.565006585234373,1.05483952284397));
#6052=CARTESIAN_POINT('',(-7.35089763779528,-0.568570555343869,1.03410521497432));
#6053=CARTESIAN_POINT('Origin',(-7.35089763779528,-0.183689988147009,1.09407777415054));
#6054=CARTESIAN_POINT('',(-7.5,-0.183689988147009,1.09407777415054));
#6055=CARTESIAN_POINT('',(-7.5,-0.568570555343869,1.03410521497432));
#6056=CARTESIAN_POINT('',(-7.50089763779528,-0.183689988147009,1.09407777415054));
#6057=CARTESIAN_POINT('',(-7.50089763779528,-0.0255488139248249,1.11871952470269));
#6058=CARTESIAN_POINT('',(-7.35089763779528,-0.183689988147009,1.09407777415054));
#6059=CARTESIAN_POINT('Origin',(-7.35089763779528,-0.328714540336782,1.45936518004207));
#6060=CARTESIAN_POINT('',(-7.5,-0.328714540336782,1.45936518004207));
#6061=CARTESIAN_POINT('',(-7.5,-0.183689988147009,1.09407777415054));
#6062=CARTESIAN_POINT('',(-7.50089763779528,-0.328714540336782,1.45936518004207));
#6063=CARTESIAN_POINT('',(-7.50089763779528,-0.115299998921356,0.921817274973142));
#6064=CARTESIAN_POINT('',(-7.35089763779528,-0.328714540336782,1.45936518004207));
#6065=CARTESIAN_POINT('Origin',(-7.35089763779528,-0.2698323913274,1.49861994604833));
#6066=CARTESIAN_POINT('',(-7.5,-0.2698323913274,1.49861994604833));
#6067=CARTESIAN_POINT('',(-7.5,-0.328714540336782,1.45936518004207));
#6068=CARTESIAN_POINT('',(-7.50089763779528,-0.2698323913274,1.49861994604833));
#6069=CARTESIAN_POINT('',(-7.50089763779528,-0.133140811562438,1.58974766589164));
#6070=CARTESIAN_POINT('',(-7.35089763779528,-0.2698323913274,1.49861994604833));
#6071=CARTESIAN_POINT('Origin',(-7.35089763779528,-0.198955730482774,1.4789925630452));
#6072=CARTESIAN_POINT('',(-7.5,-0.198955730482774,1.4789925630452));
#6073=CARTESIAN_POINT('',(-7.5,-0.2698323913274,1.49861994604833));
#6074=CARTESIAN_POINT('',(-7.50089763779528,-0.198955730482774,1.4789925630452));
#6075=CARTESIAN_POINT('',(-7.50089763779528,0.177229395341835,1.37481822050915));
#6076=CARTESIAN_POINT('',(-7.35089763779528,-0.198955730482774,1.4789925630452));
#6077=CARTESIAN_POINT('Origin',(-7.35089763779528,-0.0192896860695332,1.20949349642534));
#6078=CARTESIAN_POINT('',(-7.5,-0.0192896860695331,1.20949349642534));
#6079=CARTESIAN_POINT('',(-7.5,-0.198955730482774,1.4789925630452));
#6080=CARTESIAN_POINT('',(-7.50089763779528,-0.0192896860695331,1.20949349642534));
#6081=CARTESIAN_POINT('',(-7.50089763779528,0.0299848643463268,1.13558167080155));
#6082=CARTESIAN_POINT('',(-7.35089763779528,-0.0192896860695332,1.20949349642534));
#6083=CARTESIAN_POINT('Origin',(-7.35089763779528,0.231756285419183,1.48880625454676));
#6084=CARTESIAN_POINT('',(-7.5,0.231756285419183,1.48880625454676));
#6085=CARTESIAN_POINT('',(-7.5,-0.0192896860695332,1.20949349642534));
#6086=CARTESIAN_POINT('',(-7.50089763779528,0.231756285419183,1.48880625454676));
#6087=CARTESIAN_POINT('',(-7.50089763779528,0.0528624416140036,1.28976966922393));
#6088=CARTESIAN_POINT('',(-7.35089763779528,0.231756285419183,1.48880625454676));
#6089=CARTESIAN_POINT('Origin',(-7.35089763779528,0.326621969934298,1.48880625454676));
#6090=CARTESIAN_POINT('',(-7.5,0.326621969934298,1.48880625454676));
#6091=CARTESIAN_POINT('',(-7.5,0.231756285419183,1.48880625454676));
#6092=CARTESIAN_POINT('',(-7.50089763779528,0.326621969934298,1.48880625454676));
#6093=CARTESIAN_POINT('',(-7.50089763779528,0.391468693890694,1.48880625454676));
#6094=CARTESIAN_POINT('',(-7.35089763779528,0.326621969934298,1.48880625454676));
#6095=CARTESIAN_POINT('Origin',(-7.35089763779528,0.20000000638286,1.10000003510573));
#6096=CARTESIAN_POINT('',(-7.5,0.326621969934298,1.48880625454676));
#6097=CARTESIAN_POINT('',(-7.50089763779528,0.263513634069869,1.29502539067084));
#6098=CARTESIAN_POINT('Origin',(-7.35089763779528,-0.275590551181105,1.46434471074733));
#6099=CARTESIAN_POINT('',(-7.50089763779528,-0.345795318359625,1.50000004787145));
#6100=CARTESIAN_POINT('',(-7.35089763779528,-0.345795318359625,1.50000004787145));
#6101=CARTESIAN_POINT('',(-7.50089763779528,-0.350792529109411,1.44100643926688));
#6102=CARTESIAN_POINT('Origin',(-7.50089763779528,-0.275590551181105,1.46434471074733));
#6103=CARTESIAN_POINT('',(-7.35089763779528,-0.350792529109411,1.44100643926688));
#6104=CARTESIAN_POINT('Origin',(-7.35089763779528,-0.255716162534776,1.13464566929134));
#6105=CARTESIAN_POINT('',(-7.50089763779528,-0.255716162534775,1.13464566929134));
#6106=CARTESIAN_POINT('',(-7.50089763779528,-0.350792529109411,1.44100643926688));
#6107=CARTESIAN_POINT('',(-7.35089763779528,-0.255716162534775,1.13464566929134));
#6108=CARTESIAN_POINT('Origin',(-7.35089763779528,-0.568570555343869,1.06380383305672));
#6109=CARTESIAN_POINT('',(-7.50089763779528,-0.568570555343869,1.06380383305672));
#6110=CARTESIAN_POINT('',(-7.50089763779528,-0.568570555343869,1.06380383305672));
#6111=CARTESIAN_POINT('',(-7.35089763779528,-0.568570555343869,1.06380383305672));
#6112=CARTESIAN_POINT('Origin',(-7.35089763779528,-0.551181102362205,0.987007874015749));
#6113=CARTESIAN_POINT('',(-7.50089763779528,-0.568570555343869,0.910211914974772));
#6114=CARTESIAN_POINT('Origin',(-7.50089763779528,-0.551181102362205,0.987007874015749));
#6115=CARTESIAN_POINT('',(-7.35089763779528,-0.568570555343869,0.910211914974772));
#6116=CARTESIAN_POINT('Origin',(-7.35089763779528,-0.255716162534774,0.839370078740157));
#6117=CARTESIAN_POINT('',(-7.50089763779528,-0.255716162534774,0.839370078740156));
#6118=CARTESIAN_POINT('',(-7.50089763779528,-0.568570555343869,0.910211914974772));
#6119=CARTESIAN_POINT('',(-7.35089763779528,-0.255716162534774,0.839370078740156));
#6120=CARTESIAN_POINT('Origin',(-7.35089763779528,-0.350792529109405,0.533009308764616));
#6121=CARTESIAN_POINT('',(-7.50089763779528,-0.350792529109405,0.533009308764616));
#6122=CARTESIAN_POINT('',(-7.50089763779528,-0.350792529109405,0.533009308764616));
#6123=CARTESIAN_POINT('',(-7.35089763779528,-0.350792529109405,0.533009308764616));
#6124=CARTESIAN_POINT('Origin',(-7.35089763779528,-0.275590551181098,0.509671037284166));
#6125=CARTESIAN_POINT('',(-7.50089763779528,-0.217778026234455,0.456213349723641));
#6126=CARTESIAN_POINT('Origin',(-7.50089763779528,-0.275590551181098,0.509671037284166));
#6127=CARTESIAN_POINT('',(-7.35089763779528,-0.217778026234455,0.456213349723641));
#6128=CARTESIAN_POINT('Origin',(-7.35089763779528,3.05966975290397E-15,
0.691732283464567));
#6129=CARTESIAN_POINT('',(-7.50089763779528,3.05966975290397E-15,0.691732283464567));
#6130=CARTESIAN_POINT('',(-7.50089763779528,-0.217778026234455,0.456213349723641));
#6131=CARTESIAN_POINT('',(-7.35089763779528,3.05966975290397E-15,0.691732283464567));
#6132=CARTESIAN_POINT('Origin',(-7.35089763779528,0.217778026234466,0.456213349723646));
#6133=CARTESIAN_POINT('',(-7.50089763779528,0.217778026234466,0.456213349723646));
#6134=CARTESIAN_POINT('',(-7.50089763779528,0.217778026234466,0.456213349723646));
#6135=CARTESIAN_POINT('',(-7.35089763779528,0.217778026234466,0.456213349723646));
#6136=CARTESIAN_POINT('Origin',(-7.35089763779528,0.275590551181108,0.509671037284171));
#6137=CARTESIAN_POINT('',(-7.50089763779528,0.350792529109414,0.533009308764624));
#6138=CARTESIAN_POINT('Origin',(-7.50089763779528,0.275590551181108,0.509671037284171));
#6139=CARTESIAN_POINT('',(-7.35089763779528,0.350792529109414,0.533009308764624));
#6140=CARTESIAN_POINT('Origin',(-7.35089763779528,0.255716162534777,0.839370078740161));
#6141=CARTESIAN_POINT('',(-7.50089763779528,0.350792529109414,0.533009308764624));
#6142=CARTESIAN_POINT('Origin',(-7.50089763779528,0.551181102362205,0.987007874015749));
#6143=CARTESIAN_POINT('',(-7.50089763779528,0.0255905432025279,1.50000004787145));
#6144=CARTESIAN_POINT('',(-7.50089763779528,0.0255905432025279,1.50000004787145));
#6145=CARTESIAN_POINT('Origin',(-7.5,0.00714324940935433,0.975223065964936));
#6146=CARTESIAN_POINT('Origin',(-6.75000021542151,0.,4.6));
#6147=CARTESIAN_POINT('',(-7.12500010771075,0.500000015957149,4.6));
#6148=CARTESIAN_POINT('Origin',(-7.5,0.500000015957149,1.50000004787145));
#6149=CARTESIAN_POINT('',(-7.3,0.500000015957149,4.00000012765719));
#6150=CARTESIAN_POINT('',(-7.5,0.500000015957149,4.00000012765719));
#6151=CARTESIAN_POINT('',(-7.3,0.500000015957149,2.0000000638286));
#6152=CARTESIAN_POINT('',(-7.3,0.500000015957149,2.50000007978574));
#6153=CARTESIAN_POINT('',(-7.5,0.500000015957149,2.0000000638286));
#6154=CARTESIAN_POINT('',(-7.5,0.500000015957149,1.50000004787145));
#6155=CARTESIAN_POINT('Origin',(-6.75000021542151,-0.150000004787145,1.6));
#6156=CARTESIAN_POINT('Origin',(-7.5,0.500000015957149,4.00000012765719));
#6157=CARTESIAN_POINT('',(-7.3,0.250000007978574,4.00000012765719));
#6158=CARTESIAN_POINT('Origin',(-5.95000003604438,-0.98885862346631,4.73937471835182));
#6159=CARTESIAN_POINT('',(-6.40000020345365,-0.98885862346631,4.6));
#6160=CARTESIAN_POINT('',(-7.17500011329576,-0.98885862346631,0.85114206130081));
#6161=CARTESIAN_POINT('Origin',(-7.5,0.,1.));
#6162=CARTESIAN_POINT('',(-7.5,-0.250000007978574,1.50000004787145));
#6163=CARTESIAN_POINT('Origin',(-7.17500011329576,-3.19142979759859E-8,
1.));
#6164=CARTESIAN_POINT('',(-6.05000019148579,3.19142979759859E-8,0.));
#6165=CARTESIAN_POINT('',(-7.50000011967862,3.19142979759859E-8,0.));
#6166=CARTESIAN_POINT('Origin',(-6.05000019148579,3.19142979759859E-8,1.));
#6167=CARTESIAN_POINT('Origin',(-7.5,-0.500000015957149,1.50000004787145));
#6168=CARTESIAN_POINT('Origin',(-7.3,0.,3.00000009574289));
#6169=CARTESIAN_POINT('',(-7.3,0.250000007978574,2.0000000638286));
#6170=CARTESIAN_POINT('Origin',(-7.5,0.500000015957149,2.0000000638286));
#6171=CARTESIAN_POINT('Origin',(-7.50000011967862,3.19142979759859E-8,1.));
#6172=CARTESIAN_POINT('Origin',(-6.75000021542151,0.,4.6));
#6173=CARTESIAN_POINT('Origin',(-5.3825690264228,1.59923899384837,7.10000022340009));
#6174=CARTESIAN_POINT('',(-5.26856885906027,1.75489554475874,7.10000022340009));
#6175=CARTESIAN_POINT('Origin',(-5.28294955661363,1.5905234195736,7.10000022340009));
#6176=CARTESIAN_POINT('',(-5.36818832886944,1.76361111903351,7.10000022340009));
#6177=CARTESIAN_POINT('',(-5.36818832886944,1.76361111903351,7.10000022340009));
#6178=CARTESIAN_POINT('Origin',(-5.3825690264228,1.59923899384837,7.10000022340009));
#6179=CARTESIAN_POINT('Origin',(-5.28294955661363,1.5905234195736,7.10000022340009));
#6180=CARTESIAN_POINT('Origin',(-5.40000017552864,1.40000004787145,6.));
#6181=CARTESIAN_POINT('',(-5.00152229629194,1.36513775077238,6.));
#6182=CARTESIAN_POINT('',(-5.40000017552864,1.40000004787145,6.));
#6183=CARTESIAN_POINT('',(-5.00152229629194,1.36513775077238,6.));
#6184=CARTESIAN_POINT('',(-5.00152229629194,1.36513775077238,7.7));
#6185=CARTESIAN_POINT('',(-5.00152229629194,1.36513775077238,6.));
#6186=CARTESIAN_POINT('',(-5.40000017552864,1.40000004787145,7.7));
#6187=CARTESIAN_POINT('',(-5.00152229629194,1.36513775077238,7.7));
#6188=CARTESIAN_POINT('',(-5.40000017552864,1.40000004787145,6.));
#6189=CARTESIAN_POINT('Origin',(-5.36513787731697,1.79847793982529,6.));
#6190=CARTESIAN_POINT('',(-5.36513787731697,1.79847793982529,6.));
#6191=CARTESIAN_POINT('',(-5.40000017552864,1.40000004787145,6.));
#6192=CARTESIAN_POINT('',(-5.36513787731697,1.79847793982529,7.7));
#6193=CARTESIAN_POINT('',(-5.40000017552864,1.40000004787145,7.7));
#6194=CARTESIAN_POINT('',(-5.36513787731697,1.79847793982529,6.));
#6195=CARTESIAN_POINT('Origin',(-4.96665999808027,1.76361564272622,6.));
#6196=CARTESIAN_POINT('',(-4.96665999808027,1.76361564272622,6.));
#6197=CARTESIAN_POINT('',(-5.36513787731697,1.79847793982529,6.));
#6198=CARTESIAN_POINT('',(-4.96665999808027,1.76361564272622,7.7));
#6199=CARTESIAN_POINT('',(-5.36513787731697,1.79847793982529,7.7));
#6200=CARTESIAN_POINT('',(-4.96665999808027,1.76361564272622,6.));
#6201=CARTESIAN_POINT('Origin',(-5.00152229629194,1.36513775077238,6.));
#6202=CARTESIAN_POINT('',(-4.96665999808027,1.76361564272622,6.));
#6203=CARTESIAN_POINT('',(-4.96665999808027,1.76361564272622,7.7));
#6204=CARTESIAN_POINT('Origin',(-5.18333008680446,1.58180784529884,7.7));
#6205=CARTESIAN_POINT('Origin',(-5.18333008680446,1.58180784529884,6.));
#6206=CARTESIAN_POINT('Origin',(-7.63788295397941,-1.93186204022518,7.10974796963093));
#6207=CARTESIAN_POINT('',(-7.49229067575677,-1.85422256236795,7.10974796963093));
#6208=CARTESIAN_POINT('Origin',(-7.63788295397941,-1.93186204022518,7.10974796963093));
#6209=CARTESIAN_POINT('Origin',(-7.68493718298379,-1.84362429584783,7.10974796963093));
#6210=CARTESIAN_POINT('',(-7.53934490476115,-1.7659848179906,7.10974796963093));
#6211=CARTESIAN_POINT('',(-7.53934490476115,-1.7659848179906,7.10974796963093));
#6212=CARTESIAN_POINT('Origin',(-7.68493718298379,-1.84362429584783,7.10974796963093));
#6213=CARTESIAN_POINT('Origin',(-7.67210614477319,-2.29010267840024,6.));
#6214=CARTESIAN_POINT('',(-7.67210614477319,-2.29010267840024,6.));
#6215=CARTESIAN_POINT('',(-7.31915516726377,-2.10188576238272,6.));
#6216=CARTESIAN_POINT('',(-7.67210614477319,-2.29010267840024,6.));
#6217=CARTESIAN_POINT('',(-7.31915516726377,-2.10188576238272,7.7));
#6218=CARTESIAN_POINT('',(-7.31915516726377,-2.10188576238272,6.));
#6219=CARTESIAN_POINT('',(-7.67210614477319,-2.29010267840024,7.7));
#6220=CARTESIAN_POINT('',(-7.67210614477319,-2.29010267840024,7.7));
#6221=CARTESIAN_POINT('',(-7.67210614477319,-2.29010267840024,6.));
#6222=CARTESIAN_POINT('Origin',(-7.86032306079071,-1.93715170089082,6.));
#6223=CARTESIAN_POINT('',(-7.86032306079071,-1.93715170089082,6.));
#6224=CARTESIAN_POINT('',(-7.86032306079071,-1.93715170089082,6.));
#6225=CARTESIAN_POINT('',(-7.86032306079071,-1.93715170089082,7.7));
#6226=CARTESIAN_POINT('',(-7.86032306079071,-1.93715170089082,7.7));
#6227=CARTESIAN_POINT('',(-7.86032306079071,-1.93715170089082,6.));
#6228=CARTESIAN_POINT('Origin',(-7.50737208328129,-1.7489347848733,6.));
#6229=CARTESIAN_POINT('',(-7.50737208328129,-1.7489347848733,6.));
#6230=CARTESIAN_POINT('',(-7.50737208328129,-1.7489347848733,6.));
#6231=CARTESIAN_POINT('',(-7.50737208328129,-1.7489347848733,7.7));
#6232=CARTESIAN_POINT('',(-7.50737208328129,-1.7489347848733,7.7));
#6233=CARTESIAN_POINT('',(-7.50737208328129,-1.7489347848733,6.));
#6234=CARTESIAN_POINT('Origin',(-7.31915516726377,-2.10188576238272,6.));
#6235=CARTESIAN_POINT('',(-7.31915516726377,-2.10188576238272,6.));
#6236=CARTESIAN_POINT('',(-7.31915516726377,-2.10188576238272,7.7));
#6237=CARTESIAN_POINT('Origin',(-7.58973911402724,-2.01951873163677,7.7));
#6238=CARTESIAN_POINT('Origin',(-7.58973911402724,-2.01951873163677,6.));
#6239=CARTESIAN_POINT('Origin',(-5.69329433015355,-1.82278769373257,7.10000022340009));
#6240=CARTESIAN_POINT('',(-4.26999445580291,-0.00830945733126933,7.10000022340009));
#6241=CARTESIAN_POINT('Origin',(-4.40677258836454,0.08397674127368,7.10000022340009));
#6242=CARTESIAN_POINT('',(-4.21417149061083,0.0744262176498825,7.10000022340009));
#6243=CARTESIAN_POINT('',(-5.55651619759192,-1.91507389233752,7.10000022340009));
#6244=CARTESIAN_POINT('Origin',(-4.35094962317247,0.166712416254832,7.10000022340009));
#6245=CARTESIAN_POINT('Origin',(-4.35094962317247,0.166712416254832,7.10000022340009));
#6246=CARTESIAN_POINT('Origin',(-4.02808476064111,0.311003820382584,6.));
#6247=CARTESIAN_POINT('',(-4.02808476064111,0.311003820382584,6.));
#6248=CARTESIAN_POINT('',(-4.35966811230567,0.534727938212764,6.));
#6249=CARTESIAN_POINT('',(-4.02808476064111,0.311003820382584,6.));
#6250=CARTESIAN_POINT('',(-4.35966811230567,0.534727938212764,7.7));
#6251=CARTESIAN_POINT('',(-4.35966811230567,0.534727938212764,6.));
#6252=CARTESIAN_POINT('',(-4.02808476064111,0.311003820382584,7.7));
#6253=CARTESIAN_POINT('',(-4.02808476064111,0.311003820382584,7.7));
#6254=CARTESIAN_POINT('',(-4.02808476064111,0.311003820382584,6.));
#6255=CARTESIAN_POINT('Origin',(-4.25180887847129,-0.0205795312819829,6.));
#6256=CARTESIAN_POINT('',(-4.25180887847129,-0.0205795312819829,6.));
#6257=CARTESIAN_POINT('',(-4.25180887847129,-0.0205795312819829,6.));
#6258=CARTESIAN_POINT('',(-4.25180887847129,-0.0205795312819829,7.7));
#6259=CARTESIAN_POINT('',(-4.25180887847129,-0.0205795312819829,7.7));
#6260=CARTESIAN_POINT('',(-4.25180887847129,-0.0205795312819829,6.));
#6261=CARTESIAN_POINT('Origin',(-4.58339223013585,0.203144586548197,6.));
#6262=CARTESIAN_POINT('',(-4.58339223013585,0.203144586548197,6.));
#6263=CARTESIAN_POINT('',(-4.58339223013585,0.203144586548197,6.));
#6264=CARTESIAN_POINT('',(-4.58339223013585,0.203144586548197,7.7));
#6265=CARTESIAN_POINT('',(-4.58339223013585,0.203144586548197,7.7));
#6266=CARTESIAN_POINT('',(-4.58339223013585,0.203144586548197,6.));
#6267=CARTESIAN_POINT('Origin',(-4.35966811230567,0.534727938212764,6.));
#6268=CARTESIAN_POINT('',(-4.35966811230567,0.534727938212764,6.));
#6269=CARTESIAN_POINT('',(-4.35966811230567,0.534727938212764,7.7));
#6270=CARTESIAN_POINT('Origin',(-4.30573849538848,0.25707420346539,7.7));
#6271=CARTESIAN_POINT('Origin',(-4.30573849538848,0.25707420346539,6.));
#6272=CARTESIAN_POINT('Origin',(-5.49270988066431,1.56840517017836,7.10000022340009));
#6273=CARTESIAN_POINT('',(-7.78092245112204,1.85355174661324,7.10000022340009));
#6274=CARTESIAN_POINT('Origin',(-7.78955788390212,1.68877787337874,7.10000022340009));
#6275=CARTESIAN_POINT('',(-7.88078533129521,1.85878533839592,7.10000022340009));
#6276=CARTESIAN_POINT('',(-5.48407444788423,1.73317904341286,7.10000022340009));
#6277=CARTESIAN_POINT('Origin',(-7.88942076407529,1.69401146516142,7.10000022340009));
#6278=CARTESIAN_POINT('Origin',(-7.88942076407529,1.69401146516142,7.10000022340009));
#6279=CARTESIAN_POINT('Origin',(-8.17854251896953,1.90943816986905,6.));
#6280=CARTESIAN_POINT('',(-8.17854251896953,1.90943816986905,6.));
#6281=CARTESIAN_POINT('',(-8.19947690213482,1.50998634321899,6.));
#6282=CARTESIAN_POINT('',(-8.17854251896953,1.90943816986905,6.));
#6283=CARTESIAN_POINT('',(-8.19947690213482,1.50998634321899,7.7));
#6284=CARTESIAN_POINT('',(-8.19947690213482,1.50998634321899,6.));
#6285=CARTESIAN_POINT('',(-8.17854251896953,1.90943816986905,7.7));
#6286=CARTESIAN_POINT('',(-8.17854251896953,1.90943816986905,7.7));
#6287=CARTESIAN_POINT('',(-8.17854251896953,1.90943816986905,6.));
#6288=CARTESIAN_POINT('Origin',(-7.77909069231948,1.88850378670376,6.));
#6289=CARTESIAN_POINT('',(-7.77909069231948,1.88850378670376,6.));
#6290=CARTESIAN_POINT('',(-7.77909069231948,1.88850378670376,6.));
#6291=CARTESIAN_POINT('',(-7.77909069231948,1.88850378670376,7.7));
#6292=CARTESIAN_POINT('',(-7.77909069231948,1.88850378670376,7.7));
#6293=CARTESIAN_POINT('',(-7.77909069231948,1.88850378670376,6.));
#6294=CARTESIAN_POINT('Origin',(-7.80002507548476,1.48905196005371,6.));
#6295=CARTESIAN_POINT('',(-7.80002507548476,1.48905196005371,6.));
#6296=CARTESIAN_POINT('',(-7.80002507548476,1.48905196005371,6.));
#6297=CARTESIAN_POINT('',(-7.80002507548476,1.48905196005371,7.7));
#6298=CARTESIAN_POINT('',(-7.80002507548476,1.48905196005371,7.7));
#6299=CARTESIAN_POINT('',(-7.80002507548476,1.48905196005371,6.));
#6300=CARTESIAN_POINT('Origin',(-8.19947690213482,1.50998634321899,6.));
#6301=CARTESIAN_POINT('',(-8.19947690213482,1.50998634321899,6.));
#6302=CARTESIAN_POINT('',(-8.19947690213482,1.50998634321899,7.7));
#6303=CARTESIAN_POINT('Origin',(-7.98928379722715,1.69924506496138,7.7));
#6304=CARTESIAN_POINT('Origin',(-7.98928379722715,1.69924506496138,6.));
#6305=CARTESIAN_POINT('Origin',(-7.68493718298379,-1.84362429584783,7.10974796963093));
#6306=CARTESIAN_POINT('',(-8.62162116556186,0.263537672693974,7.10974796963093));
#6307=CARTESIAN_POINT('Origin',(-8.76721344378449,0.185898194836746,7.10974796963093));
#6308=CARTESIAN_POINT('',(-8.66864640086627,0.351721047065909,7.10974796963093));
#6309=CARTESIAN_POINT('',(-7.53934490476115,-1.7659848179906,7.10974796963093));
#6310=CARTESIAN_POINT('Origin',(-8.81423867908891,0.274081569208682,7.10974796963093));
#6311=CARTESIAN_POINT('Origin',(-8.81423867908891,0.274081569208682,7.10974796963093));
#6312=CARTESIAN_POINT('Origin',(-8.589648344082,0.280587705811272,6.));
#6313=CARTESIAN_POINT('',(-8.77786526009952,0.63353868332069,6.));
#6314=CARTESIAN_POINT('',(-8.589648344082,0.280587705811272,6.));
#6315=CARTESIAN_POINT('',(-8.77786526009952,0.63353868332069,6.));
#6316=CARTESIAN_POINT('',(-8.77786526009952,0.63353868332069,7.7));
#6317=CARTESIAN_POINT('',(-8.77786526009952,0.63353868332069,6.));
#6318=CARTESIAN_POINT('',(-8.589648344082,0.280587705811272,7.7));
#6319=CARTESIAN_POINT('',(-8.77786526009952,0.63353868332069,7.7));
#6320=CARTESIAN_POINT('',(-8.589648344082,0.280587705811272,6.));
#6321=CARTESIAN_POINT('Origin',(-8.94259932159141,0.0923707897937513,6.));
#6322=CARTESIAN_POINT('',(-8.94259932159141,0.0923707897937513,6.));
#6323=CARTESIAN_POINT('',(-8.589648344082,0.280587705811272,6.));
#6324=CARTESIAN_POINT('',(-8.94259932159141,0.0923707897937513,7.7));
#6325=CARTESIAN_POINT('',(-8.589648344082,0.280587705811272,7.7));
#6326=CARTESIAN_POINT('',(-8.94259932159141,0.0923707897937513,6.));
#6327=CARTESIAN_POINT('Origin',(-9.13081623760893,0.445321767303169,6.));
#6328=CARTESIAN_POINT('',(-9.13081623760893,0.445321767303169,6.));
#6329=CARTESIAN_POINT('',(-8.94259932159141,0.0923707897937513,6.));
#6330=CARTESIAN_POINT('',(-9.13081623760893,0.445321767303169,7.7));
#6331=CARTESIAN_POINT('',(-8.94259932159141,0.0923707897937513,7.7));
#6332=CARTESIAN_POINT('',(-9.13081623760893,0.445321767303169,6.));
#6333=CARTESIAN_POINT('Origin',(-8.77786526009952,0.63353868332069,6.));
#6334=CARTESIAN_POINT('',(-9.13081623760893,0.445321767303169,6.));
#6335=CARTESIAN_POINT('',(-9.13081623760893,0.445321767303169,7.7));
#6336=CARTESIAN_POINT('Origin',(-8.86023229084546,0.36295473655722,7.7));
#6337=CARTESIAN_POINT('Origin',(-8.86023229084546,0.36295473655722,6.));
#6338=CARTESIAN_POINT('Origin',(-5.74922535961109,-1.90568353164871,7.10000022340009));
#6339=CARTESIAN_POINT('',(-5.61244722704946,-1.99796973025366,7.10000022340009));
#6340=CARTESIAN_POINT('Origin',(-5.74922535961109,-1.90568353164871,7.10000022340009));
#6341=CARTESIAN_POINT('Origin',(-5.69329433015355,-1.82278769373257,7.10000022340009));
#6342=CARTESIAN_POINT('',(-5.55651619759192,-1.91507389233752,7.10000022340009));
#6343=CARTESIAN_POINT('',(-5.55651619759192,-1.91507389233752,7.10000022340009));
#6344=CARTESIAN_POINT('Origin',(-5.69329433015355,-1.82278769373257,7.10000022340009));
#6345=CARTESIAN_POINT('Origin',(-5.86991397192486,-1.70361984845805,6.));
#6346=CARTESIAN_POINT('',(-6.09363808975504,-2.03520320012262,6.));
#6347=CARTESIAN_POINT('',(-5.86991397192486,-1.70361984845805,6.));
#6348=CARTESIAN_POINT('',(-6.09363808975504,-2.03520320012262,6.));
#6349=CARTESIAN_POINT('',(-6.09363808975504,-2.03520320012262,7.7));
#6350=CARTESIAN_POINT('',(-6.09363808975504,-2.03520320012262,6.));
#6351=CARTESIAN_POINT('',(-5.86991397192486,-1.70361984845805,7.7));
#6352=CARTESIAN_POINT('',(-6.09363808975504,-2.03520320012262,7.7));
#6353=CARTESIAN_POINT('',(-5.86991397192486,-1.70361984845805,6.));
#6354=CARTESIAN_POINT('Origin',(-5.53833062026029,-1.92734396628823,6.));
#6355=CARTESIAN_POINT('',(-5.53833062026029,-1.92734396628823,6.));
#6356=CARTESIAN_POINT('',(-5.86991397192486,-1.70361984845805,6.));
#6357=CARTESIAN_POINT('',(-5.53833062026029,-1.92734396628823,7.7));
#6358=CARTESIAN_POINT('',(-5.86991397192486,-1.70361984845805,7.7));
#6359=CARTESIAN_POINT('',(-5.53833062026029,-1.92734396628823,6.));
#6360=CARTESIAN_POINT('Origin',(-5.76205473809047,-2.2589273179528,6.));
#6361=CARTESIAN_POINT('',(-5.76205473809047,-2.2589273179528,6.));
#6362=CARTESIAN_POINT('',(-5.53833062026029,-1.92734396628823,6.));
#6363=CARTESIAN_POINT('',(-5.76205473809047,-2.2589273179528,7.7));
#6364=CARTESIAN_POINT('',(-5.53833062026029,-1.92734396628823,7.7));
#6365=CARTESIAN_POINT('',(-5.76205473809047,-2.2589273179528,6.));
#6366=CARTESIAN_POINT('Origin',(-6.09363808975504,-2.03520320012262,6.));
#6367=CARTESIAN_POINT('',(-5.76205473809047,-2.2589273179528,6.));
#6368=CARTESIAN_POINT('',(-5.76205473809047,-2.2589273179528,7.7));
#6369=CARTESIAN_POINT('Origin',(-5.81598435500767,-1.98127358320543,7.7));
#6370=CARTESIAN_POINT('Origin',(-5.81598435500767,-1.98127358320543,6.));
#6371=CARTESIAN_POINT('Origin',(-6.90000022020866,-1.45000004627573,5.45));
#6372=CARTESIAN_POINT('',(-6.82500022020866,-1.45000004627573,5.45));
#6373=CARTESIAN_POINT('Origin',(-6.90000022020866,-1.45000004627573,5.45));
#6374=CARTESIAN_POINT('',(-6.82500022020866,-1.45000004627573,5.25));
#6375=CARTESIAN_POINT('',(-6.82500022020866,-1.45000004627573,5.45));
#6376=CARTESIAN_POINT('Origin',(-6.90000022020866,-1.45000004627573,5.25));
#6377=CARTESIAN_POINT('Origin',(-6.90000022020866,-1.45000004627573,5.25));
#6378=CARTESIAN_POINT('Origin',(-6.60000021063437,-1.45000004627573,5.45));
#6379=CARTESIAN_POINT('',(-6.52500021063437,-1.45000004627573,5.45));
#6380=CARTESIAN_POINT('Origin',(-6.60000021063437,-1.45000004627573,5.45));
#6381=CARTESIAN_POINT('',(-6.52500021063437,-1.45000004627573,5.25));
#6382=CARTESIAN_POINT('',(-6.52500021063437,-1.45000004627573,5.45));
#6383=CARTESIAN_POINT('Origin',(-6.60000021063437,-1.45000004627573,5.25));
#6384=CARTESIAN_POINT('Origin',(-6.60000021063437,-1.45000004627573,5.25));
#6385=CARTESIAN_POINT('Origin',(-6.35000020265579,-1.55000004946716,6.));
#6386=CARTESIAN_POINT('',(-6.35000020265579,-1.55000004946716,5.60000017872007));
#6387=CARTESIAN_POINT('',(-7.15000022818723,-1.55000004946716,5.60000017872007));
#6388=CARTESIAN_POINT('',(-3.1750001013279,-1.55000004946716,5.60000017872007));
#6389=CARTESIAN_POINT('',(-6.35000020265579,-1.55000004946716,5.45));
#6390=CARTESIAN_POINT('',(-6.35000020265579,-1.55000004946716,6.));
#6391=CARTESIAN_POINT('',(-7.15000022818723,-1.55000004946716,5.45));
#6392=CARTESIAN_POINT('',(-7.15000022818723,-1.55000004946716,5.45));
#6393=CARTESIAN_POINT('',(-7.15000022818723,-1.55000004946716,6.));
#6394=CARTESIAN_POINT('Origin',(-6.75000021542151,-1.40000004468002,5.45));
#6395=CARTESIAN_POINT('',(-6.35000020265579,-1.25000003989287,5.45));
#6396=CARTESIAN_POINT('',(-6.35000020265579,-1.55000004946716,5.45));
#6397=CARTESIAN_POINT('',(-7.15000022818723,-1.25000003989287,5.45));
#6398=CARTESIAN_POINT('',(-6.55000020903865,-1.25000003989287,5.45));
#6399=CARTESIAN_POINT('',(-7.15000022818723,-1.25000003989287,5.45));
#6400=CARTESIAN_POINT('Origin',(-6.35000020265579,-1.25000003989287,6.));
#6401=CARTESIAN_POINT('',(-6.35000020265579,-1.25000003989287,4.2));
#6402=CARTESIAN_POINT('',(-6.35000020265579,-1.25000003989287,6.));
#6403=CARTESIAN_POINT('',(-7.15000022818723,-1.25000003989287,4.2));
#6404=CARTESIAN_POINT('',(-6.35000020265579,-1.25000003989287,4.2));
#6405=CARTESIAN_POINT('',(-7.15000022818723,-1.25000003989287,6.));
#6406=CARTESIAN_POINT('Origin',(-7.15000022818723,-1.25000003989287,6.));
#6407=CARTESIAN_POINT('',(-7.15000022818723,-0.900000028722868,5.60000017872007));
#6408=CARTESIAN_POINT('',(-7.15000022818723,-1.82500005824359,5.60000017872007));
#6409=CARTESIAN_POINT('',(-7.15000022818723,-0.900000028722868,4.2));
#6410=CARTESIAN_POINT('',(-7.15000022818723,-1.25000003989287,4.2));
#6411=CARTESIAN_POINT('',(-7.15000022818723,-0.900000028722868,5.80000008936003));
#6412=CARTESIAN_POINT('Origin',(-6.75000021542151,-0.948058294064288,4.2));
#6413=CARTESIAN_POINT('',(-6.35000020265579,-0.900000028722868,4.2));
#6414=CARTESIAN_POINT('',(-3.37500010771076,-0.900000028722868,4.2));
#6415=CARTESIAN_POINT('',(-6.35000020265579,-0.646116548235704,4.2));
#6416=CARTESIAN_POINT('Origin',(-6.35000020265579,-0.646116548235704,6.));
#6417=CARTESIAN_POINT('',(-6.35000020265579,-0.900000028722868,5.60000017872007));
#6418=CARTESIAN_POINT('',(-6.35000020265579,-1.82500005824359,5.60000017872007));
#6419=CARTESIAN_POINT('',(-6.35000020265579,-0.900000028722868,5.80000008936003));
#6420=CARTESIAN_POINT('Origin',(0.,-0.900000028722868,5.60000017872007));
#6421=CARTESIAN_POINT('',(-6.,-0.900000028722868,5.60000017872007));
#6422=CARTESIAN_POINT('',(0.,-0.900000028722868,5.60000017872007));
#6423=CARTESIAN_POINT('',(-6.,-0.900000028722868,3.50000011170004));
#6424=CARTESIAN_POINT('',(-6.,-0.900000028722868,5.07500016196506));
#6425=CARTESIAN_POINT('',(-7.5,-0.900000028722868,3.50000011170004));
#6426=CARTESIAN_POINT('',(0.,-0.900000028722868,3.50000011170004));
#6427=CARTESIAN_POINT('',(-7.5,-0.900000028722868,5.60000017872007));
#6428=CARTESIAN_POINT('',(-7.5,-0.900000028722868,5.60000017872007));
#6429=CARTESIAN_POINT('',(0.,-0.900000028722868,5.60000017872007));
#6430=CARTESIAN_POINT('Origin',(-6.,-1.65000005265859,4.55000014521006));
#6431=CARTESIAN_POINT('',(-6.,-2.40000007659431,5.60000017872007));
#6432=CARTESIAN_POINT('',(-6.,-1.27500004069073,4.02500012845505));
#6433=CARTESIAN_POINT('',(-6.,-2.02500006462645,5.60000017872007));
#6434=CARTESIAN_POINT('Origin',(0.,-0.900000028722868,3.50000011170004));
#6435=CARTESIAN_POINT('',(-7.5,-2.40000007659431,5.60000017872007));
#6436=CARTESIAN_POINT('',(0.,-2.40000007659431,5.60000017872007));
#6437=CARTESIAN_POINT('',(-7.5,-0.900000028722868,3.50000011170004));
#6438=CARTESIAN_POINT('Origin',(0.,-2.40000007659431,5.60000017872007));
#6439=CARTESIAN_POINT('',(-7.5,-2.40000007659431,5.60000017872007));
#6440=CARTESIAN_POINT('Origin',(-7.5,-1.65000005265859,4.55000014521006));
#6441=CARTESIAN_POINT('Origin',(-6.85000021861294,0.700000022340009,5.45));
#6442=CARTESIAN_POINT('',(-6.65000021223008,0.700000022340009,4.5));
#6443=CARTESIAN_POINT('',(-6.85000021861294,0.700000022340009,4.5));
#6444=CARTESIAN_POINT('',(-6.80000021701723,0.700000022340009,4.5));
#6445=CARTESIAN_POINT('',(-6.65000021223008,0.700000022340009,5.45));
#6446=CARTESIAN_POINT('',(-6.65000021223008,0.700000022340009,5.45));
#6447=CARTESIAN_POINT('',(-6.85000021861294,0.700000022340009,5.45));
#6448=CARTESIAN_POINT('',(-6.80000021701723,0.700000022340009,5.45));
#6449=CARTESIAN_POINT('',(-6.85000021861294,0.700000022340009,5.45));
#6450=CARTESIAN_POINT('Origin',(-6.85000021861294,0.600000019148579,5.45));
#6451=CARTESIAN_POINT('',(-6.85000021861294,0.600000019148579,4.5));
#6452=CARTESIAN_POINT('',(-6.85000021861294,0.675000021542151,4.5));
#6453=CARTESIAN_POINT('',(-6.85000021861294,0.600000019148579,5.45));
#6454=CARTESIAN_POINT('',(-6.85000021861294,0.675000021542151,5.45));
#6455=CARTESIAN_POINT('',(-6.85000021861294,0.600000019148579,4.975));
#6456=CARTESIAN_POINT('Origin',(-6.65000021223008,0.700000022340009,5.45));
#6457=CARTESIAN_POINT('',(-6.65000021223008,0.600000019148579,4.5));
#6458=CARTESIAN_POINT('',(-6.65000021223008,0.725000023137866,4.5));
#6459=CARTESIAN_POINT('',(-6.65000021223008,0.600000019148579,5.45));
#6460=CARTESIAN_POINT('',(-6.65000021223008,0.600000019148579,4.975));
#6461=CARTESIAN_POINT('',(-6.65000021223008,0.725000023137866,5.45));
#6462=CARTESIAN_POINT('Origin',(-6.75000021542151,0.750000023935723,4.5));
#6463=CARTESIAN_POINT('',(-7.15000022818723,0.600000019148579,4.5));
#6464=CARTESIAN_POINT('',(-6.35000020265579,0.600000019148579,4.5));
#6465=CARTESIAN_POINT('',(-7.15000022818723,0.900000028722868,4.5));
#6466=CARTESIAN_POINT('',(-7.15000022818723,0.600000019148579,4.5));
#6467=CARTESIAN_POINT('',(-6.35020722170064,0.900000028722868,4.5));
#6468=CARTESIAN_POINT('',(-7.15000022818723,0.900000028722868,4.5));
#6469=CARTESIAN_POINT('',(-6.35020722170064,0.650000020744294,4.5));
#6470=CARTESIAN_POINT('',(-6.35020722170064,0.650000020744294,4.5));
#6471=CARTESIAN_POINT('',(-6.35000020265579,0.650000020744294,4.5));
#6472=CARTESIAN_POINT('',(-6.35000020265579,0.650000020744294,4.5));
#6473=CARTESIAN_POINT('',(-6.35000020265579,0.600000019148579,4.5));
#6474=CARTESIAN_POINT('',(-6.35000020265579,0.900000028722868,4.5));
#6475=CARTESIAN_POINT('',(-6.35000020265579,0.600000019148579,4.5));
#6476=CARTESIAN_POINT('Origin',(-7.15000022818723,0.600000019148579,4.5));
#6477=CARTESIAN_POINT('',(-7.15000022818723,0.600000019148579,5.45));
#6478=CARTESIAN_POINT('',(-6.35000020265579,0.600000019148579,5.45));
#6479=CARTESIAN_POINT('',(-7.15000022818723,0.600000019148579,4.5));
#6480=CARTESIAN_POINT('Origin',(-6.60000021063437,0.800000025531438,5.45));
#6481=CARTESIAN_POINT('',(-6.52500021063437,0.800000025531438,5.45));
#6482=CARTESIAN_POINT('Origin',(-6.60000021063437,0.800000025531438,5.45));
#6483=CARTESIAN_POINT('',(-6.52500021063437,0.800000025531438,5.25));
#6484=CARTESIAN_POINT('',(-6.52500021063437,0.800000025531438,5.45));
#6485=CARTESIAN_POINT('Origin',(-6.60000021063437,0.800000025531438,5.25));
#6486=CARTESIAN_POINT('Origin',(-6.60000021063437,0.800000025531438,5.25));
#6487=CARTESIAN_POINT('Origin',(-6.90000022020866,0.800000025531438,5.45));
#6488=CARTESIAN_POINT('',(-6.82500022020866,0.800000025531438,5.45));
#6489=CARTESIAN_POINT('Origin',(-6.90000022020866,0.800000025531438,5.45));
#6490=CARTESIAN_POINT('',(-6.82500022020866,0.800000025531438,5.25));
#6491=CARTESIAN_POINT('',(-6.82500022020866,0.800000025531438,5.45));
#6492=CARTESIAN_POINT('Origin',(-6.90000022020866,0.800000025531438,5.25));
#6493=CARTESIAN_POINT('Origin',(-6.90000022020866,0.800000025531438,5.25));
#6494=CARTESIAN_POINT('Origin',(-6.35000020265579,0.600000019148579,4.5));
#6495=CARTESIAN_POINT('',(-6.35000020265579,0.650000020744294,5.45));
#6496=CARTESIAN_POINT('',(-6.35000020265579,0.650000020744294,4.5));
#6497=CARTESIAN_POINT('',(-6.35000020265579,0.600000019148579,5.45));
#6498=CARTESIAN_POINT('',(-6.35000020265579,0.900000028722868,5.45));
#6499=CARTESIAN_POINT('',(-6.35000020265579,0.600000019148579,4.5));
#6500=CARTESIAN_POINT('Origin',(-7.15000022818723,0.600000019148579,4.5));
#6501=CARTESIAN_POINT('',(-6.35000020265579,0.600000019148579,5.45));
#6502=CARTESIAN_POINT('Origin',(-7.15000022818723,0.900000028722868,4.5));
#6503=CARTESIAN_POINT('',(-7.15000022818723,0.900000028722868,5.45));
#6504=CARTESIAN_POINT('',(-7.15000022818723,0.600000019148579,5.45));
#6505=CARTESIAN_POINT('',(-7.15000022818723,0.900000028722868,4.5));
#6506=CARTESIAN_POINT('Origin',(-6.35020722170064,0.900000028722868,4.5));
#6507=CARTESIAN_POINT('',(-6.35020722170064,0.900000028722868,5.45));
#6508=CARTESIAN_POINT('',(-7.15000022818723,0.900000028722868,5.45));
#6509=CARTESIAN_POINT('',(-6.35020722170064,0.900000028722868,4.5));
#6510=CARTESIAN_POINT('Origin',(-6.35020722170064,0.650000020744294,4.5));
#6511=CARTESIAN_POINT('',(-6.35020722170064,0.650000020744294,5.45));
#6512=CARTESIAN_POINT('',(-6.35020722170064,0.650000020744294,5.45));
#6513=CARTESIAN_POINT('',(-6.35020722170064,0.650000020744294,4.5));
#6514=CARTESIAN_POINT('Origin',(-6.35000020265579,0.650000020744294,4.5));
#6515=CARTESIAN_POINT('',(-6.35000020265579,0.650000020744294,5.45));
#6516=CARTESIAN_POINT('Origin',(-6.75000021542151,0.750000023935723,5.45));
#6517=UNCERTAINTY_MEASURE_WITH_UNIT(LENGTH_MEASURE(0.000393700787401575),
#6522,'DISTANCE_ACCURACY_VALUE',
'Maximum model space distance between geometric entities at asserted c
onnectivities');
#6518=UNCERTAINTY_MEASURE_WITH_UNIT(LENGTH_MEASURE(0.000393700787401575),
#6522,'DISTANCE_ACCURACY_VALUE',
'Maximum model space distance between geometric entities at asserted c
onnectivities');
#6519=(
GEOMETRIC_REPRESENTATION_CONTEXT(3)
GLOBAL_UNCERTAINTY_ASSIGNED_CONTEXT((#6517))
GLOBAL_UNIT_ASSIGNED_CONTEXT((#6522,#6526,#6527))
REPRESENTATION_CONTEXT('','3D')
);
#6520=(
GEOMETRIC_REPRESENTATION_CONTEXT(3)
GLOBAL_UNCERTAINTY_ASSIGNED_CONTEXT((#6518))
GLOBAL_UNIT_ASSIGNED_CONTEXT((#6522,#6526,#6527))
REPRESENTATION_CONTEXT('','3D')
);
#6521=DIMENSIONAL_EXPONENTS(1.,0.,0.,0.,0.,0.,0.);
#6522=(
CONVERSION_BASED_UNIT('inch',#6525)
LENGTH_UNIT()
NAMED_UNIT(#6521)
);
#6523=(
LENGTH_UNIT()
NAMED_UNIT(*)
SI_UNIT(.MILLI.,.METRE.)
);
#6524=(
LENGTH_UNIT()
NAMED_UNIT(*)
SI_UNIT($,.METRE.)
);
#6525=LENGTH_MEASURE_WITH_UNIT(LENGTH_MEASURE(25.4),#6523);
#6526=(
NAMED_UNIT(*)
PLANE_ANGLE_UNIT()
SI_UNIT($,.RADIAN.)
);
#6527=(
NAMED_UNIT(*)
SI_UNIT($,.STERADIAN.)
SOLID_ANGLE_UNIT()
);
#6528=SHAPE_DEFINITION_REPRESENTATION(#6529,#6530);
#6529=PRODUCT_DEFINITION_SHAPE('',$,#6532);
#6530=SHAPE_REPRESENTATION('',(#4050),#6519);
#6531=PRODUCT_DEFINITION_CONTEXT('part definition',#6536,'design');
#6532=PRODUCT_DEFINITION('2026-03-17-19-40-29-673','arm_middle',#6533,#6531);
#6533=PRODUCT_DEFINITION_FORMATION('',$,#6538);
#6534=PRODUCT_RELATED_PRODUCT_CATEGORY('arm_middle','arm_middle',(#6538));
#6535=APPLICATION_PROTOCOL_DEFINITION('international standard',
'automotive_design',2009,#6536);
#6536=APPLICATION_CONTEXT(
'Core Data for Automotive Mechanical Design Process');
#6537=PRODUCT_CONTEXT('part definition',#6536,'mechanical');
#6538=PRODUCT('2026-03-17-19-40-29-673','arm_middle',$,(#6537));
#6539=PRESENTATION_STYLE_ASSIGNMENT((#6540));
#6540=SURFACE_STYLE_USAGE(.BOTH.,#6541);
#6541=SURFACE_SIDE_STYLE('',(#6542));
#6542=SURFACE_STYLE_FILL_AREA(#6543);
#6543=FILL_AREA_STYLE('Steel - Satin',(#6544));
#6544=FILL_AREA_STYLE_COLOUR('Steel - Satin',#6545);
#6545=COLOUR_RGB('Steel - Satin',0.627450980392157,0.627450980392157,0.627450980392157);
ENDSEC;
END-ISO-10303-21;
