ISO-10303-21;
HEADER;
/* Generated by software containing ST-Developer
 * from STEP Tools, Inc. (www.steptools.com) 
 */

FILE_DESCRIPTION(
/* description */ (''),
/* implementation_level */ '2;1');

FILE_NAME(
/* name */ 'base_body.step',
/* time_stamp */ '2026-08-19T17:06:42-05:00',
/* author */ (''),
/* organization */ (''),
/* preprocessor_version */ 'ST-DEVELOPER v20.1',
/* originating_system */ 'Autodesk Translation Framework v15.8.0.0',
/* authorisation */ '');

FILE_SCHEMA (('AUTOMOTIVE_DESIGN { 1 0 10303 214 3 1 1 }'));
ENDSEC;

DATA;
#10=MECHANICAL_DESIGN_GEOMETRIC_PRESENTATION_REPRESENTATION('',(#24,#25,
#26,#27,#28,#29,#30,#31),#2304);
#11=SHAPE_REPRESENTATION_RELATIONSHIP('SRR','None',#2314,#12);
#12=ADVANCED_BREP_SHAPE_REPRESENTATION('',(#32,#33,#34,#35,#36,#37,#38,
#39),#2303);
#13=TOROIDAL_SURFACE('',#1460,2.5195,0.05);
#14=B_SPLINE_CURVE_WITH_KNOTS('',3,(#2097,#2098,#2099,#2100,#2101,#2102,
#2103,#2104,#2105,#2106,#2107,#2108,#2109,#2110,#2111,#2112,#2113,#2114,
#2115,#2116,#2117,#2118,#2119,#2120,#2121,#2122,#2123,#2124,#2125,#2126,
#2127,#2128,#2129,#2130),.UNSPECIFIED.,.T.,.F.,(4,2,2,2,2,2,2,2,2,2,2,2,
2,2,2,2,4),(0.,0.188556310122011,0.377112620244021,0.617808931745337,0.858505243246654,
1.117135405439,1.37576556763135,1.56726227540431,1.75875898317728,1.95025569095024,
2.14175239872321,2.40038256091556,2.6590127231079,2.89970903460922,3.14040534611054,
3.32896165623255,3.51751796635456),.UNSPECIFIED.);
#15=B_SPLINE_CURVE_WITH_KNOTS('',3,(#2186,#2187,#2188,#2189,#2190,#2191,
#2192,#2193,#2194,#2195,#2196,#2197,#2198,#2199,#2200,#2201,#2202,#2203,
#2204,#2205,#2206,#2207,#2208,#2209,#2210,#2211,#2212,#2213,#2214,#2215,
#2216,#2217,#2218,#2219),.UNSPECIFIED.,.T.,.F.,(4,2,2,2,2,2,2,2,2,2,2,2,
2,2,2,2,4),(0.,0.189020085789611,0.378040171579221,0.609829995393688,0.841619819208154,
1.08694600206074,1.33227218491333,1.52335428076893,1.71443637662453,1.90551847248014,
2.09660056833574,2.34192675118833,2.58725293404092,2.81904275785538,3.05083258166985,
3.23985266745946,3.42887275324907),.UNSPECIFIED.);
#16=ELLIPSE('',#1399,3.25576422312537,2.3021729601165);
#17=ELLIPSE('',#1401,3.25576422312537,2.3021729601165);
#18=ELLIPSE('',#1404,3.25576422312537,2.3021729601165);
#19=ELLIPSE('',#1406,3.25576422312537,2.3021729601165);
#20=ELLIPSE('',#1414,3.50142839174794,2.47588375964408);
#21=ELLIPSE('',#1416,3.50142839174794,2.47588375964408);
#22=ELLIPSE('',#1418,3.50142839174794,2.47588375964408);
#23=ELLIPSE('',#1424,3.50142839174794,2.47588375964408);
#24=STYLED_ITEM('',(#2323),#32);
#25=STYLED_ITEM('',(#2323),#33);
#26=STYLED_ITEM('',(#2323),#34);
#27=STYLED_ITEM('',(#2323),#35);
#28=STYLED_ITEM('',(#2323),#36);
#29=STYLED_ITEM('',(#2323),#37);
#30=STYLED_ITEM('',(#2323),#38);
#31=STYLED_ITEM('',(#2323),#39);
#32=MANIFOLD_SOLID_BREP('Body19',#1307);
#33=MANIFOLD_SOLID_BREP('Body22',#1308);
#34=MANIFOLD_SOLID_BREP('Body26',#1309);
#35=MANIFOLD_SOLID_BREP('Body27',#1310);
#36=MANIFOLD_SOLID_BREP('Body28',#1311);
#37=MANIFOLD_SOLID_BREP('Body29',#1312);
#38=MANIFOLD_SOLID_BREP('Body30',#1313);
#39=MANIFOLD_SOLID_BREP('Body31',#1314);
#40=FACE_BOUND('',#199,.T.);
#41=FACE_BOUND('',#200,.T.);
#42=FACE_BOUND('',#202,.T.);
#43=FACE_BOUND('',#203,.T.);
#44=FACE_BOUND('',#209,.T.);
#45=FACE_BOUND('',#210,.T.);
#46=FACE_BOUND('',#211,.T.);
#47=FACE_BOUND('',#212,.T.);
#48=FACE_BOUND('',#213,.T.);
#49=FACE_BOUND('',#216,.T.);
#50=FACE_BOUND('',#217,.T.);
#51=FACE_BOUND('',#218,.T.);
#52=FACE_BOUND('',#219,.T.);
#53=FACE_BOUND('',#220,.T.);
#54=FACE_BOUND('',#236,.T.);
#55=FACE_BOUND('',#238,.T.);
#56=FACE_BOUND('',#246,.T.);
#57=FACE_BOUND('',#247,.T.);
#58=FACE_BOUND('',#248,.T.);
#59=FACE_BOUND('',#249,.T.);
#60=FACE_BOUND('',#250,.T.);
#61=FACE_BOUND('',#251,.T.);
#62=FACE_BOUND('',#252,.T.);
#63=FACE_BOUND('',#267,.T.);
#64=FACE_BOUND('',#268,.T.);
#65=FACE_BOUND('',#270,.T.);
#66=FACE_BOUND('',#292,.T.);
#67=FACE_BOUND('',#295,.T.);
#68=PLANE('',#1337);
#69=PLANE('',#1338);
#70=PLANE('',#1339);
#71=PLANE('',#1340);
#72=PLANE('',#1341);
#73=PLANE('',#1342);
#74=PLANE('',#1343);
#75=PLANE('',#1353);
#76=PLANE('',#1354);
#77=PLANE('',#1364);
#78=PLANE('',#1365);
#79=PLANE('',#1366);
#80=PLANE('',#1367);
#81=PLANE('',#1372);
#82=PLANE('',#1373);
#83=PLANE('',#1374);
#84=PLANE('',#1375);
#85=PLANE('',#1382);
#86=PLANE('',#1383);
#87=PLANE('',#1385);
#88=PLANE('',#1386);
#89=PLANE('',#1387);
#90=PLANE('',#1388);
#91=PLANE('',#1389);
#92=PLANE('',#1392);
#93=PLANE('',#1409);
#94=PLANE('',#1411);
#95=PLANE('',#1413);
#96=PLANE('',#1415);
#97=PLANE('',#1417);
#98=PLANE('',#1419);
#99=PLANE('',#1421);
#100=PLANE('',#1423);
#101=PLANE('',#1425);
#102=PLANE('',#1426);
#103=PLANE('',#1428);
#104=PLANE('',#1429);
#105=PLANE('',#1433);
#106=PLANE('',#1434);
#107=PLANE('',#1435);
#108=PLANE('',#1436);
#109=PLANE('',#1437);
#110=PLANE('',#1438);
#111=PLANE('',#1439);
#112=PLANE('',#1440);
#113=PLANE('',#1444);
#114=PLANE('',#1445);
#115=PLANE('',#1449);
#116=PLANE('',#1450);
#117=PLANE('',#1454);
#118=PLANE('',#1458);
#119=PLANE('',#1459);
#120=PLANE('',#1467);
#121=PLANE('',#1471);
#122=FACE_OUTER_BOUND('',#195,.T.);
#123=FACE_OUTER_BOUND('',#196,.T.);
#124=FACE_OUTER_BOUND('',#197,.T.);
#125=FACE_OUTER_BOUND('',#198,.T.);
#126=FACE_OUTER_BOUND('',#201,.T.);
#127=FACE_OUTER_BOUND('',#204,.T.);
#128=FACE_OUTER_BOUND('',#205,.T.);
#129=FACE_OUTER_BOUND('',#206,.T.);
#130=FACE_OUTER_BOUND('',#207,.T.);
#131=FACE_OUTER_BOUND('',#208,.T.);
#132=FACE_OUTER_BOUND('',#214,.T.);
#133=FACE_OUTER_BOUND('',#215,.T.);
#134=FACE_OUTER_BOUND('',#221,.T.);
#135=FACE_OUTER_BOUND('',#222,.T.);
#136=FACE_OUTER_BOUND('',#223,.T.);
#137=FACE_OUTER_BOUND('',#224,.T.);
#138=FACE_OUTER_BOUND('',#225,.T.);
#139=FACE_OUTER_BOUND('',#226,.T.);
#140=FACE_OUTER_BOUND('',#227,.T.);
#141=FACE_OUTER_BOUND('',#228,.T.);
#142=FACE_OUTER_BOUND('',#229,.T.);
#143=FACE_OUTER_BOUND('',#230,.T.);
#144=FACE_OUTER_BOUND('',#231,.T.);
#145=FACE_OUTER_BOUND('',#232,.T.);
#146=FACE_OUTER_BOUND('',#233,.T.);
#147=FACE_OUTER_BOUND('',#234,.T.);
#148=FACE_OUTER_BOUND('',#235,.T.);
#149=FACE_OUTER_BOUND('',#237,.T.);
#150=FACE_OUTER_BOUND('',#239,.T.);
#151=FACE_OUTER_BOUND('',#240,.T.);
#152=FACE_OUTER_BOUND('',#241,.T.);
#153=FACE_OUTER_BOUND('',#242,.T.);
#154=FACE_OUTER_BOUND('',#243,.T.);
#155=FACE_OUTER_BOUND('',#244,.T.);
#156=FACE_OUTER_BOUND('',#245,.T.);
#157=FACE_OUTER_BOUND('',#253,.T.);
#158=FACE_OUTER_BOUND('',#254,.T.);
#159=FACE_OUTER_BOUND('',#255,.T.);
#160=FACE_OUTER_BOUND('',#256,.T.);
#161=FACE_OUTER_BOUND('',#257,.T.);
#162=FACE_OUTER_BOUND('',#258,.T.);
#163=FACE_OUTER_BOUND('',#259,.T.);
#164=FACE_OUTER_BOUND('',#260,.T.);
#165=FACE_OUTER_BOUND('',#261,.T.);
#166=FACE_OUTER_BOUND('',#262,.T.);
#167=FACE_OUTER_BOUND('',#263,.T.);
#168=FACE_OUTER_BOUND('',#264,.T.);
#169=FACE_OUTER_BOUND('',#265,.T.);
#170=FACE_OUTER_BOUND('',#266,.T.);
#171=FACE_OUTER_BOUND('',#269,.T.);
#172=FACE_OUTER_BOUND('',#271,.T.);
#173=FACE_OUTER_BOUND('',#272,.T.);
#174=FACE_OUTER_BOUND('',#273,.T.);
#175=FACE_OUTER_BOUND('',#274,.T.);
#176=FACE_OUTER_BOUND('',#275,.T.);
#177=FACE_OUTER_BOUND('',#276,.T.);
#178=FACE_OUTER_BOUND('',#277,.T.);
#179=FACE_OUTER_BOUND('',#278,.T.);
#180=FACE_OUTER_BOUND('',#279,.T.);
#181=FACE_OUTER_BOUND('',#280,.T.);
#182=FACE_OUTER_BOUND('',#281,.T.);
#183=FACE_OUTER_BOUND('',#282,.T.);
#184=FACE_OUTER_BOUND('',#283,.T.);
#185=FACE_OUTER_BOUND('',#284,.T.);
#186=FACE_OUTER_BOUND('',#285,.T.);
#187=FACE_OUTER_BOUND('',#286,.T.);
#188=FACE_OUTER_BOUND('',#287,.T.);
#189=FACE_OUTER_BOUND('',#288,.T.);
#190=FACE_OUTER_BOUND('',#289,.T.);
#191=FACE_OUTER_BOUND('',#290,.T.);
#192=FACE_OUTER_BOUND('',#291,.T.);
#193=FACE_OUTER_BOUND('',#293,.T.);
#194=FACE_OUTER_BOUND('',#294,.T.);
#195=EDGE_LOOP('',(#862,#863,#864,#865));
#196=EDGE_LOOP('',(#866,#867,#868,#869));
#197=EDGE_LOOP('',(#870,#871,#872,#873));
#198=EDGE_LOOP('',(#874));
#199=EDGE_LOOP('',(#875));
#200=EDGE_LOOP('',(#876));
#201=EDGE_LOOP('',(#877));
#202=EDGE_LOOP('',(#878));
#203=EDGE_LOOP('',(#879));
#204=EDGE_LOOP('',(#880,#881,#882,#883));
#205=EDGE_LOOP('',(#884,#885,#886,#887));
#206=EDGE_LOOP('',(#888,#889,#890,#891));
#207=EDGE_LOOP('',(#892,#893,#894,#895));
#208=EDGE_LOOP('',(#896,#897,#898,#899,#900,#901,#902,#903,#904,#905,#906,
#907,#908,#909));
#209=EDGE_LOOP('',(#910));
#210=EDGE_LOOP('',(#911));
#211=EDGE_LOOP('',(#912));
#212=EDGE_LOOP('',(#913));
#213=EDGE_LOOP('',(#914,#915,#916,#917));
#214=EDGE_LOOP('',(#918,#919,#920,#921));
#215=EDGE_LOOP('',(#922,#923,#924,#925,#926,#927,#928,#929,#930,#931,#932,
#933,#934,#935));
#216=EDGE_LOOP('',(#936));
#217=EDGE_LOOP('',(#937));
#218=EDGE_LOOP('',(#938));
#219=EDGE_LOOP('',(#939));
#220=EDGE_LOOP('',(#940,#941,#942,#943));
#221=EDGE_LOOP('',(#944,#945,#946,#947));
#222=EDGE_LOOP('',(#948,#949,#950,#951));
#223=EDGE_LOOP('',(#952,#953,#954,#955));
#224=EDGE_LOOP('',(#956,#957,#958,#959));
#225=EDGE_LOOP('',(#960,#961,#962,#963));
#226=EDGE_LOOP('',(#964,#965,#966,#967));
#227=EDGE_LOOP('',(#968,#969,#970,#971));
#228=EDGE_LOOP('',(#972,#973,#974,#975));
#229=EDGE_LOOP('',(#976,#977,#978,#979));
#230=EDGE_LOOP('',(#980,#981,#982,#983));
#231=EDGE_LOOP('',(#984,#985,#986,#987));
#232=EDGE_LOOP('',(#988,#989,#990,#991));
#233=EDGE_LOOP('',(#992,#993,#994,#995));
#234=EDGE_LOOP('',(#996,#997,#998,#999));
#235=EDGE_LOOP('',(#1000));
#236=EDGE_LOOP('',(#1001));
#237=EDGE_LOOP('',(#1002));
#238=EDGE_LOOP('',(#1003));
#239=EDGE_LOOP('',(#1004,#1005,#1006,#1007));
#240=EDGE_LOOP('',(#1008,#1009,#1010,#1011));
#241=EDGE_LOOP('',(#1012,#1013,#1014,#1015));
#242=EDGE_LOOP('',(#1016,#1017,#1018,#1019));
#243=EDGE_LOOP('',(#1020,#1021,#1022,#1023));
#244=EDGE_LOOP('',(#1024,#1025,#1026,#1027,#1028,#1029));
#245=EDGE_LOOP('',(#1030,#1031,#1032,#1033,#1034,#1035,#1036,#1037,#1038,
#1039,#1040,#1041,#1042,#1043,#1044,#1045,#1046,#1047));
#246=EDGE_LOOP('',(#1048,#1049,#1050,#1051));
#247=EDGE_LOOP('',(#1052,#1053,#1054,#1055));
#248=EDGE_LOOP('',(#1056,#1057,#1058,#1059));
#249=EDGE_LOOP('',(#1060,#1061,#1062,#1063));
#250=EDGE_LOOP('',(#1064,#1065,#1066,#1067));
#251=EDGE_LOOP('',(#1068));
#252=EDGE_LOOP('',(#1069,#1070,#1071,#1072));
#253=EDGE_LOOP('',(#1073,#1074,#1075,#1076));
#254=EDGE_LOOP('',(#1077,#1078,#1079,#1080));
#255=EDGE_LOOP('',(#1081,#1082,#1083,#1084));
#256=EDGE_LOOP('',(#1085,#1086,#1087,#1088));
#257=EDGE_LOOP('',(#1089,#1090,#1091,#1092));
#258=EDGE_LOOP('',(#1093,#1094,#1095,#1096));
#259=EDGE_LOOP('',(#1097,#1098,#1099,#1100));
#260=EDGE_LOOP('',(#1101,#1102,#1103,#1104));
#261=EDGE_LOOP('',(#1105,#1106,#1107,#1108));
#262=EDGE_LOOP('',(#1109,#1110,#1111,#1112));
#263=EDGE_LOOP('',(#1113,#1114,#1115,#1116));
#264=EDGE_LOOP('',(#1117,#1118,#1119,#1120));
#265=EDGE_LOOP('',(#1121,#1122,#1123,#1124));
#266=EDGE_LOOP('',(#1125,#1126,#1127,#1128,#1129,#1130,#1131,#1132,#1133,
#1134,#1135,#1136,#1137,#1138,#1139,#1140,#1141,#1142));
#267=EDGE_LOOP('',(#1143,#1144,#1145,#1146));
#268=EDGE_LOOP('',(#1147));
#269=EDGE_LOOP('',(#1148));
#270=EDGE_LOOP('',(#1149));
#271=EDGE_LOOP('',(#1150,#1151,#1152,#1153));
#272=EDGE_LOOP('',(#1154,#1155,#1156,#1157));
#273=EDGE_LOOP('',(#1158,#1159,#1160,#1161));
#274=EDGE_LOOP('',(#1162,#1163,#1164,#1165));
#275=EDGE_LOOP('',(#1166,#1167,#1168,#1169));
#276=EDGE_LOOP('',(#1170,#1171,#1172,#1173));
#277=EDGE_LOOP('',(#1174));
#278=EDGE_LOOP('',(#1175,#1176,#1177,#1178));
#279=EDGE_LOOP('',(#1179));
#280=EDGE_LOOP('',(#1180));
#281=EDGE_LOOP('',(#1181,#1182,#1183,#1184));
#282=EDGE_LOOP('',(#1185));
#283=EDGE_LOOP('',(#1186));
#284=EDGE_LOOP('',(#1187,#1188,#1189,#1190));
#285=EDGE_LOOP('',(#1191));
#286=EDGE_LOOP('',(#1192,#1193,#1194,#1195));
#287=EDGE_LOOP('',(#1196));
#288=EDGE_LOOP('',(#1197));
#289=EDGE_LOOP('',(#1198,#1199,#1200,#1201,#1202));
#290=EDGE_LOOP('',(#1203,#1204,#1205,#1206,#1207));
#291=EDGE_LOOP('',(#1208));
#292=EDGE_LOOP('',(#1209));
#293=EDGE_LOOP('',(#1210,#1211,#1212,#1213));
#294=EDGE_LOOP('',(#1214));
#295=EDGE_LOOP('',(#1215));
#296=LINE('',#1871,#400);
#297=LINE('',#1877,#401);
#298=LINE('',#1883,#402);
#299=LINE('',#1890,#403);
#300=LINE('',#1892,#404);
#301=LINE('',#1894,#405);
#302=LINE('',#1895,#406);
#303=LINE('',#1898,#407);
#304=LINE('',#1900,#408);
#305=LINE('',#1901,#409);
#306=LINE('',#1905,#410);
#307=LINE('',#1907,#411);
#308=LINE('',#1909,#412);
#309=LINE('',#1910,#413);
#310=LINE('',#1913,#414);
#311=LINE('',#1915,#415);
#312=LINE('',#1916,#416);
#313=LINE('',#1919,#417);
#314=LINE('',#1923,#418);
#315=LINE('',#1927,#419);
#316=LINE('',#1931,#420);
#317=LINE('',#1934,#421);
#318=LINE('',#1946,#422);
#319=LINE('',#1948,#423);
#320=LINE('',#1950,#424);
#321=LINE('',#1951,#425);
#322=LINE('',#1954,#426);
#323=LINE('',#1955,#427);
#324=LINE('',#1961,#428);
#325=LINE('',#1965,#429);
#326=LINE('',#1969,#430);
#327=LINE('',#1972,#431);
#328=LINE('',#1983,#432);
#329=LINE('',#1985,#433);
#330=LINE('',#1987,#434);
#331=LINE('',#1988,#435);
#332=LINE('',#1990,#436);
#333=LINE('',#1991,#437);
#334=LINE('',#1993,#438);
#335=LINE('',#1995,#439);
#336=LINE('',#1996,#440);
#337=LINE('',#1998,#441);
#338=LINE('',#1999,#442);
#339=LINE('',#2001,#443);
#340=LINE('',#2003,#444);
#341=LINE('',#2005,#445);
#342=LINE('',#2007,#446);
#343=LINE('',#2009,#447);
#344=LINE('',#2011,#448);
#345=LINE('',#2014,#449);
#346=LINE('',#2015,#450);
#347=LINE('',#2020,#451);
#348=LINE('',#2026,#452);
#349=LINE('',#2035,#453);
#350=LINE('',#2037,#454);
#351=LINE('',#2039,#455);
#352=LINE('',#2040,#456);
#353=LINE('',#2044,#457);
#354=LINE('',#2046,#458);
#355=LINE('',#2048,#459);
#356=LINE('',#2049,#460);
#357=LINE('',#2053,#461);
#358=LINE('',#2055,#462);
#359=LINE('',#2057,#463);
#360=LINE('',#2058,#464);
#361=LINE('',#2062,#465);
#362=LINE('',#2064,#466);
#363=LINE('',#2066,#467);
#364=LINE('',#2067,#468);
#365=LINE('',#2081,#469);
#366=LINE('',#2133,#470);
#367=LINE('',#2137,#471);
#368=LINE('',#2141,#472);
#369=LINE('',#2144,#473);
#370=LINE('',#2147,#474);
#371=LINE('',#2150,#475);
#372=LINE('',#2158,#476);
#373=LINE('',#2164,#477);
#374=LINE('',#2169,#478);
#375=LINE('',#2171,#479);
#376=LINE('',#2172,#480);
#377=LINE('',#2176,#481);
#378=LINE('',#2179,#482);
#379=LINE('',#2180,#483);
#380=LINE('',#2185,#484);
#381=LINE('',#2221,#485);
#382=LINE('',#2226,#486);
#383=LINE('',#2228,#487);
#384=LINE('',#2230,#488);
#385=LINE('',#2231,#489);
#386=LINE('',#2234,#490);
#387=LINE('',#2236,#491);
#388=LINE('',#2237,#492);
#389=LINE('',#2240,#493);
#390=LINE('',#2242,#494);
#391=LINE('',#2243,#495);
#392=LINE('',#2245,#496);
#393=LINE('',#2246,#497);
#394=LINE('',#2255,#498);
#395=LINE('',#2263,#499);
#396=LINE('',#2270,#500);
#397=LINE('',#2277,#501);
#398=LINE('',#2292,#502);
#399=LINE('',#2299,#503);
#400=VECTOR('',#1478,0.15);
#401=VECTOR('',#1485,0.15);
#402=VECTOR('',#1492,2.3021729601165);
#403=VECTOR('',#1501,0.393700787401575);
#404=VECTOR('',#1502,0.393700787401575);
#405=VECTOR('',#1503,0.393700787401575);
#406=VECTOR('',#1504,0.393700787401575);
#407=VECTOR('',#1507,0.393700787401575);
#408=VECTOR('',#1508,0.393700787401575);
#409=VECTOR('',#1509,0.393700787401575);
#410=VECTOR('',#1512,0.393700787401575);
#411=VECTOR('',#1513,0.393700787401575);
#412=VECTOR('',#1514,0.393700787401575);
#413=VECTOR('',#1515,0.393700787401575);
#414=VECTOR('',#1518,0.393700787401575);
#415=VECTOR('',#1519,0.393700787401575);
#416=VECTOR('',#1520,0.393700787401575);
#417=VECTOR('',#1523,0.393700787401575);
#418=VECTOR('',#1526,0.393700787401575);
#419=VECTOR('',#1529,0.393700787401575);
#420=VECTOR('',#1532,0.393700787401575);
#421=VECTOR('',#1535,0.393700787401575);
#422=VECTOR('',#1546,0.393700787401575);
#423=VECTOR('',#1547,0.393700787401575);
#424=VECTOR('',#1548,0.393700787401575);
#425=VECTOR('',#1549,0.393700787401575);
#426=VECTOR('',#1552,0.393700787401575);
#427=VECTOR('',#1553,0.393700787401575);
#428=VECTOR('',#1560,0.393700787401575);
#429=VECTOR('',#1563,0.393700787401575);
#430=VECTOR('',#1566,0.393700787401575);
#431=VECTOR('',#1569,0.393700787401575);
#432=VECTOR('',#1578,0.393700787401575);
#433=VECTOR('',#1579,0.393700787401575);
#434=VECTOR('',#1580,0.393700787401575);
#435=VECTOR('',#1581,0.393700787401575);
#436=VECTOR('',#1584,0.393700787401575);
#437=VECTOR('',#1585,0.393700787401575);
#438=VECTOR('',#1588,0.393700787401575);
#439=VECTOR('',#1591,0.393700787401575);
#440=VECTOR('',#1592,0.393700787401575);
#441=VECTOR('',#1595,0.393700787401575);
#442=VECTOR('',#1596,0.393700787401575);
#443=VECTOR('',#1599,0.075);
#444=VECTOR('',#1602,0.075);
#445=VECTOR('',#1605,0.075);
#446=VECTOR('',#1608,0.075);
#447=VECTOR('',#1611,0.393700787401575);
#448=VECTOR('',#1614,0.393700787401575);
#449=VECTOR('',#1619,0.393700787401575);
#450=VECTOR('',#1620,0.393700787401575);
#451=VECTOR('',#1625,2.34);
#452=VECTOR('',#1632,2.425);
#453=VECTOR('',#1643,0.393700787401575);
#454=VECTOR('',#1644,0.393700787401575);
#455=VECTOR('',#1645,0.393700787401575);
#456=VECTOR('',#1646,0.393700787401575);
#457=VECTOR('',#1649,0.393700787401575);
#458=VECTOR('',#1650,0.393700787401575);
#459=VECTOR('',#1651,0.393700787401575);
#460=VECTOR('',#1652,0.393700787401575);
#461=VECTOR('',#1655,0.393700787401575);
#462=VECTOR('',#1656,0.393700787401575);
#463=VECTOR('',#1657,0.393700787401575);
#464=VECTOR('',#1658,0.393700787401575);
#465=VECTOR('',#1661,0.393700787401575);
#466=VECTOR('',#1662,0.393700787401575);
#467=VECTOR('',#1663,0.393700787401575);
#468=VECTOR('',#1664,0.393700787401575);
#469=VECTOR('',#1685,2.3021729601165);
#470=VECTOR('',#1702,0.393700787401575);
#471=VECTOR('',#1705,0.393700787401575);
#472=VECTOR('',#1710,0.393700787401575);
#473=VECTOR('',#1713,0.393700787401575);
#474=VECTOR('',#1716,0.393700787401575);
#475=VECTOR('',#1719,0.393700787401575);
#476=VECTOR('',#1732,0.393700787401575);
#477=VECTOR('',#1741,0.393700787401575);
#478=VECTOR('',#1748,0.393700787401575);
#479=VECTOR('',#1749,0.393700787401575);
#480=VECTOR('',#1750,0.393700787401575);
#481=VECTOR('',#1755,0.393700787401575);
#482=VECTOR('',#1758,0.393700787401575);
#483=VECTOR('',#1759,0.393700787401575);
#484=VECTOR('',#1766,0.2);
#485=VECTOR('',#1769,2.47588375964408);
#486=VECTOR('',#1774,0.393700787401575);
#487=VECTOR('',#1775,0.393700787401575);
#488=VECTOR('',#1776,0.393700787401575);
#489=VECTOR('',#1777,0.393700787401575);
#490=VECTOR('',#1780,0.393700787401575);
#491=VECTOR('',#1781,0.393700787401575);
#492=VECTOR('',#1782,0.393700787401575);
#493=VECTOR('',#1785,0.393700787401575);
#494=VECTOR('',#1786,0.393700787401575);
#495=VECTOR('',#1787,0.393700787401575);
#496=VECTOR('',#1790,0.393700787401575);
#497=VECTOR('',#1791,0.393700787401575);
#498=VECTOR('',#1804,0.15);
#499=VECTOR('',#1815,0.15);
#500=VECTOR('',#1824,0.05);
#501=VECTOR('',#1833,0.05);
#502=VECTOR('',#1854,2.5395);
#503=VECTOR('',#1863,2.47588375964408);
#504=CIRCLE('',#1329,0.15);
#505=CIRCLE('',#1330,0.15);
#506=CIRCLE('',#1332,0.15);
#507=CIRCLE('',#1333,0.15);
#508=CIRCLE('',#1335,2.3021729601165);
#509=CIRCLE('',#1336,2.3021729601165);
#510=CIRCLE('',#1344,2.3021729601165);
#511=CIRCLE('',#1345,2.3021729601165);
#512=CIRCLE('',#1346,2.3021729601165);
#513=CIRCLE('',#1347,2.3021729601165);
#514=CIRCLE('',#1348,2.3021729601165);
#515=CIRCLE('',#1349,0.075);
#516=CIRCLE('',#1350,0.075);
#517=CIRCLE('',#1351,0.075);
#518=CIRCLE('',#1352,0.075);
#519=CIRCLE('',#1355,2.3021729601165);
#520=CIRCLE('',#1356,2.3021729601165);
#521=CIRCLE('',#1357,2.3021729601165);
#522=CIRCLE('',#1358,2.3021729601165);
#523=CIRCLE('',#1359,2.3021729601165);
#524=CIRCLE('',#1360,0.075);
#525=CIRCLE('',#1361,0.075);
#526=CIRCLE('',#1362,0.075);
#527=CIRCLE('',#1363,0.075);
#528=CIRCLE('',#1377,2.34);
#529=CIRCLE('',#1378,2.34);
#530=CIRCLE('',#1380,2.425);
#531=CIRCLE('',#1381,2.425);
#532=CIRCLE('',#1384,2.47588375964408);
#533=CIRCLE('',#1390,2.47588375964408);
#534=CIRCLE('',#1391,2.3021729601165);
#535=CIRCLE('',#1393,2.3021729601165);
#536=CIRCLE('',#1394,2.3021729601165);
#537=CIRCLE('',#1395,2.47588375964408);
#538=CIRCLE('',#1396,2.47588375964408);
#539=CIRCLE('',#1398,2.3021729601165);
#540=CIRCLE('',#1400,2.3021729601165);
#541=CIRCLE('',#1402,2.3021729601165);
#542=CIRCLE('',#1403,2.3021729601165);
#543=CIRCLE('',#1405,2.3021729601165);
#544=CIRCLE('',#1407,2.3021729601165);
#545=CIRCLE('',#1408,2.3021729601165);
#546=CIRCLE('',#1410,2.47588375964408);
#547=CIRCLE('',#1412,2.47588375964408);
#548=CIRCLE('',#1420,2.47588375964408);
#549=CIRCLE('',#1422,2.47588375964408);
#550=CIRCLE('',#1427,2.47588375964408);
#551=CIRCLE('',#1430,2.47588375964408);
#552=CIRCLE('',#1441,0.15);
#553=CIRCLE('',#1443,0.15);
#554=CIRCLE('',#1446,0.15);
#555=CIRCLE('',#1448,0.15);
#556=CIRCLE('',#1451,0.05);
#557=CIRCLE('',#1453,0.05);
#558=CIRCLE('',#1456,0.05);
#559=CIRCLE('',#1457,0.05);
#560=CIRCLE('',#1461,2.5195);
#561=CIRCLE('',#1462,0.05);
#562=CIRCLE('',#1463,2.5695);
#563=CIRCLE('',#1464,2.5695);
#564=CIRCLE('',#1466,2.5695);
#565=CIRCLE('',#1468,2.47588375964408);
#566=CIRCLE('',#1470,2.47588375964408);
#567=VERTEX_POINT('',#1868);
#568=VERTEX_POINT('',#1870);
#569=VERTEX_POINT('',#1874);
#570=VERTEX_POINT('',#1876);
#571=VERTEX_POINT('',#1880);
#572=VERTEX_POINT('',#1882);
#573=VERTEX_POINT('',#1888);
#574=VERTEX_POINT('',#1889);
#575=VERTEX_POINT('',#1891);
#576=VERTEX_POINT('',#1893);
#577=VERTEX_POINT('',#1897);
#578=VERTEX_POINT('',#1899);
#579=VERTEX_POINT('',#1903);
#580=VERTEX_POINT('',#1904);
#581=VERTEX_POINT('',#1906);
#582=VERTEX_POINT('',#1908);
#583=VERTEX_POINT('',#1912);
#584=VERTEX_POINT('',#1914);
#585=VERTEX_POINT('',#1918);
#586=VERTEX_POINT('',#1920);
#587=VERTEX_POINT('',#1922);
#588=VERTEX_POINT('',#1924);
#589=VERTEX_POINT('',#1926);
#590=VERTEX_POINT('',#1928);
#591=VERTEX_POINT('',#1930);
#592=VERTEX_POINT('',#1933);
#593=VERTEX_POINT('',#1936);
#594=VERTEX_POINT('',#1938);
#595=VERTEX_POINT('',#1940);
#596=VERTEX_POINT('',#1942);
#597=VERTEX_POINT('',#1944);
#598=VERTEX_POINT('',#1945);
#599=VERTEX_POINT('',#1947);
#600=VERTEX_POINT('',#1949);
#601=VERTEX_POINT('',#1953);
#602=VERTEX_POINT('',#1958);
#603=VERTEX_POINT('',#1960);
#604=VERTEX_POINT('',#1962);
#605=VERTEX_POINT('',#1964);
#606=VERTEX_POINT('',#1966);
#607=VERTEX_POINT('',#1968);
#608=VERTEX_POINT('',#1970);
#609=VERTEX_POINT('',#1973);
#610=VERTEX_POINT('',#1975);
#611=VERTEX_POINT('',#1977);
#612=VERTEX_POINT('',#1979);
#613=VERTEX_POINT('',#1981);
#614=VERTEX_POINT('',#1982);
#615=VERTEX_POINT('',#1984);
#616=VERTEX_POINT('',#1986);
#617=VERTEX_POINT('',#2017);
#618=VERTEX_POINT('',#2019);
#619=VERTEX_POINT('',#2023);
#620=VERTEX_POINT('',#2025);
#621=VERTEX_POINT('',#2030);
#622=VERTEX_POINT('',#2033);
#623=VERTEX_POINT('',#2034);
#624=VERTEX_POINT('',#2036);
#625=VERTEX_POINT('',#2038);
#626=VERTEX_POINT('',#2042);
#627=VERTEX_POINT('',#2043);
#628=VERTEX_POINT('',#2045);
#629=VERTEX_POINT('',#2047);
#630=VERTEX_POINT('',#2051);
#631=VERTEX_POINT('',#2052);
#632=VERTEX_POINT('',#2054);
#633=VERTEX_POINT('',#2056);
#634=VERTEX_POINT('',#2060);
#635=VERTEX_POINT('',#2061);
#636=VERTEX_POINT('',#2063);
#637=VERTEX_POINT('',#2065);
#638=VERTEX_POINT('',#2072);
#639=VERTEX_POINT('',#2075);
#640=VERTEX_POINT('',#2079);
#641=VERTEX_POINT('',#2082);
#642=VERTEX_POINT('',#2084);
#643=VERTEX_POINT('',#2086);
#644=VERTEX_POINT('',#2089);
#645=VERTEX_POINT('',#2091);
#646=VERTEX_POINT('',#2093);
#647=VERTEX_POINT('',#2096);
#648=VERTEX_POINT('',#2131);
#649=VERTEX_POINT('',#2132);
#650=VERTEX_POINT('',#2134);
#651=VERTEX_POINT('',#2136);
#652=VERTEX_POINT('',#2140);
#653=VERTEX_POINT('',#2142);
#654=VERTEX_POINT('',#2146);
#655=VERTEX_POINT('',#2148);
#656=VERTEX_POINT('',#2156);
#657=VERTEX_POINT('',#2162);
#658=VERTEX_POINT('',#2168);
#659=VERTEX_POINT('',#2170);
#660=VERTEX_POINT('',#2174);
#661=VERTEX_POINT('',#2178);
#662=VERTEX_POINT('',#2184);
#663=VERTEX_POINT('',#2224);
#664=VERTEX_POINT('',#2225);
#665=VERTEX_POINT('',#2227);
#666=VERTEX_POINT('',#2229);
#667=VERTEX_POINT('',#2233);
#668=VERTEX_POINT('',#2235);
#669=VERTEX_POINT('',#2239);
#670=VERTEX_POINT('',#2241);
#671=VERTEX_POINT('',#2250);
#672=VERTEX_POINT('',#2253);
#673=VERTEX_POINT('',#2258);
#674=VERTEX_POINT('',#2261);
#675=VERTEX_POINT('',#2266);
#676=VERTEX_POINT('',#2269);
#677=VERTEX_POINT('',#2274);
#678=VERTEX_POINT('',#2276);
#679=VERTEX_POINT('',#2282);
#680=VERTEX_POINT('',#2284);
#681=VERTEX_POINT('',#2286);
#682=VERTEX_POINT('',#2290);
#683=VERTEX_POINT('',#2294);
#684=VERTEX_POINT('',#2297);
#685=EDGE_CURVE('',#567,#567,#504,.T.);
#686=EDGE_CURVE('',#567,#568,#296,.T.);
#687=EDGE_CURVE('',#568,#568,#505,.T.);
#688=EDGE_CURVE('',#569,#569,#506,.T.);
#689=EDGE_CURVE('',#569,#570,#297,.T.);
#690=EDGE_CURVE('',#570,#570,#507,.T.);
#691=EDGE_CURVE('',#571,#571,#508,.T.);
#692=EDGE_CURVE('',#571,#572,#298,.T.);
#693=EDGE_CURVE('',#572,#572,#509,.T.);
#694=EDGE_CURVE('',#573,#574,#299,.T.);
#695=EDGE_CURVE('',#573,#575,#300,.T.);
#696=EDGE_CURVE('',#576,#575,#301,.T.);
#697=EDGE_CURVE('',#576,#574,#302,.T.);
#698=EDGE_CURVE('',#577,#575,#303,.T.);
#699=EDGE_CURVE('',#578,#577,#304,.T.);
#700=EDGE_CURVE('',#576,#578,#305,.T.);
#701=EDGE_CURVE('',#579,#580,#306,.T.);
#702=EDGE_CURVE('',#581,#579,#307,.T.);
#703=EDGE_CURVE('',#581,#582,#308,.T.);
#704=EDGE_CURVE('',#580,#582,#309,.T.);
#705=EDGE_CURVE('',#583,#581,#310,.T.);
#706=EDGE_CURVE('',#584,#583,#311,.T.);
#707=EDGE_CURVE('',#582,#584,#312,.T.);
#708=EDGE_CURVE('',#584,#585,#313,.T.);
#709=EDGE_CURVE('',#586,#585,#510,.T.);
#710=EDGE_CURVE('',#586,#587,#314,.T.);
#711=EDGE_CURVE('',#588,#587,#511,.T.);
#712=EDGE_CURVE('',#588,#589,#315,.T.);
#713=EDGE_CURVE('',#590,#589,#512,.T.);
#714=EDGE_CURVE('',#590,#591,#316,.T.);
#715=EDGE_CURVE('',#577,#591,#513,.T.);
#716=EDGE_CURVE('',#573,#592,#317,.T.);
#717=EDGE_CURVE('',#580,#592,#514,.T.);
#718=EDGE_CURVE('',#593,#593,#515,.T.);
#719=EDGE_CURVE('',#594,#594,#516,.T.);
#720=EDGE_CURVE('',#595,#595,#517,.T.);
#721=EDGE_CURVE('',#596,#596,#518,.T.);
#722=EDGE_CURVE('',#597,#598,#318,.T.);
#723=EDGE_CURVE('',#598,#599,#319,.T.);
#724=EDGE_CURVE('',#599,#600,#320,.T.);
#725=EDGE_CURVE('',#600,#597,#321,.T.);
#726=EDGE_CURVE('',#601,#574,#322,.T.);
#727=EDGE_CURVE('',#592,#601,#323,.T.);
#728=EDGE_CURVE('',#601,#579,#519,.T.);
#729=EDGE_CURVE('',#602,#578,#520,.T.);
#730=EDGE_CURVE('',#602,#603,#324,.T.);
#731=EDGE_CURVE('',#604,#603,#521,.T.);
#732=EDGE_CURVE('',#604,#605,#325,.T.);
#733=EDGE_CURVE('',#606,#605,#522,.T.);
#734=EDGE_CURVE('',#606,#607,#326,.T.);
#735=EDGE_CURVE('',#608,#607,#523,.T.);
#736=EDGE_CURVE('',#608,#583,#327,.T.);
#737=EDGE_CURVE('',#609,#609,#524,.T.);
#738=EDGE_CURVE('',#610,#610,#525,.T.);
#739=EDGE_CURVE('',#611,#611,#526,.T.);
#740=EDGE_CURVE('',#612,#612,#527,.T.);
#741=EDGE_CURVE('',#613,#614,#328,.T.);
#742=EDGE_CURVE('',#613,#615,#329,.T.);
#743=EDGE_CURVE('',#615,#616,#330,.T.);
#744=EDGE_CURVE('',#616,#614,#331,.T.);
#745=EDGE_CURVE('',#614,#598,#332,.T.);
#746=EDGE_CURVE('',#597,#613,#333,.T.);
#747=EDGE_CURVE('',#585,#608,#334,.T.);
#748=EDGE_CURVE('',#603,#590,#335,.T.);
#749=EDGE_CURVE('',#591,#602,#336,.T.);
#750=EDGE_CURVE('',#607,#586,#337,.T.);
#751=EDGE_CURVE('',#587,#606,#338,.T.);
#752=EDGE_CURVE('',#593,#612,#339,.T.);
#753=EDGE_CURVE('',#594,#611,#340,.T.);
#754=EDGE_CURVE('',#595,#610,#341,.T.);
#755=EDGE_CURVE('',#596,#609,#342,.T.);
#756=EDGE_CURVE('',#600,#615,#343,.T.);
#757=EDGE_CURVE('',#599,#616,#344,.T.);
#758=EDGE_CURVE('',#589,#604,#345,.T.);
#759=EDGE_CURVE('',#605,#588,#346,.T.);
#760=EDGE_CURVE('',#617,#617,#528,.T.);
#761=EDGE_CURVE('',#617,#618,#347,.T.);
#762=EDGE_CURVE('',#618,#618,#529,.T.);
#763=EDGE_CURVE('',#619,#619,#530,.T.);
#764=EDGE_CURVE('',#619,#620,#348,.T.);
#765=EDGE_CURVE('',#620,#620,#531,.T.);
#766=EDGE_CURVE('',#621,#621,#532,.T.);
#767=EDGE_CURVE('',#622,#623,#349,.T.);
#768=EDGE_CURVE('',#624,#623,#350,.T.);
#769=EDGE_CURVE('',#625,#624,#351,.T.);
#770=EDGE_CURVE('',#622,#625,#352,.T.);
#771=EDGE_CURVE('',#626,#627,#353,.T.);
#772=EDGE_CURVE('',#628,#626,#354,.T.);
#773=EDGE_CURVE('',#629,#628,#355,.T.);
#774=EDGE_CURVE('',#627,#629,#356,.T.);
#775=EDGE_CURVE('',#630,#631,#357,.T.);
#776=EDGE_CURVE('',#632,#631,#358,.T.);
#777=EDGE_CURVE('',#633,#632,#359,.T.);
#778=EDGE_CURVE('',#630,#633,#360,.T.);
#779=EDGE_CURVE('',#634,#635,#361,.T.);
#780=EDGE_CURVE('',#636,#634,#362,.T.);
#781=EDGE_CURVE('',#637,#636,#363,.T.);
#782=EDGE_CURVE('',#635,#637,#364,.T.);
#783=EDGE_CURVE('',#629,#636,#533,.T.);
#784=EDGE_CURVE('',#637,#628,#534,.T.);
#785=EDGE_CURVE('',#638,#632,#535,.T.);
#786=EDGE_CURVE('',#625,#638,#536,.T.);
#787=EDGE_CURVE('',#639,#624,#537,.T.);
#788=EDGE_CURVE('',#633,#639,#538,.T.);
#789=EDGE_CURVE('',#640,#640,#539,.T.);
#790=EDGE_CURVE('',#640,#638,#365,.T.);
#791=EDGE_CURVE('',#631,#641,#16,.T.);
#792=EDGE_CURVE('',#641,#642,#540,.T.);
#793=EDGE_CURVE('',#642,#643,#17,.T.);
#794=EDGE_CURVE('',#643,#635,#541,.T.);
#795=EDGE_CURVE('',#626,#644,#542,.T.);
#796=EDGE_CURVE('',#644,#645,#18,.T.);
#797=EDGE_CURVE('',#645,#646,#543,.T.);
#798=EDGE_CURVE('',#646,#622,#19,.T.);
#799=EDGE_CURVE('',#647,#647,#14,.T.);
#800=EDGE_CURVE('',#648,#649,#366,.T.);
#801=EDGE_CURVE('',#649,#650,#544,.T.);
#802=EDGE_CURVE('',#650,#651,#367,.T.);
#803=EDGE_CURVE('',#651,#648,#545,.T.);
#804=EDGE_CURVE('',#652,#641,#368,.T.);
#805=EDGE_CURVE('',#653,#652,#546,.T.);
#806=EDGE_CURVE('',#653,#642,#369,.T.);
#807=EDGE_CURVE('',#645,#654,#370,.T.);
#808=EDGE_CURVE('',#655,#654,#547,.T.);
#809=EDGE_CURVE('',#646,#655,#371,.T.);
#810=EDGE_CURVE('',#652,#630,#20,.T.);
#811=EDGE_CURVE('',#623,#655,#21,.T.);
#812=EDGE_CURVE('',#656,#653,#22,.T.);
#813=EDGE_CURVE('',#643,#656,#372,.T.);
#814=EDGE_CURVE('',#634,#656,#548,.T.);
#815=EDGE_CURVE('',#657,#627,#549,.T.);
#816=EDGE_CURVE('',#657,#644,#373,.T.);
#817=EDGE_CURVE('',#654,#657,#23,.T.);
#818=EDGE_CURVE('',#650,#658,#374,.T.);
#819=EDGE_CURVE('',#659,#658,#375,.T.);
#820=EDGE_CURVE('',#651,#659,#376,.T.);
#821=EDGE_CURVE('',#660,#659,#550,.T.);
#822=EDGE_CURVE('',#648,#660,#377,.T.);
#823=EDGE_CURVE('',#661,#660,#378,.T.);
#824=EDGE_CURVE('',#649,#661,#379,.T.);
#825=EDGE_CURVE('',#658,#661,#551,.T.);
#826=EDGE_CURVE('',#647,#662,#380,.T.);
#827=EDGE_CURVE('',#662,#662,#15,.T.);
#828=EDGE_CURVE('',#621,#639,#381,.T.);
#829=EDGE_CURVE('',#663,#664,#382,.T.);
#830=EDGE_CURVE('',#663,#665,#383,.T.);
#831=EDGE_CURVE('',#666,#665,#384,.T.);
#832=EDGE_CURVE('',#664,#666,#385,.T.);
#833=EDGE_CURVE('',#664,#667,#386,.T.);
#834=EDGE_CURVE('',#668,#666,#387,.T.);
#835=EDGE_CURVE('',#667,#668,#388,.T.);
#836=EDGE_CURVE('',#669,#667,#389,.T.);
#837=EDGE_CURVE('',#670,#668,#390,.T.);
#838=EDGE_CURVE('',#669,#670,#391,.T.);
#839=EDGE_CURVE('',#669,#663,#392,.T.);
#840=EDGE_CURVE('',#665,#670,#393,.T.);
#841=EDGE_CURVE('',#671,#671,#552,.T.);
#842=EDGE_CURVE('',#672,#672,#553,.T.);
#843=EDGE_CURVE('',#672,#671,#394,.T.);
#844=EDGE_CURVE('',#673,#673,#554,.T.);
#845=EDGE_CURVE('',#674,#674,#555,.T.);
#846=EDGE_CURVE('',#674,#673,#395,.T.);
#847=EDGE_CURVE('',#675,#675,#556,.T.);
#848=EDGE_CURVE('',#675,#676,#396,.T.);
#849=EDGE_CURVE('',#676,#676,#557,.T.);
#850=EDGE_CURVE('',#677,#677,#558,.T.);
#851=EDGE_CURVE('',#677,#678,#397,.T.);
#852=EDGE_CURVE('',#678,#678,#559,.T.);
#853=EDGE_CURVE('',#679,#679,#560,.T.);
#854=EDGE_CURVE('',#679,#680,#561,.T.);
#855=EDGE_CURVE('',#680,#681,#562,.T.);
#856=EDGE_CURVE('',#681,#680,#563,.T.);
#857=EDGE_CURVE('',#682,#682,#564,.T.);
#858=EDGE_CURVE('',#682,#681,#398,.T.);
#859=EDGE_CURVE('',#683,#683,#565,.T.);
#860=EDGE_CURVE('',#684,#684,#566,.T.);
#861=EDGE_CURVE('',#684,#683,#399,.T.);
#862=ORIENTED_EDGE('',*,*,#685,.F.);
#863=ORIENTED_EDGE('',*,*,#686,.T.);
#864=ORIENTED_EDGE('',*,*,#687,.F.);
#865=ORIENTED_EDGE('',*,*,#686,.F.);
#866=ORIENTED_EDGE('',*,*,#688,.F.);
#867=ORIENTED_EDGE('',*,*,#689,.T.);
#868=ORIENTED_EDGE('',*,*,#690,.F.);
#869=ORIENTED_EDGE('',*,*,#689,.F.);
#870=ORIENTED_EDGE('',*,*,#691,.F.);
#871=ORIENTED_EDGE('',*,*,#692,.T.);
#872=ORIENTED_EDGE('',*,*,#693,.T.);
#873=ORIENTED_EDGE('',*,*,#692,.F.);
#874=ORIENTED_EDGE('',*,*,#691,.T.);
#875=ORIENTED_EDGE('',*,*,#687,.T.);
#876=ORIENTED_EDGE('',*,*,#690,.T.);
#877=ORIENTED_EDGE('',*,*,#693,.F.);
#878=ORIENTED_EDGE('',*,*,#685,.T.);
#879=ORIENTED_EDGE('',*,*,#688,.T.);
#880=ORIENTED_EDGE('',*,*,#694,.F.);
#881=ORIENTED_EDGE('',*,*,#695,.T.);
#882=ORIENTED_EDGE('',*,*,#696,.F.);
#883=ORIENTED_EDGE('',*,*,#697,.T.);
#884=ORIENTED_EDGE('',*,*,#696,.T.);
#885=ORIENTED_EDGE('',*,*,#698,.F.);
#886=ORIENTED_EDGE('',*,*,#699,.F.);
#887=ORIENTED_EDGE('',*,*,#700,.F.);
#888=ORIENTED_EDGE('',*,*,#701,.F.);
#889=ORIENTED_EDGE('',*,*,#702,.F.);
#890=ORIENTED_EDGE('',*,*,#703,.T.);
#891=ORIENTED_EDGE('',*,*,#704,.F.);
#892=ORIENTED_EDGE('',*,*,#703,.F.);
#893=ORIENTED_EDGE('',*,*,#705,.F.);
#894=ORIENTED_EDGE('',*,*,#706,.F.);
#895=ORIENTED_EDGE('',*,*,#707,.F.);
#896=ORIENTED_EDGE('',*,*,#704,.T.);
#897=ORIENTED_EDGE('',*,*,#707,.T.);
#898=ORIENTED_EDGE('',*,*,#708,.T.);
#899=ORIENTED_EDGE('',*,*,#709,.F.);
#900=ORIENTED_EDGE('',*,*,#710,.T.);
#901=ORIENTED_EDGE('',*,*,#711,.F.);
#902=ORIENTED_EDGE('',*,*,#712,.T.);
#903=ORIENTED_EDGE('',*,*,#713,.F.);
#904=ORIENTED_EDGE('',*,*,#714,.T.);
#905=ORIENTED_EDGE('',*,*,#715,.F.);
#906=ORIENTED_EDGE('',*,*,#698,.T.);
#907=ORIENTED_EDGE('',*,*,#695,.F.);
#908=ORIENTED_EDGE('',*,*,#716,.T.);
#909=ORIENTED_EDGE('',*,*,#717,.F.);
#910=ORIENTED_EDGE('',*,*,#718,.T.);
#911=ORIENTED_EDGE('',*,*,#719,.T.);
#912=ORIENTED_EDGE('',*,*,#720,.T.);
#913=ORIENTED_EDGE('',*,*,#721,.T.);
#914=ORIENTED_EDGE('',*,*,#722,.T.);
#915=ORIENTED_EDGE('',*,*,#723,.T.);
#916=ORIENTED_EDGE('',*,*,#724,.T.);
#917=ORIENTED_EDGE('',*,*,#725,.T.);
#918=ORIENTED_EDGE('',*,*,#694,.T.);
#919=ORIENTED_EDGE('',*,*,#726,.F.);
#920=ORIENTED_EDGE('',*,*,#727,.F.);
#921=ORIENTED_EDGE('',*,*,#716,.F.);
#922=ORIENTED_EDGE('',*,*,#702,.T.);
#923=ORIENTED_EDGE('',*,*,#728,.F.);
#924=ORIENTED_EDGE('',*,*,#726,.T.);
#925=ORIENTED_EDGE('',*,*,#697,.F.);
#926=ORIENTED_EDGE('',*,*,#700,.T.);
#927=ORIENTED_EDGE('',*,*,#729,.F.);
#928=ORIENTED_EDGE('',*,*,#730,.T.);
#929=ORIENTED_EDGE('',*,*,#731,.F.);
#930=ORIENTED_EDGE('',*,*,#732,.T.);
#931=ORIENTED_EDGE('',*,*,#733,.F.);
#932=ORIENTED_EDGE('',*,*,#734,.T.);
#933=ORIENTED_EDGE('',*,*,#735,.F.);
#934=ORIENTED_EDGE('',*,*,#736,.T.);
#935=ORIENTED_EDGE('',*,*,#705,.T.);
#936=ORIENTED_EDGE('',*,*,#737,.T.);
#937=ORIENTED_EDGE('',*,*,#738,.T.);
#938=ORIENTED_EDGE('',*,*,#739,.T.);
#939=ORIENTED_EDGE('',*,*,#740,.T.);
#940=ORIENTED_EDGE('',*,*,#741,.F.);
#941=ORIENTED_EDGE('',*,*,#742,.T.);
#942=ORIENTED_EDGE('',*,*,#743,.T.);
#943=ORIENTED_EDGE('',*,*,#744,.T.);
#944=ORIENTED_EDGE('',*,*,#741,.T.);
#945=ORIENTED_EDGE('',*,*,#745,.T.);
#946=ORIENTED_EDGE('',*,*,#722,.F.);
#947=ORIENTED_EDGE('',*,*,#746,.T.);
#948=ORIENTED_EDGE('',*,*,#736,.F.);
#949=ORIENTED_EDGE('',*,*,#747,.F.);
#950=ORIENTED_EDGE('',*,*,#708,.F.);
#951=ORIENTED_EDGE('',*,*,#706,.T.);
#952=ORIENTED_EDGE('',*,*,#748,.F.);
#953=ORIENTED_EDGE('',*,*,#730,.F.);
#954=ORIENTED_EDGE('',*,*,#749,.F.);
#955=ORIENTED_EDGE('',*,*,#714,.F.);
#956=ORIENTED_EDGE('',*,*,#750,.F.);
#957=ORIENTED_EDGE('',*,*,#734,.F.);
#958=ORIENTED_EDGE('',*,*,#751,.F.);
#959=ORIENTED_EDGE('',*,*,#710,.F.);
#960=ORIENTED_EDGE('',*,*,#718,.F.);
#961=ORIENTED_EDGE('',*,*,#752,.T.);
#962=ORIENTED_EDGE('',*,*,#740,.F.);
#963=ORIENTED_EDGE('',*,*,#752,.F.);
#964=ORIENTED_EDGE('',*,*,#719,.F.);
#965=ORIENTED_EDGE('',*,*,#753,.T.);
#966=ORIENTED_EDGE('',*,*,#739,.F.);
#967=ORIENTED_EDGE('',*,*,#753,.F.);
#968=ORIENTED_EDGE('',*,*,#720,.F.);
#969=ORIENTED_EDGE('',*,*,#754,.T.);
#970=ORIENTED_EDGE('',*,*,#738,.F.);
#971=ORIENTED_EDGE('',*,*,#754,.F.);
#972=ORIENTED_EDGE('',*,*,#721,.F.);
#973=ORIENTED_EDGE('',*,*,#755,.T.);
#974=ORIENTED_EDGE('',*,*,#737,.F.);
#975=ORIENTED_EDGE('',*,*,#755,.F.);
#976=ORIENTED_EDGE('',*,*,#725,.F.);
#977=ORIENTED_EDGE('',*,*,#756,.T.);
#978=ORIENTED_EDGE('',*,*,#742,.F.);
#979=ORIENTED_EDGE('',*,*,#746,.F.);
#980=ORIENTED_EDGE('',*,*,#724,.F.);
#981=ORIENTED_EDGE('',*,*,#757,.T.);
#982=ORIENTED_EDGE('',*,*,#743,.F.);
#983=ORIENTED_EDGE('',*,*,#756,.F.);
#984=ORIENTED_EDGE('',*,*,#723,.F.);
#985=ORIENTED_EDGE('',*,*,#745,.F.);
#986=ORIENTED_EDGE('',*,*,#744,.F.);
#987=ORIENTED_EDGE('',*,*,#757,.F.);
#988=ORIENTED_EDGE('',*,*,#758,.F.);
#989=ORIENTED_EDGE('',*,*,#712,.F.);
#990=ORIENTED_EDGE('',*,*,#759,.F.);
#991=ORIENTED_EDGE('',*,*,#732,.F.);
#992=ORIENTED_EDGE('',*,*,#760,.F.);
#993=ORIENTED_EDGE('',*,*,#761,.T.);
#994=ORIENTED_EDGE('',*,*,#762,.T.);
#995=ORIENTED_EDGE('',*,*,#761,.F.);
#996=ORIENTED_EDGE('',*,*,#763,.F.);
#997=ORIENTED_EDGE('',*,*,#764,.T.);
#998=ORIENTED_EDGE('',*,*,#765,.T.);
#999=ORIENTED_EDGE('',*,*,#764,.F.);
#1000=ORIENTED_EDGE('',*,*,#765,.F.);
#1001=ORIENTED_EDGE('',*,*,#762,.F.);
#1002=ORIENTED_EDGE('',*,*,#766,.T.);
#1003=ORIENTED_EDGE('',*,*,#763,.T.);
#1004=ORIENTED_EDGE('',*,*,#767,.T.);
#1005=ORIENTED_EDGE('',*,*,#768,.F.);
#1006=ORIENTED_EDGE('',*,*,#769,.F.);
#1007=ORIENTED_EDGE('',*,*,#770,.F.);
#1008=ORIENTED_EDGE('',*,*,#771,.F.);
#1009=ORIENTED_EDGE('',*,*,#772,.F.);
#1010=ORIENTED_EDGE('',*,*,#773,.F.);
#1011=ORIENTED_EDGE('',*,*,#774,.F.);
#1012=ORIENTED_EDGE('',*,*,#775,.T.);
#1013=ORIENTED_EDGE('',*,*,#776,.F.);
#1014=ORIENTED_EDGE('',*,*,#777,.F.);
#1015=ORIENTED_EDGE('',*,*,#778,.F.);
#1016=ORIENTED_EDGE('',*,*,#779,.F.);
#1017=ORIENTED_EDGE('',*,*,#780,.F.);
#1018=ORIENTED_EDGE('',*,*,#781,.F.);
#1019=ORIENTED_EDGE('',*,*,#782,.F.);
#1020=ORIENTED_EDGE('',*,*,#781,.T.);
#1021=ORIENTED_EDGE('',*,*,#783,.F.);
#1022=ORIENTED_EDGE('',*,*,#773,.T.);
#1023=ORIENTED_EDGE('',*,*,#784,.F.);
#1024=ORIENTED_EDGE('',*,*,#777,.T.);
#1025=ORIENTED_EDGE('',*,*,#785,.F.);
#1026=ORIENTED_EDGE('',*,*,#786,.F.);
#1027=ORIENTED_EDGE('',*,*,#769,.T.);
#1028=ORIENTED_EDGE('',*,*,#787,.F.);
#1029=ORIENTED_EDGE('',*,*,#788,.F.);
#1030=ORIENTED_EDGE('',*,*,#789,.F.);
#1031=ORIENTED_EDGE('',*,*,#790,.T.);
#1032=ORIENTED_EDGE('',*,*,#785,.T.);
#1033=ORIENTED_EDGE('',*,*,#776,.T.);
#1034=ORIENTED_EDGE('',*,*,#791,.T.);
#1035=ORIENTED_EDGE('',*,*,#792,.T.);
#1036=ORIENTED_EDGE('',*,*,#793,.T.);
#1037=ORIENTED_EDGE('',*,*,#794,.T.);
#1038=ORIENTED_EDGE('',*,*,#782,.T.);
#1039=ORIENTED_EDGE('',*,*,#784,.T.);
#1040=ORIENTED_EDGE('',*,*,#772,.T.);
#1041=ORIENTED_EDGE('',*,*,#795,.T.);
#1042=ORIENTED_EDGE('',*,*,#796,.T.);
#1043=ORIENTED_EDGE('',*,*,#797,.T.);
#1044=ORIENTED_EDGE('',*,*,#798,.T.);
#1045=ORIENTED_EDGE('',*,*,#770,.T.);
#1046=ORIENTED_EDGE('',*,*,#786,.T.);
#1047=ORIENTED_EDGE('',*,*,#790,.F.);
#1048=ORIENTED_EDGE('',*,*,#728,.T.);
#1049=ORIENTED_EDGE('',*,*,#701,.T.);
#1050=ORIENTED_EDGE('',*,*,#717,.T.);
#1051=ORIENTED_EDGE('',*,*,#727,.T.);
#1052=ORIENTED_EDGE('',*,*,#748,.T.);
#1053=ORIENTED_EDGE('',*,*,#713,.T.);
#1054=ORIENTED_EDGE('',*,*,#758,.T.);
#1055=ORIENTED_EDGE('',*,*,#731,.T.);
#1056=ORIENTED_EDGE('',*,*,#699,.T.);
#1057=ORIENTED_EDGE('',*,*,#715,.T.);
#1058=ORIENTED_EDGE('',*,*,#749,.T.);
#1059=ORIENTED_EDGE('',*,*,#729,.T.);
#1060=ORIENTED_EDGE('',*,*,#750,.T.);
#1061=ORIENTED_EDGE('',*,*,#709,.T.);
#1062=ORIENTED_EDGE('',*,*,#747,.T.);
#1063=ORIENTED_EDGE('',*,*,#735,.T.);
#1064=ORIENTED_EDGE('',*,*,#751,.T.);
#1065=ORIENTED_EDGE('',*,*,#733,.T.);
#1066=ORIENTED_EDGE('',*,*,#759,.T.);
#1067=ORIENTED_EDGE('',*,*,#711,.T.);
#1068=ORIENTED_EDGE('',*,*,#799,.T.);
#1069=ORIENTED_EDGE('',*,*,#800,.T.);
#1070=ORIENTED_EDGE('',*,*,#801,.T.);
#1071=ORIENTED_EDGE('',*,*,#802,.T.);
#1072=ORIENTED_EDGE('',*,*,#803,.T.);
#1073=ORIENTED_EDGE('',*,*,#792,.F.);
#1074=ORIENTED_EDGE('',*,*,#804,.F.);
#1075=ORIENTED_EDGE('',*,*,#805,.F.);
#1076=ORIENTED_EDGE('',*,*,#806,.T.);
#1077=ORIENTED_EDGE('',*,*,#797,.F.);
#1078=ORIENTED_EDGE('',*,*,#807,.T.);
#1079=ORIENTED_EDGE('',*,*,#808,.F.);
#1080=ORIENTED_EDGE('',*,*,#809,.F.);
#1081=ORIENTED_EDGE('',*,*,#791,.F.);
#1082=ORIENTED_EDGE('',*,*,#775,.F.);
#1083=ORIENTED_EDGE('',*,*,#810,.F.);
#1084=ORIENTED_EDGE('',*,*,#804,.T.);
#1085=ORIENTED_EDGE('',*,*,#798,.F.);
#1086=ORIENTED_EDGE('',*,*,#809,.T.);
#1087=ORIENTED_EDGE('',*,*,#811,.F.);
#1088=ORIENTED_EDGE('',*,*,#767,.F.);
#1089=ORIENTED_EDGE('',*,*,#793,.F.);
#1090=ORIENTED_EDGE('',*,*,#806,.F.);
#1091=ORIENTED_EDGE('',*,*,#812,.F.);
#1092=ORIENTED_EDGE('',*,*,#813,.F.);
#1093=ORIENTED_EDGE('',*,*,#779,.T.);
#1094=ORIENTED_EDGE('',*,*,#794,.F.);
#1095=ORIENTED_EDGE('',*,*,#813,.T.);
#1096=ORIENTED_EDGE('',*,*,#814,.F.);
#1097=ORIENTED_EDGE('',*,*,#771,.T.);
#1098=ORIENTED_EDGE('',*,*,#815,.F.);
#1099=ORIENTED_EDGE('',*,*,#816,.T.);
#1100=ORIENTED_EDGE('',*,*,#795,.F.);
#1101=ORIENTED_EDGE('',*,*,#796,.F.);
#1102=ORIENTED_EDGE('',*,*,#816,.F.);
#1103=ORIENTED_EDGE('',*,*,#817,.F.);
#1104=ORIENTED_EDGE('',*,*,#807,.F.);
#1105=ORIENTED_EDGE('',*,*,#802,.F.);
#1106=ORIENTED_EDGE('',*,*,#818,.T.);
#1107=ORIENTED_EDGE('',*,*,#819,.F.);
#1108=ORIENTED_EDGE('',*,*,#820,.F.);
#1109=ORIENTED_EDGE('',*,*,#803,.F.);
#1110=ORIENTED_EDGE('',*,*,#820,.T.);
#1111=ORIENTED_EDGE('',*,*,#821,.F.);
#1112=ORIENTED_EDGE('',*,*,#822,.F.);
#1113=ORIENTED_EDGE('',*,*,#800,.F.);
#1114=ORIENTED_EDGE('',*,*,#822,.T.);
#1115=ORIENTED_EDGE('',*,*,#823,.F.);
#1116=ORIENTED_EDGE('',*,*,#824,.F.);
#1117=ORIENTED_EDGE('',*,*,#801,.F.);
#1118=ORIENTED_EDGE('',*,*,#824,.T.);
#1119=ORIENTED_EDGE('',*,*,#825,.F.);
#1120=ORIENTED_EDGE('',*,*,#818,.F.);
#1121=ORIENTED_EDGE('',*,*,#799,.F.);
#1122=ORIENTED_EDGE('',*,*,#826,.T.);
#1123=ORIENTED_EDGE('',*,*,#827,.F.);
#1124=ORIENTED_EDGE('',*,*,#826,.F.);
#1125=ORIENTED_EDGE('',*,*,#766,.F.);
#1126=ORIENTED_EDGE('',*,*,#828,.T.);
#1127=ORIENTED_EDGE('',*,*,#787,.T.);
#1128=ORIENTED_EDGE('',*,*,#768,.T.);
#1129=ORIENTED_EDGE('',*,*,#811,.T.);
#1130=ORIENTED_EDGE('',*,*,#808,.T.);
#1131=ORIENTED_EDGE('',*,*,#817,.T.);
#1132=ORIENTED_EDGE('',*,*,#815,.T.);
#1133=ORIENTED_EDGE('',*,*,#774,.T.);
#1134=ORIENTED_EDGE('',*,*,#783,.T.);
#1135=ORIENTED_EDGE('',*,*,#780,.T.);
#1136=ORIENTED_EDGE('',*,*,#814,.T.);
#1137=ORIENTED_EDGE('',*,*,#812,.T.);
#1138=ORIENTED_EDGE('',*,*,#805,.T.);
#1139=ORIENTED_EDGE('',*,*,#810,.T.);
#1140=ORIENTED_EDGE('',*,*,#778,.T.);
#1141=ORIENTED_EDGE('',*,*,#788,.T.);
#1142=ORIENTED_EDGE('',*,*,#828,.F.);
#1143=ORIENTED_EDGE('',*,*,#823,.T.);
#1144=ORIENTED_EDGE('',*,*,#821,.T.);
#1145=ORIENTED_EDGE('',*,*,#819,.T.);
#1146=ORIENTED_EDGE('',*,*,#825,.T.);
#1147=ORIENTED_EDGE('',*,*,#827,.T.);
#1148=ORIENTED_EDGE('',*,*,#760,.T.);
#1149=ORIENTED_EDGE('',*,*,#789,.T.);
#1150=ORIENTED_EDGE('',*,*,#829,.F.);
#1151=ORIENTED_EDGE('',*,*,#830,.T.);
#1152=ORIENTED_EDGE('',*,*,#831,.F.);
#1153=ORIENTED_EDGE('',*,*,#832,.F.);
#1154=ORIENTED_EDGE('',*,*,#833,.F.);
#1155=ORIENTED_EDGE('',*,*,#832,.T.);
#1156=ORIENTED_EDGE('',*,*,#834,.F.);
#1157=ORIENTED_EDGE('',*,*,#835,.F.);
#1158=ORIENTED_EDGE('',*,*,#836,.T.);
#1159=ORIENTED_EDGE('',*,*,#835,.T.);
#1160=ORIENTED_EDGE('',*,*,#837,.F.);
#1161=ORIENTED_EDGE('',*,*,#838,.F.);
#1162=ORIENTED_EDGE('',*,*,#839,.F.);
#1163=ORIENTED_EDGE('',*,*,#838,.T.);
#1164=ORIENTED_EDGE('',*,*,#840,.F.);
#1165=ORIENTED_EDGE('',*,*,#830,.F.);
#1166=ORIENTED_EDGE('',*,*,#839,.T.);
#1167=ORIENTED_EDGE('',*,*,#829,.T.);
#1168=ORIENTED_EDGE('',*,*,#833,.T.);
#1169=ORIENTED_EDGE('',*,*,#836,.F.);
#1170=ORIENTED_EDGE('',*,*,#840,.T.);
#1171=ORIENTED_EDGE('',*,*,#837,.T.);
#1172=ORIENTED_EDGE('',*,*,#834,.T.);
#1173=ORIENTED_EDGE('',*,*,#831,.T.);
#1174=ORIENTED_EDGE('',*,*,#841,.F.);
#1175=ORIENTED_EDGE('',*,*,#842,.F.);
#1176=ORIENTED_EDGE('',*,*,#843,.T.);
#1177=ORIENTED_EDGE('',*,*,#841,.T.);
#1178=ORIENTED_EDGE('',*,*,#843,.F.);
#1179=ORIENTED_EDGE('',*,*,#842,.T.);
#1180=ORIENTED_EDGE('',*,*,#844,.F.);
#1181=ORIENTED_EDGE('',*,*,#845,.F.);
#1182=ORIENTED_EDGE('',*,*,#846,.T.);
#1183=ORIENTED_EDGE('',*,*,#844,.T.);
#1184=ORIENTED_EDGE('',*,*,#846,.F.);
#1185=ORIENTED_EDGE('',*,*,#845,.T.);
#1186=ORIENTED_EDGE('',*,*,#847,.F.);
#1187=ORIENTED_EDGE('',*,*,#847,.T.);
#1188=ORIENTED_EDGE('',*,*,#848,.T.);
#1189=ORIENTED_EDGE('',*,*,#849,.T.);
#1190=ORIENTED_EDGE('',*,*,#848,.F.);
#1191=ORIENTED_EDGE('',*,*,#849,.F.);
#1192=ORIENTED_EDGE('',*,*,#850,.F.);
#1193=ORIENTED_EDGE('',*,*,#851,.T.);
#1194=ORIENTED_EDGE('',*,*,#852,.T.);
#1195=ORIENTED_EDGE('',*,*,#851,.F.);
#1196=ORIENTED_EDGE('',*,*,#850,.T.);
#1197=ORIENTED_EDGE('',*,*,#852,.F.);
#1198=ORIENTED_EDGE('',*,*,#853,.T.);
#1199=ORIENTED_EDGE('',*,*,#854,.T.);
#1200=ORIENTED_EDGE('',*,*,#855,.T.);
#1201=ORIENTED_EDGE('',*,*,#856,.T.);
#1202=ORIENTED_EDGE('',*,*,#854,.F.);
#1203=ORIENTED_EDGE('',*,*,#857,.F.);
#1204=ORIENTED_EDGE('',*,*,#858,.T.);
#1205=ORIENTED_EDGE('',*,*,#855,.F.);
#1206=ORIENTED_EDGE('',*,*,#856,.F.);
#1207=ORIENTED_EDGE('',*,*,#858,.F.);
#1208=ORIENTED_EDGE('',*,*,#853,.F.);
#1209=ORIENTED_EDGE('',*,*,#859,.F.);
#1210=ORIENTED_EDGE('',*,*,#860,.F.);
#1211=ORIENTED_EDGE('',*,*,#861,.T.);
#1212=ORIENTED_EDGE('',*,*,#859,.T.);
#1213=ORIENTED_EDGE('',*,*,#861,.F.);
#1214=ORIENTED_EDGE('',*,*,#857,.T.);
#1215=ORIENTED_EDGE('',*,*,#860,.T.);
#1216=CYLINDRICAL_SURFACE('',#1328,0.15);
#1217=CYLINDRICAL_SURFACE('',#1331,0.15);
#1218=CYLINDRICAL_SURFACE('',#1334,2.3021729601165);
#1219=CYLINDRICAL_SURFACE('',#1368,0.075);
#1220=CYLINDRICAL_SURFACE('',#1369,0.075);
#1221=CYLINDRICAL_SURFACE('',#1370,0.075);
#1222=CYLINDRICAL_SURFACE('',#1371,0.075);
#1223=CYLINDRICAL_SURFACE('',#1376,2.34);
#1224=CYLINDRICAL_SURFACE('',#1379,2.425);
#1225=CYLINDRICAL_SURFACE('',#1397,2.3021729601165);
#1226=CYLINDRICAL_SURFACE('',#1431,0.2);
#1227=CYLINDRICAL_SURFACE('',#1432,2.47588375964408);
#1228=CYLINDRICAL_SURFACE('',#1442,0.15);
#1229=CYLINDRICAL_SURFACE('',#1447,0.15);
#1230=CYLINDRICAL_SURFACE('',#1452,0.05);
#1231=CYLINDRICAL_SURFACE('',#1455,0.05);
#1232=CYLINDRICAL_SURFACE('',#1465,2.5695);
#1233=CYLINDRICAL_SURFACE('',#1469,2.47588375964408);
#1234=ADVANCED_FACE('',(#122),#1216,.F.);
#1235=ADVANCED_FACE('',(#123),#1217,.F.);
#1236=ADVANCED_FACE('',(#124),#1218,.T.);
#1237=ADVANCED_FACE('',(#125,#40,#41),#68,.T.);
#1238=ADVANCED_FACE('',(#126,#42,#43),#69,.F.);
#1239=ADVANCED_FACE('',(#127),#70,.T.);
#1240=ADVANCED_FACE('',(#128),#71,.T.);
#1241=ADVANCED_FACE('',(#129),#72,.F.);
#1242=ADVANCED_FACE('',(#130),#73,.F.);
#1243=ADVANCED_FACE('',(#131,#44,#45,#46,#47,#48),#74,.T.);
#1244=ADVANCED_FACE('',(#132),#75,.F.);
#1245=ADVANCED_FACE('',(#133,#49,#50,#51,#52,#53),#76,.T.);
#1246=ADVANCED_FACE('',(#134),#77,.T.);
#1247=ADVANCED_FACE('',(#135),#78,.T.);
#1248=ADVANCED_FACE('',(#136),#79,.T.);
#1249=ADVANCED_FACE('',(#137),#80,.T.);
#1250=ADVANCED_FACE('',(#138),#1219,.F.);
#1251=ADVANCED_FACE('',(#139),#1220,.F.);
#1252=ADVANCED_FACE('',(#140),#1221,.F.);
#1253=ADVANCED_FACE('',(#141),#1222,.F.);
#1254=ADVANCED_FACE('',(#142),#81,.F.);
#1255=ADVANCED_FACE('',(#143),#82,.F.);
#1256=ADVANCED_FACE('',(#144),#83,.F.);
#1257=ADVANCED_FACE('',(#145),#84,.T.);
#1258=ADVANCED_FACE('',(#146),#1223,.T.);
#1259=ADVANCED_FACE('',(#147),#1224,.F.);
#1260=ADVANCED_FACE('',(#148,#54),#85,.T.);
#1261=ADVANCED_FACE('',(#149,#55),#86,.T.);
#1262=ADVANCED_FACE('',(#150),#87,.F.);
#1263=ADVANCED_FACE('',(#151),#88,.F.);
#1264=ADVANCED_FACE('',(#152),#89,.F.);
#1265=ADVANCED_FACE('',(#153),#90,.F.);
#1266=ADVANCED_FACE('',(#154),#91,.F.);
#1267=ADVANCED_FACE('',(#155),#92,.F.);
#1268=ADVANCED_FACE('',(#156,#56,#57,#58,#59,#60,#61,#62),#1225,.F.);
#1269=ADVANCED_FACE('',(#157),#93,.F.);
#1270=ADVANCED_FACE('',(#158),#94,.F.);
#1271=ADVANCED_FACE('',(#159),#95,.F.);
#1272=ADVANCED_FACE('',(#160),#96,.F.);
#1273=ADVANCED_FACE('',(#161),#97,.F.);
#1274=ADVANCED_FACE('',(#162),#98,.F.);
#1275=ADVANCED_FACE('',(#163),#99,.F.);
#1276=ADVANCED_FACE('',(#164),#100,.F.);
#1277=ADVANCED_FACE('',(#165),#101,.F.);
#1278=ADVANCED_FACE('',(#166),#102,.F.);
#1279=ADVANCED_FACE('',(#167),#103,.F.);
#1280=ADVANCED_FACE('',(#168),#104,.F.);
#1281=ADVANCED_FACE('',(#169),#1226,.F.);
#1282=ADVANCED_FACE('',(#170,#63,#64),#1227,.T.);
#1283=ADVANCED_FACE('',(#171,#65),#105,.T.);
#1284=ADVANCED_FACE('',(#172),#106,.T.);
#1285=ADVANCED_FACE('',(#173),#107,.T.);
#1286=ADVANCED_FACE('',(#174),#108,.T.);
#1287=ADVANCED_FACE('',(#175),#109,.T.);
#1288=ADVANCED_FACE('',(#176),#110,.T.);
#1289=ADVANCED_FACE('',(#177),#111,.T.);
#1290=ADVANCED_FACE('',(#178),#112,.F.);
#1291=ADVANCED_FACE('',(#179),#1228,.T.);
#1292=ADVANCED_FACE('',(#180),#113,.T.);
#1293=ADVANCED_FACE('',(#181),#114,.F.);
#1294=ADVANCED_FACE('',(#182),#1229,.T.);
#1295=ADVANCED_FACE('',(#183),#115,.T.);
#1296=ADVANCED_FACE('',(#184),#116,.T.);
#1297=ADVANCED_FACE('',(#185),#1230,.T.);
#1298=ADVANCED_FACE('',(#186),#117,.F.);
#1299=ADVANCED_FACE('',(#187),#1231,.T.);
#1300=ADVANCED_FACE('',(#188),#118,.T.);
#1301=ADVANCED_FACE('',(#189),#119,.F.);
#1302=ADVANCED_FACE('',(#190),#13,.T.);
#1303=ADVANCED_FACE('',(#191),#1232,.T.);
#1304=ADVANCED_FACE('',(#192,#66),#120,.T.);
#1305=ADVANCED_FACE('',(#193),#1233,.F.);
#1306=ADVANCED_FACE('',(#194,#67),#121,.F.);
#1307=CLOSED_SHELL('',(#1234,#1235,#1236,#1237,#1238));
#1308=CLOSED_SHELL('',(#1239,#1240,#1241,#1242,#1243,#1244,#1245,#1246,
#1247,#1248,#1249,#1250,#1251,#1252,#1253,#1254,#1255,#1256,#1257,#1258,
#1259,#1260,#1261,#1262,#1263,#1264,#1265,#1266,#1267,#1268,#1269,#1270,
#1271,#1272,#1273,#1274,#1275,#1276,#1277,#1278,#1279,#1280,#1281,#1282,
#1283));
#1309=CLOSED_SHELL('',(#1284,#1285,#1286,#1287,#1288,#1289));
#1310=CLOSED_SHELL('',(#1290,#1291,#1292));
#1311=CLOSED_SHELL('',(#1293,#1294,#1295));
#1312=CLOSED_SHELL('',(#1296,#1297,#1298));
#1313=CLOSED_SHELL('',(#1299,#1300,#1301));
#1314=CLOSED_SHELL('',(#1302,#1303,#1304,#1305,#1306));
#1315=DERIVED_UNIT_ELEMENT(#1317,1.);
#1316=DERIVED_UNIT_ELEMENT(#2308,-3.);
#1317=(
MASS_UNIT()
NAMED_UNIT(*)
SI_UNIT(.KILO.,.GRAM.)
);
#1318=DERIVED_UNIT((#1315,#1316));
#1319=MEASURE_REPRESENTATION_ITEM('density measure',
POSITIVE_RATIO_MEASURE(7850.),#1318);
#1320=PROPERTY_DEFINITION_REPRESENTATION(#1325,#1322);
#1321=PROPERTY_DEFINITION_REPRESENTATION(#1326,#1323);
#1322=REPRESENTATION('material name',(#1324),#2303);
#1323=REPRESENTATION('density',(#1319),#2303);
#1324=DESCRIPTIVE_REPRESENTATION_ITEM('Steel','Steel');
#1325=PROPERTY_DEFINITION('material property','material name',#2316);
#1326=PROPERTY_DEFINITION('material property','density of part',#2316);
#1327=AXIS2_PLACEMENT_3D('',#1866,#1472,#1473);
#1328=AXIS2_PLACEMENT_3D('',#1867,#1474,#1475);
#1329=AXIS2_PLACEMENT_3D('',#1869,#1476,#1477);
#1330=AXIS2_PLACEMENT_3D('',#1872,#1479,#1480);
#1331=AXIS2_PLACEMENT_3D('',#1873,#1481,#1482);
#1332=AXIS2_PLACEMENT_3D('',#1875,#1483,#1484);
#1333=AXIS2_PLACEMENT_3D('',#1878,#1486,#1487);
#1334=AXIS2_PLACEMENT_3D('',#1879,#1488,#1489);
#1335=AXIS2_PLACEMENT_3D('',#1881,#1490,#1491);
#1336=AXIS2_PLACEMENT_3D('',#1884,#1493,#1494);
#1337=AXIS2_PLACEMENT_3D('',#1885,#1495,#1496);
#1338=AXIS2_PLACEMENT_3D('',#1886,#1497,#1498);
#1339=AXIS2_PLACEMENT_3D('',#1887,#1499,#1500);
#1340=AXIS2_PLACEMENT_3D('',#1896,#1505,#1506);
#1341=AXIS2_PLACEMENT_3D('',#1902,#1510,#1511);
#1342=AXIS2_PLACEMENT_3D('',#1911,#1516,#1517);
#1343=AXIS2_PLACEMENT_3D('',#1917,#1521,#1522);
#1344=AXIS2_PLACEMENT_3D('',#1921,#1524,#1525);
#1345=AXIS2_PLACEMENT_3D('',#1925,#1527,#1528);
#1346=AXIS2_PLACEMENT_3D('',#1929,#1530,#1531);
#1347=AXIS2_PLACEMENT_3D('',#1932,#1533,#1534);
#1348=AXIS2_PLACEMENT_3D('',#1935,#1536,#1537);
#1349=AXIS2_PLACEMENT_3D('',#1937,#1538,#1539);
#1350=AXIS2_PLACEMENT_3D('',#1939,#1540,#1541);
#1351=AXIS2_PLACEMENT_3D('',#1941,#1542,#1543);
#1352=AXIS2_PLACEMENT_3D('',#1943,#1544,#1545);
#1353=AXIS2_PLACEMENT_3D('',#1952,#1550,#1551);
#1354=AXIS2_PLACEMENT_3D('',#1956,#1554,#1555);
#1355=AXIS2_PLACEMENT_3D('',#1957,#1556,#1557);
#1356=AXIS2_PLACEMENT_3D('',#1959,#1558,#1559);
#1357=AXIS2_PLACEMENT_3D('',#1963,#1561,#1562);
#1358=AXIS2_PLACEMENT_3D('',#1967,#1564,#1565);
#1359=AXIS2_PLACEMENT_3D('',#1971,#1567,#1568);
#1360=AXIS2_PLACEMENT_3D('',#1974,#1570,#1571);
#1361=AXIS2_PLACEMENT_3D('',#1976,#1572,#1573);
#1362=AXIS2_PLACEMENT_3D('',#1978,#1574,#1575);
#1363=AXIS2_PLACEMENT_3D('',#1980,#1576,#1577);
#1364=AXIS2_PLACEMENT_3D('',#1989,#1582,#1583);
#1365=AXIS2_PLACEMENT_3D('',#1992,#1586,#1587);
#1366=AXIS2_PLACEMENT_3D('',#1994,#1589,#1590);
#1367=AXIS2_PLACEMENT_3D('',#1997,#1593,#1594);
#1368=AXIS2_PLACEMENT_3D('',#2000,#1597,#1598);
#1369=AXIS2_PLACEMENT_3D('',#2002,#1600,#1601);
#1370=AXIS2_PLACEMENT_3D('',#2004,#1603,#1604);
#1371=AXIS2_PLACEMENT_3D('',#2006,#1606,#1607);
#1372=AXIS2_PLACEMENT_3D('',#2008,#1609,#1610);
#1373=AXIS2_PLACEMENT_3D('',#2010,#1612,#1613);
#1374=AXIS2_PLACEMENT_3D('',#2012,#1615,#1616);
#1375=AXIS2_PLACEMENT_3D('',#2013,#1617,#1618);
#1376=AXIS2_PLACEMENT_3D('',#2016,#1621,#1622);
#1377=AXIS2_PLACEMENT_3D('',#2018,#1623,#1624);
#1378=AXIS2_PLACEMENT_3D('',#2021,#1626,#1627);
#1379=AXIS2_PLACEMENT_3D('',#2022,#1628,#1629);
#1380=AXIS2_PLACEMENT_3D('',#2024,#1630,#1631);
#1381=AXIS2_PLACEMENT_3D('',#2027,#1633,#1634);
#1382=AXIS2_PLACEMENT_3D('',#2028,#1635,#1636);
#1383=AXIS2_PLACEMENT_3D('',#2029,#1637,#1638);
#1384=AXIS2_PLACEMENT_3D('',#2031,#1639,#1640);
#1385=AXIS2_PLACEMENT_3D('',#2032,#1641,#1642);
#1386=AXIS2_PLACEMENT_3D('',#2041,#1647,#1648);
#1387=AXIS2_PLACEMENT_3D('',#2050,#1653,#1654);
#1388=AXIS2_PLACEMENT_3D('',#2059,#1659,#1660);
#1389=AXIS2_PLACEMENT_3D('',#2068,#1665,#1666);
#1390=AXIS2_PLACEMENT_3D('',#2069,#1667,#1668);
#1391=AXIS2_PLACEMENT_3D('',#2070,#1669,#1670);
#1392=AXIS2_PLACEMENT_3D('',#2071,#1671,#1672);
#1393=AXIS2_PLACEMENT_3D('',#2073,#1673,#1674);
#1394=AXIS2_PLACEMENT_3D('',#2074,#1675,#1676);
#1395=AXIS2_PLACEMENT_3D('',#2076,#1677,#1678);
#1396=AXIS2_PLACEMENT_3D('',#2077,#1679,#1680);
#1397=AXIS2_PLACEMENT_3D('',#2078,#1681,#1682);
#1398=AXIS2_PLACEMENT_3D('',#2080,#1683,#1684);
#1399=AXIS2_PLACEMENT_3D('',#2083,#1686,#1687);
#1400=AXIS2_PLACEMENT_3D('',#2085,#1688,#1689);
#1401=AXIS2_PLACEMENT_3D('',#2087,#1690,#1691);
#1402=AXIS2_PLACEMENT_3D('',#2088,#1692,#1693);
#1403=AXIS2_PLACEMENT_3D('',#2090,#1694,#1695);
#1404=AXIS2_PLACEMENT_3D('',#2092,#1696,#1697);
#1405=AXIS2_PLACEMENT_3D('',#2094,#1698,#1699);
#1406=AXIS2_PLACEMENT_3D('',#2095,#1700,#1701);
#1407=AXIS2_PLACEMENT_3D('',#2135,#1703,#1704);
#1408=AXIS2_PLACEMENT_3D('',#2138,#1706,#1707);
#1409=AXIS2_PLACEMENT_3D('',#2139,#1708,#1709);
#1410=AXIS2_PLACEMENT_3D('',#2143,#1711,#1712);
#1411=AXIS2_PLACEMENT_3D('',#2145,#1714,#1715);
#1412=AXIS2_PLACEMENT_3D('',#2149,#1717,#1718);
#1413=AXIS2_PLACEMENT_3D('',#2151,#1720,#1721);
#1414=AXIS2_PLACEMENT_3D('',#2152,#1722,#1723);
#1415=AXIS2_PLACEMENT_3D('',#2153,#1724,#1725);
#1416=AXIS2_PLACEMENT_3D('',#2154,#1726,#1727);
#1417=AXIS2_PLACEMENT_3D('',#2155,#1728,#1729);
#1418=AXIS2_PLACEMENT_3D('',#2157,#1730,#1731);
#1419=AXIS2_PLACEMENT_3D('',#2159,#1733,#1734);
#1420=AXIS2_PLACEMENT_3D('',#2160,#1735,#1736);
#1421=AXIS2_PLACEMENT_3D('',#2161,#1737,#1738);
#1422=AXIS2_PLACEMENT_3D('',#2163,#1739,#1740);
#1423=AXIS2_PLACEMENT_3D('',#2165,#1742,#1743);
#1424=AXIS2_PLACEMENT_3D('',#2166,#1744,#1745);
#1425=AXIS2_PLACEMENT_3D('',#2167,#1746,#1747);
#1426=AXIS2_PLACEMENT_3D('',#2173,#1751,#1752);
#1427=AXIS2_PLACEMENT_3D('',#2175,#1753,#1754);
#1428=AXIS2_PLACEMENT_3D('',#2177,#1756,#1757);
#1429=AXIS2_PLACEMENT_3D('',#2181,#1760,#1761);
#1430=AXIS2_PLACEMENT_3D('',#2182,#1762,#1763);
#1431=AXIS2_PLACEMENT_3D('',#2183,#1764,#1765);
#1432=AXIS2_PLACEMENT_3D('',#2220,#1767,#1768);
#1433=AXIS2_PLACEMENT_3D('',#2222,#1770,#1771);
#1434=AXIS2_PLACEMENT_3D('',#2223,#1772,#1773);
#1435=AXIS2_PLACEMENT_3D('',#2232,#1778,#1779);
#1436=AXIS2_PLACEMENT_3D('',#2238,#1783,#1784);
#1437=AXIS2_PLACEMENT_3D('',#2244,#1788,#1789);
#1438=AXIS2_PLACEMENT_3D('',#2247,#1792,#1793);
#1439=AXIS2_PLACEMENT_3D('',#2248,#1794,#1795);
#1440=AXIS2_PLACEMENT_3D('',#2249,#1796,#1797);
#1441=AXIS2_PLACEMENT_3D('',#2251,#1798,#1799);
#1442=AXIS2_PLACEMENT_3D('',#2252,#1800,#1801);
#1443=AXIS2_PLACEMENT_3D('',#2254,#1802,#1803);
#1444=AXIS2_PLACEMENT_3D('',#2256,#1805,#1806);
#1445=AXIS2_PLACEMENT_3D('',#2257,#1807,#1808);
#1446=AXIS2_PLACEMENT_3D('',#2259,#1809,#1810);
#1447=AXIS2_PLACEMENT_3D('',#2260,#1811,#1812);
#1448=AXIS2_PLACEMENT_3D('',#2262,#1813,#1814);
#1449=AXIS2_PLACEMENT_3D('',#2264,#1816,#1817);
#1450=AXIS2_PLACEMENT_3D('',#2265,#1818,#1819);
#1451=AXIS2_PLACEMENT_3D('',#2267,#1820,#1821);
#1452=AXIS2_PLACEMENT_3D('',#2268,#1822,#1823);
#1453=AXIS2_PLACEMENT_3D('',#2271,#1825,#1826);
#1454=AXIS2_PLACEMENT_3D('',#2272,#1827,#1828);
#1455=AXIS2_PLACEMENT_3D('',#2273,#1829,#1830);
#1456=AXIS2_PLACEMENT_3D('',#2275,#1831,#1832);
#1457=AXIS2_PLACEMENT_3D('',#2278,#1834,#1835);
#1458=AXIS2_PLACEMENT_3D('',#2279,#1836,#1837);
#1459=AXIS2_PLACEMENT_3D('',#2280,#1838,#1839);
#1460=AXIS2_PLACEMENT_3D('',#2281,#1840,#1841);
#1461=AXIS2_PLACEMENT_3D('',#2283,#1842,#1843);
#1462=AXIS2_PLACEMENT_3D('',#2285,#1844,#1845);
#1463=AXIS2_PLACEMENT_3D('',#2287,#1846,#1847);
#1464=AXIS2_PLACEMENT_3D('',#2288,#1848,#1849);
#1465=AXIS2_PLACEMENT_3D('',#2289,#1850,#1851);
#1466=AXIS2_PLACEMENT_3D('',#2291,#1852,#1853);
#1467=AXIS2_PLACEMENT_3D('',#2293,#1855,#1856);
#1468=AXIS2_PLACEMENT_3D('',#2295,#1857,#1858);
#1469=AXIS2_PLACEMENT_3D('',#2296,#1859,#1860);
#1470=AXIS2_PLACEMENT_3D('',#2298,#1861,#1862);
#1471=AXIS2_PLACEMENT_3D('',#2300,#1864,#1865);
#1472=DIRECTION('axis',(0.,0.,1.));
#1473=DIRECTION('refdir',(1.,0.,0.));
#1474=DIRECTION('center_axis',(0.,0.,1.));
#1475=DIRECTION('ref_axis',(-1.,0.,0.));
#1476=DIRECTION('center_axis',(0.,0.,1.));
#1477=DIRECTION('ref_axis',(-1.,0.,0.));
#1478=DIRECTION('',(0.,0.,1.));
#1479=DIRECTION('center_axis',(0.,0.,-1.));
#1480=DIRECTION('ref_axis',(-1.,0.,0.));
#1481=DIRECTION('center_axis',(0.,0.,1.));
#1482=DIRECTION('ref_axis',(-1.,0.,0.));
#1483=DIRECTION('center_axis',(0.,0.,1.));
#1484=DIRECTION('ref_axis',(-1.,0.,0.));
#1485=DIRECTION('',(0.,0.,1.));
#1486=DIRECTION('center_axis',(0.,0.,-1.));
#1487=DIRECTION('ref_axis',(-1.,0.,0.));
#1488=DIRECTION('center_axis',(0.,0.,1.));
#1489=DIRECTION('ref_axis',(1.,0.,0.));
#1490=DIRECTION('center_axis',(0.,0.,1.));
#1491=DIRECTION('ref_axis',(1.,0.,0.));
#1492=DIRECTION('',(0.,0.,-1.));
#1493=DIRECTION('center_axis',(0.,0.,1.));
#1494=DIRECTION('ref_axis',(1.,0.,0.));
#1495=DIRECTION('center_axis',(0.,0.,1.));
#1496=DIRECTION('ref_axis',(1.,0.,0.));
#1497=DIRECTION('center_axis',(0.,0.,1.));
#1498=DIRECTION('ref_axis',(1.,0.,0.));
#1499=DIRECTION('center_axis',(1.,0.,0.));
#1500=DIRECTION('ref_axis',(0.,0.,-1.));
#1501=DIRECTION('',(0.,0.,1.));
#1502=DIRECTION('',(0.,1.,0.));
#1503=DIRECTION('',(0.,0.,-1.));
#1504=DIRECTION('',(0.,-1.,0.));
#1505=DIRECTION('center_axis',(0.,-1.,0.));
#1506=DIRECTION('ref_axis',(-1.,0.,0.));
#1507=DIRECTION('',(-1.,0.,0.));
#1508=DIRECTION('',(0.,0.,-1.));
#1509=DIRECTION('',(1.,0.,0.));
#1510=DIRECTION('center_axis',(0.,-1.,0.));
#1511=DIRECTION('ref_axis',(0.,0.,-1.));
#1512=DIRECTION('',(0.,0.,-1.));
#1513=DIRECTION('',(-1.,0.,0.));
#1514=DIRECTION('',(0.,0.,-1.));
#1515=DIRECTION('',(1.,0.,0.));
#1516=DIRECTION('center_axis',(1.,0.,0.));
#1517=DIRECTION('ref_axis',(0.,0.,-1.));
#1518=DIRECTION('',(0.,-1.,0.));
#1519=DIRECTION('',(0.,0.,1.));
#1520=DIRECTION('',(0.,1.,0.));
#1521=DIRECTION('center_axis',(0.,0.,-1.));
#1522=DIRECTION('ref_axis',(-1.,0.,0.));
#1523=DIRECTION('',(-1.,0.,0.));
#1524=DIRECTION('center_axis',(0.,0.,1.));
#1525=DIRECTION('ref_axis',(-1.,0.,0.));
#1526=DIRECTION('',(0.,1.,0.));
#1527=DIRECTION('center_axis',(0.,0.,1.));
#1528=DIRECTION('ref_axis',(-1.,0.,0.));
#1529=DIRECTION('',(1.,0.,0.));
#1530=DIRECTION('center_axis',(0.,0.,1.));
#1531=DIRECTION('ref_axis',(-1.,0.,0.));
#1532=DIRECTION('',(0.,-1.,0.));
#1533=DIRECTION('center_axis',(0.,0.,1.));
#1534=DIRECTION('ref_axis',(-1.,0.,0.));
#1535=DIRECTION('',(1.,0.,0.));
#1536=DIRECTION('center_axis',(0.,0.,1.));
#1537=DIRECTION('ref_axis',(-1.,0.,0.));
#1538=DIRECTION('center_axis',(0.,0.,1.));
#1539=DIRECTION('ref_axis',(-1.,0.,0.));
#1540=DIRECTION('center_axis',(0.,0.,1.));
#1541=DIRECTION('ref_axis',(-1.,0.,0.));
#1542=DIRECTION('center_axis',(0.,0.,1.));
#1543=DIRECTION('ref_axis',(-1.,0.,0.));
#1544=DIRECTION('center_axis',(0.,0.,1.));
#1545=DIRECTION('ref_axis',(-1.,0.,0.));
#1546=DIRECTION('',(1.,-7.60166373976836E-17,0.));
#1547=DIRECTION('',(0.,1.,0.));
#1548=DIRECTION('',(-1.,0.,0.));
#1549=DIRECTION('',(0.,-1.,0.));
#1550=DIRECTION('center_axis',(0.,-1.,0.));
#1551=DIRECTION('ref_axis',(0.,0.,1.));
#1552=DIRECTION('',(-1.,0.,0.));
#1553=DIRECTION('',(0.,0.,1.));
#1554=DIRECTION('center_axis',(0.,0.,1.));
#1555=DIRECTION('ref_axis',(-1.,0.,0.));
#1556=DIRECTION('center_axis',(0.,0.,-1.));
#1557=DIRECTION('ref_axis',(-1.,0.,0.));
#1558=DIRECTION('center_axis',(0.,0.,-1.));
#1559=DIRECTION('ref_axis',(-1.,0.,0.));
#1560=DIRECTION('',(0.,1.,0.));
#1561=DIRECTION('center_axis',(0.,0.,-1.));
#1562=DIRECTION('ref_axis',(-1.,0.,0.));
#1563=DIRECTION('',(-1.,0.,0.));
#1564=DIRECTION('center_axis',(0.,0.,-1.));
#1565=DIRECTION('ref_axis',(-1.,0.,0.));
#1566=DIRECTION('',(0.,-1.,0.));
#1567=DIRECTION('center_axis',(0.,0.,-1.));
#1568=DIRECTION('ref_axis',(-1.,0.,0.));
#1569=DIRECTION('',(1.,0.,0.));
#1570=DIRECTION('center_axis',(0.,0.,-1.));
#1571=DIRECTION('ref_axis',(-1.,0.,0.));
#1572=DIRECTION('center_axis',(0.,0.,-1.));
#1573=DIRECTION('ref_axis',(-1.,0.,0.));
#1574=DIRECTION('center_axis',(0.,0.,-1.));
#1575=DIRECTION('ref_axis',(-1.,0.,0.));
#1576=DIRECTION('center_axis',(0.,0.,-1.));
#1577=DIRECTION('ref_axis',(-1.,0.,0.));
#1578=DIRECTION('',(1.,-7.60166373976836E-17,0.));
#1579=DIRECTION('',(0.,1.,0.));
#1580=DIRECTION('',(1.,0.,0.));
#1581=DIRECTION('',(0.,-1.,0.));
#1582=DIRECTION('center_axis',(7.60166373976836E-17,1.,0.));
#1583=DIRECTION('ref_axis',(1.,-7.60166373976836E-17,0.));
#1584=DIRECTION('',(0.,0.,-1.));
#1585=DIRECTION('',(0.,0.,1.));
#1586=DIRECTION('center_axis',(0.,-1.,0.));
#1587=DIRECTION('ref_axis',(-1.,0.,0.));
#1588=DIRECTION('',(0.,0.,1.));
#1589=DIRECTION('center_axis',(1.,0.,0.));
#1590=DIRECTION('ref_axis',(0.,1.,0.));
#1591=DIRECTION('',(0.,0.,-1.));
#1592=DIRECTION('',(0.,0.,1.));
#1593=DIRECTION('center_axis',(-1.,0.,0.));
#1594=DIRECTION('ref_axis',(0.,1.,0.));
#1595=DIRECTION('',(0.,0.,-1.));
#1596=DIRECTION('',(0.,0.,1.));
#1597=DIRECTION('center_axis',(0.,0.,1.));
#1598=DIRECTION('ref_axis',(-1.,0.,0.));
#1599=DIRECTION('',(0.,0.,1.));
#1600=DIRECTION('center_axis',(0.,0.,1.));
#1601=DIRECTION('ref_axis',(-1.,0.,0.));
#1602=DIRECTION('',(0.,0.,1.));
#1603=DIRECTION('center_axis',(0.,0.,1.));
#1604=DIRECTION('ref_axis',(-1.,0.,0.));
#1605=DIRECTION('',(0.,0.,1.));
#1606=DIRECTION('center_axis',(0.,0.,1.));
#1607=DIRECTION('ref_axis',(-1.,0.,0.));
#1608=DIRECTION('',(0.,0.,1.));
#1609=DIRECTION('center_axis',(-1.,0.,0.));
#1610=DIRECTION('ref_axis',(0.,-1.,0.));
#1611=DIRECTION('',(0.,0.,1.));
#1612=DIRECTION('center_axis',(0.,1.,0.));
#1613=DIRECTION('ref_axis',(-1.,0.,0.));
#1614=DIRECTION('',(0.,0.,1.));
#1615=DIRECTION('center_axis',(1.,0.,0.));
#1616=DIRECTION('ref_axis',(0.,1.,0.));
#1617=DIRECTION('center_axis',(0.,1.,0.));
#1618=DIRECTION('ref_axis',(-1.,0.,0.));
#1619=DIRECTION('',(0.,0.,1.));
#1620=DIRECTION('',(0.,0.,-1.));
#1621=DIRECTION('center_axis',(0.,0.,-1.));
#1622=DIRECTION('ref_axis',(-1.,0.,0.));
#1623=DIRECTION('center_axis',(0.,0.,1.));
#1624=DIRECTION('ref_axis',(-1.,0.,0.));
#1625=DIRECTION('',(0.,0.,-1.));
#1626=DIRECTION('center_axis',(0.,0.,1.));
#1627=DIRECTION('ref_axis',(-1.,0.,0.));
#1628=DIRECTION('center_axis',(0.,0.,-1.));
#1629=DIRECTION('ref_axis',(-1.,0.,0.));
#1630=DIRECTION('center_axis',(0.,0.,-1.));
#1631=DIRECTION('ref_axis',(-1.,0.,0.));
#1632=DIRECTION('',(0.,0.,-1.));
#1633=DIRECTION('center_axis',(0.,0.,-1.));
#1634=DIRECTION('ref_axis',(-1.,0.,0.));
#1635=DIRECTION('center_axis',(0.,0.,1.));
#1636=DIRECTION('ref_axis',(-1.,0.,0.));
#1637=DIRECTION('center_axis',(0.,0.,1.));
#1638=DIRECTION('ref_axis',(-1.,0.,0.));
#1639=DIRECTION('center_axis',(0.,0.,1.));
#1640=DIRECTION('ref_axis',(-1.,0.,0.));
#1641=DIRECTION('center_axis',(1.,0.,0.));
#1642=DIRECTION('ref_axis',(0.,0.,-1.));
#1643=DIRECTION('',(0.,1.,0.));
#1644=DIRECTION('',(0.,0.,1.));
#1645=DIRECTION('',(0.,1.,0.));
#1646=DIRECTION('',(0.,0.,-1.));
#1647=DIRECTION('center_axis',(-1.,0.,0.));
#1648=DIRECTION('ref_axis',(0.,0.,1.));
#1649=DIRECTION('',(0.,1.,0.));
#1650=DIRECTION('',(0.,0.,1.));
#1651=DIRECTION('',(0.,-1.,0.));
#1652=DIRECTION('',(0.,0.,-1.));
#1653=DIRECTION('center_axis',(1.,0.,0.));
#1654=DIRECTION('ref_axis',(0.,0.,-1.));
#1655=DIRECTION('',(0.,1.,0.));
#1656=DIRECTION('',(0.,0.,1.));
#1657=DIRECTION('',(0.,1.,0.));
#1658=DIRECTION('',(0.,0.,-1.));
#1659=DIRECTION('center_axis',(-1.,0.,0.));
#1660=DIRECTION('ref_axis',(0.,0.,1.));
#1661=DIRECTION('',(0.,1.,0.));
#1662=DIRECTION('',(0.,0.,1.));
#1663=DIRECTION('',(0.,-1.,0.));
#1664=DIRECTION('',(0.,0.,-1.));
#1665=DIRECTION('center_axis',(0.,0.,1.));
#1666=DIRECTION('ref_axis',(-1.,0.,0.));
#1667=DIRECTION('center_axis',(0.,0.,1.));
#1668=DIRECTION('ref_axis',(-1.,0.,0.));
#1669=DIRECTION('center_axis',(0.,0.,-1.));
#1670=DIRECTION('ref_axis',(-1.,0.,0.));
#1671=DIRECTION('center_axis',(0.,0.,1.));
#1672=DIRECTION('ref_axis',(-1.,0.,0.));
#1673=DIRECTION('center_axis',(0.,0.,-1.));
#1674=DIRECTION('ref_axis',(-1.,0.,0.));
#1675=DIRECTION('center_axis',(0.,0.,-1.));
#1676=DIRECTION('ref_axis',(-1.,0.,0.));
#1677=DIRECTION('center_axis',(0.,0.,1.));
#1678=DIRECTION('ref_axis',(-1.,0.,0.));
#1679=DIRECTION('center_axis',(0.,0.,1.));
#1680=DIRECTION('ref_axis',(-1.,0.,0.));
#1681=DIRECTION('center_axis',(0.,0.,1.));
#1682=DIRECTION('ref_axis',(-1.,0.,0.));
#1683=DIRECTION('center_axis',(0.,0.,-1.));
#1684=DIRECTION('ref_axis',(-1.,0.,0.));
#1685=DIRECTION('',(0.,0.,-1.));
#1686=DIRECTION('center_axis',(-0.707106781186548,0.,0.707106781186548));
#1687=DIRECTION('ref_axis',(-0.707106781186547,0.,-0.707106781186547));
#1688=DIRECTION('center_axis',(0.,0.,-1.));
#1689=DIRECTION('ref_axis',(-1.,0.,0.));
#1690=DIRECTION('center_axis',(0.707106781186548,0.,0.707106781186548));
#1691=DIRECTION('ref_axis',(-0.707106781186547,0.,0.707106781186547));
#1692=DIRECTION('center_axis',(0.,0.,1.));
#1693=DIRECTION('ref_axis',(-1.,0.,0.));
#1694=DIRECTION('center_axis',(0.,0.,1.));
#1695=DIRECTION('ref_axis',(-1.,0.,0.));
#1696=DIRECTION('center_axis',(0.707106781186548,0.,0.707106781186548));
#1697=DIRECTION('ref_axis',(-0.707106781186547,0.,0.707106781186547));
#1698=DIRECTION('center_axis',(0.,0.,-1.));
#1699=DIRECTION('ref_axis',(-1.,0.,0.));
#1700=DIRECTION('center_axis',(-0.707106781186548,0.,0.707106781186548));
#1701=DIRECTION('ref_axis',(-0.707106781186547,0.,-0.707106781186547));
#1702=DIRECTION('',(0.,0.,-1.));
#1703=DIRECTION('center_axis',(0.,0.,1.));
#1704=DIRECTION('ref_axis',(-1.,0.,0.));
#1705=DIRECTION('',(0.,0.,1.));
#1706=DIRECTION('center_axis',(0.,0.,-1.));
#1707=DIRECTION('ref_axis',(-1.,0.,0.));
#1708=DIRECTION('center_axis',(0.,0.,1.));
#1709=DIRECTION('ref_axis',(1.,0.,0.));
#1710=DIRECTION('',(0.,1.,0.));
#1711=DIRECTION('center_axis',(0.,0.,1.));
#1712=DIRECTION('ref_axis',(-1.,0.,0.));
#1713=DIRECTION('',(0.,1.,0.));
#1714=DIRECTION('center_axis',(0.,0.,1.));
#1715=DIRECTION('ref_axis',(1.,0.,0.));
#1716=DIRECTION('',(0.,1.,0.));
#1717=DIRECTION('center_axis',(0.,0.,1.));
#1718=DIRECTION('ref_axis',(-1.,0.,0.));
#1719=DIRECTION('',(0.,1.,0.));
#1720=DIRECTION('center_axis',(0.707106781186548,0.,-0.707106781186548));
#1721=DIRECTION('ref_axis',(-0.707106781186548,0.,-0.707106781186548));
#1722=DIRECTION('center_axis',(0.707106781186548,0.,-0.707106781186548));
#1723=DIRECTION('ref_axis',(-0.707106781186548,0.,-0.707106781186548));
#1724=DIRECTION('center_axis',(0.707106781186548,0.,-0.707106781186548));
#1725=DIRECTION('ref_axis',(-0.707106781186548,0.,-0.707106781186548));
#1726=DIRECTION('center_axis',(0.707106781186548,0.,-0.707106781186548));
#1727=DIRECTION('ref_axis',(-0.707106781186548,0.,-0.707106781186548));
#1728=DIRECTION('center_axis',(-0.707106781186548,0.,-0.707106781186548));
#1729=DIRECTION('ref_axis',(-0.707106781186548,0.,0.707106781186548));
#1730=DIRECTION('center_axis',(-0.707106781186548,0.,-0.707106781186548));
#1731=DIRECTION('ref_axis',(-0.707106781186548,0.,0.707106781186548));
#1732=DIRECTION('',(0.,-1.,0.));
#1733=DIRECTION('center_axis',(0.,0.,-1.));
#1734=DIRECTION('ref_axis',(-1.,0.,0.));
#1735=DIRECTION('center_axis',(0.,0.,-1.));
#1736=DIRECTION('ref_axis',(-1.,0.,0.));
#1737=DIRECTION('center_axis',(0.,0.,-1.));
#1738=DIRECTION('ref_axis',(-1.,0.,0.));
#1739=DIRECTION('center_axis',(0.,0.,-1.));
#1740=DIRECTION('ref_axis',(-1.,0.,0.));
#1741=DIRECTION('',(0.,-1.,0.));
#1742=DIRECTION('center_axis',(-0.707106781186548,0.,-0.707106781186548));
#1743=DIRECTION('ref_axis',(-0.707106781186548,0.,0.707106781186548));
#1744=DIRECTION('center_axis',(-0.707106781186548,0.,-0.707106781186548));
#1745=DIRECTION('ref_axis',(-0.707106781186548,0.,0.707106781186548));
#1746=DIRECTION('center_axis',(-1.,0.,0.));
#1747=DIRECTION('ref_axis',(0.,0.,1.));
#1748=DIRECTION('',(0.,1.,0.));
#1749=DIRECTION('',(0.,0.,-1.));
#1750=DIRECTION('',(0.,1.,0.));
#1751=DIRECTION('center_axis',(0.,0.,1.));
#1752=DIRECTION('ref_axis',(1.,0.,0.));
#1753=DIRECTION('center_axis',(0.,0.,1.));
#1754=DIRECTION('ref_axis',(-1.,0.,0.));
#1755=DIRECTION('',(0.,1.,0.));
#1756=DIRECTION('center_axis',(1.,0.,0.));
#1757=DIRECTION('ref_axis',(0.,0.,-1.));
#1758=DIRECTION('',(0.,0.,1.));
#1759=DIRECTION('',(0.,1.,0.));
#1760=DIRECTION('center_axis',(0.,0.,-1.));
#1761=DIRECTION('ref_axis',(-1.,0.,0.));
#1762=DIRECTION('center_axis',(0.,0.,-1.));
#1763=DIRECTION('ref_axis',(-1.,0.,0.));
#1764=DIRECTION('center_axis',(0.,1.,0.));
#1765=DIRECTION('ref_axis',(1.,0.,0.));
#1766=DIRECTION('',(0.,1.,0.));
#1767=DIRECTION('center_axis',(0.,0.,1.));
#1768=DIRECTION('ref_axis',(-1.,0.,0.));
#1769=DIRECTION('',(0.,0.,-1.));
#1770=DIRECTION('center_axis',(0.,0.,1.));
#1771=DIRECTION('ref_axis',(-1.,0.,0.));
#1772=DIRECTION('center_axis',(0.,1.,0.));
#1773=DIRECTION('ref_axis',(1.,0.,0.));
#1774=DIRECTION('',(-1.,0.,0.));
#1775=DIRECTION('',(0.,0.,-1.));
#1776=DIRECTION('',(1.,0.,0.));
#1777=DIRECTION('',(0.,0.,-1.));
#1778=DIRECTION('center_axis',(-1.,0.,0.));
#1779=DIRECTION('ref_axis',(0.,1.,0.));
#1780=DIRECTION('',(0.,-1.,0.));
#1781=DIRECTION('',(0.,1.,0.));
#1782=DIRECTION('',(0.,0.,-1.));
#1783=DIRECTION('center_axis',(0.,-1.,0.));
#1784=DIRECTION('ref_axis',(-1.,0.,0.));
#1785=DIRECTION('',(-1.,0.,0.));
#1786=DIRECTION('',(-1.,0.,0.));
#1787=DIRECTION('',(0.,0.,-1.));
#1788=DIRECTION('center_axis',(1.,0.,0.));
#1789=DIRECTION('ref_axis',(0.,-1.,0.));
#1790=DIRECTION('',(0.,1.,0.));
#1791=DIRECTION('',(0.,-1.,0.));
#1792=DIRECTION('center_axis',(0.,0.,1.));
#1793=DIRECTION('ref_axis',(-1.,0.,0.));
#1794=DIRECTION('center_axis',(0.,0.,-1.));
#1795=DIRECTION('ref_axis',(-1.,0.,0.));
#1796=DIRECTION('center_axis',(0.,0.,1.));
#1797=DIRECTION('ref_axis',(-1.,0.,0.));
#1798=DIRECTION('center_axis',(0.,0.,1.));
#1799=DIRECTION('ref_axis',(-1.,0.,0.));
#1800=DIRECTION('center_axis',(0.,0.,1.));
#1801=DIRECTION('ref_axis',(-1.,0.,0.));
#1802=DIRECTION('center_axis',(0.,0.,1.));
#1803=DIRECTION('ref_axis',(-1.,0.,0.));
#1804=DIRECTION('',(0.,0.,-1.));
#1805=DIRECTION('center_axis',(0.,0.,1.));
#1806=DIRECTION('ref_axis',(-1.,0.,0.));
#1807=DIRECTION('center_axis',(0.,0.,1.));
#1808=DIRECTION('ref_axis',(-1.,0.,0.));
#1809=DIRECTION('center_axis',(0.,0.,1.));
#1810=DIRECTION('ref_axis',(-1.,0.,0.));
#1811=DIRECTION('center_axis',(0.,0.,1.));
#1812=DIRECTION('ref_axis',(-1.,0.,0.));
#1813=DIRECTION('center_axis',(0.,0.,1.));
#1814=DIRECTION('ref_axis',(-1.,0.,0.));
#1815=DIRECTION('',(0.,0.,-1.));
#1816=DIRECTION('center_axis',(0.,0.,1.));
#1817=DIRECTION('ref_axis',(-1.,0.,0.));
#1818=DIRECTION('center_axis',(0.,0.,1.));
#1819=DIRECTION('ref_axis',(-1.,0.,0.));
#1820=DIRECTION('center_axis',(0.,0.,-1.));
#1821=DIRECTION('ref_axis',(-1.,0.,0.));
#1822=DIRECTION('center_axis',(0.,0.,1.));
#1823=DIRECTION('ref_axis',(-1.,0.,0.));
#1824=DIRECTION('',(0.,0.,-1.));
#1825=DIRECTION('center_axis',(0.,0.,1.));
#1826=DIRECTION('ref_axis',(-1.,0.,0.));
#1827=DIRECTION('center_axis',(0.,0.,1.));
#1828=DIRECTION('ref_axis',(-1.,0.,0.));
#1829=DIRECTION('center_axis',(0.,0.,1.));
#1830=DIRECTION('ref_axis',(-1.,0.,0.));
#1831=DIRECTION('center_axis',(0.,0.,1.));
#1832=DIRECTION('ref_axis',(-1.,0.,0.));
#1833=DIRECTION('',(0.,0.,-1.));
#1834=DIRECTION('center_axis',(0.,0.,1.));
#1835=DIRECTION('ref_axis',(-1.,0.,0.));
#1836=DIRECTION('center_axis',(0.,0.,1.));
#1837=DIRECTION('ref_axis',(-1.,0.,0.));
#1838=DIRECTION('center_axis',(0.,0.,1.));
#1839=DIRECTION('ref_axis',(-1.,0.,0.));
#1840=DIRECTION('center_axis',(0.,0.,1.));
#1841=DIRECTION('ref_axis',(1.,0.,0.));
#1842=DIRECTION('center_axis',(0.,0.,-1.));
#1843=DIRECTION('ref_axis',(-1.,0.,0.));
#1844=DIRECTION('center_axis',(1.22464679914735E-16,-1.,0.));
#1845=DIRECTION('ref_axis',(-1.,-1.22464679914735E-16,0.));
#1846=DIRECTION('center_axis',(0.,0.,1.));
#1847=DIRECTION('ref_axis',(-1.,0.,0.));
#1848=DIRECTION('center_axis',(0.,0.,1.));
#1849=DIRECTION('ref_axis',(-1.,0.,0.));
#1850=DIRECTION('center_axis',(0.,0.,-1.));
#1851=DIRECTION('ref_axis',(-1.,0.,0.));
#1852=DIRECTION('center_axis',(0.,0.,-1.));
#1853=DIRECTION('ref_axis',(-1.,0.,0.));
#1854=DIRECTION('',(0.,0.,1.));
#1855=DIRECTION('center_axis',(0.,0.,1.));
#1856=DIRECTION('ref_axis',(-1.,0.,0.));
#1857=DIRECTION('center_axis',(0.,0.,1.));
#1858=DIRECTION('ref_axis',(-1.,0.,0.));
#1859=DIRECTION('center_axis',(0.,0.,-1.));
#1860=DIRECTION('ref_axis',(-1.,0.,0.));
#1861=DIRECTION('center_axis',(0.,0.,1.));
#1862=DIRECTION('ref_axis',(-1.,0.,0.));
#1863=DIRECTION('',(0.,0.,1.));
#1864=DIRECTION('center_axis',(0.,0.,1.));
#1865=DIRECTION('ref_axis',(-1.,0.,0.));
#1866=CARTESIAN_POINT('',(0.,0.,0.));
#1867=CARTESIAN_POINT('Origin',(1.8000000638286,0.,0.45));
#1868=CARTESIAN_POINT('',(1.9500000638286,1.83697019872103E-17,0.45));
#1869=CARTESIAN_POINT('Origin',(1.8000000638286,0.,0.45));
#1870=CARTESIAN_POINT('',(1.9500000638286,1.83697019872103E-17,0.55));
#1871=CARTESIAN_POINT('',(1.9500000638286,1.83697019872103E-17,0.45));
#1872=CARTESIAN_POINT('Origin',(1.8000000638286,0.,0.55));
#1873=CARTESIAN_POINT('Origin',(-1.73572437152497,0.,0.45));
#1874=CARTESIAN_POINT('',(-1.58572437152496,1.83697019872103E-17,0.45));
#1875=CARTESIAN_POINT('Origin',(-1.73572437152497,0.,0.45));
#1876=CARTESIAN_POINT('',(-1.58572437152496,1.83697019872103E-17,0.55));
#1877=CARTESIAN_POINT('',(-1.58572437152496,1.83697019872103E-17,0.45));
#1878=CARTESIAN_POINT('Origin',(-1.73572437152497,0.,0.55));
#1879=CARTESIAN_POINT('Origin',(0.,0.,0.45));
#1880=CARTESIAN_POINT('',(-2.3021729601165,-2.81934874669026E-16,0.55));
#1881=CARTESIAN_POINT('Origin',(0.,0.,0.55));
#1882=CARTESIAN_POINT('',(-2.3021729601165,-2.81934874669026E-16,0.45));
#1883=CARTESIAN_POINT('',(-2.3021729601165,-2.81934874669026E-16,0.45));
#1884=CARTESIAN_POINT('Origin',(0.,0.,0.45));
#1885=CARTESIAN_POINT('Origin',(0.,0.,0.55));
#1886=CARTESIAN_POINT('Origin',(0.,0.,0.45));
#1887=CARTESIAN_POINT('Origin',(0.266316714910724,-0.400000044680017,2.8));
#1888=CARTESIAN_POINT('',(0.266316714910724,-2.2814340099153,2.7));
#1889=CARTESIAN_POINT('',(0.266316714910724,-2.2814340099153,2.8));
#1890=CARTESIAN_POINT('',(0.266316714910724,-2.2814340099153,2.75));
#1891=CARTESIAN_POINT('',(0.266316714910724,-0.500000015957149,2.7));
#1892=CARTESIAN_POINT('',(0.266316714910724,-0.400000028722868,2.7));
#1893=CARTESIAN_POINT('',(0.266316714910724,-0.500000015957149,2.8));
#1894=CARTESIAN_POINT('',(0.266316714910724,-0.500000015957149,2.8));
#1895=CARTESIAN_POINT('',(0.266316714910724,-0.400000028722868,2.8));
#1896=CARTESIAN_POINT('Origin',(2.40000007659431,-0.500000015957149,2.8));
#1897=CARTESIAN_POINT('',(2.24722057714289,-0.500000015957149,2.7));
#1898=CARTESIAN_POINT('',(0.179158358253219,-0.500000015957149,2.7));
#1899=CARTESIAN_POINT('',(2.24722057714289,-0.500000015957149,2.8));
#1900=CARTESIAN_POINT('',(2.24722057714289,-0.500000015957149,0.15));
#1901=CARTESIAN_POINT('',(-2.30000007340289,-0.500000015957149,2.8));
#1902=CARTESIAN_POINT('Origin',(-0.288316714910724,-2.28404768124368,2.8));
#1903=CARTESIAN_POINT('',(-0.288316714910724,-2.28404768124368,2.8));
#1904=CARTESIAN_POINT('',(-0.288316714910724,-2.28404768124368,2.7));
#1905=CARTESIAN_POINT('',(-0.288316714910724,-2.28404768124368,0.15));
#1906=CARTESIAN_POINT('',(-0.268316714910724,-2.28404768124368,2.8));
#1907=CARTESIAN_POINT('',(-0.119158356657505,-2.28404768124368,2.8));
#1908=CARTESIAN_POINT('',(-0.268316714910724,-2.28404768124368,2.7));
#1909=CARTESIAN_POINT('',(-0.268316714910724,-2.28404768124368,0.15));
#1910=CARTESIAN_POINT('',(-0.119158356657505,-2.28404768124368,2.7));
#1911=CARTESIAN_POINT('Origin',(-0.268316714910724,-2.40000004468002,2.8));
#1912=CARTESIAN_POINT('',(-0.268316714910724,-0.500000015957149,2.8));
#1913=CARTESIAN_POINT('',(-0.268316714910724,-1.40000002872287,2.8));
#1914=CARTESIAN_POINT('',(-0.268316714910724,-0.500000015957149,2.7));
#1915=CARTESIAN_POINT('',(-0.268316714910724,-0.500000015957149,2.8));
#1916=CARTESIAN_POINT('',(-0.268316714910724,-1.40000002872287,2.7));
#1917=CARTESIAN_POINT('Origin',(0.0500000015957149,-0.400000012765719,2.7));
#1918=CARTESIAN_POINT('',(-2.24722057714289,-0.500000015957149,2.7));
#1919=CARTESIAN_POINT('',(-2.30000007340289,-0.500000015957149,2.7));
#1920=CARTESIAN_POINT('',(-2.30000007340289,-0.100000003191427,2.7));
#1921=CARTESIAN_POINT('Origin',(0.,0.,2.7));
#1922=CARTESIAN_POINT('',(-2.30000007340289,0.100000003191427,2.7));
#1923=CARTESIAN_POINT('',(-2.30000007340289,-0.300000009574289,2.7));
#1924=CARTESIAN_POINT('',(-2.24722057714289,0.500000015957149,2.7));
#1925=CARTESIAN_POINT('Origin',(0.,0.,2.7));
#1926=CARTESIAN_POINT('',(2.24722057714289,0.500000015957149,2.7));
#1927=CARTESIAN_POINT('',(-2.30000007340289,0.500000015957149,2.7));
#1928=CARTESIAN_POINT('',(2.30000007340289,0.100000003191427,2.7));
#1929=CARTESIAN_POINT('Origin',(0.,0.,2.7));
#1930=CARTESIAN_POINT('',(2.30000007340289,-0.100000003191427,2.7));
#1931=CARTESIAN_POINT('',(2.30000007340289,0.500000015957149,2.7));
#1932=CARTESIAN_POINT('Origin',(0.,0.,2.7));
#1933=CARTESIAN_POINT('',(0.308316714910724,-2.2814340099153,2.7));
#1934=CARTESIAN_POINT('',(0.179158358253219,-2.2814340099153,2.7));
#1935=CARTESIAN_POINT('Origin',(0.,0.,2.7));
#1936=CARTESIAN_POINT('',(-0.525000019148579,-0.20000000638286,2.7));
#1937=CARTESIAN_POINT('Origin',(-0.600000019148579,-0.20000000638286,2.7));
#1938=CARTESIAN_POINT('',(1.47500004468002,0.20000000638286,2.7));
#1939=CARTESIAN_POINT('Origin',(1.40000004468002,0.20000000638286,2.7));
#1940=CARTESIAN_POINT('',(-0.525000019148579,0.20000000638286,2.7));
#1941=CARTESIAN_POINT('Origin',(-0.600000019148579,0.20000000638286,2.7));
#1942=CARTESIAN_POINT('',(1.47500004468002,-0.20000000638286,2.7));
#1943=CARTESIAN_POINT('Origin',(1.40000004468002,-0.20000000638286,2.7));
#1944=CARTESIAN_POINT('',(-0.400000012765719,-0.400000012765719,2.7));
#1945=CARTESIAN_POINT('',(1.20000003829716,-0.400000012765719,2.7));
#1946=CARTESIAN_POINT('',(-2.30000007340289,-0.400000012765719,2.7));
#1947=CARTESIAN_POINT('',(1.20000003829716,0.400000012765719,2.7));
#1948=CARTESIAN_POINT('',(1.20000003829716,-0.175000005585002,2.7));
#1949=CARTESIAN_POINT('',(-0.400000012765719,0.400000012765719,2.7));
#1950=CARTESIAN_POINT('',(0.600000019148579,0.400000012765719,2.7));
#1951=CARTESIAN_POINT('',(-0.400000012765719,0.225000007180717,2.7));
#1952=CARTESIAN_POINT('Origin',(0.308316714910724,-2.2814340099153,2.7));
#1953=CARTESIAN_POINT('',(0.308316714910724,-2.2814340099153,2.8));
#1954=CARTESIAN_POINT('',(0.179158358253219,-2.2814340099153,2.8));
#1955=CARTESIAN_POINT('',(0.308316714910724,-2.2814340099153,0.15));
#1956=CARTESIAN_POINT('Origin',(0.0500000015957149,-0.400000012765719,2.8));
#1957=CARTESIAN_POINT('Origin',(0.,0.,2.8));
#1958=CARTESIAN_POINT('',(2.30000007340289,-0.100000003191427,2.8));
#1959=CARTESIAN_POINT('Origin',(0.,0.,2.8));
#1960=CARTESIAN_POINT('',(2.30000007340289,0.100000003191427,2.8));
#1961=CARTESIAN_POINT('',(2.30000007340289,0.500000015957149,2.8));
#1962=CARTESIAN_POINT('',(2.24722057714289,0.500000015957149,2.8));
#1963=CARTESIAN_POINT('Origin',(0.,0.,2.8));
#1964=CARTESIAN_POINT('',(-2.24722057714289,0.500000015957149,2.8));
#1965=CARTESIAN_POINT('',(-2.30000007340289,0.500000015957149,2.8));
#1966=CARTESIAN_POINT('',(-2.30000007340289,0.100000003191427,2.8));
#1967=CARTESIAN_POINT('Origin',(0.,0.,2.8));
#1968=CARTESIAN_POINT('',(-2.30000007340289,-0.100000003191427,2.8));
#1969=CARTESIAN_POINT('',(-2.30000007340289,-0.300000009574289,2.8));
#1970=CARTESIAN_POINT('',(-2.24722057714289,-0.500000015957149,2.8));
#1971=CARTESIAN_POINT('Origin',(0.,0.,2.8));
#1972=CARTESIAN_POINT('',(-0.119158356657505,-0.500000015957149,2.8));
#1973=CARTESIAN_POINT('',(1.47500004468002,-0.20000000638286,2.8));
#1974=CARTESIAN_POINT('Origin',(1.40000004468002,-0.20000000638286,2.8));
#1975=CARTESIAN_POINT('',(-0.525000019148579,0.20000000638286,2.8));
#1976=CARTESIAN_POINT('Origin',(-0.600000019148579,0.20000000638286,2.8));
#1977=CARTESIAN_POINT('',(1.47500004468002,0.20000000638286,2.8));
#1978=CARTESIAN_POINT('Origin',(1.40000004468002,0.20000000638286,2.8));
#1979=CARTESIAN_POINT('',(-0.525000019148579,-0.20000000638286,2.8));
#1980=CARTESIAN_POINT('Origin',(-0.600000019148579,-0.20000000638286,2.8));
#1981=CARTESIAN_POINT('',(-0.400000012765719,-0.400000012765719,2.8));
#1982=CARTESIAN_POINT('',(1.20000003829716,-0.400000012765719,2.8));
#1983=CARTESIAN_POINT('',(-2.30000007340289,-0.400000012765719,2.8));
#1984=CARTESIAN_POINT('',(-0.400000012765719,0.400000012765719,2.8));
#1985=CARTESIAN_POINT('',(-0.400000012765719,0.225000007180717,2.8));
#1986=CARTESIAN_POINT('',(1.20000003829716,0.400000012765719,2.8));
#1987=CARTESIAN_POINT('',(0.600000019148579,0.400000012765719,2.8));
#1988=CARTESIAN_POINT('',(1.20000003829716,-0.175000005585002,2.8));
#1989=CARTESIAN_POINT('Origin',(-2.30000007340289,-0.400000012765719,2.8));
#1990=CARTESIAN_POINT('',(1.20000003829716,-0.400000012765719,2.8));
#1991=CARTESIAN_POINT('',(-0.400000012765719,-0.400000012765719,2.8));
#1992=CARTESIAN_POINT('Origin',(2.40000007659431,-0.500000015957149,2.8));
#1993=CARTESIAN_POINT('',(-2.24722057714289,-0.500000015957149,0.15));
#1994=CARTESIAN_POINT('Origin',(2.30000007340289,-0.40000001276572,2.7));
#1995=CARTESIAN_POINT('',(2.30000007340289,0.100000003191427,0.15));
#1996=CARTESIAN_POINT('',(2.30000007340289,-0.100000003191427,0.15));
#1997=CARTESIAN_POINT('Origin',(-2.30000007340289,-0.500000015957149,2.8));
#1998=CARTESIAN_POINT('',(-2.30000007340289,-0.100000003191427,0.15));
#1999=CARTESIAN_POINT('',(-2.30000007340289,0.100000003191427,0.15));
#2000=CARTESIAN_POINT('Origin',(-0.600000019148579,-0.20000000638286,2.8));
#2001=CARTESIAN_POINT('',(-0.525000019148579,-0.20000000638286,2.8));
#2002=CARTESIAN_POINT('Origin',(1.40000004468002,0.20000000638286,2.8));
#2003=CARTESIAN_POINT('',(1.47500004468002,0.20000000638286,2.8));
#2004=CARTESIAN_POINT('Origin',(-0.600000019148579,0.20000000638286,2.8));
#2005=CARTESIAN_POINT('',(-0.525000019148579,0.20000000638286,2.8));
#2006=CARTESIAN_POINT('Origin',(1.40000004468002,-0.20000000638286,2.8));
#2007=CARTESIAN_POINT('',(1.47500004468002,-0.20000000638286,2.8));
#2008=CARTESIAN_POINT('Origin',(-0.400000012765719,0.400000012765719,2.8));
#2009=CARTESIAN_POINT('',(-0.400000012765719,0.400000012765719,2.8));
#2010=CARTESIAN_POINT('Origin',(1.20000003829716,0.400000012765719,2.8));
#2011=CARTESIAN_POINT('',(1.20000003829716,0.400000012765719,2.8));
#2012=CARTESIAN_POINT('Origin',(1.20000003829716,-0.400000012765719,2.8));
#2013=CARTESIAN_POINT('Origin',(2.30000007340289,0.500000015957149,2.7));
#2014=CARTESIAN_POINT('',(2.24722057714289,0.500000015957149,0.15));
#2015=CARTESIAN_POINT('',(-2.24722057714289,0.500000015957149,0.15));
#2016=CARTESIAN_POINT('Origin',(0.,0.,3.15));
#2017=CARTESIAN_POINT('',(2.34,2.86567351000481E-16,3.15));
#2018=CARTESIAN_POINT('Origin',(0.,0.,3.15));
#2019=CARTESIAN_POINT('',(2.34,2.86567351000481E-16,3.1));
#2020=CARTESIAN_POINT('',(2.34,-2.86567351000481E-16,3.15));
#2021=CARTESIAN_POINT('Origin',(0.,0.,3.1));
#2022=CARTESIAN_POINT('Origin',(0.,0.,3.15));
#2023=CARTESIAN_POINT('',(2.425,2.96976848793233E-16,3.15));
#2024=CARTESIAN_POINT('Origin',(0.,0.,3.15));
#2025=CARTESIAN_POINT('',(2.425,2.96976848793233E-16,3.1));
#2026=CARTESIAN_POINT('',(2.425,-2.96976848793233E-16,3.15));
#2027=CARTESIAN_POINT('Origin',(0.,0.,3.1));
#2028=CARTESIAN_POINT('Origin',(0.,0.,3.1));
#2029=CARTESIAN_POINT('Origin',(0.,0.,3.15));
#2030=CARTESIAN_POINT('',(2.47588375964408,3.03208312130904E-16,3.15));
#2031=CARTESIAN_POINT('Origin',(0.,0.,3.15));
#2032=CARTESIAN_POINT('Origin',(0.299999996374442,0.,0.159999998066369));
#2033=CARTESIAN_POINT('',(0.300000009574289,2.2825425149484,0.156141925896806));
#2034=CARTESIAN_POINT('',(0.300000009574289,2.45764122392279,0.156141925896806));
#2035=CARTESIAN_POINT('',(0.300000009574289,0.,0.156141925896806));
#2036=CARTESIAN_POINT('',(0.299999996374442,2.45764122553408,0.15));
#2037=CARTESIAN_POINT('',(0.299999996374442,2.45764122553408,0.15));
#2038=CARTESIAN_POINT('',(0.299999996374442,2.28254251668329,0.15));
#2039=CARTESIAN_POINT('',(0.299999996374442,0.,0.15));
#2040=CARTESIAN_POINT('',(0.299999996374442,2.28254251668329,0.15));
#2041=CARTESIAN_POINT('Origin',(-0.289999996495294,0.,0.139999998308073));
#2042=CARTESIAN_POINT('',(-0.289999996495294,2.28383456938638,0.156141925896806));
#2043=CARTESIAN_POINT('',(-0.289999996495294,2.45884127045688,0.156141925896806));
#2044=CARTESIAN_POINT('',(-0.289999996495294,0.,0.156141925896806));
#2045=CARTESIAN_POINT('',(-0.289999996495294,2.28383456938638,0.15));
#2046=CARTESIAN_POINT('',(-0.289999996495294,2.28383456938638,0.15));
#2047=CARTESIAN_POINT('',(-0.289999996495294,2.45884127045688,0.15));
#2048=CARTESIAN_POINT('',(-0.289999996495294,0.,0.15));
#2049=CARTESIAN_POINT('',(-0.289999996495294,2.45884127045688,0.15));
#2050=CARTESIAN_POINT('Origin',(0.299999996374442,0.,0.159999998066369));
#2051=CARTESIAN_POINT('',(0.300000009574289,-2.45764122392279,0.156141925896806));
#2052=CARTESIAN_POINT('',(0.300000009574289,-2.2825425149484,0.156141925896806));
#2053=CARTESIAN_POINT('',(0.300000009574289,0.,0.156141925896806));
#2054=CARTESIAN_POINT('',(0.299999996374442,-2.28254251668329,0.15));
#2055=CARTESIAN_POINT('',(0.299999996374442,-2.28254251668329,0.15));
#2056=CARTESIAN_POINT('',(0.299999996374442,-2.45764122553408,0.15));
#2057=CARTESIAN_POINT('',(0.299999996374442,0.,0.15));
#2058=CARTESIAN_POINT('',(0.299999996374442,-2.45764122553408,0.15));
#2059=CARTESIAN_POINT('Origin',(-0.289999996495294,0.,0.139999998308073));
#2060=CARTESIAN_POINT('',(-0.289999996495294,-2.45884127045688,0.156141925896806));
#2061=CARTESIAN_POINT('',(-0.289999996495294,-2.28383456938638,0.156141925896806));
#2062=CARTESIAN_POINT('',(-0.289999996495294,0.,0.156141925896806));
#2063=CARTESIAN_POINT('',(-0.289999996495294,-2.45884127045688,0.15));
#2064=CARTESIAN_POINT('',(-0.289999996495294,-2.45884127045688,0.15));
#2065=CARTESIAN_POINT('',(-0.289999996495294,-2.28383456938638,0.15));
#2066=CARTESIAN_POINT('',(-0.289999996495294,0.,0.15));
#2067=CARTESIAN_POINT('',(-0.289999996495294,-2.28383456938638,0.15));
#2068=CARTESIAN_POINT('Origin',(0.,0.,0.15));
#2069=CARTESIAN_POINT('Origin',(0.,0.,0.15));
#2070=CARTESIAN_POINT('Origin',(0.,0.,0.15));
#2071=CARTESIAN_POINT('Origin',(0.,0.,0.15));
#2072=CARTESIAN_POINT('',(2.3021729601165,2.81934874669026E-16,0.15));
#2073=CARTESIAN_POINT('Origin',(0.,0.,0.15));
#2074=CARTESIAN_POINT('Origin',(0.,0.,0.15));
#2075=CARTESIAN_POINT('',(2.47588375964408,3.03208312130904E-16,0.15));
#2076=CARTESIAN_POINT('Origin',(0.,0.,0.15));
#2077=CARTESIAN_POINT('Origin',(0.,0.,0.15));
#2078=CARTESIAN_POINT('Origin',(0.,0.,0.15));
#2079=CARTESIAN_POINT('',(2.3021729601165,2.81934874669026E-16,3.15));
#2080=CARTESIAN_POINT('Origin',(0.,0.,3.15));
#2081=CARTESIAN_POINT('',(2.3021729601165,2.81934874669026E-16,0.15));
#2082=CARTESIAN_POINT('',(0.547487382989581,-2.23612564578978,0.403629299312098));
#2083=CARTESIAN_POINT('Origin',(0.,0.,-0.143858083677483));
#2084=CARTESIAN_POINT('',(-0.538116505558982,-2.23839919691206,0.403629299312098));
#2085=CARTESIAN_POINT('Origin',(0.,0.,0.403629299312098));
#2086=CARTESIAN_POINT('',(-0.290629132143691,-2.28375459404923,0.156141925896806));
#2087=CARTESIAN_POINT('Origin',(0.,0.,-0.134487206246884));
#2088=CARTESIAN_POINT('Origin',(0.,0.,0.156141925896806));
#2089=CARTESIAN_POINT('',(-0.290629132143691,2.28375459404923,0.156141925896806));
#2090=CARTESIAN_POINT('Origin',(0.,0.,0.156141925896806));
#2091=CARTESIAN_POINT('',(-0.538116505558982,2.23839919691206,0.403629299312098));
#2092=CARTESIAN_POINT('Origin',(0.,0.,-0.134487206246884));
#2093=CARTESIAN_POINT('',(0.547487382989581,2.23612564578978,0.403629299312098));
#2094=CARTESIAN_POINT('Origin',(0.,0.,0.403629299312098));
#2095=CARTESIAN_POINT('Origin',(0.,0.,-0.143858083677483));
#2096=CARTESIAN_POINT('',(1.2383326869976,1.94075565041168,0.819984055204239));
#2097=CARTESIAN_POINT('Ctrl Pts',(1.2383326869976,1.94075565041168,0.819984055204239));
#2098=CARTESIAN_POINT('Ctrl Pts',(1.2383326869976,1.94075565041168,0.844728977792429));
#2099=CARTESIAN_POINT('Ctrl Pts',(1.24322982014012,1.93765498117112,0.870782799526633));
#2100=CARTESIAN_POINT('Ctrl Pts',(1.26213071682942,1.92539691246971,0.917956000203895));
#2101=CARTESIAN_POINT('Ctrl Pts',(1.27609749037139,1.91622409101238,0.939086183367409));
#2102=CARTESIAN_POINT('Ctrl Pts',(1.31080966733823,1.89270471508138,0.976705846807064));
#2103=CARTESIAN_POINT('Ctrl Pts',(1.33511246580503,1.87576436131566,0.993546902445681));
#2104=CARTESIAN_POINT('Ctrl Pts',(1.38655506850146,1.83806481971411,1.01516999737347));
#2105=CARTESIAN_POINT('Ctrl Pts',(1.41366897751314,1.81728867459997,1.01998405520424));
#2106=CARTESIAN_POINT('Ctrl Pts',(1.46483404526289,1.77634837442284,1.01998405520424));
#2107=CARTESIAN_POINT('Ctrl Pts',(1.49287995966891,1.75285486037225,1.0144750830894));
#2108=CARTESIAN_POINT('Ctrl Pts',(1.54473696196506,1.70733079802372,0.991682321691103));
#2109=CARTESIAN_POINT('Ctrl Pts',(1.56857605114195,1.68530807460326,0.974446645604949));
#2110=CARTESIAN_POINT('Ctrl Pts',(1.60177365137078,1.65369340244222,0.937192040737694));
#2111=CARTESIAN_POINT('Ctrl Pts',(1.61500808164398,1.64070595526899,0.916930954333078));
#2112=CARTESIAN_POINT('Ctrl Pts',(1.63331427191134,1.62248316590665,0.870925930308768));
#2113=CARTESIAN_POINT('Ctrl Pts',(1.6383326869976,1.61736401128713,0.845114856749247));
#2114=CARTESIAN_POINT('Ctrl Pts',(1.6383326869976,1.61736401128713,0.79485325365923));
#2115=CARTESIAN_POINT('Ctrl Pts',(1.63331427191134,1.62248316590665,0.769042180099709));
#2116=CARTESIAN_POINT('Ctrl Pts',(1.61500808164398,1.64070595526899,0.7230371560754));
#2117=CARTESIAN_POINT('Ctrl Pts',(1.60177365137078,1.65369340244222,0.702776069670783));
#2118=CARTESIAN_POINT('Ctrl Pts',(1.56857605114195,1.68530807460326,0.665521464803528));
#2119=CARTESIAN_POINT('Ctrl Pts',(1.54473696196506,1.70733079802372,0.648285788717374));
#2120=CARTESIAN_POINT('Ctrl Pts',(1.49287995966891,1.75285486037225,0.625493027319075));
#2121=CARTESIAN_POINT('Ctrl Pts',(1.46483404526289,1.77634837442284,0.619984055204239));
#2122=CARTESIAN_POINT('Ctrl Pts',(1.41366897751314,1.81728867459997,0.619984055204239));
#2123=CARTESIAN_POINT('Ctrl Pts',(1.38655506850146,1.83806481971411,0.624798113035007));
#2124=CARTESIAN_POINT('Ctrl Pts',(1.33511246580503,1.87576436131566,0.646421207962796));
#2125=CARTESIAN_POINT('Ctrl Pts',(1.31080966733823,1.89270471508138,0.663262263601413));
#2126=CARTESIAN_POINT('Ctrl Pts',(1.27609749037139,1.91622409101238,0.700881927041068));
#2127=CARTESIAN_POINT('Ctrl Pts',(1.26213071682942,1.92539691246971,0.722012110204582));
#2128=CARTESIAN_POINT('Ctrl Pts',(1.24322982014012,1.93765498117112,0.769185310881844));
#2129=CARTESIAN_POINT('Ctrl Pts',(1.2383326869976,1.94075565041168,0.795239132616048));
#2130=CARTESIAN_POINT('Ctrl Pts',(1.2383326869976,1.94075565041168,0.819984055204239));
#2131=CARTESIAN_POINT('',(0.800000025531438,2.15870338338579,0.900000028722868));
#2132=CARTESIAN_POINT('',(0.800000025531438,2.15870338338579,0.700000022340009));
#2133=CARTESIAN_POINT('',(0.800000025531438,2.15870338338579,0.15));
#2134=CARTESIAN_POINT('',(0.20000000638286,2.29346906143039,0.700000022340009));
#2135=CARTESIAN_POINT('Origin',(0.,0.,0.700000022340009));
#2136=CARTESIAN_POINT('',(0.20000000638286,2.29346906143039,0.900000028722868));
#2137=CARTESIAN_POINT('',(0.20000000638286,2.29346906143039,0.15));
#2138=CARTESIAN_POINT('Origin',(0.,0.,0.900000028722868));
#2139=CARTESIAN_POINT('Origin',(-0.538116505558982,0.,0.403629299312098));
#2140=CARTESIAN_POINT('',(0.547487382989581,-2.41459271032125,0.403629299312098));
#2141=CARTESIAN_POINT('',(0.547487382989581,0.,0.403629299312098));
#2142=CARTESIAN_POINT('',(-0.538116505558982,-2.41669837127315,0.403629299312098));
#2143=CARTESIAN_POINT('Origin',(0.,0.,0.403629299312098));
#2144=CARTESIAN_POINT('',(-0.538116505558982,0.,0.403629299312098));
#2145=CARTESIAN_POINT('Origin',(-0.538116505558982,0.,0.403629299312098));
#2146=CARTESIAN_POINT('',(-0.538116505558982,2.41669837127315,0.403629299312098));
#2147=CARTESIAN_POINT('',(-0.538116505558982,0.,0.403629299312098));
#2148=CARTESIAN_POINT('',(0.547487382989581,2.41459271032125,0.403629299312098));
#2149=CARTESIAN_POINT('Origin',(0.,0.,0.403629299312098));
#2150=CARTESIAN_POINT('',(0.547487382989581,0.,0.403629299312098));
#2151=CARTESIAN_POINT('Origin',(0.547487382989581,0.,0.403629299312098));
#2152=CARTESIAN_POINT('Origin',(0.,0.,-0.143858083677483));
#2153=CARTESIAN_POINT('Origin',(0.547487382989581,0.,0.403629299312098));
#2154=CARTESIAN_POINT('Origin',(0.,0.,-0.143858083677483));
#2155=CARTESIAN_POINT('Origin',(-0.290629132143691,0.,0.156141925896806));
#2156=CARTESIAN_POINT('',(-0.290629132143691,-2.45876698749977,0.156141925896806));
#2157=CARTESIAN_POINT('Origin',(0.,0.,-0.134487206246884));
#2158=CARTESIAN_POINT('',(-0.290629132143691,0.,0.156141925896806));
#2159=CARTESIAN_POINT('Origin',(0.300000009574289,0.,0.156141925896806));
#2160=CARTESIAN_POINT('Origin',(0.,0.,0.156141925896806));
#2161=CARTESIAN_POINT('Origin',(0.300000009574289,0.,0.156141925896806));
#2162=CARTESIAN_POINT('',(-0.290629132143691,2.45876698749977,0.156141925896806));
#2163=CARTESIAN_POINT('Origin',(0.,0.,0.156141925896806));
#2164=CARTESIAN_POINT('',(-0.290629132143691,0.,0.156141925896806));
#2165=CARTESIAN_POINT('Origin',(-0.290629132143691,0.,0.156141925896806));
#2166=CARTESIAN_POINT('Origin',(0.,0.,-0.134487206246884));
#2167=CARTESIAN_POINT('Origin',(0.20000000638286,0.,0.700000022340009));
#2168=CARTESIAN_POINT('',(0.20000000638286,2.46779261460848,0.700000022340009));
#2169=CARTESIAN_POINT('',(0.20000000638286,0.,0.700000022340009));
#2170=CARTESIAN_POINT('',(0.20000000638286,2.46779261460848,0.900000028722868));
#2171=CARTESIAN_POINT('',(0.20000000638286,2.46779261460848,0.15));
#2172=CARTESIAN_POINT('',(0.20000000638286,0.,0.900000028722868));
#2173=CARTESIAN_POINT('Origin',(0.20000000638286,0.,0.900000028722868));
#2174=CARTESIAN_POINT('',(0.800000025531438,2.34307497754959,0.900000028722868));
#2175=CARTESIAN_POINT('Origin',(0.,0.,0.900000028722868));
#2176=CARTESIAN_POINT('',(0.800000025531438,0.,0.900000028722868));
#2177=CARTESIAN_POINT('Origin',(0.800000025531438,0.,0.900000028722868));
#2178=CARTESIAN_POINT('',(0.800000025531438,2.34307497754959,0.700000022340009));
#2179=CARTESIAN_POINT('',(0.800000025531438,2.34307497754959,0.15));
#2180=CARTESIAN_POINT('',(0.800000025531438,0.,0.700000022340009));
#2181=CARTESIAN_POINT('Origin',(0.800000025531438,0.,0.700000022340009));
#2182=CARTESIAN_POINT('Origin',(0.,0.,0.700000022340009));
#2183=CARTESIAN_POINT('Origin',(1.4383326869976,0.,0.819984055204239));
#2184=CARTESIAN_POINT('',(1.2383326869976,2.14395255254929,0.819984055204239));
#2185=CARTESIAN_POINT('',(1.2383326869976,0.,0.819984055204239));
#2186=CARTESIAN_POINT('Ctrl Pts',(1.2383326869976,2.14395255254929,0.819984055204239));
#2187=CARTESIAN_POINT('Ctrl Pts',(1.2383326869976,2.14395255254929,0.795178269667544));
#2188=CARTESIAN_POINT('Ctrl Pts',(1.24325122267891,2.14113287595172,0.768999118735624));
#2189=CARTESIAN_POINT('Ctrl Pts',(1.2623990011248,2.12989961292373,0.721477325254972));
#2190=CARTESIAN_POINT('Ctrl Pts',(1.27659824685826,2.12146955387074,0.700126496448333));
#2191=CARTESIAN_POINT('Ctrl Pts',(1.31139487717902,2.10017826960458,0.662902716127998));
#2192=CARTESIAN_POINT('Ctrl Pts',(1.3353912134415,2.0851057947835,0.646286488580946));
#2193=CARTESIAN_POINT('Ctrl Pts',(1.38649214544374,2.05148127014101,0.624842188200238));
#2194=CARTESIAN_POINT('Ctrl Pts',(1.41357350435781,2.03291308988011,0.619984055204239));
#2195=CARTESIAN_POINT('Ctrl Pts',(1.46453778810002,1.99653849923099,0.619984055204239));
#2196=CARTESIAN_POINT('Ctrl Pts',(1.4923426377379,1.97584756458177,0.625383879430958));
#2197=CARTESIAN_POINT('Ctrl Pts',(1.54377618657334,1.93592748643282,0.647740126237768));
#2198=CARTESIAN_POINT('Ctrl Pts',(1.56742655824784,1.91671057446455,0.664668513699332));
#2199=CARTESIAN_POINT('Ctrl Pts',(1.60102239634753,1.88867539385887,0.701619355855956));
#2200=CARTESIAN_POINT('Ctrl Pts',(1.61464459097914,1.87698596982854,0.722287264295501));
#2201=CARTESIAN_POINT('Ctrl Pts',(1.6333238410286,1.86075434080815,0.768905716771595));
#2202=CARTESIAN_POINT('Ctrl Pts',(1.6383326869976,1.85630450034054,0.794907664672008));
#2203=CARTESIAN_POINT('Ctrl Pts',(1.6383326869976,1.85630450034054,0.84506044573647));
#2204=CARTESIAN_POINT('Ctrl Pts',(1.6333238410286,1.86075434080815,0.871062393636881));
#2205=CARTESIAN_POINT('Ctrl Pts',(1.61464459097914,1.87698596982854,0.917680846112976));
#2206=CARTESIAN_POINT('Ctrl Pts',(1.60102239634753,1.88867539385887,0.938348754552522));
#2207=CARTESIAN_POINT('Ctrl Pts',(1.56742655824784,1.91671057446455,0.975299596709145));
#2208=CARTESIAN_POINT('Ctrl Pts',(1.54377618657334,1.93592748643282,0.992227984170709));
#2209=CARTESIAN_POINT('Ctrl Pts',(1.4923426377379,1.97584756458177,1.01458423097752));
#2210=CARTESIAN_POINT('Ctrl Pts',(1.46453778810002,1.99653849923099,1.01998405520424));
#2211=CARTESIAN_POINT('Ctrl Pts',(1.41357350435781,2.03291308988011,1.01998405520424));
#2212=CARTESIAN_POINT('Ctrl Pts',(1.38649214544374,2.05148127014101,1.01512592220824));
#2213=CARTESIAN_POINT('Ctrl Pts',(1.3353912134415,2.0851057947835,0.993681621827531));
#2214=CARTESIAN_POINT('Ctrl Pts',(1.31139487717902,2.10017826960458,0.977065394280479));
#2215=CARTESIAN_POINT('Ctrl Pts',(1.27659824685826,2.12146955387074,0.939841613960144));
#2216=CARTESIAN_POINT('Ctrl Pts',(1.2623990011248,2.12989961292373,0.918490785153505));
#2217=CARTESIAN_POINT('Ctrl Pts',(1.24325122267891,2.14113287595172,0.870968991672854));
#2218=CARTESIAN_POINT('Ctrl Pts',(1.2383326869976,2.14395255254929,0.844789840740933));
#2219=CARTESIAN_POINT('Ctrl Pts',(1.2383326869976,2.14395255254929,0.819984055204239));
#2220=CARTESIAN_POINT('Origin',(0.,0.,0.15));
#2221=CARTESIAN_POINT('',(2.47588375964408,3.03208312130904E-16,0.15));
#2222=CARTESIAN_POINT('Origin',(0.,0.,3.15));
#2223=CARTESIAN_POINT('Origin',(-0.267316330963533,2.40000004468002,2.8));
#2224=CARTESIAN_POINT('',(0.267316330963533,2.40000004468002,2.8));
#2225=CARTESIAN_POINT('',(-0.267316330963533,2.40000004468002,2.8));
#2226=CARTESIAN_POINT('',(0.267316330963533,2.40000004468002,2.8));
#2227=CARTESIAN_POINT('',(0.267316330963533,2.40000004468002,2.7));
#2228=CARTESIAN_POINT('',(0.267316330963533,2.40000004468002,2.8));
#2229=CARTESIAN_POINT('',(-0.267316330963533,2.40000004468002,2.7));
#2230=CARTESIAN_POINT('',(0.267316330963533,2.40000004468002,2.7));
#2231=CARTESIAN_POINT('',(-0.267316330963533,2.40000004468002,2.8));
#2232=CARTESIAN_POINT('Origin',(-0.267316330963533,0.500000015957149,2.8));
#2233=CARTESIAN_POINT('',(-0.267316330963533,0.500000015957149,2.8));
#2234=CARTESIAN_POINT('',(-0.267316330963533,2.40000004468002,2.8));
#2235=CARTESIAN_POINT('',(-0.267316330963533,0.500000015957149,2.7));
#2236=CARTESIAN_POINT('',(-0.267316330963533,2.40000004468002,2.7));
#2237=CARTESIAN_POINT('',(-0.267316330963533,0.500000015957149,2.8));
#2238=CARTESIAN_POINT('Origin',(0.267316330963533,0.500000015957149,2.8));
#2239=CARTESIAN_POINT('',(0.267316330963533,0.500000015957149,2.8));
#2240=CARTESIAN_POINT('',(2.30000007340289,0.500000015957149,2.8));
#2241=CARTESIAN_POINT('',(0.267316330963533,0.500000015957149,2.7));
#2242=CARTESIAN_POINT('',(2.30000007340289,0.500000015957149,2.7));
#2243=CARTESIAN_POINT('',(0.267316330963533,0.500000015957149,2.8));
#2244=CARTESIAN_POINT('Origin',(0.267316330963533,2.40000004468002,2.8));
#2245=CARTESIAN_POINT('',(0.267316330963533,0.400000044680017,2.8));
#2246=CARTESIAN_POINT('',(0.267316330963533,0.400000044680017,2.7));
#2247=CARTESIAN_POINT('Origin',(0.,1.45000003031858,2.8));
#2248=CARTESIAN_POINT('Origin',(0.,1.45000003031858,2.7));
#2249=CARTESIAN_POINT('Origin',(1.8000000638286,0.,0.45));
#2250=CARTESIAN_POINT('',(1.9500000638286,1.83697019872103E-17,0.45));
#2251=CARTESIAN_POINT('Origin',(1.8000000638286,0.,0.45));
#2252=CARTESIAN_POINT('Origin',(1.8000000638286,0.,0.45));
#2253=CARTESIAN_POINT('',(1.9500000638286,1.83697019872103E-17,2.8));
#2254=CARTESIAN_POINT('Origin',(1.8000000638286,0.,2.8));
#2255=CARTESIAN_POINT('',(1.9500000638286,1.83697019872103E-17,0.45));
#2256=CARTESIAN_POINT('Origin',(1.8000000638286,0.,2.8));
#2257=CARTESIAN_POINT('Origin',(-1.73572437152497,0.,0.45));
#2258=CARTESIAN_POINT('',(-1.58572437152496,1.83697019872103E-17,0.45));
#2259=CARTESIAN_POINT('Origin',(-1.73572437152497,0.,0.45));
#2260=CARTESIAN_POINT('Origin',(-1.73572437152497,0.,0.45));
#2261=CARTESIAN_POINT('',(-1.58572437152496,1.83697019872103E-17,2.8));
#2262=CARTESIAN_POINT('Origin',(-1.73572437152497,0.,2.8));
#2263=CARTESIAN_POINT('',(-1.58572437152496,1.83697019872103E-17,0.45));
#2264=CARTESIAN_POINT('Origin',(-1.73572437152497,0.,2.8));
#2265=CARTESIAN_POINT('Origin',(-0.701269698794603,-0.507206889079844,0.85));
#2266=CARTESIAN_POINT('',(-0.651269698794603,-0.507206889079844,0.85));
#2267=CARTESIAN_POINT('Origin',(-0.701269698794603,-0.507206889079844,0.85));
#2268=CARTESIAN_POINT('Origin',(-0.701269698794603,-0.507206889079844,0.55));
#2269=CARTESIAN_POINT('',(-0.651269698794603,-0.507206889079844,0.55));
#2270=CARTESIAN_POINT('',(-0.651269698794603,-0.507206889079844,0.55));
#2271=CARTESIAN_POINT('Origin',(-0.701269698794603,-0.507206889079844,0.55));
#2272=CARTESIAN_POINT('Origin',(-0.701269698794603,-0.507206889079844,0.55));
#2273=CARTESIAN_POINT('Origin',(0.400000015957149,-0.510000015957149,0.55));
#2274=CARTESIAN_POINT('',(0.450000015957149,-0.510000015957149,0.85));
#2275=CARTESIAN_POINT('Origin',(0.400000015957149,-0.510000015957149,0.85));
#2276=CARTESIAN_POINT('',(0.450000015957149,-0.510000015957149,0.55));
#2277=CARTESIAN_POINT('',(0.450000015957149,-0.510000015957149,0.55));
#2278=CARTESIAN_POINT('Origin',(0.400000015957149,-0.510000015957149,0.55));
#2279=CARTESIAN_POINT('Origin',(0.400000015957149,-0.510000015957149,0.85));
#2280=CARTESIAN_POINT('Origin',(0.400000015957149,-0.510000015957149,0.55));
#2281=CARTESIAN_POINT('Origin',(0.,0.,3.05));
#2282=CARTESIAN_POINT('',(-2.5195,-3.08549761045176E-16,3.1));
#2283=CARTESIAN_POINT('Origin',(0.,0.,3.1));
#2284=CARTESIAN_POINT('',(-2.5695,-3.14672995040912E-16,3.05));
#2285=CARTESIAN_POINT('Origin',(-2.5195,-3.08549761045176E-16,3.05));
#2286=CARTESIAN_POINT('',(2.5695,3.14672995040912E-16,3.05));
#2287=CARTESIAN_POINT('Origin',(0.,0.,3.05));
#2288=CARTESIAN_POINT('Origin',(0.,0.,3.05));
#2289=CARTESIAN_POINT('Origin',(0.,0.,3.15));
#2290=CARTESIAN_POINT('',(2.5695,-3.14672995040912E-16,2.85));
#2291=CARTESIAN_POINT('Origin',(0.,0.,2.85));
#2292=CARTESIAN_POINT('',(2.5695,-3.14672995040912E-16,3.15));
#2293=CARTESIAN_POINT('Origin',(0.,0.,3.1));
#2294=CARTESIAN_POINT('',(2.47588375964408,3.03208312130904E-16,3.1));
#2295=CARTESIAN_POINT('Origin',(0.,0.,3.1));
#2296=CARTESIAN_POINT('Origin',(0.,0.,3.15));
#2297=CARTESIAN_POINT('',(2.47588375964408,3.03208312130904E-16,2.85));
#2298=CARTESIAN_POINT('Origin',(0.,0.,2.85));
#2299=CARTESIAN_POINT('',(2.47588375964408,-3.03208312130904E-16,3.15));
#2300=CARTESIAN_POINT('Origin',(0.,0.,2.85));
#2301=UNCERTAINTY_MEASURE_WITH_UNIT(LENGTH_MEASURE(0.000393700787401575),
#2306,'DISTANCE_ACCURACY_VALUE',
'Maximum model space distance between geometric entities at asserted c
onnectivities');
#2302=UNCERTAINTY_MEASURE_WITH_UNIT(LENGTH_MEASURE(0.000393700787401575),
#2306,'DISTANCE_ACCURACY_VALUE',
'Maximum model space distance between geometric entities at asserted c
onnectivities');
#2303=(
GEOMETRIC_REPRESENTATION_CONTEXT(3)
GLOBAL_UNCERTAINTY_ASSIGNED_CONTEXT((#2301))
GLOBAL_UNIT_ASSIGNED_CONTEXT((#2306,#2310,#2311))
REPRESENTATION_CONTEXT('','3D')
);
#2304=(
GEOMETRIC_REPRESENTATION_CONTEXT(3)
GLOBAL_UNCERTAINTY_ASSIGNED_CONTEXT((#2302))
GLOBAL_UNIT_ASSIGNED_CONTEXT((#2306,#2310,#2311))
REPRESENTATION_CONTEXT('','3D')
);
#2305=DIMENSIONAL_EXPONENTS(1.,0.,0.,0.,0.,0.,0.);
#2306=(
CONVERSION_BASED_UNIT('inch',#2309)
LENGTH_UNIT()
NAMED_UNIT(#2305)
);
#2307=(
LENGTH_UNIT()
NAMED_UNIT(*)
SI_UNIT(.MILLI.,.METRE.)
);
#2308=(
LENGTH_UNIT()
NAMED_UNIT(*)
SI_UNIT($,.METRE.)
);
#2309=LENGTH_MEASURE_WITH_UNIT(LENGTH_MEASURE(25.4),#2307);
#2310=(
NAMED_UNIT(*)
PLANE_ANGLE_UNIT()
SI_UNIT($,.RADIAN.)
);
#2311=(
NAMED_UNIT(*)
SI_UNIT($,.STERADIAN.)
SOLID_ANGLE_UNIT()
);
#2312=SHAPE_DEFINITION_REPRESENTATION(#2313,#2314);
#2313=PRODUCT_DEFINITION_SHAPE('',$,#2316);
#2314=SHAPE_REPRESENTATION('',(#1327),#2303);
#2315=PRODUCT_DEFINITION_CONTEXT('part definition',#2320,'design');
#2316=PRODUCT_DEFINITION('2026-03-10-17-08-58-811','base_body',#2317,#2315);
#2317=PRODUCT_DEFINITION_FORMATION('',$,#2322);
#2318=PRODUCT_RELATED_PRODUCT_CATEGORY('base_body','base_body',(#2322));
#2319=APPLICATION_PROTOCOL_DEFINITION('international standard',
'automotive_design',2009,#2320);
#2320=APPLICATION_CONTEXT(
'Core Data for Automotive Mechanical Design Process');
#2321=PRODUCT_CONTEXT('part definition',#2320,'mechanical');
#2322=PRODUCT('2026-03-10-17-08-58-811','base_body',$,(#2321));
#2323=PRESENTATION_STYLE_ASSIGNMENT((#2324));
#2324=SURFACE_STYLE_USAGE(.BOTH.,#2325);
#2325=SURFACE_SIDE_STYLE('',(#2326));
#2326=SURFACE_STYLE_FILL_AREA(#2327);
#2327=FILL_AREA_STYLE('Steel - Satin',(#2328));
#2328=FILL_AREA_STYLE_COLOUR('Steel - Satin',#2329);
#2329=COLOUR_RGB('Steel - Satin',0.627450980392157,0.627450980392157,0.627450980392157);
ENDSEC;
END-ISO-10303-21;
