ISO-10303-21;
HEADER;
/* Generated by software containing ST-Developer
 * from STEP Tools, Inc. (www.steptools.com) 
 */

FILE_DESCRIPTION(
/* description */ (''),
/* implementation_level */ '2;1');

FILE_NAME(
/* name */ 'base_top.step',
/* time_stamp */ '2026-08-19T17:06:34-05:00',
/* author */ (''),
/* organization */ (''),
/* preprocessor_version */ 'ST-DEVELOPER v20.1',
/* originating_system */ 'Autodesk Translation Framework v15.8.0.0',
/* authorisation */ '');

FILE_SCHEMA (('AUTOMOTIVE_DESIGN { 1 0 10303 214 3 1 1 }'));
ENDSEC;

DATA;
#10=MECHANICAL_DESIGN_GEOMETRIC_PRESENTATION_REPRESENTATION('',(#35,#36,
#37,#38,#39,#40,#41,#42,#43,#44,#45,#46,#47,#48),#7150);
#11=SHAPE_REPRESENTATION_RELATIONSHIP('SRR','None',#7160,#12);
#12=ADVANCED_BREP_SHAPE_REPRESENTATION('',(#49,#50,#51,#52,#53,#54,#55,
#56,#57,#58,#59,#60,#61,#62),#7149);
#13=B_SPLINE_CURVE_WITH_KNOTS('',3,(#6386,#6387,#6388,#6389,#6390,#6391,
#6392,#6393,#6394,#6395),.UNSPECIFIED.,.F.,.F.,(4,2,2,2,4),(0.788669144957037,
0.879728311425772,0.975805753749289,1.07776749956583,1.18406030890428),
 .UNSPECIFIED.);
#14=B_SPLINE_CURVE_WITH_KNOTS('',3,(#6399,#6400,#6401,#6402,#6403,#6404,
#6405,#6406,#6407,#6408),.UNSPECIFIED.,.F.,.F.,(4,2,2,2,4),(1.97061627092387,
2.07690908026232,2.17887082607886,2.27494826840238,2.36600743487111),
 .UNSPECIFIED.);
#15=B_SPLINE_CURVE_WITH_KNOTS('',3,(#6416,#6417,#6418,#6419,#6420,#6421),
 .UNSPECIFIED.,.F.,.F.,(4,2,4),(0.,0.702323396782458,1.40464679356492),
 .UNSPECIFIED.);
#16=B_SPLINE_CURVE_WITH_KNOTS('',3,(#6425,#6426,#6427,#6428),
 .UNSPECIFIED.,.F.,.F.,(4,4),(4.00846754747792,4.20001288682536),
 .UNSPECIFIED.);
#17=B_SPLINE_CURVE_WITH_KNOTS('',3,(#6432,#6433,#6434,#6435,#6436,#6437,
#6438,#6439,#6440,#6441),.UNSPECIFIED.,.F.,.F.,(4,2,2,2,4),(0.841687192316658,
0.928902794658199,1.02792996097999,1.14142973519635,1.26572767140785),
 .UNSPECIFIED.);
#18=B_SPLINE_CURVE_WITH_KNOTS('',3,(#6444,#6445,#6446,#6447,#6448,#6449),
 .UNSPECIFIED.,.F.,.F.,(4,2,4),(2.79536609326044,3.4976894900429,4.00846754747792),
 .UNSPECIFIED.);
#19=B_SPLINE_CURVE_WITH_KNOTS('',3,(#6454,#6455,#6456,#6457,#6458,#6459,
#6460,#6461,#6462,#6463),.UNSPECIFIED.,.F.,.F.,(4,2,2,2,4),(1.5611288050631,
1.65318050065518,1.74833036986144,1.84756306287447,1.95070068077348),
 .UNSPECIFIED.);
#20=B_SPLINE_CURVE_WITH_KNOTS('',3,(#6467,#6468,#6469,#6470,#6471,#6472,
#6473,#6474,#6475,#6476),.UNSPECIFIED.,.F.,.F.,(4,2,2,2,4),(1.17155692935271,
1.27469454725173,1.37392724026476,1.46907710947102,1.5611288050631),
 .UNSPECIFIED.);
#21=B_SPLINE_CURVE_WITH_KNOTS('',3,(#6526,#6527,#6528,#6529,#6530,#6531,
#6532,#6533,#6534,#6535),.UNSPECIFIED.,.F.,.F.,(4,2,2,2,4),(2.10102109785879,
2.22531903407029,2.33881880828664,2.43784597460844,2.52506157694998),
 .UNSPECIFIED.);
#22=B_SPLINE_CURVE_WITH_KNOTS('',3,(#6539,#6540,#6541,#6542,#6543,#6544,
#6545,#6546,#6547,#6548),.UNSPECIFIED.,.F.,.F.,(4,2,2,2,4),(1.63724209731204,
1.7269129717707,1.8234205364815,1.92929349827943,2.04460467093867),
 .UNSPECIFIED.);
#23=B_SPLINE_CURVE_WITH_KNOTS('',3,(#6551,#6552,#6553,#6554,#6555,#6556,
#6557,#6558,#6559,#6560),.UNSPECIFIED.,.F.,.F.,(4,2,2,2,4),(1.22987952368541,
1.34519069634464,1.45106365814257,1.54757122285337,1.63724209731204),
 .UNSPECIFIED.);
#24=TOROIDAL_SURFACE('',#4328,2.477,0.05);
#25=TOROIDAL_SURFACE('',#4398,1.71666672464431,0.1);
#26=TOROIDAL_SURFACE('',#4416,1.71666672464431,0.1);
#27=TOROIDAL_SURFACE('',#4421,1.71666672464431,0.1);
#28=TOROIDAL_SURFACE('',#4424,1.91666672464431,0.1);
#29=TOROIDAL_SURFACE('',#4428,1.91666672464431,0.1);
#30=TOROIDAL_SURFACE('',#4551,2.477,0.05);
#31=TOROIDAL_SURFACE('',#4571,2.477,0.05);
#32=TOROIDAL_SURFACE('',#4591,2.477,0.05);
#33=TOROIDAL_SURFACE('',#4611,2.477,0.05);
#34=TOROIDAL_SURFACE('',#4631,2.477,0.05);
#35=STYLED_ITEM('',(#7169),#49);
#36=STYLED_ITEM('',(#7169),#50);
#37=STYLED_ITEM('',(#7169),#51);
#38=STYLED_ITEM('',(#7169),#52);
#39=STYLED_ITEM('',(#7169),#53);
#40=STYLED_ITEM('',(#7169),#54);
#41=STYLED_ITEM('',(#7169),#55);
#42=STYLED_ITEM('',(#7169),#56);
#43=STYLED_ITEM('',(#7169),#57);
#44=STYLED_ITEM('',(#7169),#58);
#45=STYLED_ITEM('',(#7169),#59);
#46=STYLED_ITEM('',(#7169),#60);
#47=STYLED_ITEM('',(#7169),#61);
#48=STYLED_ITEM('',(#7169),#62);
#49=MANIFOLD_SOLID_BREP('Body1',#4231);
#50=MANIFOLD_SOLID_BREP('Body2',#4232);
#51=MANIFOLD_SOLID_BREP('Body3',#4233);
#52=MANIFOLD_SOLID_BREP('Body4',#4234);
#53=MANIFOLD_SOLID_BREP('Body7',#4235);
#54=MANIFOLD_SOLID_BREP('Body8',#4236);
#55=MANIFOLD_SOLID_BREP('Body9',#4237);
#56=MANIFOLD_SOLID_BREP('Body9',#4238);
#57=MANIFOLD_SOLID_BREP('Body10',#4239);
#58=MANIFOLD_SOLID_BREP('Body37',#4240);
#59=MANIFOLD_SOLID_BREP('Body38',#4241);
#60=MANIFOLD_SOLID_BREP('Body39',#4242);
#61=MANIFOLD_SOLID_BREP('Body40',#4243);
#62=MANIFOLD_SOLID_BREP('Body41',#4244);
#63=FACE_BOUND('',#573,.T.);
#64=FACE_BOUND('',#576,.T.);
#65=FACE_BOUND('',#583,.T.);
#66=FACE_BOUND('',#585,.T.);
#67=FACE_BOUND('',#589,.T.);
#68=FACE_BOUND('',#592,.T.);
#69=FACE_BOUND('',#627,.T.);
#70=FACE_BOUND('',#628,.T.);
#71=FACE_BOUND('',#700,.T.);
#72=FACE_BOUND('',#701,.T.);
#73=FACE_BOUND('',#738,.T.);
#74=FACE_BOUND('',#740,.T.);
#75=FACE_BOUND('',#744,.T.);
#76=FACE_BOUND('',#747,.T.);
#77=FACE_BOUND('',#751,.T.);
#78=FACE_BOUND('',#753,.T.);
#79=FACE_BOUND('',#757,.T.);
#80=FACE_BOUND('',#760,.T.);
#81=FACE_BOUND('',#764,.T.);
#82=FACE_BOUND('',#766,.T.);
#83=FACE_BOUND('',#770,.T.);
#84=FACE_BOUND('',#773,.T.);
#85=FACE_BOUND('',#777,.T.);
#86=FACE_BOUND('',#779,.T.);
#87=FACE_BOUND('',#783,.T.);
#88=FACE_BOUND('',#786,.T.);
#89=FACE_BOUND('',#790,.T.);
#90=FACE_BOUND('',#792,.T.);
#91=FACE_BOUND('',#796,.T.);
#92=FACE_BOUND('',#799,.T.);
#93=CIRCLE('',#4282,0.0787401574803149);
#94=CIRCLE('',#4283,0.0787401574803149);
#95=CIRCLE('',#4287,0.0787401574803149);
#96=CIRCLE('',#4288,0.0787401574803149);
#97=CIRCLE('',#4292,0.0787401574803149);
#98=CIRCLE('',#4293,0.0787401574803149);
#99=CIRCLE('',#4297,0.0787401574803149);
#100=CIRCLE('',#4298,0.0787401574803149);
#101=CIRCLE('',#4299,0.0787401574803149);
#102=CIRCLE('',#4301,0.0787401574803149);
#103=CIRCLE('',#4305,0.0787401574803149);
#104=CIRCLE('',#4309,0.0787401574803149);
#105=CIRCLE('',#4312,2.29);
#106=CIRCLE('',#4315,2.29);
#107=CIRCLE('',#4320,2.34);
#108=CIRCLE('',#4321,2.34);
#109=CIRCLE('',#4323,2.425);
#110=CIRCLE('',#4324,2.425);
#111=CIRCLE('',#4327,2.527);
#112=CIRCLE('',#4329,2.477);
#113=CIRCLE('',#4330,0.05);
#114=CIRCLE('',#4331,2.527);
#115=CIRCLE('',#4332,2.527);
#116=CIRCLE('',#4335,2.26715688210564);
#117=CIRCLE('',#4337,2.26715688210564);
#118=CIRCLE('',#4341,0.0787401574803149);
#119=CIRCLE('',#4342,0.0787401574803149);
#120=CIRCLE('',#4346,0.0628085095036475);
#121=CIRCLE('',#4347,0.0628085095036475);
#122=CIRCLE('',#4348,0.0628085095036475);
#123=CIRCLE('',#4349,0.0628085095036475);
#124=CIRCLE('',#4350,0.0628085095036475);
#125=CIRCLE('',#4352,0.0628085095036475);
#126=CIRCLE('',#4353,0.0628085095036475);
#127=CIRCLE('',#4354,0.0628085095036475);
#128=CIRCLE('',#4355,0.0628085095036475);
#129=CIRCLE('',#4356,0.0628085095036475);
#130=CIRCLE('',#4375,0.075);
#131=CIRCLE('',#4376,0.075);
#132=CIRCLE('',#4379,0.075);
#133=CIRCLE('',#4380,0.075);
#134=CIRCLE('',#4384,1.0000000319143);
#135=CIRCLE('',#4392,1.0000000319143);
#136=CIRCLE('',#4399,1.61666672464431);
#137=CIRCLE('',#4400,1.71666672464431);
#138=CIRCLE('',#4406,1.71666672464431);
#139=CIRCLE('',#4408,1.91666672464431);
#140=CIRCLE('',#4417,1.61666672464431);
#141=CIRCLE('',#4418,1.71666672464431);
#142=CIRCLE('',#4420,1.61666672464431);
#143=CIRCLE('',#4423,1.91666672464431);
#144=CIRCLE('',#4425,2.01666672464431);
#145=CIRCLE('',#4427,2.01666672464431);
#146=CIRCLE('',#4430,0.0749999999999997);
#147=CIRCLE('',#4431,0.0749999999999997);
#148=CIRCLE('',#4434,0.075);
#149=CIRCLE('',#4435,0.075);
#150=CIRCLE('',#4444,1.0000000319143);
#151=CIRCLE('',#4446,0.625000019946436);
#152=CIRCLE('',#4447,0.625000019946436);
#153=CIRCLE('',#4448,0.625000019946436);
#154=CIRCLE('',#4449,0.625000019946436);
#155=CIRCLE('',#4450,0.625000019946436);
#156=CIRCLE('',#4451,0.625000019946436);
#157=CIRCLE('',#4455,0.850000027127153);
#158=CIRCLE('',#4456,0.850000027127153);
#159=CIRCLE('',#4463,0.625000019946436);
#160=CIRCLE('',#4464,0.625000019946436);
#161=CIRCLE('',#4468,1.0000000319143);
#162=CIRCLE('',#4469,1.0000000319143);
#163=CIRCLE('',#4477,1.0000000319143);
#164=CIRCLE('',#4480,1.0000000319143);
#165=CIRCLE('',#4483,1.0000000319143);
#166=CIRCLE('',#4484,1.0000000319143);
#167=CIRCLE('',#4496,0.996801387745082);
#168=CIRCLE('',#4497,2.04039094849526);
#169=CIRCLE('',#4499,0.996801387745082);
#170=CIRCLE('',#4502,0.996801387745082);
#171=CIRCLE('',#4503,0.996801387745082);
#172=CIRCLE('',#4509,1.62928498149752);
#173=CIRCLE('',#4512,2.04039094849526);
#174=CIRCLE('',#4515,1.62928498149752);
#175=CIRCLE('',#4520,1.0000000319143);
#176=CIRCLE('',#4521,1.0000000319143);
#177=CIRCLE('',#4525,1.0000000319143);
#178=CIRCLE('',#4527,1.0000000319143);
#179=CIRCLE('',#4531,1.0000000319143);
#180=CIRCLE('',#4533,1.0000000319143);
#181=CIRCLE('',#4537,1.0000000319143);
#182=CIRCLE('',#4538,1.0000000319143);
#183=CIRCLE('',#4543,2.34);
#184=CIRCLE('',#4544,2.34);
#185=CIRCLE('',#4546,2.425);
#186=CIRCLE('',#4547,2.425);
#187=CIRCLE('',#4550,2.527);
#188=CIRCLE('',#4552,2.477);
#189=CIRCLE('',#4553,0.05);
#190=CIRCLE('',#4554,2.527);
#191=CIRCLE('',#4555,2.527);
#192=CIRCLE('',#4558,2.26715688210564);
#193=CIRCLE('',#4560,2.26715688210564);
#194=CIRCLE('',#4563,2.34);
#195=CIRCLE('',#4564,2.34);
#196=CIRCLE('',#4566,2.425);
#197=CIRCLE('',#4567,2.425);
#198=CIRCLE('',#4570,2.527);
#199=CIRCLE('',#4572,2.477);
#200=CIRCLE('',#4573,0.05);
#201=CIRCLE('',#4574,2.527);
#202=CIRCLE('',#4575,2.527);
#203=CIRCLE('',#4578,2.26715688210564);
#204=CIRCLE('',#4580,2.26715688210564);
#205=CIRCLE('',#4583,2.34);
#206=CIRCLE('',#4584,2.34);
#207=CIRCLE('',#4586,2.425);
#208=CIRCLE('',#4587,2.425);
#209=CIRCLE('',#4590,2.527);
#210=CIRCLE('',#4592,2.477);
#211=CIRCLE('',#4593,0.05);
#212=CIRCLE('',#4594,2.527);
#213=CIRCLE('',#4595,2.527);
#214=CIRCLE('',#4598,2.26715688210564);
#215=CIRCLE('',#4600,2.26715688210564);
#216=CIRCLE('',#4603,2.34);
#217=CIRCLE('',#4604,2.34);
#218=CIRCLE('',#4606,2.425);
#219=CIRCLE('',#4607,2.425);
#220=CIRCLE('',#4610,2.527);
#221=CIRCLE('',#4612,2.477);
#222=CIRCLE('',#4613,0.05);
#223=CIRCLE('',#4614,2.527);
#224=CIRCLE('',#4615,2.527);
#225=CIRCLE('',#4618,2.26715688210564);
#226=CIRCLE('',#4620,2.26715688210564);
#227=CIRCLE('',#4623,2.34);
#228=CIRCLE('',#4624,2.34);
#229=CIRCLE('',#4626,2.425);
#230=CIRCLE('',#4627,2.425);
#231=CIRCLE('',#4630,2.527);
#232=CIRCLE('',#4632,2.477);
#233=CIRCLE('',#4633,0.05);
#234=CIRCLE('',#4634,2.527);
#235=CIRCLE('',#4635,2.527);
#236=CIRCLE('',#4638,2.26715688210564);
#237=CIRCLE('',#4640,2.26715688210564);
#238=CYLINDRICAL_SURFACE('',#4281,0.0787401574803149);
#239=CYLINDRICAL_SURFACE('',#4286,0.0787401574803149);
#240=CYLINDRICAL_SURFACE('',#4291,0.0787401574803149);
#241=CYLINDRICAL_SURFACE('',#4300,0.0787401574803149);
#242=CYLINDRICAL_SURFACE('',#4304,0.0787401574803149);
#243=CYLINDRICAL_SURFACE('',#4308,0.0787401574803149);
#244=CYLINDRICAL_SURFACE('',#4318,2.29);
#245=CYLINDRICAL_SURFACE('',#4319,2.34);
#246=CYLINDRICAL_SURFACE('',#4322,2.425);
#247=CYLINDRICAL_SURFACE('',#4333,2.527);
#248=CYLINDRICAL_SURFACE('',#4336,2.26715688210564);
#249=CYLINDRICAL_SURFACE('',#4340,0.0787401574803149);
#250=CYLINDRICAL_SURFACE('',#4360,0.0628085095036475);
#251=CYLINDRICAL_SURFACE('',#4362,0.0628085095036475);
#252=CYLINDRICAL_SURFACE('',#4365,0.0628085095036475);
#253=CYLINDRICAL_SURFACE('',#4369,0.0628085095036475);
#254=CYLINDRICAL_SURFACE('',#4373,0.0628085095036475);
#255=CYLINDRICAL_SURFACE('',#4374,0.075);
#256=CYLINDRICAL_SURFACE('',#4378,0.075);
#257=CYLINDRICAL_SURFACE('',#4391,1.0000000319143);
#258=CYLINDRICAL_SURFACE('',#4419,1.61666672464431);
#259=CYLINDRICAL_SURFACE('',#4426,2.01666672464431);
#260=CYLINDRICAL_SURFACE('',#4429,0.0749999999999997);
#261=CYLINDRICAL_SURFACE('',#4433,0.075);
#262=CYLINDRICAL_SURFACE('',#4445,0.625000019946436);
#263=CYLINDRICAL_SURFACE('',#4454,0.850000027127153);
#264=CYLINDRICAL_SURFACE('',#4462,0.625000019946436);
#265=CYLINDRICAL_SURFACE('',#4482,1.0000000319143);
#266=CYLINDRICAL_SURFACE('',#4501,0.996801387745082);
#267=CYLINDRICAL_SURFACE('',#4511,2.04039094849526);
#268=CYLINDRICAL_SURFACE('',#4514,1.62928498149752);
#269=CYLINDRICAL_SURFACE('',#4519,1.0000000319143);
#270=CYLINDRICAL_SURFACE('',#4529,1.0000000319143);
#271=CYLINDRICAL_SURFACE('',#4536,1.0000000319143);
#272=CYLINDRICAL_SURFACE('',#4542,2.34);
#273=CYLINDRICAL_SURFACE('',#4545,2.425);
#274=CYLINDRICAL_SURFACE('',#4556,2.527);
#275=CYLINDRICAL_SURFACE('',#4559,2.26715688210564);
#276=CYLINDRICAL_SURFACE('',#4562,2.34);
#277=CYLINDRICAL_SURFACE('',#4565,2.425);
#278=CYLINDRICAL_SURFACE('',#4576,2.527);
#279=CYLINDRICAL_SURFACE('',#4579,2.26715688210564);
#280=CYLINDRICAL_SURFACE('',#4582,2.34);
#281=CYLINDRICAL_SURFACE('',#4585,2.425);
#282=CYLINDRICAL_SURFACE('',#4596,2.527);
#283=CYLINDRICAL_SURFACE('',#4599,2.26715688210564);
#284=CYLINDRICAL_SURFACE('',#4602,2.34);
#285=CYLINDRICAL_SURFACE('',#4605,2.425);
#286=CYLINDRICAL_SURFACE('',#4616,2.527);
#287=CYLINDRICAL_SURFACE('',#4619,2.26715688210564);
#288=CYLINDRICAL_SURFACE('',#4622,2.34);
#289=CYLINDRICAL_SURFACE('',#4625,2.425);
#290=CYLINDRICAL_SURFACE('',#4636,2.527);
#291=CYLINDRICAL_SURFACE('',#4639,2.26715688210564);
#292=FACE_OUTER_BOUND('',#531,.T.);
#293=FACE_OUTER_BOUND('',#532,.T.);
#294=FACE_OUTER_BOUND('',#533,.T.);
#295=FACE_OUTER_BOUND('',#534,.T.);
#296=FACE_OUTER_BOUND('',#535,.T.);
#297=FACE_OUTER_BOUND('',#536,.T.);
#298=FACE_OUTER_BOUND('',#537,.T.);
#299=FACE_OUTER_BOUND('',#538,.T.);
#300=FACE_OUTER_BOUND('',#539,.T.);
#301=FACE_OUTER_BOUND('',#540,.T.);
#302=FACE_OUTER_BOUND('',#541,.T.);
#303=FACE_OUTER_BOUND('',#542,.T.);
#304=FACE_OUTER_BOUND('',#543,.T.);
#305=FACE_OUTER_BOUND('',#544,.T.);
#306=FACE_OUTER_BOUND('',#545,.T.);
#307=FACE_OUTER_BOUND('',#546,.T.);
#308=FACE_OUTER_BOUND('',#547,.T.);
#309=FACE_OUTER_BOUND('',#548,.T.);
#310=FACE_OUTER_BOUND('',#549,.T.);
#311=FACE_OUTER_BOUND('',#550,.T.);
#312=FACE_OUTER_BOUND('',#551,.T.);
#313=FACE_OUTER_BOUND('',#552,.T.);
#314=FACE_OUTER_BOUND('',#553,.T.);
#315=FACE_OUTER_BOUND('',#554,.T.);
#316=FACE_OUTER_BOUND('',#555,.T.);
#317=FACE_OUTER_BOUND('',#556,.T.);
#318=FACE_OUTER_BOUND('',#557,.T.);
#319=FACE_OUTER_BOUND('',#558,.T.);
#320=FACE_OUTER_BOUND('',#559,.T.);
#321=FACE_OUTER_BOUND('',#560,.T.);
#322=FACE_OUTER_BOUND('',#561,.T.);
#323=FACE_OUTER_BOUND('',#562,.T.);
#324=FACE_OUTER_BOUND('',#563,.T.);
#325=FACE_OUTER_BOUND('',#564,.T.);
#326=FACE_OUTER_BOUND('',#565,.T.);
#327=FACE_OUTER_BOUND('',#566,.T.);
#328=FACE_OUTER_BOUND('',#567,.T.);
#329=FACE_OUTER_BOUND('',#568,.T.);
#330=FACE_OUTER_BOUND('',#569,.T.);
#331=FACE_OUTER_BOUND('',#570,.T.);
#332=FACE_OUTER_BOUND('',#571,.T.);
#333=FACE_OUTER_BOUND('',#572,.T.);
#334=FACE_OUTER_BOUND('',#574,.T.);
#335=FACE_OUTER_BOUND('',#575,.T.);
#336=FACE_OUTER_BOUND('',#577,.T.);
#337=FACE_OUTER_BOUND('',#578,.T.);
#338=FACE_OUTER_BOUND('',#579,.T.);
#339=FACE_OUTER_BOUND('',#580,.T.);
#340=FACE_OUTER_BOUND('',#581,.T.);
#341=FACE_OUTER_BOUND('',#582,.T.);
#342=FACE_OUTER_BOUND('',#584,.T.);
#343=FACE_OUTER_BOUND('',#586,.T.);
#344=FACE_OUTER_BOUND('',#587,.T.);
#345=FACE_OUTER_BOUND('',#588,.T.);
#346=FACE_OUTER_BOUND('',#590,.T.);
#347=FACE_OUTER_BOUND('',#591,.T.);
#348=FACE_OUTER_BOUND('',#593,.T.);
#349=FACE_OUTER_BOUND('',#594,.T.);
#350=FACE_OUTER_BOUND('',#595,.T.);
#351=FACE_OUTER_BOUND('',#596,.T.);
#352=FACE_OUTER_BOUND('',#597,.T.);
#353=FACE_OUTER_BOUND('',#598,.T.);
#354=FACE_OUTER_BOUND('',#599,.T.);
#355=FACE_OUTER_BOUND('',#600,.T.);
#356=FACE_OUTER_BOUND('',#601,.T.);
#357=FACE_OUTER_BOUND('',#602,.T.);
#358=FACE_OUTER_BOUND('',#603,.T.);
#359=FACE_OUTER_BOUND('',#604,.T.);
#360=FACE_OUTER_BOUND('',#605,.T.);
#361=FACE_OUTER_BOUND('',#606,.T.);
#362=FACE_OUTER_BOUND('',#607,.T.);
#363=FACE_OUTER_BOUND('',#608,.T.);
#364=FACE_OUTER_BOUND('',#609,.T.);
#365=FACE_OUTER_BOUND('',#610,.T.);
#366=FACE_OUTER_BOUND('',#611,.T.);
#367=FACE_OUTER_BOUND('',#612,.T.);
#368=FACE_OUTER_BOUND('',#613,.T.);
#369=FACE_OUTER_BOUND('',#614,.T.);
#370=FACE_OUTER_BOUND('',#615,.T.);
#371=FACE_OUTER_BOUND('',#616,.T.);
#372=FACE_OUTER_BOUND('',#617,.T.);
#373=FACE_OUTER_BOUND('',#618,.T.);
#374=FACE_OUTER_BOUND('',#619,.T.);
#375=FACE_OUTER_BOUND('',#620,.T.);
#376=FACE_OUTER_BOUND('',#621,.T.);
#377=FACE_OUTER_BOUND('',#622,.T.);
#378=FACE_OUTER_BOUND('',#623,.T.);
#379=FACE_OUTER_BOUND('',#624,.T.);
#380=FACE_OUTER_BOUND('',#625,.T.);
#381=FACE_OUTER_BOUND('',#626,.T.);
#382=FACE_OUTER_BOUND('',#629,.T.);
#383=FACE_OUTER_BOUND('',#630,.T.);
#384=FACE_OUTER_BOUND('',#631,.T.);
#385=FACE_OUTER_BOUND('',#632,.T.);
#386=FACE_OUTER_BOUND('',#633,.T.);
#387=FACE_OUTER_BOUND('',#634,.T.);
#388=FACE_OUTER_BOUND('',#635,.T.);
#389=FACE_OUTER_BOUND('',#636,.T.);
#390=FACE_OUTER_BOUND('',#637,.T.);
#391=FACE_OUTER_BOUND('',#638,.T.);
#392=FACE_OUTER_BOUND('',#639,.T.);
#393=FACE_OUTER_BOUND('',#640,.T.);
#394=FACE_OUTER_BOUND('',#641,.T.);
#395=FACE_OUTER_BOUND('',#642,.T.);
#396=FACE_OUTER_BOUND('',#643,.T.);
#397=FACE_OUTER_BOUND('',#644,.T.);
#398=FACE_OUTER_BOUND('',#645,.T.);
#399=FACE_OUTER_BOUND('',#646,.T.);
#400=FACE_OUTER_BOUND('',#647,.T.);
#401=FACE_OUTER_BOUND('',#648,.T.);
#402=FACE_OUTER_BOUND('',#649,.T.);
#403=FACE_OUTER_BOUND('',#650,.T.);
#404=FACE_OUTER_BOUND('',#651,.T.);
#405=FACE_OUTER_BOUND('',#652,.T.);
#406=FACE_OUTER_BOUND('',#653,.T.);
#407=FACE_OUTER_BOUND('',#654,.T.);
#408=FACE_OUTER_BOUND('',#655,.T.);
#409=FACE_OUTER_BOUND('',#656,.T.);
#410=FACE_OUTER_BOUND('',#657,.T.);
#411=FACE_OUTER_BOUND('',#658,.T.);
#412=FACE_OUTER_BOUND('',#659,.T.);
#413=FACE_OUTER_BOUND('',#660,.T.);
#414=FACE_OUTER_BOUND('',#661,.T.);
#415=FACE_OUTER_BOUND('',#662,.T.);
#416=FACE_OUTER_BOUND('',#663,.T.);
#417=FACE_OUTER_BOUND('',#664,.T.);
#418=FACE_OUTER_BOUND('',#665,.T.);
#419=FACE_OUTER_BOUND('',#666,.T.);
#420=FACE_OUTER_BOUND('',#667,.T.);
#421=FACE_OUTER_BOUND('',#668,.T.);
#422=FACE_OUTER_BOUND('',#669,.T.);
#423=FACE_OUTER_BOUND('',#670,.T.);
#424=FACE_OUTER_BOUND('',#671,.T.);
#425=FACE_OUTER_BOUND('',#672,.T.);
#426=FACE_OUTER_BOUND('',#673,.T.);
#427=FACE_OUTER_BOUND('',#674,.T.);
#428=FACE_OUTER_BOUND('',#675,.T.);
#429=FACE_OUTER_BOUND('',#676,.T.);
#430=FACE_OUTER_BOUND('',#677,.T.);
#431=FACE_OUTER_BOUND('',#678,.T.);
#432=FACE_OUTER_BOUND('',#679,.T.);
#433=FACE_OUTER_BOUND('',#680,.T.);
#434=FACE_OUTER_BOUND('',#681,.T.);
#435=FACE_OUTER_BOUND('',#682,.T.);
#436=FACE_OUTER_BOUND('',#683,.T.);
#437=FACE_OUTER_BOUND('',#684,.T.);
#438=FACE_OUTER_BOUND('',#685,.T.);
#439=FACE_OUTER_BOUND('',#686,.T.);
#440=FACE_OUTER_BOUND('',#687,.T.);
#441=FACE_OUTER_BOUND('',#688,.T.);
#442=FACE_OUTER_BOUND('',#689,.T.);
#443=FACE_OUTER_BOUND('',#690,.T.);
#444=FACE_OUTER_BOUND('',#691,.T.);
#445=FACE_OUTER_BOUND('',#692,.T.);
#446=FACE_OUTER_BOUND('',#693,.T.);
#447=FACE_OUTER_BOUND('',#694,.T.);
#448=FACE_OUTER_BOUND('',#695,.T.);
#449=FACE_OUTER_BOUND('',#696,.T.);
#450=FACE_OUTER_BOUND('',#697,.T.);
#451=FACE_OUTER_BOUND('',#698,.T.);
#452=FACE_OUTER_BOUND('',#699,.T.);
#453=FACE_OUTER_BOUND('',#702,.T.);
#454=FACE_OUTER_BOUND('',#703,.T.);
#455=FACE_OUTER_BOUND('',#704,.T.);
#456=FACE_OUTER_BOUND('',#705,.T.);
#457=FACE_OUTER_BOUND('',#706,.T.);
#458=FACE_OUTER_BOUND('',#707,.T.);
#459=FACE_OUTER_BOUND('',#708,.T.);
#460=FACE_OUTER_BOUND('',#709,.T.);
#461=FACE_OUTER_BOUND('',#710,.T.);
#462=FACE_OUTER_BOUND('',#711,.T.);
#463=FACE_OUTER_BOUND('',#712,.T.);
#464=FACE_OUTER_BOUND('',#713,.T.);
#465=FACE_OUTER_BOUND('',#714,.T.);
#466=FACE_OUTER_BOUND('',#715,.T.);
#467=FACE_OUTER_BOUND('',#716,.T.);
#468=FACE_OUTER_BOUND('',#717,.T.);
#469=FACE_OUTER_BOUND('',#718,.T.);
#470=FACE_OUTER_BOUND('',#719,.T.);
#471=FACE_OUTER_BOUND('',#720,.T.);
#472=FACE_OUTER_BOUND('',#721,.T.);
#473=FACE_OUTER_BOUND('',#722,.T.);
#474=FACE_OUTER_BOUND('',#723,.T.);
#475=FACE_OUTER_BOUND('',#724,.T.);
#476=FACE_OUTER_BOUND('',#725,.T.);
#477=FACE_OUTER_BOUND('',#726,.T.);
#478=FACE_OUTER_BOUND('',#727,.T.);
#479=FACE_OUTER_BOUND('',#728,.T.);
#480=FACE_OUTER_BOUND('',#729,.T.);
#481=FACE_OUTER_BOUND('',#730,.T.);
#482=FACE_OUTER_BOUND('',#731,.T.);
#483=FACE_OUTER_BOUND('',#732,.T.);
#484=FACE_OUTER_BOUND('',#733,.T.);
#485=FACE_OUTER_BOUND('',#734,.T.);
#486=FACE_OUTER_BOUND('',#735,.T.);
#487=FACE_OUTER_BOUND('',#736,.T.);
#488=FACE_OUTER_BOUND('',#737,.T.);
#489=FACE_OUTER_BOUND('',#739,.T.);
#490=FACE_OUTER_BOUND('',#741,.T.);
#491=FACE_OUTER_BOUND('',#742,.T.);
#492=FACE_OUTER_BOUND('',#743,.T.);
#493=FACE_OUTER_BOUND('',#745,.T.);
#494=FACE_OUTER_BOUND('',#746,.T.);
#495=FACE_OUTER_BOUND('',#748,.T.);
#496=FACE_OUTER_BOUND('',#749,.T.);
#497=FACE_OUTER_BOUND('',#750,.T.);
#498=FACE_OUTER_BOUND('',#752,.T.);
#499=FACE_OUTER_BOUND('',#754,.T.);
#500=FACE_OUTER_BOUND('',#755,.T.);
#501=FACE_OUTER_BOUND('',#756,.T.);
#502=FACE_OUTER_BOUND('',#758,.T.);
#503=FACE_OUTER_BOUND('',#759,.T.);
#504=FACE_OUTER_BOUND('',#761,.T.);
#505=FACE_OUTER_BOUND('',#762,.T.);
#506=FACE_OUTER_BOUND('',#763,.T.);
#507=FACE_OUTER_BOUND('',#765,.T.);
#508=FACE_OUTER_BOUND('',#767,.T.);
#509=FACE_OUTER_BOUND('',#768,.T.);
#510=FACE_OUTER_BOUND('',#769,.T.);
#511=FACE_OUTER_BOUND('',#771,.T.);
#512=FACE_OUTER_BOUND('',#772,.T.);
#513=FACE_OUTER_BOUND('',#774,.T.);
#514=FACE_OUTER_BOUND('',#775,.T.);
#515=FACE_OUTER_BOUND('',#776,.T.);
#516=FACE_OUTER_BOUND('',#778,.T.);
#517=FACE_OUTER_BOUND('',#780,.T.);
#518=FACE_OUTER_BOUND('',#781,.T.);
#519=FACE_OUTER_BOUND('',#782,.T.);
#520=FACE_OUTER_BOUND('',#784,.T.);
#521=FACE_OUTER_BOUND('',#785,.T.);
#522=FACE_OUTER_BOUND('',#787,.T.);
#523=FACE_OUTER_BOUND('',#788,.T.);
#524=FACE_OUTER_BOUND('',#789,.T.);
#525=FACE_OUTER_BOUND('',#791,.T.);
#526=FACE_OUTER_BOUND('',#793,.T.);
#527=FACE_OUTER_BOUND('',#794,.T.);
#528=FACE_OUTER_BOUND('',#795,.T.);
#529=FACE_OUTER_BOUND('',#797,.T.);
#530=FACE_OUTER_BOUND('',#798,.T.);
#531=EDGE_LOOP('',(#2642,#2643,#2644,#2645));
#532=EDGE_LOOP('',(#2646,#2647,#2648,#2649));
#533=EDGE_LOOP('',(#2650,#2651,#2652,#2653));
#534=EDGE_LOOP('',(#2654,#2655,#2656,#2657));
#535=EDGE_LOOP('',(#2658,#2659,#2660,#2661));
#536=EDGE_LOOP('',(#2662,#2663,#2664,#2665));
#537=EDGE_LOOP('',(#2666,#2667,#2668,#2669,#2670,#2671,#2672,#2673,#2674,
#2675,#2676,#2677,#2678,#2679,#2680,#2681,#2682,#2683,#2684,#2685));
#538=EDGE_LOOP('',(#2686,#2687,#2688,#2689));
#539=EDGE_LOOP('',(#2690,#2691,#2692,#2693));
#540=EDGE_LOOP('',(#2694,#2695,#2696,#2697));
#541=EDGE_LOOP('',(#2698,#2699,#2700,#2701));
#542=EDGE_LOOP('',(#2702,#2703,#2704,#2705));
#543=EDGE_LOOP('',(#2706,#2707,#2708,#2709));
#544=EDGE_LOOP('',(#2710,#2711,#2712,#2713));
#545=EDGE_LOOP('',(#2714,#2715,#2716,#2717));
#546=EDGE_LOOP('',(#2718,#2719,#2720,#2721));
#547=EDGE_LOOP('',(#2722,#2723,#2724,#2725));
#548=EDGE_LOOP('',(#2726,#2727,#2728,#2729));
#549=EDGE_LOOP('',(#2730,#2731,#2732,#2733));
#550=EDGE_LOOP('',(#2734,#2735,#2736,#2737,#2738,#2739));
#551=EDGE_LOOP('',(#2740,#2741,#2742,#2743,#2744,#2745,#2746,#2747,#2748,
#2749,#2750,#2751,#2752,#2753,#2754,#2755,#2756,#2757,#2758,#2759));
#552=EDGE_LOOP('',(#2760,#2761,#2762,#2763));
#553=EDGE_LOOP('',(#2764,#2765,#2766,#2767));
#554=EDGE_LOOP('',(#2768,#2769,#2770,#2771));
#555=EDGE_LOOP('',(#2772,#2773,#2774,#2775));
#556=EDGE_LOOP('',(#2776,#2777,#2778,#2779));
#557=EDGE_LOOP('',(#2780,#2781,#2782,#2783));
#558=EDGE_LOOP('',(#2784,#2785,#2786,#2787));
#559=EDGE_LOOP('',(#2788,#2789,#2790,#2791));
#560=EDGE_LOOP('',(#2792,#2793,#2794,#2795));
#561=EDGE_LOOP('',(#2796,#2797,#2798,#2799));
#562=EDGE_LOOP('',(#2800,#2801,#2802,#2803));
#563=EDGE_LOOP('',(#2804,#2805,#2806,#2807,#2808,#2809,#2810,#2811,#2812,
#2813,#2814,#2815,#2816,#2817,#2818,#2819,#2820,#2821,#2822,#2823,#2824,
#2825,#2826,#2827,#2828,#2829,#2830,#2831,#2832,#2833,#2834,#2835,#2836,
#2837));
#564=EDGE_LOOP('',(#2838,#2839,#2840,#2841));
#565=EDGE_LOOP('',(#2842,#2843,#2844,#2845));
#566=EDGE_LOOP('',(#2846,#2847,#2848,#2849));
#567=EDGE_LOOP('',(#2850,#2851,#2852,#2853));
#568=EDGE_LOOP('',(#2854,#2855,#2856,#2857));
#569=EDGE_LOOP('',(#2858,#2859,#2860,#2861));
#570=EDGE_LOOP('',(#2862,#2863,#2864,#2865));
#571=EDGE_LOOP('',(#2866,#2867,#2868));
#572=EDGE_LOOP('',(#2869));
#573=EDGE_LOOP('',(#2870,#2871,#2872,#2873,#2874,#2875,#2876,#2877,#2878,
#2879,#2880,#2881,#2882,#2883,#2884,#2885,#2886,#2887,#2888,#2889,#2890));
#574=EDGE_LOOP('',(#2891,#2892,#2893,#2894));
#575=EDGE_LOOP('',(#2895));
#576=EDGE_LOOP('',(#2896,#2897,#2898,#2899));
#577=EDGE_LOOP('',(#2900,#2901,#2902,#2903));
#578=EDGE_LOOP('',(#2904,#2905,#2906,#2907));
#579=EDGE_LOOP('',(#2908,#2909,#2910,#2911));
#580=EDGE_LOOP('',(#2912,#2913,#2914,#2915));
#581=EDGE_LOOP('',(#2916,#2917,#2918,#2919));
#582=EDGE_LOOP('',(#2920));
#583=EDGE_LOOP('',(#2921));
#584=EDGE_LOOP('',(#2922));
#585=EDGE_LOOP('',(#2923));
#586=EDGE_LOOP('',(#2924,#2925,#2926,#2927,#2928));
#587=EDGE_LOOP('',(#2929,#2930,#2931,#2932,#2933));
#588=EDGE_LOOP('',(#2934));
#589=EDGE_LOOP('',(#2935));
#590=EDGE_LOOP('',(#2936,#2937,#2938,#2939));
#591=EDGE_LOOP('',(#2940));
#592=EDGE_LOOP('',(#2941));
#593=EDGE_LOOP('',(#2942,#2943,#2944,#2945));
#594=EDGE_LOOP('',(#2946,#2947,#2948,#2949));
#595=EDGE_LOOP('',(#2950,#2951,#2952,#2953));
#596=EDGE_LOOP('',(#2954,#2955,#2956,#2957));
#597=EDGE_LOOP('',(#2958,#2959,#2960,#2961,#2962,#2963,#2964,#2965,#2966,
#2967,#2968,#2969,#2970,#2971,#2972,#2973,#2974,#2975,#2976,#2977,#2978));
#598=EDGE_LOOP('',(#2979,#2980,#2981,#2982,#2983,#2984,#2985,#2986,#2987,
#2988,#2989,#2990,#2991,#2992,#2993,#2994,#2995,#2996,#2997,#2998,#2999));
#599=EDGE_LOOP('',(#3000,#3001,#3002,#3003));
#600=EDGE_LOOP('',(#3004,#3005,#3006,#3007));
#601=EDGE_LOOP('',(#3008,#3009,#3010,#3011));
#602=EDGE_LOOP('',(#3012,#3013,#3014,#3015));
#603=EDGE_LOOP('',(#3016,#3017,#3018,#3019));
#604=EDGE_LOOP('',(#3020,#3021,#3022,#3023));
#605=EDGE_LOOP('',(#3024,#3025,#3026,#3027));
#606=EDGE_LOOP('',(#3028,#3029,#3030,#3031));
#607=EDGE_LOOP('',(#3032,#3033,#3034,#3035));
#608=EDGE_LOOP('',(#3036,#3037,#3038,#3039));
#609=EDGE_LOOP('',(#3040,#3041,#3042,#3043));
#610=EDGE_LOOP('',(#3044,#3045,#3046,#3047));
#611=EDGE_LOOP('',(#3048,#3049,#3050,#3051));
#612=EDGE_LOOP('',(#3052,#3053,#3054,#3055));
#613=EDGE_LOOP('',(#3056,#3057,#3058,#3059));
#614=EDGE_LOOP('',(#3060,#3061,#3062,#3063));
#615=EDGE_LOOP('',(#3064,#3065,#3066,#3067));
#616=EDGE_LOOP('',(#3068,#3069,#3070,#3071));
#617=EDGE_LOOP('',(#3072));
#618=EDGE_LOOP('',(#3073,#3074,#3075,#3076));
#619=EDGE_LOOP('',(#3077));
#620=EDGE_LOOP('',(#3078,#3079,#3080,#3081,#3082,#3083,#3084,#3085));
#621=EDGE_LOOP('',(#3086,#3087,#3088,#3089,#3090,#3091,#3092,#3093,#3094,
#3095,#3096));
#622=EDGE_LOOP('',(#3097,#3098,#3099,#3100));
#623=EDGE_LOOP('',(#3101,#3102,#3103,#3104));
#624=EDGE_LOOP('',(#3105,#3106,#3107,#3108,#3109,#3110));
#625=EDGE_LOOP('',(#3111,#3112,#3113,#3114));
#626=EDGE_LOOP('',(#3115,#3116,#3117,#3118,#3119));
#627=EDGE_LOOP('',(#3120));
#628=EDGE_LOOP('',(#3121));
#629=EDGE_LOOP('',(#3122,#3123,#3124,#3125,#3126));
#630=EDGE_LOOP('',(#3127,#3128,#3129,#3130));
#631=EDGE_LOOP('',(#3131,#3132,#3133,#3134));
#632=EDGE_LOOP('',(#3135,#3136,#3137,#3138));
#633=EDGE_LOOP('',(#3139,#3140,#3141,#3142,#3143,#3144));
#634=EDGE_LOOP('',(#3145,#3146,#3147,#3148,#3149,#3150,#3151,#3152));
#635=EDGE_LOOP('',(#3153,#3154,#3155,#3156,#3157));
#636=EDGE_LOOP('',(#3158,#3159,#3160,#3161,#3162));
#637=EDGE_LOOP('',(#3163,#3164,#3165,#3166,#3167,#3168));
#638=EDGE_LOOP('',(#3169,#3170,#3171,#3172,#3173,#3174));
#639=EDGE_LOOP('',(#3175,#3176,#3177,#3178,#3179,#3180));
#640=EDGE_LOOP('',(#3181,#3182,#3183,#3184));
#641=EDGE_LOOP('',(#3185,#3186,#3187));
#642=EDGE_LOOP('',(#3188,#3189,#3190,#3191,#3192,#3193,#3194,#3195));
#643=EDGE_LOOP('',(#3196,#3197,#3198,#3199,#3200,#3201));
#644=EDGE_LOOP('',(#3202,#3203,#3204,#3205));
#645=EDGE_LOOP('',(#3206,#3207,#3208,#3209));
#646=EDGE_LOOP('',(#3210,#3211,#3212,#3213,#3214,#3215,#3216,#3217));
#647=EDGE_LOOP('',(#3218,#3219,#3220,#3221));
#648=EDGE_LOOP('',(#3222,#3223,#3224,#3225,#3226,#3227,#3228,#3229,#3230,
#3231,#3232,#3233));
#649=EDGE_LOOP('',(#3234,#3235,#3236));
#650=EDGE_LOOP('',(#3237,#3238,#3239,#3240));
#651=EDGE_LOOP('',(#3241,#3242,#3243,#3244,#3245,#3246,#3247));
#652=EDGE_LOOP('',(#3248,#3249,#3250,#3251));
#653=EDGE_LOOP('',(#3252,#3253,#3254,#3255,#3256,#3257,#3258,#3259,#3260,
#3261,#3262,#3263));
#654=EDGE_LOOP('',(#3264,#3265,#3266,#3267));
#655=EDGE_LOOP('',(#3268,#3269,#3270,#3271));
#656=EDGE_LOOP('',(#3272,#3273,#3274,#3275));
#657=EDGE_LOOP('',(#3276,#3277,#3278,#3279));
#658=EDGE_LOOP('',(#3280));
#659=EDGE_LOOP('',(#3281,#3282,#3283,#3284));
#660=EDGE_LOOP('',(#3285));
#661=EDGE_LOOP('',(#3286,#3287,#3288,#3289));
#662=EDGE_LOOP('',(#3290,#3291,#3292,#3293));
#663=EDGE_LOOP('',(#3294,#3295,#3296,#3297,#3298,#3299,#3300,#3301,#3302,
#3303,#3304,#3305));
#664=EDGE_LOOP('',(#3306,#3307,#3308,#3309,#3310,#3311,#3312,#3313));
#665=EDGE_LOOP('',(#3314,#3315,#3316,#3317));
#666=EDGE_LOOP('',(#3318,#3319,#3320,#3321,#3322,#3323,#3324,#3325,#3326,
#3327));
#667=EDGE_LOOP('',(#3328,#3329,#3330,#3331,#3332,#3333));
#668=EDGE_LOOP('',(#3334,#3335,#3336,#3337,#3338,#3339,#3340,#3341,#3342,
#3343,#3344,#3345,#3346));
#669=EDGE_LOOP('',(#3347,#3348,#3349,#3350));
#670=EDGE_LOOP('',(#3351,#3352,#3353,#3354));
#671=EDGE_LOOP('',(#3355,#3356,#3357,#3358));
#672=EDGE_LOOP('',(#3359,#3360,#3361,#3362));
#673=EDGE_LOOP('',(#3363,#3364,#3365,#3366));
#674=EDGE_LOOP('',(#3367,#3368,#3369,#3370));
#675=EDGE_LOOP('',(#3371,#3372,#3373,#3374));
#676=EDGE_LOOP('',(#3375,#3376,#3377,#3378));
#677=EDGE_LOOP('',(#3379,#3380,#3381,#3382,#3383));
#678=EDGE_LOOP('',(#3384,#3385,#3386,#3387));
#679=EDGE_LOOP('',(#3388,#3389,#3390,#3391));
#680=EDGE_LOOP('',(#3392,#3393,#3394,#3395,#3396,#3397,#3398,#3399,#3400,
#3401,#3402,#3403,#3404,#3405,#3406,#3407));
#681=EDGE_LOOP('',(#3408,#3409,#3410,#3411));
#682=EDGE_LOOP('',(#3412,#3413,#3414,#3415));
#683=EDGE_LOOP('',(#3416,#3417,#3418,#3419));
#684=EDGE_LOOP('',(#3420,#3421,#3422,#3423));
#685=EDGE_LOOP('',(#3424,#3425,#3426,#3427,#3428,#3429,#3430,#3431));
#686=EDGE_LOOP('',(#3432,#3433,#3434,#3435));
#687=EDGE_LOOP('',(#3436,#3437,#3438,#3439));
#688=EDGE_LOOP('',(#3440,#3441,#3442,#3443));
#689=EDGE_LOOP('',(#3444,#3445,#3446,#3447));
#690=EDGE_LOOP('',(#3448,#3449,#3450,#3451,#3452,#3453,#3454,#3455));
#691=EDGE_LOOP('',(#3456,#3457,#3458,#3459,#3460,#3461,#3462,#3463,#3464,
#3465,#3466,#3467,#3468,#3469));
#692=EDGE_LOOP('',(#3470,#3471,#3472,#3473,#3474,#3475));
#693=EDGE_LOOP('',(#3476,#3477,#3478,#3479));
#694=EDGE_LOOP('',(#3480,#3481,#3482,#3483));
#695=EDGE_LOOP('',(#3484,#3485,#3486,#3487,#3488,#3489,#3490,#3491));
#696=EDGE_LOOP('',(#3492,#3493,#3494,#3495));
#697=EDGE_LOOP('',(#3496,#3497,#3498,#3499));
#698=EDGE_LOOP('',(#3500,#3501,#3502,#3503,#3504,#3505,#3506,#3507,#3508,
#3509,#3510,#3511,#3512,#3513,#3514));
#699=EDGE_LOOP('',(#3515,#3516,#3517,#3518,#3519,#3520));
#700=EDGE_LOOP('',(#3521));
#701=EDGE_LOOP('',(#3522));
#702=EDGE_LOOP('',(#3523));
#703=EDGE_LOOP('',(#3524,#3525,#3526,#3527));
#704=EDGE_LOOP('',(#3528,#3529,#3530,#3531,#3532,#3533,#3534));
#705=EDGE_LOOP('',(#3535,#3536,#3537,#3538));
#706=EDGE_LOOP('',(#3539,#3540,#3541,#3542));
#707=EDGE_LOOP('',(#3543,#3544,#3545,#3546,#3547,#3548,#3549,#3550));
#708=EDGE_LOOP('',(#3551,#3552,#3553,#3554,#3555,#3556));
#709=EDGE_LOOP('',(#3557,#3558,#3559,#3560,#3561));
#710=EDGE_LOOP('',(#3562,#3563,#3564,#3565));
#711=EDGE_LOOP('',(#3566,#3567,#3568,#3569,#3570,#3571));
#712=EDGE_LOOP('',(#3572,#3573,#3574,#3575));
#713=EDGE_LOOP('',(#3576,#3577,#3578,#3579));
#714=EDGE_LOOP('',(#3580,#3581,#3582,#3583));
#715=EDGE_LOOP('',(#3584,#3585,#3586,#3587,#3588,#3589,#3590,#3591));
#716=EDGE_LOOP('',(#3592,#3593,#3594,#3595));
#717=EDGE_LOOP('',(#3596,#3597,#3598,#3599,#3600,#3601));
#718=EDGE_LOOP('',(#3602,#3603,#3604,#3605));
#719=EDGE_LOOP('',(#3606,#3607,#3608,#3609));
#720=EDGE_LOOP('',(#3610,#3611,#3612,#3613));
#721=EDGE_LOOP('',(#3614,#3615,#3616));
#722=EDGE_LOOP('',(#3617,#3618,#3619));
#723=EDGE_LOOP('',(#3620,#3621));
#724=EDGE_LOOP('',(#3622,#3623));
#725=EDGE_LOOP('',(#3624,#3625,#3626,#3627));
#726=EDGE_LOOP('',(#3628,#3629,#3630,#3631));
#727=EDGE_LOOP('',(#3632,#3633,#3634));
#728=EDGE_LOOP('',(#3635,#3636,#3637));
#729=EDGE_LOOP('',(#3638,#3639,#3640,#3641));
#730=EDGE_LOOP('',(#3642,#3643,#3644,#3645,#3646,#3647,#3648,#3649));
#731=EDGE_LOOP('',(#3650,#3651,#3652,#3653,#3654,#3655,#3656,#3657));
#732=EDGE_LOOP('',(#3658,#3659,#3660,#3661));
#733=EDGE_LOOP('',(#3662,#3663,#3664));
#734=EDGE_LOOP('',(#3665,#3666,#3667));
#735=EDGE_LOOP('',(#3668,#3669,#3670,#3671));
#736=EDGE_LOOP('',(#3672,#3673,#3674,#3675));
#737=EDGE_LOOP('',(#3676));
#738=EDGE_LOOP('',(#3677));
#739=EDGE_LOOP('',(#3678));
#740=EDGE_LOOP('',(#3679));
#741=EDGE_LOOP('',(#3680,#3681,#3682,#3683,#3684));
#742=EDGE_LOOP('',(#3685,#3686,#3687,#3688,#3689));
#743=EDGE_LOOP('',(#3690));
#744=EDGE_LOOP('',(#3691));
#745=EDGE_LOOP('',(#3692,#3693,#3694,#3695));
#746=EDGE_LOOP('',(#3696));
#747=EDGE_LOOP('',(#3697));
#748=EDGE_LOOP('',(#3698,#3699,#3700,#3701));
#749=EDGE_LOOP('',(#3702,#3703,#3704,#3705));
#750=EDGE_LOOP('',(#3706));
#751=EDGE_LOOP('',(#3707));
#752=EDGE_LOOP('',(#3708));
#753=EDGE_LOOP('',(#3709));
#754=EDGE_LOOP('',(#3710,#3711,#3712,#3713,#3714));
#755=EDGE_LOOP('',(#3715,#3716,#3717,#3718,#3719));
#756=EDGE_LOOP('',(#3720));
#757=EDGE_LOOP('',(#3721));
#758=EDGE_LOOP('',(#3722,#3723,#3724,#3725));
#759=EDGE_LOOP('',(#3726));
#760=EDGE_LOOP('',(#3727));
#761=EDGE_LOOP('',(#3728,#3729,#3730,#3731));
#762=EDGE_LOOP('',(#3732,#3733,#3734,#3735));
#763=EDGE_LOOP('',(#3736));
#764=EDGE_LOOP('',(#3737));
#765=EDGE_LOOP('',(#3738));
#766=EDGE_LOOP('',(#3739));
#767=EDGE_LOOP('',(#3740,#3741,#3742,#3743,#3744));
#768=EDGE_LOOP('',(#3745,#3746,#3747,#3748,#3749));
#769=EDGE_LOOP('',(#3750));
#770=EDGE_LOOP('',(#3751));
#771=EDGE_LOOP('',(#3752,#3753,#3754,#3755));
#772=EDGE_LOOP('',(#3756));
#773=EDGE_LOOP('',(#3757));
#774=EDGE_LOOP('',(#3758,#3759,#3760,#3761));
#775=EDGE_LOOP('',(#3762,#3763,#3764,#3765));
#776=EDGE_LOOP('',(#3766));
#777=EDGE_LOOP('',(#3767));
#778=EDGE_LOOP('',(#3768));
#779=EDGE_LOOP('',(#3769));
#780=EDGE_LOOP('',(#3770,#3771,#3772,#3773,#3774));
#781=EDGE_LOOP('',(#3775,#3776,#3777,#3778,#3779));
#782=EDGE_LOOP('',(#3780));
#783=EDGE_LOOP('',(#3781));
#784=EDGE_LOOP('',(#3782,#3783,#3784,#3785));
#785=EDGE_LOOP('',(#3786));
#786=EDGE_LOOP('',(#3787));
#787=EDGE_LOOP('',(#3788,#3789,#3790,#3791));
#788=EDGE_LOOP('',(#3792,#3793,#3794,#3795));
#789=EDGE_LOOP('',(#3796));
#790=EDGE_LOOP('',(#3797));
#791=EDGE_LOOP('',(#3798));
#792=EDGE_LOOP('',(#3799));
#793=EDGE_LOOP('',(#3800,#3801,#3802,#3803,#3804));
#794=EDGE_LOOP('',(#3805,#3806,#3807,#3808,#3809));
#795=EDGE_LOOP('',(#3810));
#796=EDGE_LOOP('',(#3811));
#797=EDGE_LOOP('',(#3812,#3813,#3814,#3815));
#798=EDGE_LOOP('',(#3816));
#799=EDGE_LOOP('',(#3817));
#800=LINE('',#5848,#1232);
#801=LINE('',#5850,#1233);
#802=LINE('',#5852,#1234);
#803=LINE('',#5853,#1235);
#804=LINE('',#5856,#1236);
#805=LINE('',#5858,#1237);
#806=LINE('',#5859,#1238);
#807=LINE('',#5862,#1239);
#808=LINE('',#5864,#1240);
#809=LINE('',#5865,#1241);
#810=LINE('',#5868,#1242);
#811=LINE('',#5870,#1243);
#812=LINE('',#5871,#1244);
#813=LINE('',#5875,#1245);
#814=LINE('',#5877,#1246);
#815=LINE('',#5879,#1247);
#816=LINE('',#5880,#1248);
#817=LINE('',#5883,#1249);
#818=LINE('',#5885,#1250);
#819=LINE('',#5886,#1251);
#820=LINE('',#5888,#1252);
#821=LINE('',#5890,#1253);
#822=LINE('',#5892,#1254);
#823=LINE('',#5894,#1255);
#824=LINE('',#5896,#1256);
#825=LINE('',#5898,#1257);
#826=LINE('',#5900,#1258);
#827=LINE('',#5902,#1259);
#828=LINE('',#5904,#1260);
#829=LINE('',#5906,#1261);
#830=LINE('',#5908,#1262);
#831=LINE('',#5910,#1263);
#832=LINE('',#5912,#1264);
#833=LINE('',#5913,#1265);
#834=LINE('',#5916,#1266);
#835=LINE('',#5918,#1267);
#836=LINE('',#5919,#1268);
#837=LINE('',#5922,#1269);
#838=LINE('',#5923,#1270);
#839=LINE('',#5926,#1271);
#840=LINE('',#5927,#1272);
#841=LINE('',#5930,#1273);
#842=LINE('',#5931,#1274);
#843=LINE('',#5934,#1275);
#844=LINE('',#5935,#1276);
#845=LINE('',#5938,#1277);
#846=LINE('',#5939,#1278);
#847=LINE('',#5942,#1279);
#848=LINE('',#5943,#1280);
#849=LINE('',#5946,#1281);
#850=LINE('',#5947,#1282);
#851=LINE('',#5950,#1283);
#852=LINE('',#5951,#1284);
#853=LINE('',#5954,#1285);
#854=LINE('',#5955,#1286);
#855=LINE('',#5958,#1287);
#856=LINE('',#5959,#1288);
#857=LINE('',#5961,#1289);
#858=LINE('',#5964,#1290);
#859=LINE('',#5966,#1291);
#860=LINE('',#5968,#1292);
#861=LINE('',#5969,#1293);
#862=LINE('',#5972,#1294);
#863=LINE('',#5974,#1295);
#864=LINE('',#5975,#1296);
#865=LINE('',#5977,#1297);
#866=LINE('',#5979,#1298);
#867=LINE('',#5981,#1299);
#868=LINE('',#5983,#1300);
#869=LINE('',#5985,#1301);
#870=LINE('',#5987,#1302);
#871=LINE('',#5989,#1303);
#872=LINE('',#5991,#1304);
#873=LINE('',#5992,#1305);
#874=LINE('',#5996,#1306);
#875=LINE('',#5998,#1307);
#876=LINE('',#6000,#1308);
#877=LINE('',#6001,#1309);
#878=LINE('',#6004,#1310);
#879=LINE('',#6006,#1311);
#880=LINE('',#6007,#1312);
#881=LINE('',#6013,#1313);
#882=LINE('',#6016,#1314);
#883=LINE('',#6018,#1315);
#884=LINE('',#6019,#1316);
#885=LINE('',#6022,#1317);
#886=LINE('',#6024,#1318);
#887=LINE('',#6025,#1319);
#888=LINE('',#6031,#1320);
#889=LINE('',#6034,#1321);
#890=LINE('',#6036,#1322);
#891=LINE('',#6037,#1323);
#892=LINE('',#6040,#1324);
#893=LINE('',#6042,#1325);
#894=LINE('',#6043,#1326);
#895=LINE('',#6049,#1327);
#896=LINE('',#6052,#1328);
#897=LINE('',#6054,#1329);
#898=LINE('',#6055,#1330);
#899=LINE('',#6058,#1331);
#900=LINE('',#6060,#1332);
#901=LINE('',#6061,#1333);
#902=LINE('',#6066,#1334);
#903=LINE('',#6068,#1335);
#904=LINE('',#6074,#1336);
#905=LINE('',#6077,#1337);
#906=LINE('',#6078,#1338);
#907=LINE('',#6081,#1339);
#908=LINE('',#6082,#1340);
#909=LINE('',#6087,#1341);
#910=LINE('',#6088,#1342);
#911=LINE('',#6090,#1343);
#912=LINE('',#6098,#1344);
#913=LINE('',#6100,#1345);
#914=LINE('',#6101,#1346);
#915=LINE('',#6105,#1347);
#916=LINE('',#6106,#1348);
#917=LINE('',#6107,#1349);
#918=LINE('',#6111,#1350);
#919=LINE('',#6112,#1351);
#920=LINE('',#6116,#1352);
#921=LINE('',#6121,#1353);
#922=LINE('',#6127,#1354);
#923=LINE('',#6142,#1355);
#924=LINE('',#6149,#1356);
#925=LINE('',#6154,#1357);
#926=LINE('',#6156,#1358);
#927=LINE('',#6158,#1359);
#928=LINE('',#6159,#1360);
#929=LINE('',#6164,#1361);
#930=LINE('',#6168,#1362);
#931=LINE('',#6170,#1363);
#932=LINE('',#6171,#1364);
#933=LINE('',#6174,#1365);
#934=LINE('',#6176,#1366);
#935=LINE('',#6177,#1367);
#936=LINE('',#6180,#1368);
#937=LINE('',#6182,#1369);
#938=LINE('',#6184,#1370);
#939=LINE('',#6186,#1371);
#940=LINE('',#6190,#1372);
#941=LINE('',#6192,#1373);
#942=LINE('',#6196,#1374);
#943=LINE('',#6198,#1375);
#944=LINE('',#6202,#1376);
#945=LINE('',#6204,#1377);
#946=LINE('',#6208,#1378);
#947=LINE('',#6210,#1379);
#948=LINE('',#6216,#1380);
#949=LINE('',#6218,#1381);
#950=LINE('',#6222,#1382);
#951=LINE('',#6224,#1383);
#952=LINE('',#6228,#1384);
#953=LINE('',#6230,#1385);
#954=LINE('',#6234,#1386);
#955=LINE('',#6236,#1387);
#956=LINE('',#6240,#1388);
#957=LINE('',#6242,#1389);
#958=LINE('',#6244,#1390);
#959=LINE('',#6245,#1391);
#960=LINE('',#6247,#1392);
#961=LINE('',#6248,#1393);
#962=LINE('',#6251,#1394);
#963=LINE('',#6253,#1395);
#964=LINE('',#6255,#1396);
#965=LINE('',#6257,#1397);
#966=LINE('',#6259,#1398);
#967=LINE('',#6261,#1399);
#968=LINE('',#6263,#1400);
#969=LINE('',#6265,#1401);
#970=LINE('',#6267,#1402);
#971=LINE('',#6268,#1403);
#972=LINE('',#6270,#1404);
#973=LINE('',#6273,#1405);
#974=LINE('',#6275,#1406);
#975=LINE('',#6277,#1407);
#976=LINE('',#6283,#1408);
#977=LINE('',#6290,#1409);
#978=LINE('',#6296,#1410);
#979=LINE('',#6298,#1411);
#980=LINE('',#6300,#1412);
#981=LINE('',#6302,#1413);
#982=LINE('',#6304,#1414);
#983=LINE('',#6306,#1415);
#984=LINE('',#6308,#1416);
#985=LINE('',#6309,#1417);
#986=LINE('',#6312,#1418);
#987=LINE('',#6316,#1419);
#988=LINE('',#6318,#1420);
#989=LINE('',#6320,#1421);
#990=LINE('',#6322,#1422);
#991=LINE('',#6324,#1423);
#992=LINE('',#6326,#1424);
#993=LINE('',#6328,#1425);
#994=LINE('',#6329,#1426);
#995=LINE('',#6333,#1427);
#996=LINE('',#6335,#1428);
#997=LINE('',#6337,#1429);
#998=LINE('',#6338,#1430);
#999=LINE('',#6341,#1431);
#1000=LINE('',#6343,#1432);
#1001=LINE('',#6344,#1433);
#1002=LINE('',#6347,#1434);
#1003=LINE('',#6348,#1435);
#1004=LINE('',#6350,#1436);
#1005=LINE('',#6351,#1437);
#1006=LINE('',#6354,#1438);
#1007=LINE('',#6355,#1439);
#1008=LINE('',#6356,#1440);
#1009=LINE('',#6360,#1441);
#1010=LINE('',#6361,#1442);
#1011=LINE('',#6365,#1443);
#1012=LINE('',#6368,#1444);
#1013=LINE('',#6369,#1445);
#1014=LINE('',#6372,#1446);
#1015=LINE('',#6374,#1447);
#1016=LINE('',#6375,#1448);
#1017=LINE('',#6378,#1449);
#1018=LINE('',#6380,#1450);
#1019=LINE('',#6381,#1451);
#1020=LINE('',#6384,#1452);
#1021=LINE('',#6397,#1453);
#1022=LINE('',#6410,#1454);
#1023=LINE('',#6411,#1455);
#1024=LINE('',#6414,#1456);
#1025=LINE('',#6422,#1457);
#1026=LINE('',#6452,#1458);
#1027=LINE('',#6465,#1459);
#1028=LINE('',#6477,#1460);
#1029=LINE('',#6480,#1461);
#1030=LINE('',#6482,#1462);
#1031=LINE('',#6484,#1463);
#1032=LINE('',#6485,#1464);
#1033=LINE('',#6488,#1465);
#1034=LINE('',#6490,#1466);
#1035=LINE('',#6491,#1467);
#1036=LINE('',#6494,#1468);
#1037=LINE('',#6496,#1469);
#1038=LINE('',#6497,#1470);
#1039=LINE('',#6501,#1471);
#1040=LINE('',#6503,#1472);
#1041=LINE('',#6507,#1473);
#1042=LINE('',#6508,#1474);
#1043=LINE('',#6509,#1475);
#1044=LINE('',#6512,#1476);
#1045=LINE('',#6513,#1477);
#1046=LINE('',#6516,#1478);
#1047=LINE('',#6517,#1479);
#1048=LINE('',#6519,#1480);
#1049=LINE('',#6522,#1481);
#1050=LINE('',#6524,#1482);
#1051=LINE('',#6537,#1483);
#1052=LINE('',#6550,#1484);
#1053=LINE('',#6579,#1485);
#1054=LINE('',#6586,#1486);
#1055=LINE('',#6592,#1487);
#1056=LINE('',#6594,#1488);
#1057=LINE('',#6596,#1489);
#1058=LINE('',#6597,#1490);
#1059=LINE('',#6600,#1491);
#1060=LINE('',#6602,#1492);
#1061=LINE('',#6603,#1493);
#1062=LINE('',#6606,#1494);
#1063=LINE('',#6608,#1495);
#1064=LINE('',#6610,#1496);
#1065=LINE('',#6612,#1497);
#1066=LINE('',#6614,#1498);
#1067=LINE('',#6616,#1499);
#1068=LINE('',#6618,#1500);
#1069=LINE('',#6620,#1501);
#1070=LINE('',#6622,#1502);
#1071=LINE('',#6624,#1503);
#1072=LINE('',#6625,#1504);
#1073=LINE('',#6628,#1505);
#1074=LINE('',#6630,#1506);
#1075=LINE('',#6632,#1507);
#1076=LINE('',#6634,#1508);
#1077=LINE('',#6635,#1509);
#1078=LINE('',#6638,#1510);
#1079=LINE('',#6640,#1511);
#1080=LINE('',#6641,#1512);
#1081=LINE('',#6644,#1513);
#1082=LINE('',#6646,#1514);
#1083=LINE('',#6648,#1515);
#1084=LINE('',#6650,#1516);
#1085=LINE('',#6652,#1517);
#1086=LINE('',#6653,#1518);
#1087=LINE('',#6656,#1519);
#1088=LINE('',#6658,#1520);
#1089=LINE('',#6660,#1521);
#1090=LINE('',#6665,#1522);
#1091=LINE('',#6669,#1523);
#1092=LINE('',#6673,#1524);
#1093=LINE('',#6675,#1525);
#1094=LINE('',#6679,#1526);
#1095=LINE('',#6683,#1527);
#1096=LINE('',#6687,#1528);
#1097=LINE('',#6692,#1529);
#1098=LINE('',#6694,#1530);
#1099=LINE('',#6696,#1531);
#1100=LINE('',#6697,#1532);
#1101=LINE('',#6700,#1533);
#1102=LINE('',#6702,#1534);
#1103=LINE('',#6703,#1535);
#1104=LINE('',#6708,#1536);
#1105=LINE('',#6712,#1537);
#1106=LINE('',#6714,#1538);
#1107=LINE('',#6715,#1539);
#1108=LINE('',#6718,#1540);
#1109=LINE('',#6720,#1541);
#1110=LINE('',#6721,#1542);
#1111=LINE('',#6723,#1543);
#1112=LINE('',#6724,#1544);
#1113=LINE('',#6727,#1545);
#1114=LINE('',#6729,#1546);
#1115=LINE('',#6730,#1547);
#1116=LINE('',#6732,#1548);
#1117=LINE('',#6734,#1549);
#1118=LINE('',#6735,#1550);
#1119=LINE('',#6740,#1551);
#1120=LINE('',#6743,#1552);
#1121=LINE('',#6744,#1553);
#1122=LINE('',#6746,#1554);
#1123=LINE('',#6747,#1555);
#1124=LINE('',#6754,#1556);
#1125=LINE('',#6755,#1557);
#1126=LINE('',#6757,#1558);
#1127=LINE('',#6758,#1559);
#1128=LINE('',#6760,#1560);
#1129=LINE('',#6762,#1561);
#1130=LINE('',#6764,#1562);
#1131=LINE('',#6767,#1563);
#1132=LINE('',#6769,#1564);
#1133=LINE('',#6771,#1565);
#1134=LINE('',#6772,#1566);
#1135=LINE('',#6776,#1567);
#1136=LINE('',#6778,#1568);
#1137=LINE('',#6780,#1569);
#1138=LINE('',#6781,#1570);
#1139=LINE('',#6786,#1571);
#1140=LINE('',#6787,#1572);
#1141=LINE('',#6790,#1573);
#1142=LINE('',#6792,#1574);
#1143=LINE('',#6793,#1575);
#1144=LINE('',#6796,#1576);
#1145=LINE('',#6798,#1577);
#1146=LINE('',#6802,#1578);
#1147=LINE('',#6803,#1579);
#1148=LINE('',#6805,#1580);
#1149=LINE('',#6809,#1581);
#1150=LINE('',#6810,#1582);
#1151=LINE('',#6812,#1583);
#1152=LINE('',#6815,#1584);
#1153=LINE('',#6817,#1585);
#1154=LINE('',#6818,#1586);
#1155=LINE('',#6820,#1587);
#1156=LINE('',#6828,#1588);
#1157=LINE('',#6830,#1589);
#1158=LINE('',#6832,#1590);
#1159=LINE('',#6833,#1591);
#1160=LINE('',#6836,#1592);
#1161=LINE('',#6840,#1593);
#1162=LINE('',#6844,#1594);
#1163=LINE('',#6845,#1595);
#1164=LINE('',#6850,#1596);
#1165=LINE('',#6851,#1597);
#1166=LINE('',#6853,#1598);
#1167=LINE('',#6856,#1599);
#1168=LINE('',#6860,#1600);
#1169=LINE('',#6863,#1601);
#1170=LINE('',#6866,#1602);
#1171=LINE('',#6867,#1603);
#1172=LINE('',#6870,#1604);
#1173=LINE('',#6872,#1605);
#1174=LINE('',#6873,#1606);
#1175=LINE('',#6876,#1607);
#1176=LINE('',#6878,#1608);
#1177=LINE('',#6879,#1609);
#1178=LINE('',#6882,#1610);
#1179=LINE('',#6884,#1611);
#1180=LINE('',#6885,#1612);
#1181=LINE('',#6888,#1613);
#1182=LINE('',#6892,#1614);
#1183=LINE('',#6893,#1615);
#1184=LINE('',#6897,#1616);
#1185=LINE('',#6900,#1617);
#1186=LINE('',#6901,#1618);
#1187=LINE('',#6908,#1619);
#1188=LINE('',#6910,#1620);
#1189=LINE('',#6912,#1621);
#1190=LINE('',#6913,#1622);
#1191=LINE('',#6916,#1623);
#1192=LINE('',#6918,#1624);
#1193=LINE('',#6919,#1625);
#1194=LINE('',#6928,#1626);
#1195=LINE('',#6933,#1627);
#1196=LINE('',#6936,#1628);
#1197=LINE('',#6937,#1629);
#1198=LINE('',#6944,#1630);
#1199=LINE('',#6945,#1631);
#1200=LINE('',#6951,#1632);
#1201=LINE('',#6952,#1633);
#1202=LINE('',#6954,#1634);
#1203=LINE('',#6955,#1635);
#1204=LINE('',#6958,#1636);
#1205=LINE('',#6960,#1637);
#1206=LINE('',#6962,#1638);
#1207=LINE('',#6964,#1639);
#1208=LINE('',#6965,#1640);
#1209=LINE('',#6970,#1641);
#1210=LINE('',#6973,#1642);
#1211=LINE('',#6974,#1643);
#1212=LINE('',#6981,#1644);
#1213=LINE('',#6987,#1645);
#1214=LINE('',#7002,#1646);
#1215=LINE('',#7009,#1647);
#1216=LINE('',#7015,#1648);
#1217=LINE('',#7021,#1649);
#1218=LINE('',#7036,#1650);
#1219=LINE('',#7043,#1651);
#1220=LINE('',#7049,#1652);
#1221=LINE('',#7055,#1653);
#1222=LINE('',#7070,#1654);
#1223=LINE('',#7077,#1655);
#1224=LINE('',#7083,#1656);
#1225=LINE('',#7089,#1657);
#1226=LINE('',#7104,#1658);
#1227=LINE('',#7111,#1659);
#1228=LINE('',#7117,#1660);
#1229=LINE('',#7123,#1661);
#1230=LINE('',#7138,#1662);
#1231=LINE('',#7145,#1663);
#1232=VECTOR('',#4646,0.393700787401575);
#1233=VECTOR('',#4647,0.393700787401575);
#1234=VECTOR('',#4648,0.393700787401575);
#1235=VECTOR('',#4649,0.393700787401575);
#1236=VECTOR('',#4652,0.393700787401575);
#1237=VECTOR('',#4653,0.393700787401575);
#1238=VECTOR('',#4654,0.393700787401575);
#1239=VECTOR('',#4657,0.393700787401575);
#1240=VECTOR('',#4658,0.393700787401575);
#1241=VECTOR('',#4659,0.393700787401575);
#1242=VECTOR('',#4662,0.393700787401575);
#1243=VECTOR('',#4663,0.393700787401575);
#1244=VECTOR('',#4664,0.393700787401575);
#1245=VECTOR('',#4667,0.393700787401575);
#1246=VECTOR('',#4668,0.393700787401575);
#1247=VECTOR('',#4669,0.393700787401575);
#1248=VECTOR('',#4670,0.393700787401575);
#1249=VECTOR('',#4673,0.393700787401575);
#1250=VECTOR('',#4674,0.393700787401575);
#1251=VECTOR('',#4675,0.393700787401575);
#1252=VECTOR('',#4678,0.393700787401575);
#1253=VECTOR('',#4679,0.393700787401575);
#1254=VECTOR('',#4680,0.393700787401575);
#1255=VECTOR('',#4681,0.393700787401575);
#1256=VECTOR('',#4682,0.393700787401575);
#1257=VECTOR('',#4683,0.393700787401575);
#1258=VECTOR('',#4684,0.393700787401575);
#1259=VECTOR('',#4685,0.393700787401575);
#1260=VECTOR('',#4686,0.393700787401575);
#1261=VECTOR('',#4687,0.393700787401575);
#1262=VECTOR('',#4688,0.393700787401575);
#1263=VECTOR('',#4689,0.393700787401575);
#1264=VECTOR('',#4690,0.393700787401575);
#1265=VECTOR('',#4691,0.393700787401575);
#1266=VECTOR('',#4694,0.393700787401575);
#1267=VECTOR('',#4695,0.393700787401575);
#1268=VECTOR('',#4696,0.393700787401575);
#1269=VECTOR('',#4699,0.393700787401575);
#1270=VECTOR('',#4700,0.393700787401575);
#1271=VECTOR('',#4703,0.393700787401575);
#1272=VECTOR('',#4704,0.393700787401575);
#1273=VECTOR('',#4707,0.393700787401575);
#1274=VECTOR('',#4708,0.393700787401575);
#1275=VECTOR('',#4711,0.393700787401575);
#1276=VECTOR('',#4712,0.393700787401575);
#1277=VECTOR('',#4715,0.393700787401575);
#1278=VECTOR('',#4716,0.393700787401575);
#1279=VECTOR('',#4719,0.393700787401575);
#1280=VECTOR('',#4720,0.393700787401575);
#1281=VECTOR('',#4723,0.393700787401575);
#1282=VECTOR('',#4724,0.393700787401575);
#1283=VECTOR('',#4727,0.393700787401575);
#1284=VECTOR('',#4728,0.393700787401575);
#1285=VECTOR('',#4731,0.393700787401575);
#1286=VECTOR('',#4732,0.393700787401575);
#1287=VECTOR('',#4735,0.393700787401575);
#1288=VECTOR('',#4736,0.393700787401575);
#1289=VECTOR('',#4739,0.393700787401575);
#1290=VECTOR('',#4742,0.393700787401575);
#1291=VECTOR('',#4743,39.3700787401575);
#1292=VECTOR('',#4744,39.3700787401575);
#1293=VECTOR('',#4745,0.393700787401575);
#1294=VECTOR('',#4748,0.393700787401575);
#1295=VECTOR('',#4749,0.393700787401575);
#1296=VECTOR('',#4750,0.393700787401575);
#1297=VECTOR('',#4751,0.393700787401575);
#1298=VECTOR('',#4752,0.393700787401575);
#1299=VECTOR('',#4753,0.393700787401575);
#1300=VECTOR('',#4754,0.393700787401575);
#1301=VECTOR('',#4755,0.393700787401575);
#1302=VECTOR('',#4756,0.393700787401575);
#1303=VECTOR('',#4757,0.393700787401575);
#1304=VECTOR('',#4758,0.393700787401575);
#1305=VECTOR('',#4759,0.393700787401575);
#1306=VECTOR('',#4762,0.393700787401575);
#1307=VECTOR('',#4763,0.393700787401575);
#1308=VECTOR('',#4764,39.3700787401575);
#1309=VECTOR('',#4765,0.393700787401575);
#1310=VECTOR('',#4768,0.393700787401575);
#1311=VECTOR('',#4769,39.3700787401575);
#1312=VECTOR('',#4770,0.393700787401575);
#1313=VECTOR('',#4777,0.393700787401575);
#1314=VECTOR('',#4780,0.393700787401575);
#1315=VECTOR('',#4781,39.3700787401575);
#1316=VECTOR('',#4782,0.393700787401575);
#1317=VECTOR('',#4785,0.393700787401575);
#1318=VECTOR('',#4786,39.3700787401575);
#1319=VECTOR('',#4787,0.393700787401575);
#1320=VECTOR('',#4794,0.393700787401575);
#1321=VECTOR('',#4797,0.393700787401575);
#1322=VECTOR('',#4798,39.3700787401575);
#1323=VECTOR('',#4799,0.393700787401575);
#1324=VECTOR('',#4802,0.393700787401575);
#1325=VECTOR('',#4803,39.3700787401575);
#1326=VECTOR('',#4804,0.393700787401575);
#1327=VECTOR('',#4811,0.393700787401575);
#1328=VECTOR('',#4814,0.393700787401575);
#1329=VECTOR('',#4815,39.3700787401575);
#1330=VECTOR('',#4816,0.393700787401575);
#1331=VECTOR('',#4819,0.393700787401575);
#1332=VECTOR('',#4820,39.3700787401575);
#1333=VECTOR('',#4821,0.393700787401575);
#1334=VECTOR('',#4826,39.3700787401575);
#1335=VECTOR('',#4827,39.3700787401575);
#1336=VECTOR('',#4836,0.393700787401575);
#1337=VECTOR('',#4839,0.393700787401575);
#1338=VECTOR('',#4840,0.393700787401575);
#1339=VECTOR('',#4843,0.393700787401575);
#1340=VECTOR('',#4844,0.393700787401575);
#1341=VECTOR('',#4851,0.393700787401575);
#1342=VECTOR('',#4852,0.393700787401575);
#1343=VECTOR('',#4855,0.393700787401575);
#1344=VECTOR('',#4866,0.393700787401575);
#1345=VECTOR('',#4867,0.393700787401575);
#1346=VECTOR('',#4868,0.393700787401575);
#1347=VECTOR('',#4871,0.393700787401575);
#1348=VECTOR('',#4872,0.393700787401575);
#1349=VECTOR('',#4873,0.393700787401575);
#1350=VECTOR('',#4878,0.393700787401575);
#1351=VECTOR('',#4879,0.393700787401575);
#1352=VECTOR('',#4886,2.29);
#1353=VECTOR('',#4891,2.34);
#1354=VECTOR('',#4898,2.425);
#1355=VECTOR('',#4919,2.377);
#1356=VECTOR('',#4928,2.26715688210564);
#1357=VECTOR('',#4933,0.393700787401575);
#1358=VECTOR('',#4934,0.393700787401575);
#1359=VECTOR('',#4935,0.393700787401575);
#1360=VECTOR('',#4936,0.393700787401575);
#1361=VECTOR('',#4941,0.393700787401575);
#1362=VECTOR('',#4946,0.393700787401575);
#1363=VECTOR('',#4947,0.393700787401575);
#1364=VECTOR('',#4948,0.393700787401575);
#1365=VECTOR('',#4951,0.393700787401575);
#1366=VECTOR('',#4952,0.393700787401575);
#1367=VECTOR('',#4953,0.393700787401575);
#1368=VECTOR('',#4956,0.393700787401575);
#1369=VECTOR('',#4957,0.393700787401575);
#1370=VECTOR('',#4958,0.393700787401575);
#1371=VECTOR('',#4959,0.393700787401575);
#1372=VECTOR('',#4962,0.393700787401575);
#1373=VECTOR('',#4963,0.393700787401575);
#1374=VECTOR('',#4966,0.393700787401575);
#1375=VECTOR('',#4967,0.393700787401575);
#1376=VECTOR('',#4970,0.393700787401575);
#1377=VECTOR('',#4971,0.393700787401575);
#1378=VECTOR('',#4974,0.393700787401575);
#1379=VECTOR('',#4975,0.393700787401575);
#1380=VECTOR('',#4982,0.393700787401575);
#1381=VECTOR('',#4983,0.393700787401575);
#1382=VECTOR('',#4986,0.393700787401575);
#1383=VECTOR('',#4987,0.393700787401575);
#1384=VECTOR('',#4990,0.393700787401575);
#1385=VECTOR('',#4991,0.393700787401575);
#1386=VECTOR('',#4994,0.393700787401575);
#1387=VECTOR('',#4995,0.393700787401575);
#1388=VECTOR('',#4998,0.393700787401575);
#1389=VECTOR('',#4999,0.393700787401575);
#1390=VECTOR('',#5000,0.393700787401575);
#1391=VECTOR('',#5001,0.393700787401575);
#1392=VECTOR('',#5004,0.393700787401575);
#1393=VECTOR('',#5005,0.393700787401575);
#1394=VECTOR('',#5010,0.393700787401575);
#1395=VECTOR('',#5013,0.393700787401575);
#1396=VECTOR('',#5016,0.393700787401575);
#1397=VECTOR('',#5019,0.393700787401575);
#1398=VECTOR('',#5022,0.393700787401575);
#1399=VECTOR('',#5025,0.393700787401575);
#1400=VECTOR('',#5028,0.393700787401575);
#1401=VECTOR('',#5031,0.393700787401575);
#1402=VECTOR('',#5034,0.393700787401575);
#1403=VECTOR('',#5035,0.393700787401575);
#1404=VECTOR('',#5038,0.393700787401575);
#1405=VECTOR('',#5043,0.393700787401575);
#1406=VECTOR('',#5046,0.393700787401575);
#1407=VECTOR('',#5049,0.393700787401575);
#1408=VECTOR('',#5056,0.075);
#1409=VECTOR('',#5065,0.075);
#1410=VECTOR('',#5072,0.393700787401575);
#1411=VECTOR('',#5073,0.393700787401575);
#1412=VECTOR('',#5074,0.393700787401575);
#1413=VECTOR('',#5075,0.393700787401575);
#1414=VECTOR('',#5076,0.393700787401575);
#1415=VECTOR('',#5077,0.393700787401575);
#1416=VECTOR('',#5078,0.393700787401575);
#1417=VECTOR('',#5079,0.393700787401575);
#1418=VECTOR('',#5082,0.393700787401575);
#1419=VECTOR('',#5085,0.393700787401575);
#1420=VECTOR('',#5086,0.393700787401575);
#1421=VECTOR('',#5087,0.393700787401575);
#1422=VECTOR('',#5088,0.393700787401575);
#1423=VECTOR('',#5089,0.393700787401575);
#1424=VECTOR('',#5090,0.393700787401575);
#1425=VECTOR('',#5091,0.393700787401575);
#1426=VECTOR('',#5092,0.393700787401575);
#1427=VECTOR('',#5095,0.393700787401575);
#1428=VECTOR('',#5096,0.393700787401575);
#1429=VECTOR('',#5097,0.393700787401575);
#1430=VECTOR('',#5098,0.393700787401575);
#1431=VECTOR('',#5101,0.393700787401575);
#1432=VECTOR('',#5102,0.393700787401575);
#1433=VECTOR('',#5103,0.393700787401575);
#1434=VECTOR('',#5106,0.393700787401575);
#1435=VECTOR('',#5107,0.393700787401575);
#1436=VECTOR('',#5108,0.393700787401575);
#1437=VECTOR('',#5109,0.393700787401575);
#1438=VECTOR('',#5112,0.393700787401575);
#1439=VECTOR('',#5113,0.393700787401575);
#1440=VECTOR('',#5114,0.393700787401575);
#1441=VECTOR('',#5119,0.393700787401575);
#1442=VECTOR('',#5120,0.393700787401575);
#1443=VECTOR('',#5125,0.393700787401575);
#1444=VECTOR('',#5128,0.393700787401575);
#1445=VECTOR('',#5129,0.393700787401575);
#1446=VECTOR('',#5132,0.393700787401575);
#1447=VECTOR('',#5133,0.393700787401575);
#1448=VECTOR('',#5134,0.393700787401575);
#1449=VECTOR('',#5137,0.393700787401575);
#1450=VECTOR('',#5138,0.393700787401575);
#1451=VECTOR('',#5139,0.393700787401575);
#1452=VECTOR('',#5142,0.393700787401575);
#1453=VECTOR('',#5143,0.393700787401575);
#1454=VECTOR('',#5144,0.393700787401575);
#1455=VECTOR('',#5145,0.393700787401575);
#1456=VECTOR('',#5148,0.393700787401575);
#1457=VECTOR('',#5149,0.393700787401575);
#1458=VECTOR('',#5158,0.393700787401575);
#1459=VECTOR('',#5159,0.393700787401575);
#1460=VECTOR('',#5160,0.393700787401575);
#1461=VECTOR('',#5163,0.393700787401575);
#1462=VECTOR('',#5164,0.393700787401575);
#1463=VECTOR('',#5165,0.393700787401575);
#1464=VECTOR('',#5166,0.393700787401575);
#1465=VECTOR('',#5169,0.393700787401575);
#1466=VECTOR('',#5170,0.393700787401575);
#1467=VECTOR('',#5171,0.393700787401575);
#1468=VECTOR('',#5174,0.393700787401575);
#1469=VECTOR('',#5175,0.393700787401575);
#1470=VECTOR('',#5176,0.393700787401575);
#1471=VECTOR('',#5183,0.393700787401575);
#1472=VECTOR('',#5184,0.393700787401575);
#1473=VECTOR('',#5189,0.393700787401575);
#1474=VECTOR('',#5190,0.393700787401575);
#1475=VECTOR('',#5191,0.393700787401575);
#1476=VECTOR('',#5194,0.393700787401575);
#1477=VECTOR('',#5195,0.393700787401575);
#1478=VECTOR('',#5198,0.393700787401575);
#1479=VECTOR('',#5199,0.393700787401575);
#1480=VECTOR('',#5202,0.393700787401575);
#1481=VECTOR('',#5207,0.393700787401575);
#1482=VECTOR('',#5208,0.393700787401575);
#1483=VECTOR('',#5209,0.393700787401575);
#1484=VECTOR('',#5210,0.393700787401575);
#1485=VECTOR('',#5243,0.0749999999999997);
#1486=VECTOR('',#5252,0.075);
#1487=VECTOR('',#5259,0.393700787401575);
#1488=VECTOR('',#5260,0.393700787401575);
#1489=VECTOR('',#5261,0.393700787401575);
#1490=VECTOR('',#5262,0.393700787401575);
#1491=VECTOR('',#5265,0.393700787401575);
#1492=VECTOR('',#5266,0.393700787401575);
#1493=VECTOR('',#5267,0.393700787401575);
#1494=VECTOR('',#5270,0.393700787401575);
#1495=VECTOR('',#5271,0.393700787401575);
#1496=VECTOR('',#5272,0.393700787401575);
#1497=VECTOR('',#5273,0.393700787401575);
#1498=VECTOR('',#5274,0.393700787401575);
#1499=VECTOR('',#5275,0.393700787401575);
#1500=VECTOR('',#5276,0.393700787401575);
#1501=VECTOR('',#5277,0.393700787401575);
#1502=VECTOR('',#5278,0.393700787401575);
#1503=VECTOR('',#5279,0.393700787401575);
#1504=VECTOR('',#5280,0.393700787401575);
#1505=VECTOR('',#5283,0.393700787401575);
#1506=VECTOR('',#5284,0.393700787401575);
#1507=VECTOR('',#5285,0.393700787401575);
#1508=VECTOR('',#5286,0.393700787401575);
#1509=VECTOR('',#5287,0.393700787401575);
#1510=VECTOR('',#5290,0.393700787401575);
#1511=VECTOR('',#5291,0.393700787401575);
#1512=VECTOR('',#5292,0.393700787401575);
#1513=VECTOR('',#5295,0.393700787401575);
#1514=VECTOR('',#5296,0.393700787401575);
#1515=VECTOR('',#5297,0.393700787401575);
#1516=VECTOR('',#5298,0.393700787401575);
#1517=VECTOR('',#5299,0.393700787401575);
#1518=VECTOR('',#5300,0.393700787401575);
#1519=VECTOR('',#5303,0.393700787401575);
#1520=VECTOR('',#5304,0.393700787401575);
#1521=VECTOR('',#5305,0.393700787401575);
#1522=VECTOR('',#5310,0.393700787401575);
#1523=VECTOR('',#5313,0.393700787401575);
#1524=VECTOR('',#5316,0.393700787401575);
#1525=VECTOR('',#5317,0.393700787401575);
#1526=VECTOR('',#5320,0.393700787401575);
#1527=VECTOR('',#5323,0.393700787401575);
#1528=VECTOR('',#5326,0.393700787401575);
#1529=VECTOR('',#5331,0.393700787401575);
#1530=VECTOR('',#5332,0.393700787401575);
#1531=VECTOR('',#5333,0.393700787401575);
#1532=VECTOR('',#5334,0.393700787401575);
#1533=VECTOR('',#5337,0.393700787401575);
#1534=VECTOR('',#5338,0.393700787401575);
#1535=VECTOR('',#5339,0.393700787401575);
#1536=VECTOR('',#5344,0.393700787401575);
#1537=VECTOR('',#5349,0.393700787401575);
#1538=VECTOR('',#5350,0.393700787401575);
#1539=VECTOR('',#5351,0.393700787401575);
#1540=VECTOR('',#5354,0.393700787401575);
#1541=VECTOR('',#5355,0.393700787401575);
#1542=VECTOR('',#5356,0.393700787401575);
#1543=VECTOR('',#5359,0.393700787401575);
#1544=VECTOR('',#5360,0.393700787401575);
#1545=VECTOR('',#5363,0.393700787401575);
#1546=VECTOR('',#5364,0.393700787401575);
#1547=VECTOR('',#5365,0.393700787401575);
#1548=VECTOR('',#5368,0.393700787401575);
#1549=VECTOR('',#5369,0.393700787401575);
#1550=VECTOR('',#5370,0.393700787401575);
#1551=VECTOR('',#5375,0.393700787401575);
#1552=VECTOR('',#5380,0.393700787401575);
#1553=VECTOR('',#5381,0.393700787401575);
#1554=VECTOR('',#5384,0.393700787401575);
#1555=VECTOR('',#5385,0.393700787401575);
#1556=VECTOR('',#5392,0.393700787401575);
#1557=VECTOR('',#5393,0.393700787401575);
#1558=VECTOR('',#5396,0.393700787401575);
#1559=VECTOR('',#5397,0.393700787401575);
#1560=VECTOR('',#5400,0.393700787401575);
#1561=VECTOR('',#5403,0.393700787401575);
#1562=VECTOR('',#5406,0.393700787401575);
#1563=VECTOR('',#5409,0.393700787401575);
#1564=VECTOR('',#5410,0.393700787401575);
#1565=VECTOR('',#5411,0.393700787401575);
#1566=VECTOR('',#5412,0.393700787401575);
#1567=VECTOR('',#5415,0.393700787401575);
#1568=VECTOR('',#5416,0.393700787401575);
#1569=VECTOR('',#5417,0.393700787401575);
#1570=VECTOR('',#5418,0.393700787401575);
#1571=VECTOR('',#5423,0.393700787401575);
#1572=VECTOR('',#5424,0.393700787401575);
#1573=VECTOR('',#5427,0.393700787401575);
#1574=VECTOR('',#5428,0.393700787401575);
#1575=VECTOR('',#5429,0.393700787401575);
#1576=VECTOR('',#5434,0.393700787401575);
#1577=VECTOR('',#5437,0.393700787401575);
#1578=VECTOR('',#5442,0.393700787401575);
#1579=VECTOR('',#5443,0.393700787401575);
#1580=VECTOR('',#5444,1.0000000319143);
#1581=VECTOR('',#5449,0.393700787401575);
#1582=VECTOR('',#5450,0.393700787401575);
#1583=VECTOR('',#5453,0.393700787401575);
#1584=VECTOR('',#5458,0.393700787401575);
#1585=VECTOR('',#5459,0.393700787401575);
#1586=VECTOR('',#5460,0.393700787401575);
#1587=VECTOR('',#5463,0.393700787401575);
#1588=VECTOR('',#5474,0.393700787401575);
#1589=VECTOR('',#5475,0.393700787401575);
#1590=VECTOR('',#5476,0.393700787401575);
#1591=VECTOR('',#5477,0.393700787401575);
#1592=VECTOR('',#5480,0.393700787401575);
#1593=VECTOR('',#5483,0.393700787401575);
#1594=VECTOR('',#5486,0.393700787401575);
#1595=VECTOR('',#5487,0.393700787401575);
#1596=VECTOR('',#5492,0.393700787401575);
#1597=VECTOR('',#5493,0.393700787401575);
#1598=VECTOR('',#5496,0.393700787401575);
#1599=VECTOR('',#5499,0.393700787401575);
#1600=VECTOR('',#5502,0.393700787401575);
#1601=VECTOR('',#5505,0.393700787401575);
#1602=VECTOR('',#5508,0.393700787401575);
#1603=VECTOR('',#5509,0.393700787401575);
#1604=VECTOR('',#5512,0.393700787401575);
#1605=VECTOR('',#5513,0.393700787401575);
#1606=VECTOR('',#5514,0.393700787401575);
#1607=VECTOR('',#5517,0.393700787401575);
#1608=VECTOR('',#5518,0.393700787401575);
#1609=VECTOR('',#5519,0.393700787401575);
#1610=VECTOR('',#5522,0.393700787401575);
#1611=VECTOR('',#5523,0.393700787401575);
#1612=VECTOR('',#5524,0.393700787401575);
#1613=VECTOR('',#5527,0.393700787401575);
#1614=VECTOR('',#5532,0.393700787401575);
#1615=VECTOR('',#5533,0.393700787401575);
#1616=VECTOR('',#5538,0.393700787401575);
#1617=VECTOR('',#5541,0.393700787401575);
#1618=VECTOR('',#5542,0.393700787401575);
#1619=VECTOR('',#5551,0.393700787401575);
#1620=VECTOR('',#5552,0.393700787401575);
#1621=VECTOR('',#5553,0.393700787401575);
#1622=VECTOR('',#5554,0.393700787401575);
#1623=VECTOR('',#5557,0.393700787401575);
#1624=VECTOR('',#5558,0.393700787401575);
#1625=VECTOR('',#5559,0.393700787401575);
#1626=VECTOR('',#5572,0.393700787401575);
#1627=VECTOR('',#5577,0.393700787401575);
#1628=VECTOR('',#5582,0.393700787401575);
#1629=VECTOR('',#5583,0.393700787401575);
#1630=VECTOR('',#5590,0.393700787401575);
#1631=VECTOR('',#5591,0.393700787401575);
#1632=VECTOR('',#5596,0.393700787401575);
#1633=VECTOR('',#5597,0.393700787401575);
#1634=VECTOR('',#5600,0.393700787401575);
#1635=VECTOR('',#5601,0.393700787401575);
#1636=VECTOR('',#5604,0.393700787401575);
#1637=VECTOR('',#5605,0.393700787401575);
#1638=VECTOR('',#5606,0.393700787401575);
#1639=VECTOR('',#5607,0.393700787401575);
#1640=VECTOR('',#5608,0.393700787401575);
#1641=VECTOR('',#5613,0.393700787401575);
#1642=VECTOR('',#5618,0.393700787401575);
#1643=VECTOR('',#5619,0.393700787401575);
#1644=VECTOR('',#5628,2.34);
#1645=VECTOR('',#5635,2.425);
#1646=VECTOR('',#5656,2.377);
#1647=VECTOR('',#5665,2.26715688210564);
#1648=VECTOR('',#5672,2.34);
#1649=VECTOR('',#5679,2.425);
#1650=VECTOR('',#5700,2.377);
#1651=VECTOR('',#5709,2.26715688210564);
#1652=VECTOR('',#5716,2.34);
#1653=VECTOR('',#5723,2.425);
#1654=VECTOR('',#5744,2.377);
#1655=VECTOR('',#5753,2.26715688210564);
#1656=VECTOR('',#5760,2.34);
#1657=VECTOR('',#5767,2.425);
#1658=VECTOR('',#5788,2.377);
#1659=VECTOR('',#5797,2.26715688210564);
#1660=VECTOR('',#5804,2.34);
#1661=VECTOR('',#5811,2.425);
#1662=VECTOR('',#5832,2.377);
#1663=VECTOR('',#5841,2.26715688210564);
#1664=VERTEX_POINT('',#5846);
#1665=VERTEX_POINT('',#5847);
#1666=VERTEX_POINT('',#5849);
#1667=VERTEX_POINT('',#5851);
#1668=VERTEX_POINT('',#5855);
#1669=VERTEX_POINT('',#5857);
#1670=VERTEX_POINT('',#5861);
#1671=VERTEX_POINT('',#5863);
#1672=VERTEX_POINT('',#5867);
#1673=VERTEX_POINT('',#5869);
#1674=VERTEX_POINT('',#5873);
#1675=VERTEX_POINT('',#5874);
#1676=VERTEX_POINT('',#5876);
#1677=VERTEX_POINT('',#5878);
#1678=VERTEX_POINT('',#5882);
#1679=VERTEX_POINT('',#5884);
#1680=VERTEX_POINT('',#5889);
#1681=VERTEX_POINT('',#5891);
#1682=VERTEX_POINT('',#5893);
#1683=VERTEX_POINT('',#5895);
#1684=VERTEX_POINT('',#5897);
#1685=VERTEX_POINT('',#5899);
#1686=VERTEX_POINT('',#5901);
#1687=VERTEX_POINT('',#5903);
#1688=VERTEX_POINT('',#5905);
#1689=VERTEX_POINT('',#5907);
#1690=VERTEX_POINT('',#5909);
#1691=VERTEX_POINT('',#5911);
#1692=VERTEX_POINT('',#5915);
#1693=VERTEX_POINT('',#5917);
#1694=VERTEX_POINT('',#5921);
#1695=VERTEX_POINT('',#5925);
#1696=VERTEX_POINT('',#5929);
#1697=VERTEX_POINT('',#5933);
#1698=VERTEX_POINT('',#5937);
#1699=VERTEX_POINT('',#5941);
#1700=VERTEX_POINT('',#5945);
#1701=VERTEX_POINT('',#5949);
#1702=VERTEX_POINT('',#5953);
#1703=VERTEX_POINT('',#5957);
#1704=VERTEX_POINT('',#5963);
#1705=VERTEX_POINT('',#5965);
#1706=VERTEX_POINT('',#5967);
#1707=VERTEX_POINT('',#5971);
#1708=VERTEX_POINT('',#5973);
#1709=VERTEX_POINT('',#5976);
#1710=VERTEX_POINT('',#5978);
#1711=VERTEX_POINT('',#5980);
#1712=VERTEX_POINT('',#5982);
#1713=VERTEX_POINT('',#5984);
#1714=VERTEX_POINT('',#5986);
#1715=VERTEX_POINT('',#5988);
#1716=VERTEX_POINT('',#5990);
#1717=VERTEX_POINT('',#5994);
#1718=VERTEX_POINT('',#5995);
#1719=VERTEX_POINT('',#5997);
#1720=VERTEX_POINT('',#5999);
#1721=VERTEX_POINT('',#6003);
#1722=VERTEX_POINT('',#6005);
#1723=VERTEX_POINT('',#6009);
#1724=VERTEX_POINT('',#6011);
#1725=VERTEX_POINT('',#6015);
#1726=VERTEX_POINT('',#6017);
#1727=VERTEX_POINT('',#6021);
#1728=VERTEX_POINT('',#6023);
#1729=VERTEX_POINT('',#6027);
#1730=VERTEX_POINT('',#6029);
#1731=VERTEX_POINT('',#6033);
#1732=VERTEX_POINT('',#6035);
#1733=VERTEX_POINT('',#6039);
#1734=VERTEX_POINT('',#6041);
#1735=VERTEX_POINT('',#6045);
#1736=VERTEX_POINT('',#6047);
#1737=VERTEX_POINT('',#6051);
#1738=VERTEX_POINT('',#6053);
#1739=VERTEX_POINT('',#6057);
#1740=VERTEX_POINT('',#6059);
#1741=VERTEX_POINT('',#6063);
#1742=VERTEX_POINT('',#6065);
#1743=VERTEX_POINT('',#6067);
#1744=VERTEX_POINT('',#6072);
#1745=VERTEX_POINT('',#6076);
#1746=VERTEX_POINT('',#6080);
#1747=VERTEX_POINT('',#6086);
#1748=VERTEX_POINT('',#6095);
#1749=VERTEX_POINT('',#6097);
#1750=VERTEX_POINT('',#6099);
#1751=VERTEX_POINT('',#6103);
#1752=VERTEX_POINT('',#6104);
#1753=VERTEX_POINT('',#6109);
#1754=VERTEX_POINT('',#6118);
#1755=VERTEX_POINT('',#6120);
#1756=VERTEX_POINT('',#6124);
#1757=VERTEX_POINT('',#6126);
#1758=VERTEX_POINT('',#6131);
#1759=VERTEX_POINT('',#6134);
#1760=VERTEX_POINT('',#6136);
#1761=VERTEX_POINT('',#6138);
#1762=VERTEX_POINT('',#6144);
#1763=VERTEX_POINT('',#6147);
#1764=VERTEX_POINT('',#6152);
#1765=VERTEX_POINT('',#6153);
#1766=VERTEX_POINT('',#6155);
#1767=VERTEX_POINT('',#6157);
#1768=VERTEX_POINT('',#6161);
#1769=VERTEX_POINT('',#6163);
#1770=VERTEX_POINT('',#6167);
#1771=VERTEX_POINT('',#6169);
#1772=VERTEX_POINT('',#6173);
#1773=VERTEX_POINT('',#6175);
#1774=VERTEX_POINT('',#6179);
#1775=VERTEX_POINT('',#6181);
#1776=VERTEX_POINT('',#6183);
#1777=VERTEX_POINT('',#6185);
#1778=VERTEX_POINT('',#6187);
#1779=VERTEX_POINT('',#6189);
#1780=VERTEX_POINT('',#6191);
#1781=VERTEX_POINT('',#6193);
#1782=VERTEX_POINT('',#6195);
#1783=VERTEX_POINT('',#6197);
#1784=VERTEX_POINT('',#6199);
#1785=VERTEX_POINT('',#6201);
#1786=VERTEX_POINT('',#6203);
#1787=VERTEX_POINT('',#6205);
#1788=VERTEX_POINT('',#6207);
#1789=VERTEX_POINT('',#6209);
#1790=VERTEX_POINT('',#6213);
#1791=VERTEX_POINT('',#6215);
#1792=VERTEX_POINT('',#6217);
#1793=VERTEX_POINT('',#6219);
#1794=VERTEX_POINT('',#6221);
#1795=VERTEX_POINT('',#6223);
#1796=VERTEX_POINT('',#6225);
#1797=VERTEX_POINT('',#6227);
#1798=VERTEX_POINT('',#6229);
#1799=VERTEX_POINT('',#6231);
#1800=VERTEX_POINT('',#6233);
#1801=VERTEX_POINT('',#6235);
#1802=VERTEX_POINT('',#6237);
#1803=VERTEX_POINT('',#6239);
#1804=VERTEX_POINT('',#6241);
#1805=VERTEX_POINT('',#6243);
#1806=VERTEX_POINT('',#6280);
#1807=VERTEX_POINT('',#6282);
#1808=VERTEX_POINT('',#6287);
#1809=VERTEX_POINT('',#6289);
#1810=VERTEX_POINT('',#6294);
#1811=VERTEX_POINT('',#6295);
#1812=VERTEX_POINT('',#6297);
#1813=VERTEX_POINT('',#6299);
#1814=VERTEX_POINT('',#6301);
#1815=VERTEX_POINT('',#6303);
#1816=VERTEX_POINT('',#6305);
#1817=VERTEX_POINT('',#6307);
#1818=VERTEX_POINT('',#6311);
#1819=VERTEX_POINT('',#6313);
#1820=VERTEX_POINT('',#6315);
#1821=VERTEX_POINT('',#6317);
#1822=VERTEX_POINT('',#6319);
#1823=VERTEX_POINT('',#6321);
#1824=VERTEX_POINT('',#6323);
#1825=VERTEX_POINT('',#6325);
#1826=VERTEX_POINT('',#6327);
#1827=VERTEX_POINT('',#6331);
#1828=VERTEX_POINT('',#6332);
#1829=VERTEX_POINT('',#6334);
#1830=VERTEX_POINT('',#6336);
#1831=VERTEX_POINT('',#6340);
#1832=VERTEX_POINT('',#6342);
#1833=VERTEX_POINT('',#6346);
#1834=VERTEX_POINT('',#6349);
#1835=VERTEX_POINT('',#6353);
#1836=VERTEX_POINT('',#6359);
#1837=VERTEX_POINT('',#6363);
#1838=VERTEX_POINT('',#6367);
#1839=VERTEX_POINT('',#6371);
#1840=VERTEX_POINT('',#6373);
#1841=VERTEX_POINT('',#6377);
#1842=VERTEX_POINT('',#6379);
#1843=VERTEX_POINT('',#6383);
#1844=VERTEX_POINT('',#6385);
#1845=VERTEX_POINT('',#6396);
#1846=VERTEX_POINT('',#6398);
#1847=VERTEX_POINT('',#6409);
#1848=VERTEX_POINT('',#6413);
#1849=VERTEX_POINT('',#6415);
#1850=VERTEX_POINT('',#6424);
#1851=VERTEX_POINT('',#6429);
#1852=VERTEX_POINT('',#6431);
#1853=VERTEX_POINT('',#6442);
#1854=VERTEX_POINT('',#6451);
#1855=VERTEX_POINT('',#6453);
#1856=VERTEX_POINT('',#6464);
#1857=VERTEX_POINT('',#6466);
#1858=VERTEX_POINT('',#6479);
#1859=VERTEX_POINT('',#6481);
#1860=VERTEX_POINT('',#6483);
#1861=VERTEX_POINT('',#6487);
#1862=VERTEX_POINT('',#6489);
#1863=VERTEX_POINT('',#6493);
#1864=VERTEX_POINT('',#6495);
#1865=VERTEX_POINT('',#6502);
#1866=VERTEX_POINT('',#6506);
#1867=VERTEX_POINT('',#6511);
#1868=VERTEX_POINT('',#6515);
#1869=VERTEX_POINT('',#6523);
#1870=VERTEX_POINT('',#6525);
#1871=VERTEX_POINT('',#6536);
#1872=VERTEX_POINT('',#6538);
#1873=VERTEX_POINT('',#6549);
#1874=VERTEX_POINT('',#6576);
#1875=VERTEX_POINT('',#6578);
#1876=VERTEX_POINT('',#6583);
#1877=VERTEX_POINT('',#6585);
#1878=VERTEX_POINT('',#6590);
#1879=VERTEX_POINT('',#6591);
#1880=VERTEX_POINT('',#6593);
#1881=VERTEX_POINT('',#6595);
#1882=VERTEX_POINT('',#6599);
#1883=VERTEX_POINT('',#6601);
#1884=VERTEX_POINT('',#6605);
#1885=VERTEX_POINT('',#6607);
#1886=VERTEX_POINT('',#6609);
#1887=VERTEX_POINT('',#6611);
#1888=VERTEX_POINT('',#6613);
#1889=VERTEX_POINT('',#6615);
#1890=VERTEX_POINT('',#6617);
#1891=VERTEX_POINT('',#6619);
#1892=VERTEX_POINT('',#6621);
#1893=VERTEX_POINT('',#6623);
#1894=VERTEX_POINT('',#6627);
#1895=VERTEX_POINT('',#6629);
#1896=VERTEX_POINT('',#6631);
#1897=VERTEX_POINT('',#6633);
#1898=VERTEX_POINT('',#6637);
#1899=VERTEX_POINT('',#6639);
#1900=VERTEX_POINT('',#6643);
#1901=VERTEX_POINT('',#6645);
#1902=VERTEX_POINT('',#6647);
#1903=VERTEX_POINT('',#6649);
#1904=VERTEX_POINT('',#6651);
#1905=VERTEX_POINT('',#6655);
#1906=VERTEX_POINT('',#6657);
#1907=VERTEX_POINT('',#6659);
#1908=VERTEX_POINT('',#6663);
#1909=VERTEX_POINT('',#6664);
#1910=VERTEX_POINT('',#6666);
#1911=VERTEX_POINT('',#6668);
#1912=VERTEX_POINT('',#6670);
#1913=VERTEX_POINT('',#6672);
#1914=VERTEX_POINT('',#6674);
#1915=VERTEX_POINT('',#6676);
#1916=VERTEX_POINT('',#6678);
#1917=VERTEX_POINT('',#6680);
#1918=VERTEX_POINT('',#6682);
#1919=VERTEX_POINT('',#6684);
#1920=VERTEX_POINT('',#6686);
#1921=VERTEX_POINT('',#6690);
#1922=VERTEX_POINT('',#6691);
#1923=VERTEX_POINT('',#6693);
#1924=VERTEX_POINT('',#6695);
#1925=VERTEX_POINT('',#6699);
#1926=VERTEX_POINT('',#6701);
#1927=VERTEX_POINT('',#6705);
#1928=VERTEX_POINT('',#6707);
#1929=VERTEX_POINT('',#6711);
#1930=VERTEX_POINT('',#6713);
#1931=VERTEX_POINT('',#6717);
#1932=VERTEX_POINT('',#6719);
#1933=VERTEX_POINT('',#6726);
#1934=VERTEX_POINT('',#6728);
#1935=VERTEX_POINT('',#6733);
#1936=VERTEX_POINT('',#6737);
#1937=VERTEX_POINT('',#6739);
#1938=VERTEX_POINT('',#6749);
#1939=VERTEX_POINT('',#6751);
#1940=VERTEX_POINT('',#6753);
#1941=VERTEX_POINT('',#6766);
#1942=VERTEX_POINT('',#6768);
#1943=VERTEX_POINT('',#6770);
#1944=VERTEX_POINT('',#6774);
#1945=VERTEX_POINT('',#6775);
#1946=VERTEX_POINT('',#6777);
#1947=VERTEX_POINT('',#6779);
#1948=VERTEX_POINT('',#6783);
#1949=VERTEX_POINT('',#6785);
#1950=VERTEX_POINT('',#6789);
#1951=VERTEX_POINT('',#6791);
#1952=VERTEX_POINT('',#6800);
#1953=VERTEX_POINT('',#6804);
#1954=VERTEX_POINT('',#6808);
#1955=VERTEX_POINT('',#6816);
#1956=VERTEX_POINT('',#6826);
#1957=VERTEX_POINT('',#6827);
#1958=VERTEX_POINT('',#6829);
#1959=VERTEX_POINT('',#6831);
#1960=VERTEX_POINT('',#6835);
#1961=VERTEX_POINT('',#6837);
#1962=VERTEX_POINT('',#6839);
#1963=VERTEX_POINT('',#6841);
#1964=VERTEX_POINT('',#6843);
#1965=VERTEX_POINT('',#6847);
#1966=VERTEX_POINT('',#6848);
#1967=VERTEX_POINT('',#6855);
#1968=VERTEX_POINT('',#6857);
#1969=VERTEX_POINT('',#6859);
#1970=VERTEX_POINT('',#6861);
#1971=VERTEX_POINT('',#6865);
#1972=VERTEX_POINT('',#6869);
#1973=VERTEX_POINT('',#6871);
#1974=VERTEX_POINT('',#6875);
#1975=VERTEX_POINT('',#6877);
#1976=VERTEX_POINT('',#6881);
#1977=VERTEX_POINT('',#6883);
#1978=VERTEX_POINT('',#6887);
#1979=VERTEX_POINT('',#6891);
#1980=VERTEX_POINT('',#6895);
#1981=VERTEX_POINT('',#6899);
#1982=VERTEX_POINT('',#6906);
#1983=VERTEX_POINT('',#6907);
#1984=VERTEX_POINT('',#6909);
#1985=VERTEX_POINT('',#6911);
#1986=VERTEX_POINT('',#6915);
#1987=VERTEX_POINT('',#6917);
#1988=VERTEX_POINT('',#6926);
#1989=VERTEX_POINT('',#6927);
#1990=VERTEX_POINT('',#6931);
#1991=VERTEX_POINT('',#6932);
#1992=VERTEX_POINT('',#6940);
#1993=VERTEX_POINT('',#6941);
#1994=VERTEX_POINT('',#6943);
#1995=VERTEX_POINT('',#6947);
#1996=VERTEX_POINT('',#6948);
#1997=VERTEX_POINT('',#6950);
#1998=VERTEX_POINT('',#6957);
#1999=VERTEX_POINT('',#6959);
#2000=VERTEX_POINT('',#6961);
#2001=VERTEX_POINT('',#6963);
#2002=VERTEX_POINT('',#6967);
#2003=VERTEX_POINT('',#6969);
#2004=VERTEX_POINT('',#6978);
#2005=VERTEX_POINT('',#6980);
#2006=VERTEX_POINT('',#6984);
#2007=VERTEX_POINT('',#6986);
#2008=VERTEX_POINT('',#6991);
#2009=VERTEX_POINT('',#6994);
#2010=VERTEX_POINT('',#6996);
#2011=VERTEX_POINT('',#6998);
#2012=VERTEX_POINT('',#7004);
#2013=VERTEX_POINT('',#7007);
#2014=VERTEX_POINT('',#7012);
#2015=VERTEX_POINT('',#7014);
#2016=VERTEX_POINT('',#7018);
#2017=VERTEX_POINT('',#7020);
#2018=VERTEX_POINT('',#7025);
#2019=VERTEX_POINT('',#7028);
#2020=VERTEX_POINT('',#7030);
#2021=VERTEX_POINT('',#7032);
#2022=VERTEX_POINT('',#7038);
#2023=VERTEX_POINT('',#7041);
#2024=VERTEX_POINT('',#7046);
#2025=VERTEX_POINT('',#7048);
#2026=VERTEX_POINT('',#7052);
#2027=VERTEX_POINT('',#7054);
#2028=VERTEX_POINT('',#7059);
#2029=VERTEX_POINT('',#7062);
#2030=VERTEX_POINT('',#7064);
#2031=VERTEX_POINT('',#7066);
#2032=VERTEX_POINT('',#7072);
#2033=VERTEX_POINT('',#7075);
#2034=VERTEX_POINT('',#7080);
#2035=VERTEX_POINT('',#7082);
#2036=VERTEX_POINT('',#7086);
#2037=VERTEX_POINT('',#7088);
#2038=VERTEX_POINT('',#7093);
#2039=VERTEX_POINT('',#7096);
#2040=VERTEX_POINT('',#7098);
#2041=VERTEX_POINT('',#7100);
#2042=VERTEX_POINT('',#7106);
#2043=VERTEX_POINT('',#7109);
#2044=VERTEX_POINT('',#7114);
#2045=VERTEX_POINT('',#7116);
#2046=VERTEX_POINT('',#7120);
#2047=VERTEX_POINT('',#7122);
#2048=VERTEX_POINT('',#7127);
#2049=VERTEX_POINT('',#7130);
#2050=VERTEX_POINT('',#7132);
#2051=VERTEX_POINT('',#7134);
#2052=VERTEX_POINT('',#7140);
#2053=VERTEX_POINT('',#7143);
#2054=EDGE_CURVE('',#1664,#1665,#800,.T.);
#2055=EDGE_CURVE('',#1666,#1664,#801,.T.);
#2056=EDGE_CURVE('',#1666,#1667,#802,.T.);
#2057=EDGE_CURVE('',#1667,#1665,#803,.T.);
#2058=EDGE_CURVE('',#1665,#1668,#804,.T.);
#2059=EDGE_CURVE('',#1667,#1669,#805,.T.);
#2060=EDGE_CURVE('',#1669,#1668,#806,.T.);
#2061=EDGE_CURVE('',#1668,#1670,#807,.T.);
#2062=EDGE_CURVE('',#1669,#1671,#808,.T.);
#2063=EDGE_CURVE('',#1671,#1670,#809,.T.);
#2064=EDGE_CURVE('',#1670,#1672,#810,.T.);
#2065=EDGE_CURVE('',#1671,#1673,#811,.T.);
#2066=EDGE_CURVE('',#1672,#1673,#812,.T.);
#2067=EDGE_CURVE('',#1674,#1675,#813,.T.);
#2068=EDGE_CURVE('',#1674,#1676,#814,.T.);
#2069=EDGE_CURVE('',#1676,#1677,#815,.T.);
#2070=EDGE_CURVE('',#1675,#1677,#816,.T.);
#2071=EDGE_CURVE('',#1677,#1678,#817,.T.);
#2072=EDGE_CURVE('',#1676,#1679,#818,.T.);
#2073=EDGE_CURVE('',#1678,#1679,#819,.T.);
#2074=EDGE_CURVE('',#1673,#1674,#820,.T.);
#2075=EDGE_CURVE('',#1680,#1666,#821,.T.);
#2076=EDGE_CURVE('',#1681,#1680,#822,.T.);
#2077=EDGE_CURVE('',#1682,#1681,#823,.T.);
#2078=EDGE_CURVE('',#1683,#1682,#824,.T.);
#2079=EDGE_CURVE('',#1684,#1683,#825,.T.);
#2080=EDGE_CURVE('',#1685,#1684,#826,.T.);
#2081=EDGE_CURVE('',#1686,#1685,#827,.T.);
#2082=EDGE_CURVE('',#1687,#1686,#828,.T.);
#2083=EDGE_CURVE('',#1688,#1687,#829,.T.);
#2084=EDGE_CURVE('',#1689,#1688,#830,.T.);
#2085=EDGE_CURVE('',#1690,#1689,#831,.T.);
#2086=EDGE_CURVE('',#1691,#1690,#832,.T.);
#2087=EDGE_CURVE('',#1679,#1691,#833,.T.);
#2088=EDGE_CURVE('',#1691,#1692,#834,.T.);
#2089=EDGE_CURVE('',#1690,#1693,#835,.T.);
#2090=EDGE_CURVE('',#1692,#1693,#836,.T.);
#2091=EDGE_CURVE('',#1694,#1664,#837,.T.);
#2092=EDGE_CURVE('',#1694,#1680,#838,.T.);
#2093=EDGE_CURVE('',#1693,#1695,#839,.T.);
#2094=EDGE_CURVE('',#1689,#1695,#840,.T.);
#2095=EDGE_CURVE('',#1695,#1696,#841,.T.);
#2096=EDGE_CURVE('',#1688,#1696,#842,.T.);
#2097=EDGE_CURVE('',#1696,#1697,#843,.T.);
#2098=EDGE_CURVE('',#1687,#1697,#844,.T.);
#2099=EDGE_CURVE('',#1697,#1698,#845,.T.);
#2100=EDGE_CURVE('',#1686,#1698,#846,.T.);
#2101=EDGE_CURVE('',#1698,#1699,#847,.T.);
#2102=EDGE_CURVE('',#1685,#1699,#848,.T.);
#2103=EDGE_CURVE('',#1699,#1700,#849,.T.);
#2104=EDGE_CURVE('',#1684,#1700,#850,.T.);
#2105=EDGE_CURVE('',#1700,#1701,#851,.T.);
#2106=EDGE_CURVE('',#1683,#1701,#852,.T.);
#2107=EDGE_CURVE('',#1701,#1702,#853,.T.);
#2108=EDGE_CURVE('',#1682,#1702,#854,.T.);
#2109=EDGE_CURVE('',#1702,#1703,#855,.T.);
#2110=EDGE_CURVE('',#1681,#1703,#856,.T.);
#2111=EDGE_CURVE('',#1703,#1694,#857,.T.);
#2112=EDGE_CURVE('',#1704,#1678,#858,.T.);
#2113=EDGE_CURVE('',#1705,#1704,#859,.T.);
#2114=EDGE_CURVE('',#1706,#1705,#860,.T.);
#2115=EDGE_CURVE('',#1675,#1706,#861,.T.);
#2116=EDGE_CURVE('',#1706,#1707,#862,.T.);
#2117=EDGE_CURVE('',#1708,#1707,#863,.T.);
#2118=EDGE_CURVE('',#1708,#1704,#864,.T.);
#2119=EDGE_CURVE('',#1692,#1709,#865,.T.);
#2120=EDGE_CURVE('',#1709,#1710,#866,.T.);
#2121=EDGE_CURVE('',#1711,#1710,#867,.T.);
#2122=EDGE_CURVE('',#1711,#1712,#868,.T.);
#2123=EDGE_CURVE('',#1713,#1712,#869,.T.);
#2124=EDGE_CURVE('',#1714,#1713,#870,.T.);
#2125=EDGE_CURVE('',#1715,#1714,#871,.T.);
#2126=EDGE_CURVE('',#1715,#1716,#872,.T.);
#2127=EDGE_CURVE('',#1716,#1672,#873,.T.);
#2128=EDGE_CURVE('',#1717,#1718,#874,.T.);
#2129=EDGE_CURVE('',#1719,#1717,#875,.T.);
#2130=EDGE_CURVE('',#1719,#1720,#876,.T.);
#2131=EDGE_CURVE('',#1720,#1718,#877,.T.);
#2132=EDGE_CURVE('',#1718,#1721,#878,.T.);
#2133=EDGE_CURVE('',#1720,#1722,#879,.T.);
#2134=EDGE_CURVE('',#1722,#1721,#880,.T.);
#2135=EDGE_CURVE('',#1721,#1723,#93,.T.);
#2136=EDGE_CURVE('',#1722,#1724,#94,.T.);
#2137=EDGE_CURVE('',#1724,#1723,#881,.T.);
#2138=EDGE_CURVE('',#1723,#1725,#882,.T.);
#2139=EDGE_CURVE('',#1724,#1726,#883,.T.);
#2140=EDGE_CURVE('',#1726,#1725,#884,.T.);
#2141=EDGE_CURVE('',#1725,#1727,#885,.T.);
#2142=EDGE_CURVE('',#1726,#1728,#886,.T.);
#2143=EDGE_CURVE('',#1728,#1727,#887,.T.);
#2144=EDGE_CURVE('',#1727,#1729,#95,.T.);
#2145=EDGE_CURVE('',#1728,#1730,#96,.T.);
#2146=EDGE_CURVE('',#1730,#1729,#888,.T.);
#2147=EDGE_CURVE('',#1729,#1731,#889,.T.);
#2148=EDGE_CURVE('',#1730,#1732,#890,.T.);
#2149=EDGE_CURVE('',#1732,#1731,#891,.T.);
#2150=EDGE_CURVE('',#1731,#1733,#892,.T.);
#2151=EDGE_CURVE('',#1732,#1734,#893,.T.);
#2152=EDGE_CURVE('',#1734,#1733,#894,.T.);
#2153=EDGE_CURVE('',#1733,#1735,#97,.T.);
#2154=EDGE_CURVE('',#1734,#1736,#98,.T.);
#2155=EDGE_CURVE('',#1736,#1735,#895,.T.);
#2156=EDGE_CURVE('',#1735,#1737,#896,.T.);
#2157=EDGE_CURVE('',#1736,#1738,#897,.T.);
#2158=EDGE_CURVE('',#1738,#1737,#898,.T.);
#2159=EDGE_CURVE('',#1737,#1739,#899,.T.);
#2160=EDGE_CURVE('',#1738,#1740,#900,.T.);
#2161=EDGE_CURVE('',#1739,#1740,#901,.T.);
#2162=EDGE_CURVE('',#1741,#1716,#99,.T.);
#2163=EDGE_CURVE('',#1742,#1741,#902,.T.);
#2164=EDGE_CURVE('',#1743,#1742,#903,.T.);
#2165=EDGE_CURVE('',#1740,#1743,#100,.T.);
#2166=EDGE_CURVE('',#1709,#1719,#101,.T.);
#2167=EDGE_CURVE('',#1739,#1744,#102,.T.);
#2168=EDGE_CURVE('',#1743,#1744,#904,.T.);
#2169=EDGE_CURVE('',#1744,#1745,#905,.T.);
#2170=EDGE_CURVE('',#1742,#1745,#906,.T.);
#2171=EDGE_CURVE('',#1745,#1746,#907,.T.);
#2172=EDGE_CURVE('',#1741,#1746,#908,.T.);
#2173=EDGE_CURVE('',#1746,#1715,#103,.T.);
#2174=EDGE_CURVE('',#1707,#1747,#909,.T.);
#2175=EDGE_CURVE('',#1705,#1747,#910,.T.);
#2176=EDGE_CURVE('',#1747,#1708,#911,.T.);
#2177=EDGE_CURVE('',#1710,#1717,#104,.T.);
#2178=EDGE_CURVE('',#1748,#1748,#105,.T.);
#2179=EDGE_CURVE('',#1714,#1749,#912,.T.);
#2180=EDGE_CURVE('',#1749,#1750,#913,.T.);
#2181=EDGE_CURVE('',#1750,#1711,#914,.T.);
#2182=EDGE_CURVE('',#1751,#1752,#915,.T.);
#2183=EDGE_CURVE('',#1750,#1751,#916,.T.);
#2184=EDGE_CURVE('',#1749,#1752,#917,.T.);
#2185=EDGE_CURVE('',#1753,#1753,#106,.T.);
#2186=EDGE_CURVE('',#1712,#1751,#918,.T.);
#2187=EDGE_CURVE('',#1752,#1713,#919,.T.);
#2188=EDGE_CURVE('',#1748,#1753,#920,.T.);
#2189=EDGE_CURVE('',#1754,#1754,#107,.T.);
#2190=EDGE_CURVE('',#1754,#1755,#921,.T.);
#2191=EDGE_CURVE('',#1755,#1755,#108,.T.);
#2192=EDGE_CURVE('',#1756,#1756,#109,.T.);
#2193=EDGE_CURVE('',#1756,#1757,#922,.T.);
#2194=EDGE_CURVE('',#1757,#1757,#110,.T.);
#2195=EDGE_CURVE('',#1758,#1758,#111,.F.);
#2196=EDGE_CURVE('',#1759,#1759,#112,.T.);
#2197=EDGE_CURVE('',#1759,#1760,#113,.T.);
#2198=EDGE_CURVE('',#1760,#1761,#114,.T.);
#2199=EDGE_CURVE('',#1761,#1760,#115,.T.);
#2200=EDGE_CURVE('',#1758,#1761,#923,.T.);
#2201=EDGE_CURVE('',#1762,#1762,#116,.T.);
#2202=EDGE_CURVE('',#1763,#1763,#117,.T.);
#2203=EDGE_CURVE('',#1763,#1762,#924,.T.);
#2204=EDGE_CURVE('',#1764,#1765,#925,.T.);
#2205=EDGE_CURVE('',#1764,#1766,#926,.T.);
#2206=EDGE_CURVE('',#1767,#1766,#927,.T.);
#2207=EDGE_CURVE('',#1765,#1767,#928,.T.);
#2208=EDGE_CURVE('',#1768,#1764,#118,.T.);
#2209=EDGE_CURVE('',#1768,#1769,#929,.T.);
#2210=EDGE_CURVE('',#1766,#1769,#119,.T.);
#2211=EDGE_CURVE('',#1770,#1768,#930,.T.);
#2212=EDGE_CURVE('',#1771,#1770,#931,.T.);
#2213=EDGE_CURVE('',#1769,#1771,#932,.T.);
#2214=EDGE_CURVE('',#1767,#1772,#933,.T.);
#2215=EDGE_CURVE('',#1772,#1773,#934,.T.);
#2216=EDGE_CURVE('',#1773,#1765,#935,.T.);
#2217=EDGE_CURVE('',#1771,#1774,#936,.T.);
#2218=EDGE_CURVE('',#1774,#1775,#937,.T.);
#2219=EDGE_CURVE('',#1776,#1775,#938,.T.);
#2220=EDGE_CURVE('',#1776,#1777,#939,.T.);
#2221=EDGE_CURVE('',#1778,#1777,#120,.T.);
#2222=EDGE_CURVE('',#1779,#1778,#940,.T.);
#2223=EDGE_CURVE('',#1779,#1780,#941,.T.);
#2224=EDGE_CURVE('',#1781,#1780,#121,.T.);
#2225=EDGE_CURVE('',#1782,#1781,#942,.T.);
#2226=EDGE_CURVE('',#1782,#1783,#943,.T.);
#2227=EDGE_CURVE('',#1784,#1783,#122,.T.);
#2228=EDGE_CURVE('',#1785,#1784,#944,.T.);
#2229=EDGE_CURVE('',#1785,#1786,#945,.T.);
#2230=EDGE_CURVE('',#1787,#1786,#123,.T.);
#2231=EDGE_CURVE('',#1788,#1787,#946,.T.);
#2232=EDGE_CURVE('',#1788,#1789,#947,.T.);
#2233=EDGE_CURVE('',#1772,#1789,#124,.T.);
#2234=EDGE_CURVE('',#1790,#1773,#125,.T.);
#2235=EDGE_CURVE('',#1791,#1790,#948,.T.);
#2236=EDGE_CURVE('',#1792,#1791,#949,.T.);
#2237=EDGE_CURVE('',#1793,#1792,#126,.T.);
#2238=EDGE_CURVE('',#1794,#1793,#950,.T.);
#2239=EDGE_CURVE('',#1795,#1794,#951,.T.);
#2240=EDGE_CURVE('',#1796,#1795,#127,.T.);
#2241=EDGE_CURVE('',#1797,#1796,#952,.T.);
#2242=EDGE_CURVE('',#1798,#1797,#953,.T.);
#2243=EDGE_CURVE('',#1799,#1798,#128,.T.);
#2244=EDGE_CURVE('',#1800,#1799,#954,.T.);
#2245=EDGE_CURVE('',#1801,#1800,#955,.T.);
#2246=EDGE_CURVE('',#1802,#1801,#129,.T.);
#2247=EDGE_CURVE('',#1803,#1802,#956,.T.);
#2248=EDGE_CURVE('',#1804,#1803,#957,.T.);
#2249=EDGE_CURVE('',#1804,#1805,#958,.T.);
#2250=EDGE_CURVE('',#1805,#1770,#959,.T.);
#2251=EDGE_CURVE('',#1774,#1805,#960,.T.);
#2252=EDGE_CURVE('',#1775,#1804,#961,.T.);
#2253=EDGE_CURVE('',#1776,#1803,#962,.T.);
#2254=EDGE_CURVE('',#1789,#1790,#963,.T.);
#2255=EDGE_CURVE('',#1777,#1802,#964,.T.);
#2256=EDGE_CURVE('',#1778,#1801,#965,.T.);
#2257=EDGE_CURVE('',#1779,#1800,#966,.T.);
#2258=EDGE_CURVE('',#1780,#1799,#967,.T.);
#2259=EDGE_CURVE('',#1781,#1798,#968,.T.);
#2260=EDGE_CURVE('',#1797,#1782,#969,.T.);
#2261=EDGE_CURVE('',#1785,#1794,#970,.T.);
#2262=EDGE_CURVE('',#1784,#1795,#971,.T.);
#2263=EDGE_CURVE('',#1783,#1796,#972,.T.);
#2264=EDGE_CURVE('',#1791,#1788,#973,.T.);
#2265=EDGE_CURVE('',#1787,#1792,#974,.T.);
#2266=EDGE_CURVE('',#1786,#1793,#975,.T.);
#2267=EDGE_CURVE('',#1806,#1806,#130,.T.);
#2268=EDGE_CURVE('',#1806,#1807,#976,.T.);
#2269=EDGE_CURVE('',#1807,#1807,#131,.T.);
#2270=EDGE_CURVE('',#1808,#1808,#132,.T.);
#2271=EDGE_CURVE('',#1808,#1809,#977,.T.);
#2272=EDGE_CURVE('',#1809,#1809,#133,.T.);
#2273=EDGE_CURVE('',#1810,#1811,#978,.T.);
#2274=EDGE_CURVE('',#1811,#1812,#979,.T.);
#2275=EDGE_CURVE('',#1813,#1812,#980,.T.);
#2276=EDGE_CURVE('',#1814,#1813,#981,.T.);
#2277=EDGE_CURVE('',#1815,#1814,#982,.T.);
#2278=EDGE_CURVE('',#1816,#1815,#983,.T.);
#2279=EDGE_CURVE('',#1817,#1816,#984,.T.);
#2280=EDGE_CURVE('',#1810,#1817,#985,.T.);
#2281=EDGE_CURVE('',#1812,#1818,#986,.T.);
#2282=EDGE_CURVE('',#1818,#1819,#134,.T.);
#2283=EDGE_CURVE('',#1819,#1820,#987,.T.);
#2284=EDGE_CURVE('',#1821,#1820,#988,.T.);
#2285=EDGE_CURVE('',#1822,#1821,#989,.T.);
#2286=EDGE_CURVE('',#1823,#1822,#990,.T.);
#2287=EDGE_CURVE('',#1824,#1823,#991,.T.);
#2288=EDGE_CURVE('',#1824,#1825,#992,.T.);
#2289=EDGE_CURVE('',#1826,#1825,#993,.T.);
#2290=EDGE_CURVE('',#1813,#1826,#994,.T.);
#2291=EDGE_CURVE('',#1827,#1828,#995,.T.);
#2292=EDGE_CURVE('',#1829,#1827,#996,.T.);
#2293=EDGE_CURVE('',#1829,#1830,#997,.T.);
#2294=EDGE_CURVE('',#1830,#1828,#998,.T.);
#2295=EDGE_CURVE('',#1828,#1831,#999,.T.);
#2296=EDGE_CURVE('',#1830,#1832,#1000,.T.);
#2297=EDGE_CURVE('',#1832,#1831,#1001,.T.);
#2298=EDGE_CURVE('',#1831,#1833,#1002,.T.);
#2299=EDGE_CURVE('',#1832,#1810,#1003,.T.);
#2300=EDGE_CURVE('',#1834,#1817,#1004,.T.);
#2301=EDGE_CURVE('',#1833,#1834,#1005,.T.);
#2302=EDGE_CURVE('',#1835,#1811,#1006,.T.);
#2303=EDGE_CURVE('',#1811,#1829,#1007,.T.);
#2304=EDGE_CURVE('',#1835,#1827,#1008,.T.);
#2305=EDGE_CURVE('',#1836,#1835,#1009,.T.);
#2306=EDGE_CURVE('',#1836,#1818,#1010,.T.);
#2307=EDGE_CURVE('',#1837,#1836,#135,.T.);
#2308=EDGE_CURVE('',#1837,#1819,#1011,.T.);
#2309=EDGE_CURVE('',#1838,#1837,#1012,.T.);
#2310=EDGE_CURVE('',#1820,#1838,#1013,.T.);
#2311=EDGE_CURVE('',#1839,#1814,#1014,.T.);
#2312=EDGE_CURVE('',#1840,#1839,#1015,.T.);
#2313=EDGE_CURVE('',#1815,#1840,#1016,.T.);
#2314=EDGE_CURVE('',#1841,#1826,#1017,.T.);
#2315=EDGE_CURVE('',#1842,#1841,#1018,.T.);
#2316=EDGE_CURVE('',#1842,#1839,#1019,.T.);
#2317=EDGE_CURVE('',#1843,#1838,#1020,.F.);
#2318=EDGE_CURVE('',#1844,#1843,#13,.T.);
#2319=EDGE_CURVE('',#1845,#1844,#1021,.T.);
#2320=EDGE_CURVE('',#1846,#1845,#14,.T.);
#2321=EDGE_CURVE('',#1847,#1846,#1022,.T.);
#2322=EDGE_CURVE('',#1847,#1821,#1023,.T.);
#2323=EDGE_CURVE('',#1848,#1847,#1024,.T.);
#2324=EDGE_CURVE('',#1849,#1848,#15,.T.);
#2325=EDGE_CURVE('',#1822,#1849,#1025,.T.);
#2326=EDGE_CURVE('',#1850,#1849,#16,.T.);
#2327=EDGE_CURVE('',#1849,#1851,#136,.T.);
#2328=EDGE_CURVE('',#1851,#1852,#17,.T.);
#2329=EDGE_CURVE('',#1852,#1853,#137,.T.);
#2330=EDGE_CURVE('',#1853,#1850,#18,.T.);
#2331=EDGE_CURVE('',#1854,#1834,#1026,.T.);
#2332=EDGE_CURVE('',#1855,#1854,#19,.T.);
#2333=EDGE_CURVE('',#1856,#1855,#1027,.T.);
#2334=EDGE_CURVE('',#1857,#1856,#20,.T.);
#2335=EDGE_CURVE('',#1833,#1857,#1028,.F.);
#2336=EDGE_CURVE('',#1858,#1840,#1029,.T.);
#2337=EDGE_CURVE('',#1859,#1858,#1030,.T.);
#2338=EDGE_CURVE('',#1859,#1860,#1031,.T.);
#2339=EDGE_CURVE('',#1816,#1860,#1032,.T.);
#2340=EDGE_CURVE('',#1861,#1842,#1033,.T.);
#2341=EDGE_CURVE('',#1861,#1862,#1034,.T.);
#2342=EDGE_CURVE('',#1862,#1858,#1035,.T.);
#2343=EDGE_CURVE('',#1863,#1825,#1036,.T.);
#2344=EDGE_CURVE('',#1864,#1824,#1037,.T.);
#2345=EDGE_CURVE('',#1863,#1864,#1038,.T.);
#2346=EDGE_CURVE('',#1848,#1846,#138,.T.);
#2347=EDGE_CURVE('',#1860,#1863,#1039,.T.);
#2348=EDGE_CURVE('',#1864,#1865,#1040,.T.);
#2349=EDGE_CURVE('',#1854,#1865,#139,.T.);
#2350=EDGE_CURVE('',#1823,#1866,#1041,.T.);
#2351=EDGE_CURVE('',#1822,#1849,#1042,.T.);
#2352=EDGE_CURVE('',#1866,#1853,#1043,.T.);
#2353=EDGE_CURVE('',#1867,#1862,#1044,.T.);
#2354=EDGE_CURVE('',#1859,#1867,#1045,.T.);
#2355=EDGE_CURVE('',#1841,#1868,#1046,.T.);
#2356=EDGE_CURVE('',#1868,#1861,#1047,.T.);
#2357=EDGE_CURVE('',#1868,#1867,#1048,.T.);
#2358=EDGE_CURVE('',#1852,#1866,#1049,.T.);
#2359=EDGE_CURVE('',#1851,#1869,#1050,.F.);
#2360=EDGE_CURVE('',#1870,#1869,#21,.T.);
#2361=EDGE_CURVE('',#1871,#1870,#1051,.T.);
#2362=EDGE_CURVE('',#1872,#1871,#22,.T.);
#2363=EDGE_CURVE('',#1873,#1872,#1052,.T.);
#2364=EDGE_CURVE('',#1865,#1873,#23,.T.);
#2365=EDGE_CURVE('',#1869,#1844,#140,.T.);
#2366=EDGE_CURVE('',#1843,#1870,#141,.T.);
#2367=EDGE_CURVE('',#1845,#1849,#142,.T.);
#2368=EDGE_CURVE('',#1871,#1857,#143,.T.);
#2369=EDGE_CURVE('',#1873,#1855,#144,.T.);
#2370=EDGE_CURVE('',#1856,#1872,#145,.T.);
#2371=EDGE_CURVE('',#1874,#1874,#146,.T.);
#2372=EDGE_CURVE('',#1874,#1875,#1053,.T.);
#2373=EDGE_CURVE('',#1875,#1875,#147,.T.);
#2374=EDGE_CURVE('',#1876,#1876,#148,.T.);
#2375=EDGE_CURVE('',#1876,#1877,#1054,.T.);
#2376=EDGE_CURVE('',#1877,#1877,#149,.T.);
#2377=EDGE_CURVE('',#1878,#1879,#1055,.T.);
#2378=EDGE_CURVE('',#1880,#1878,#1056,.T.);
#2379=EDGE_CURVE('',#1881,#1880,#1057,.T.);
#2380=EDGE_CURVE('',#1879,#1881,#1058,.T.);
#2381=EDGE_CURVE('',#1882,#1880,#1059,.T.);
#2382=EDGE_CURVE('',#1883,#1882,#1060,.T.);
#2383=EDGE_CURVE('',#1881,#1883,#1061,.T.);
#2384=EDGE_CURVE('',#1884,#1882,#1062,.T.);
#2385=EDGE_CURVE('',#1884,#1885,#1063,.T.);
#2386=EDGE_CURVE('',#1885,#1886,#1064,.T.);
#2387=EDGE_CURVE('',#1886,#1887,#1065,.T.);
#2388=EDGE_CURVE('',#1887,#1888,#1066,.T.);
#2389=EDGE_CURVE('',#1888,#1889,#1067,.T.);
#2390=EDGE_CURVE('',#1889,#1890,#1068,.T.);
#2391=EDGE_CURVE('',#1890,#1891,#1069,.T.);
#2392=EDGE_CURVE('',#1891,#1892,#1070,.T.);
#2393=EDGE_CURVE('',#1892,#1893,#1071,.T.);
#2394=EDGE_CURVE('',#1893,#1883,#1072,.T.);
#2395=EDGE_CURVE('',#1878,#1894,#1073,.T.);
#2396=EDGE_CURVE('',#1895,#1894,#1074,.T.);
#2397=EDGE_CURVE('',#1896,#1895,#1075,.T.);
#2398=EDGE_CURVE('',#1896,#1897,#1076,.T.);
#2399=EDGE_CURVE('',#1897,#1884,#1077,.T.);
#2400=EDGE_CURVE('',#1893,#1898,#1078,.T.);
#2401=EDGE_CURVE('',#1892,#1899,#1079,.T.);
#2402=EDGE_CURVE('',#1899,#1898,#1080,.T.);
#2403=EDGE_CURVE('',#1898,#1900,#1081,.T.);
#2404=EDGE_CURVE('',#1900,#1901,#1082,.T.);
#2405=EDGE_CURVE('',#1902,#1901,#1083,.T.);
#2406=EDGE_CURVE('',#1903,#1902,#1084,.T.);
#2407=EDGE_CURVE('',#1903,#1904,#1085,.T.);
#2408=EDGE_CURVE('',#1904,#1879,#1086,.T.);
#2409=EDGE_CURVE('',#1905,#1885,#1087,.T.);
#2410=EDGE_CURVE('',#1906,#1897,#1088,.T.);
#2411=EDGE_CURVE('',#1907,#1906,#1089,.T.);
#2412=EDGE_CURVE('',#1905,#1907,#150,.T.);
#2413=EDGE_CURVE('',#1908,#1909,#1090,.T.);
#2414=EDGE_CURVE('',#1908,#1910,#151,.T.);
#2415=EDGE_CURVE('',#1911,#1910,#1091,.T.);
#2416=EDGE_CURVE('',#1912,#1911,#152,.T.);
#2417=EDGE_CURVE('',#1913,#1912,#1092,.T.);
#2418=EDGE_CURVE('',#1913,#1914,#1093,.T.);
#2419=EDGE_CURVE('',#1914,#1915,#153,.T.);
#2420=EDGE_CURVE('',#1916,#1915,#1094,.T.);
#2421=EDGE_CURVE('',#1917,#1916,#154,.T.);
#2422=EDGE_CURVE('',#1918,#1917,#1095,.T.);
#2423=EDGE_CURVE('',#1919,#1918,#155,.T.);
#2424=EDGE_CURVE('',#1920,#1919,#1096,.T.);
#2425=EDGE_CURVE('',#1909,#1920,#156,.T.);
#2426=EDGE_CURVE('',#1921,#1922,#1097,.T.);
#2427=EDGE_CURVE('',#1921,#1923,#1098,.T.);
#2428=EDGE_CURVE('',#1923,#1924,#1099,.T.);
#2429=EDGE_CURVE('',#1922,#1924,#1100,.T.);
#2430=EDGE_CURVE('',#1925,#1921,#1101,.T.);
#2431=EDGE_CURVE('',#1925,#1926,#1102,.T.);
#2432=EDGE_CURVE('',#1926,#1923,#1103,.T.);
#2433=EDGE_CURVE('',#1927,#1925,#157,.T.);
#2434=EDGE_CURVE('',#1927,#1928,#1104,.T.);
#2435=EDGE_CURVE('',#1928,#1926,#158,.T.);
#2436=EDGE_CURVE('',#1929,#1927,#1105,.T.);
#2437=EDGE_CURVE('',#1929,#1930,#1106,.T.);
#2438=EDGE_CURVE('',#1930,#1928,#1107,.T.);
#2439=EDGE_CURVE('',#1931,#1929,#1108,.T.);
#2440=EDGE_CURVE('',#1931,#1932,#1109,.T.);
#2441=EDGE_CURVE('',#1932,#1930,#1110,.T.);
#2442=EDGE_CURVE('',#1911,#1931,#1111,.T.);
#2443=EDGE_CURVE('',#1910,#1932,#1112,.T.);
#2444=EDGE_CURVE('',#1913,#1933,#1113,.T.);
#2445=EDGE_CURVE('',#1933,#1934,#1114,.T.);
#2446=EDGE_CURVE('',#1934,#1914,#1115,.T.);
#2447=EDGE_CURVE('',#1933,#1904,#1116,.T.);
#2448=EDGE_CURVE('',#1904,#1935,#1117,.T.);
#2449=EDGE_CURVE('',#1935,#1934,#1118,.T.);
#2450=EDGE_CURVE('',#1936,#1903,#159,.T.);
#2451=EDGE_CURVE('',#1936,#1937,#1119,.T.);
#2452=EDGE_CURVE('',#1937,#1935,#160,.T.);
#2453=EDGE_CURVE('',#1922,#1936,#1120,.T.);
#2454=EDGE_CURVE('',#1924,#1937,#1121,.T.);
#2455=EDGE_CURVE('',#1895,#1912,#1122,.T.);
#2456=EDGE_CURVE('',#1894,#1913,#1123,.T.);
#2457=EDGE_CURVE('',#1902,#1938,#161,.T.);
#2458=EDGE_CURVE('',#1938,#1939,#162,.T.);
#2459=EDGE_CURVE('',#1939,#1940,#1124,.T.);
#2460=EDGE_CURVE('',#1940,#1896,#1125,.T.);
#2461=EDGE_CURVE('',#1919,#1888,#1126,.T.);
#2462=EDGE_CURVE('',#1887,#1920,#1127,.T.);
#2463=EDGE_CURVE('',#1889,#1918,#1128,.T.);
#2464=EDGE_CURVE('',#1917,#1890,#1129,.T.);
#2465=EDGE_CURVE('',#1891,#1916,#1130,.T.);
#2466=EDGE_CURVE('',#1915,#1941,#1131,.T.);
#2467=EDGE_CURVE('',#1942,#1941,#1132,.T.);
#2468=EDGE_CURVE('',#1942,#1943,#1133,.T.);
#2469=EDGE_CURVE('',#1943,#1899,#1134,.T.);
#2470=EDGE_CURVE('',#1944,#1945,#1135,.T.);
#2471=EDGE_CURVE('',#1944,#1946,#1136,.T.);
#2472=EDGE_CURVE('',#1946,#1947,#1137,.T.);
#2473=EDGE_CURVE('',#1945,#1947,#1138,.T.);
#2474=EDGE_CURVE('',#1945,#1948,#163,.T.);
#2475=EDGE_CURVE('',#1947,#1949,#1139,.T.);
#2476=EDGE_CURVE('',#1948,#1949,#1140,.T.);
#2477=EDGE_CURVE('',#1948,#1950,#1141,.T.);
#2478=EDGE_CURVE('',#1949,#1951,#1142,.T.);
#2479=EDGE_CURVE('',#1950,#1951,#1143,.T.);
#2480=EDGE_CURVE('',#1901,#1944,#164,.T.);
#2481=EDGE_CURVE('',#1900,#1946,#1144,.T.);
#2482=EDGE_CURVE('',#1951,#1943,#1145,.T.);
#2483=EDGE_CURVE('',#1950,#1952,#165,.T.);
#2484=EDGE_CURVE('',#1952,#1905,#1146,.T.);
#2485=EDGE_CURVE('',#1907,#1939,#1147,.T.);
#2486=EDGE_CURVE('',#1938,#1953,#1148,.T.);
#2487=EDGE_CURVE('',#1953,#1953,#166,.T.);
#2488=EDGE_CURVE('',#1954,#1942,#1149,.T.);
#2489=EDGE_CURVE('',#1952,#1954,#1150,.T.);
#2490=EDGE_CURVE('',#1940,#1906,#1151,.T.);
#2491=EDGE_CURVE('',#1909,#1886,#1152,.T.);
#2492=EDGE_CURVE('',#1955,#1954,#1153,.T.);
#2493=EDGE_CURVE('',#1955,#1908,#1154,.T.);
#2494=EDGE_CURVE('',#1941,#1955,#1155,.T.);
#2495=EDGE_CURVE('',#1956,#1957,#1156,.T.);
#2496=EDGE_CURVE('',#1958,#1956,#1157,.T.);
#2497=EDGE_CURVE('',#1958,#1959,#1158,.T.);
#2498=EDGE_CURVE('',#1957,#1959,#1159,.T.);
#2499=EDGE_CURVE('',#1957,#1960,#1160,.T.);
#2500=EDGE_CURVE('',#1960,#1961,#167,.T.);
#2501=EDGE_CURVE('',#1961,#1962,#1161,.T.);
#2502=EDGE_CURVE('',#1962,#1963,#168,.T.);
#2503=EDGE_CURVE('',#1963,#1964,#1162,.T.);
#2504=EDGE_CURVE('',#1964,#1956,#1163,.T.);
#2505=EDGE_CURVE('',#1965,#1966,#169,.T.);
#2506=EDGE_CURVE('',#1959,#1965,#1164,.T.);
#2507=EDGE_CURVE('',#1966,#1958,#1165,.T.);
#2508=EDGE_CURVE('',#1960,#1965,#1166,.T.);
#2509=EDGE_CURVE('',#1966,#1967,#1167,.T.);
#2510=EDGE_CURVE('',#1967,#1968,#170,.T.);
#2511=EDGE_CURVE('',#1968,#1969,#1168,.T.);
#2512=EDGE_CURVE('',#1970,#1969,#171,.T.);
#2513=EDGE_CURVE('',#1961,#1970,#1169,.T.);
#2514=EDGE_CURVE('',#1971,#1964,#1170,.T.);
#2515=EDGE_CURVE('',#1971,#1967,#1171,.T.);
#2516=EDGE_CURVE('',#1972,#1971,#1172,.T.);
#2517=EDGE_CURVE('',#1972,#1973,#1173,.T.);
#2518=EDGE_CURVE('',#1968,#1973,#1174,.T.);
#2519=EDGE_CURVE('',#1974,#1972,#1175,.T.);
#2520=EDGE_CURVE('',#1975,#1974,#1176,.T.);
#2521=EDGE_CURVE('',#1973,#1975,#1177,.T.);
#2522=EDGE_CURVE('',#1976,#1975,#1178,.T.);
#2523=EDGE_CURVE('',#1977,#1976,#1179,.T.);
#2524=EDGE_CURVE('',#1969,#1977,#1180,.T.);
#2525=EDGE_CURVE('',#1974,#1978,#1181,.T.);
#2526=EDGE_CURVE('',#1978,#1976,#172,.T.);
#2527=EDGE_CURVE('',#1979,#1970,#1182,.T.);
#2528=EDGE_CURVE('',#1962,#1979,#1183,.T.);
#2529=EDGE_CURVE('',#1980,#1979,#173,.T.);
#2530=EDGE_CURVE('',#1963,#1980,#1184,.T.);
#2531=EDGE_CURVE('',#1981,#1980,#1185,.T.);
#2532=EDGE_CURVE('',#1978,#1981,#1186,.T.);
#2533=EDGE_CURVE('',#1977,#1981,#174,.T.);
#2534=EDGE_CURVE('',#1982,#1983,#1187,.T.);
#2535=EDGE_CURVE('',#1982,#1984,#1188,.T.);
#2536=EDGE_CURVE('',#1985,#1984,#1189,.T.);
#2537=EDGE_CURVE('',#1983,#1985,#1190,.T.);
#2538=EDGE_CURVE('',#1986,#1983,#1191,.T.);
#2539=EDGE_CURVE('',#1987,#1985,#1192,.T.);
#2540=EDGE_CURVE('',#1986,#1987,#1193,.T.);
#2541=EDGE_CURVE('',#1982,#1986,#175,.T.);
#2542=EDGE_CURVE('',#1984,#1987,#176,.T.);
#2543=EDGE_CURVE('',#1988,#1989,#1194,.T.);
#2544=EDGE_CURVE('',#1989,#1988,#177,.T.);
#2545=EDGE_CURVE('',#1990,#1991,#1195,.T.);
#2546=EDGE_CURVE('',#1991,#1990,#178,.T.);
#2547=EDGE_CURVE('',#1990,#1989,#1196,.T.);
#2548=EDGE_CURVE('',#1991,#1988,#1197,.T.);
#2549=EDGE_CURVE('',#1992,#1993,#179,.T.);
#2550=EDGE_CURVE('',#1994,#1992,#1198,.T.);
#2551=EDGE_CURVE('',#1993,#1994,#1199,.T.);
#2552=EDGE_CURVE('',#1995,#1996,#180,.T.);
#2553=EDGE_CURVE('',#1997,#1995,#1200,.T.);
#2554=EDGE_CURVE('',#1997,#1996,#1201,.T.);
#2555=EDGE_CURVE('',#1996,#1992,#1202,.T.);
#2556=EDGE_CURVE('',#1994,#1997,#1203,.T.);
#2557=EDGE_CURVE('',#1998,#1995,#1204,.T.);
#2558=EDGE_CURVE('',#1999,#1998,#1205,.T.);
#2559=EDGE_CURVE('',#1999,#2000,#1206,.T.);
#2560=EDGE_CURVE('',#2001,#2000,#1207,.T.);
#2561=EDGE_CURVE('',#1993,#2001,#1208,.T.);
#2562=EDGE_CURVE('',#2002,#2001,#181,.T.);
#2563=EDGE_CURVE('',#2003,#2002,#1209,.T.);
#2564=EDGE_CURVE('',#2003,#1998,#182,.T.);
#2565=EDGE_CURVE('',#1999,#2003,#1210,.T.);
#2566=EDGE_CURVE('',#2000,#2002,#1211,.T.);
#2567=EDGE_CURVE('',#2004,#2004,#183,.T.);
#2568=EDGE_CURVE('',#2004,#2005,#1212,.T.);
#2569=EDGE_CURVE('',#2005,#2005,#184,.T.);
#2570=EDGE_CURVE('',#2006,#2006,#185,.T.);
#2571=EDGE_CURVE('',#2006,#2007,#1213,.T.);
#2572=EDGE_CURVE('',#2007,#2007,#186,.T.);
#2573=EDGE_CURVE('',#2008,#2008,#187,.F.);
#2574=EDGE_CURVE('',#2009,#2009,#188,.T.);
#2575=EDGE_CURVE('',#2009,#2010,#189,.T.);
#2576=EDGE_CURVE('',#2010,#2011,#190,.T.);
#2577=EDGE_CURVE('',#2011,#2010,#191,.T.);
#2578=EDGE_CURVE('',#2008,#2011,#1214,.T.);
#2579=EDGE_CURVE('',#2012,#2012,#192,.T.);
#2580=EDGE_CURVE('',#2013,#2013,#193,.T.);
#2581=EDGE_CURVE('',#2013,#2012,#1215,.T.);
#2582=EDGE_CURVE('',#2014,#2014,#194,.T.);
#2583=EDGE_CURVE('',#2014,#2015,#1216,.T.);
#2584=EDGE_CURVE('',#2015,#2015,#195,.T.);
#2585=EDGE_CURVE('',#2016,#2016,#196,.T.);
#2586=EDGE_CURVE('',#2016,#2017,#1217,.T.);
#2587=EDGE_CURVE('',#2017,#2017,#197,.T.);
#2588=EDGE_CURVE('',#2018,#2018,#198,.F.);
#2589=EDGE_CURVE('',#2019,#2019,#199,.T.);
#2590=EDGE_CURVE('',#2019,#2020,#200,.T.);
#2591=EDGE_CURVE('',#2020,#2021,#201,.T.);
#2592=EDGE_CURVE('',#2021,#2020,#202,.T.);
#2593=EDGE_CURVE('',#2018,#2021,#1218,.T.);
#2594=EDGE_CURVE('',#2022,#2022,#203,.T.);
#2595=EDGE_CURVE('',#2023,#2023,#204,.T.);
#2596=EDGE_CURVE('',#2023,#2022,#1219,.T.);
#2597=EDGE_CURVE('',#2024,#2024,#205,.T.);
#2598=EDGE_CURVE('',#2024,#2025,#1220,.T.);
#2599=EDGE_CURVE('',#2025,#2025,#206,.T.);
#2600=EDGE_CURVE('',#2026,#2026,#207,.T.);
#2601=EDGE_CURVE('',#2026,#2027,#1221,.T.);
#2602=EDGE_CURVE('',#2027,#2027,#208,.T.);
#2603=EDGE_CURVE('',#2028,#2028,#209,.F.);
#2604=EDGE_CURVE('',#2029,#2029,#210,.T.);
#2605=EDGE_CURVE('',#2029,#2030,#211,.T.);
#2606=EDGE_CURVE('',#2030,#2031,#212,.T.);
#2607=EDGE_CURVE('',#2031,#2030,#213,.T.);
#2608=EDGE_CURVE('',#2028,#2031,#1222,.T.);
#2609=EDGE_CURVE('',#2032,#2032,#214,.T.);
#2610=EDGE_CURVE('',#2033,#2033,#215,.T.);
#2611=EDGE_CURVE('',#2033,#2032,#1223,.T.);
#2612=EDGE_CURVE('',#2034,#2034,#216,.T.);
#2613=EDGE_CURVE('',#2034,#2035,#1224,.T.);
#2614=EDGE_CURVE('',#2035,#2035,#217,.T.);
#2615=EDGE_CURVE('',#2036,#2036,#218,.T.);
#2616=EDGE_CURVE('',#2036,#2037,#1225,.T.);
#2617=EDGE_CURVE('',#2037,#2037,#219,.T.);
#2618=EDGE_CURVE('',#2038,#2038,#220,.F.);
#2619=EDGE_CURVE('',#2039,#2039,#221,.T.);
#2620=EDGE_CURVE('',#2039,#2040,#222,.T.);
#2621=EDGE_CURVE('',#2040,#2041,#223,.T.);
#2622=EDGE_CURVE('',#2041,#2040,#224,.T.);
#2623=EDGE_CURVE('',#2038,#2041,#1226,.T.);
#2624=EDGE_CURVE('',#2042,#2042,#225,.T.);
#2625=EDGE_CURVE('',#2043,#2043,#226,.T.);
#2626=EDGE_CURVE('',#2043,#2042,#1227,.T.);
#2627=EDGE_CURVE('',#2044,#2044,#227,.T.);
#2628=EDGE_CURVE('',#2044,#2045,#1228,.T.);
#2629=EDGE_CURVE('',#2045,#2045,#228,.T.);
#2630=EDGE_CURVE('',#2046,#2046,#229,.T.);
#2631=EDGE_CURVE('',#2046,#2047,#1229,.T.);
#2632=EDGE_CURVE('',#2047,#2047,#230,.T.);
#2633=EDGE_CURVE('',#2048,#2048,#231,.F.);
#2634=EDGE_CURVE('',#2049,#2049,#232,.T.);
#2635=EDGE_CURVE('',#2049,#2050,#233,.T.);
#2636=EDGE_CURVE('',#2050,#2051,#234,.T.);
#2637=EDGE_CURVE('',#2051,#2050,#235,.T.);
#2638=EDGE_CURVE('',#2048,#2051,#1230,.T.);
#2639=EDGE_CURVE('',#2052,#2052,#236,.T.);
#2640=EDGE_CURVE('',#2053,#2053,#237,.T.);
#2641=EDGE_CURVE('',#2053,#2052,#1231,.T.);
#2642=ORIENTED_EDGE('',*,*,#2054,.F.);
#2643=ORIENTED_EDGE('',*,*,#2055,.F.);
#2644=ORIENTED_EDGE('',*,*,#2056,.T.);
#2645=ORIENTED_EDGE('',*,*,#2057,.T.);
#2646=ORIENTED_EDGE('',*,*,#2058,.F.);
#2647=ORIENTED_EDGE('',*,*,#2057,.F.);
#2648=ORIENTED_EDGE('',*,*,#2059,.T.);
#2649=ORIENTED_EDGE('',*,*,#2060,.T.);
#2650=ORIENTED_EDGE('',*,*,#2061,.F.);
#2651=ORIENTED_EDGE('',*,*,#2060,.F.);
#2652=ORIENTED_EDGE('',*,*,#2062,.T.);
#2653=ORIENTED_EDGE('',*,*,#2063,.T.);
#2654=ORIENTED_EDGE('',*,*,#2064,.F.);
#2655=ORIENTED_EDGE('',*,*,#2063,.F.);
#2656=ORIENTED_EDGE('',*,*,#2065,.T.);
#2657=ORIENTED_EDGE('',*,*,#2066,.F.);
#2658=ORIENTED_EDGE('',*,*,#2067,.F.);
#2659=ORIENTED_EDGE('',*,*,#2068,.T.);
#2660=ORIENTED_EDGE('',*,*,#2069,.T.);
#2661=ORIENTED_EDGE('',*,*,#2070,.F.);
#2662=ORIENTED_EDGE('',*,*,#2071,.F.);
#2663=ORIENTED_EDGE('',*,*,#2069,.F.);
#2664=ORIENTED_EDGE('',*,*,#2072,.T.);
#2665=ORIENTED_EDGE('',*,*,#2073,.F.);
#2666=ORIENTED_EDGE('',*,*,#2074,.F.);
#2667=ORIENTED_EDGE('',*,*,#2065,.F.);
#2668=ORIENTED_EDGE('',*,*,#2062,.F.);
#2669=ORIENTED_EDGE('',*,*,#2059,.F.);
#2670=ORIENTED_EDGE('',*,*,#2056,.F.);
#2671=ORIENTED_EDGE('',*,*,#2075,.F.);
#2672=ORIENTED_EDGE('',*,*,#2076,.F.);
#2673=ORIENTED_EDGE('',*,*,#2077,.F.);
#2674=ORIENTED_EDGE('',*,*,#2078,.F.);
#2675=ORIENTED_EDGE('',*,*,#2079,.F.);
#2676=ORIENTED_EDGE('',*,*,#2080,.F.);
#2677=ORIENTED_EDGE('',*,*,#2081,.F.);
#2678=ORIENTED_EDGE('',*,*,#2082,.F.);
#2679=ORIENTED_EDGE('',*,*,#2083,.F.);
#2680=ORIENTED_EDGE('',*,*,#2084,.F.);
#2681=ORIENTED_EDGE('',*,*,#2085,.F.);
#2682=ORIENTED_EDGE('',*,*,#2086,.F.);
#2683=ORIENTED_EDGE('',*,*,#2087,.F.);
#2684=ORIENTED_EDGE('',*,*,#2072,.F.);
#2685=ORIENTED_EDGE('',*,*,#2068,.F.);
#2686=ORIENTED_EDGE('',*,*,#2088,.F.);
#2687=ORIENTED_EDGE('',*,*,#2086,.T.);
#2688=ORIENTED_EDGE('',*,*,#2089,.T.);
#2689=ORIENTED_EDGE('',*,*,#2090,.F.);
#2690=ORIENTED_EDGE('',*,*,#2091,.F.);
#2691=ORIENTED_EDGE('',*,*,#2092,.T.);
#2692=ORIENTED_EDGE('',*,*,#2075,.T.);
#2693=ORIENTED_EDGE('',*,*,#2055,.T.);
#2694=ORIENTED_EDGE('',*,*,#2093,.F.);
#2695=ORIENTED_EDGE('',*,*,#2089,.F.);
#2696=ORIENTED_EDGE('',*,*,#2085,.T.);
#2697=ORIENTED_EDGE('',*,*,#2094,.T.);
#2698=ORIENTED_EDGE('',*,*,#2095,.F.);
#2699=ORIENTED_EDGE('',*,*,#2094,.F.);
#2700=ORIENTED_EDGE('',*,*,#2084,.T.);
#2701=ORIENTED_EDGE('',*,*,#2096,.T.);
#2702=ORIENTED_EDGE('',*,*,#2097,.F.);
#2703=ORIENTED_EDGE('',*,*,#2096,.F.);
#2704=ORIENTED_EDGE('',*,*,#2083,.T.);
#2705=ORIENTED_EDGE('',*,*,#2098,.T.);
#2706=ORIENTED_EDGE('',*,*,#2099,.F.);
#2707=ORIENTED_EDGE('',*,*,#2098,.F.);
#2708=ORIENTED_EDGE('',*,*,#2082,.T.);
#2709=ORIENTED_EDGE('',*,*,#2100,.T.);
#2710=ORIENTED_EDGE('',*,*,#2101,.F.);
#2711=ORIENTED_EDGE('',*,*,#2100,.F.);
#2712=ORIENTED_EDGE('',*,*,#2081,.T.);
#2713=ORIENTED_EDGE('',*,*,#2102,.T.);
#2714=ORIENTED_EDGE('',*,*,#2103,.F.);
#2715=ORIENTED_EDGE('',*,*,#2102,.F.);
#2716=ORIENTED_EDGE('',*,*,#2080,.T.);
#2717=ORIENTED_EDGE('',*,*,#2104,.T.);
#2718=ORIENTED_EDGE('',*,*,#2105,.F.);
#2719=ORIENTED_EDGE('',*,*,#2104,.F.);
#2720=ORIENTED_EDGE('',*,*,#2079,.T.);
#2721=ORIENTED_EDGE('',*,*,#2106,.T.);
#2722=ORIENTED_EDGE('',*,*,#2107,.F.);
#2723=ORIENTED_EDGE('',*,*,#2106,.F.);
#2724=ORIENTED_EDGE('',*,*,#2078,.T.);
#2725=ORIENTED_EDGE('',*,*,#2108,.T.);
#2726=ORIENTED_EDGE('',*,*,#2109,.F.);
#2727=ORIENTED_EDGE('',*,*,#2108,.F.);
#2728=ORIENTED_EDGE('',*,*,#2077,.T.);
#2729=ORIENTED_EDGE('',*,*,#2110,.T.);
#2730=ORIENTED_EDGE('',*,*,#2111,.F.);
#2731=ORIENTED_EDGE('',*,*,#2110,.F.);
#2732=ORIENTED_EDGE('',*,*,#2076,.T.);
#2733=ORIENTED_EDGE('',*,*,#2092,.F.);
#2734=ORIENTED_EDGE('',*,*,#2070,.T.);
#2735=ORIENTED_EDGE('',*,*,#2071,.T.);
#2736=ORIENTED_EDGE('',*,*,#2112,.F.);
#2737=ORIENTED_EDGE('',*,*,#2113,.F.);
#2738=ORIENTED_EDGE('',*,*,#2114,.F.);
#2739=ORIENTED_EDGE('',*,*,#2115,.F.);
#2740=ORIENTED_EDGE('',*,*,#2066,.T.);
#2741=ORIENTED_EDGE('',*,*,#2074,.T.);
#2742=ORIENTED_EDGE('',*,*,#2067,.T.);
#2743=ORIENTED_EDGE('',*,*,#2115,.T.);
#2744=ORIENTED_EDGE('',*,*,#2116,.T.);
#2745=ORIENTED_EDGE('',*,*,#2117,.F.);
#2746=ORIENTED_EDGE('',*,*,#2118,.T.);
#2747=ORIENTED_EDGE('',*,*,#2112,.T.);
#2748=ORIENTED_EDGE('',*,*,#2073,.T.);
#2749=ORIENTED_EDGE('',*,*,#2087,.T.);
#2750=ORIENTED_EDGE('',*,*,#2088,.T.);
#2751=ORIENTED_EDGE('',*,*,#2119,.T.);
#2752=ORIENTED_EDGE('',*,*,#2120,.T.);
#2753=ORIENTED_EDGE('',*,*,#2121,.F.);
#2754=ORIENTED_EDGE('',*,*,#2122,.T.);
#2755=ORIENTED_EDGE('',*,*,#2123,.F.);
#2756=ORIENTED_EDGE('',*,*,#2124,.F.);
#2757=ORIENTED_EDGE('',*,*,#2125,.F.);
#2758=ORIENTED_EDGE('',*,*,#2126,.T.);
#2759=ORIENTED_EDGE('',*,*,#2127,.T.);
#2760=ORIENTED_EDGE('',*,*,#2128,.F.);
#2761=ORIENTED_EDGE('',*,*,#2129,.F.);
#2762=ORIENTED_EDGE('',*,*,#2130,.T.);
#2763=ORIENTED_EDGE('',*,*,#2131,.T.);
#2764=ORIENTED_EDGE('',*,*,#2132,.F.);
#2765=ORIENTED_EDGE('',*,*,#2131,.F.);
#2766=ORIENTED_EDGE('',*,*,#2133,.T.);
#2767=ORIENTED_EDGE('',*,*,#2134,.T.);
#2768=ORIENTED_EDGE('',*,*,#2135,.F.);
#2769=ORIENTED_EDGE('',*,*,#2134,.F.);
#2770=ORIENTED_EDGE('',*,*,#2136,.T.);
#2771=ORIENTED_EDGE('',*,*,#2137,.T.);
#2772=ORIENTED_EDGE('',*,*,#2138,.F.);
#2773=ORIENTED_EDGE('',*,*,#2137,.F.);
#2774=ORIENTED_EDGE('',*,*,#2139,.T.);
#2775=ORIENTED_EDGE('',*,*,#2140,.T.);
#2776=ORIENTED_EDGE('',*,*,#2141,.F.);
#2777=ORIENTED_EDGE('',*,*,#2140,.F.);
#2778=ORIENTED_EDGE('',*,*,#2142,.T.);
#2779=ORIENTED_EDGE('',*,*,#2143,.T.);
#2780=ORIENTED_EDGE('',*,*,#2144,.F.);
#2781=ORIENTED_EDGE('',*,*,#2143,.F.);
#2782=ORIENTED_EDGE('',*,*,#2145,.T.);
#2783=ORIENTED_EDGE('',*,*,#2146,.T.);
#2784=ORIENTED_EDGE('',*,*,#2147,.F.);
#2785=ORIENTED_EDGE('',*,*,#2146,.F.);
#2786=ORIENTED_EDGE('',*,*,#2148,.T.);
#2787=ORIENTED_EDGE('',*,*,#2149,.T.);
#2788=ORIENTED_EDGE('',*,*,#2150,.F.);
#2789=ORIENTED_EDGE('',*,*,#2149,.F.);
#2790=ORIENTED_EDGE('',*,*,#2151,.T.);
#2791=ORIENTED_EDGE('',*,*,#2152,.T.);
#2792=ORIENTED_EDGE('',*,*,#2153,.F.);
#2793=ORIENTED_EDGE('',*,*,#2152,.F.);
#2794=ORIENTED_EDGE('',*,*,#2154,.T.);
#2795=ORIENTED_EDGE('',*,*,#2155,.T.);
#2796=ORIENTED_EDGE('',*,*,#2156,.F.);
#2797=ORIENTED_EDGE('',*,*,#2155,.F.);
#2798=ORIENTED_EDGE('',*,*,#2157,.T.);
#2799=ORIENTED_EDGE('',*,*,#2158,.T.);
#2800=ORIENTED_EDGE('',*,*,#2159,.F.);
#2801=ORIENTED_EDGE('',*,*,#2158,.F.);
#2802=ORIENTED_EDGE('',*,*,#2160,.T.);
#2803=ORIENTED_EDGE('',*,*,#2161,.F.);
#2804=ORIENTED_EDGE('',*,*,#2064,.T.);
#2805=ORIENTED_EDGE('',*,*,#2127,.F.);
#2806=ORIENTED_EDGE('',*,*,#2162,.F.);
#2807=ORIENTED_EDGE('',*,*,#2163,.F.);
#2808=ORIENTED_EDGE('',*,*,#2164,.F.);
#2809=ORIENTED_EDGE('',*,*,#2165,.F.);
#2810=ORIENTED_EDGE('',*,*,#2160,.F.);
#2811=ORIENTED_EDGE('',*,*,#2157,.F.);
#2812=ORIENTED_EDGE('',*,*,#2154,.F.);
#2813=ORIENTED_EDGE('',*,*,#2151,.F.);
#2814=ORIENTED_EDGE('',*,*,#2148,.F.);
#2815=ORIENTED_EDGE('',*,*,#2145,.F.);
#2816=ORIENTED_EDGE('',*,*,#2142,.F.);
#2817=ORIENTED_EDGE('',*,*,#2139,.F.);
#2818=ORIENTED_EDGE('',*,*,#2136,.F.);
#2819=ORIENTED_EDGE('',*,*,#2133,.F.);
#2820=ORIENTED_EDGE('',*,*,#2130,.F.);
#2821=ORIENTED_EDGE('',*,*,#2166,.F.);
#2822=ORIENTED_EDGE('',*,*,#2119,.F.);
#2823=ORIENTED_EDGE('',*,*,#2090,.T.);
#2824=ORIENTED_EDGE('',*,*,#2093,.T.);
#2825=ORIENTED_EDGE('',*,*,#2095,.T.);
#2826=ORIENTED_EDGE('',*,*,#2097,.T.);
#2827=ORIENTED_EDGE('',*,*,#2099,.T.);
#2828=ORIENTED_EDGE('',*,*,#2101,.T.);
#2829=ORIENTED_EDGE('',*,*,#2103,.T.);
#2830=ORIENTED_EDGE('',*,*,#2105,.T.);
#2831=ORIENTED_EDGE('',*,*,#2107,.T.);
#2832=ORIENTED_EDGE('',*,*,#2109,.T.);
#2833=ORIENTED_EDGE('',*,*,#2111,.T.);
#2834=ORIENTED_EDGE('',*,*,#2091,.T.);
#2835=ORIENTED_EDGE('',*,*,#2054,.T.);
#2836=ORIENTED_EDGE('',*,*,#2058,.T.);
#2837=ORIENTED_EDGE('',*,*,#2061,.T.);
#2838=ORIENTED_EDGE('',*,*,#2167,.F.);
#2839=ORIENTED_EDGE('',*,*,#2161,.T.);
#2840=ORIENTED_EDGE('',*,*,#2165,.T.);
#2841=ORIENTED_EDGE('',*,*,#2168,.T.);
#2842=ORIENTED_EDGE('',*,*,#2169,.F.);
#2843=ORIENTED_EDGE('',*,*,#2168,.F.);
#2844=ORIENTED_EDGE('',*,*,#2164,.T.);
#2845=ORIENTED_EDGE('',*,*,#2170,.T.);
#2846=ORIENTED_EDGE('',*,*,#2171,.F.);
#2847=ORIENTED_EDGE('',*,*,#2170,.F.);
#2848=ORIENTED_EDGE('',*,*,#2163,.T.);
#2849=ORIENTED_EDGE('',*,*,#2172,.T.);
#2850=ORIENTED_EDGE('',*,*,#2126,.F.);
#2851=ORIENTED_EDGE('',*,*,#2173,.F.);
#2852=ORIENTED_EDGE('',*,*,#2172,.F.);
#2853=ORIENTED_EDGE('',*,*,#2162,.T.);
#2854=ORIENTED_EDGE('',*,*,#2174,.F.);
#2855=ORIENTED_EDGE('',*,*,#2116,.F.);
#2856=ORIENTED_EDGE('',*,*,#2114,.T.);
#2857=ORIENTED_EDGE('',*,*,#2175,.T.);
#2858=ORIENTED_EDGE('',*,*,#2118,.F.);
#2859=ORIENTED_EDGE('',*,*,#2176,.F.);
#2860=ORIENTED_EDGE('',*,*,#2175,.F.);
#2861=ORIENTED_EDGE('',*,*,#2113,.T.);
#2862=ORIENTED_EDGE('',*,*,#2177,.F.);
#2863=ORIENTED_EDGE('',*,*,#2120,.F.);
#2864=ORIENTED_EDGE('',*,*,#2166,.T.);
#2865=ORIENTED_EDGE('',*,*,#2129,.T.);
#2866=ORIENTED_EDGE('',*,*,#2176,.T.);
#2867=ORIENTED_EDGE('',*,*,#2117,.T.);
#2868=ORIENTED_EDGE('',*,*,#2174,.T.);
#2869=ORIENTED_EDGE('',*,*,#2178,.T.);
#2870=ORIENTED_EDGE('',*,*,#2177,.T.);
#2871=ORIENTED_EDGE('',*,*,#2128,.T.);
#2872=ORIENTED_EDGE('',*,*,#2132,.T.);
#2873=ORIENTED_EDGE('',*,*,#2135,.T.);
#2874=ORIENTED_EDGE('',*,*,#2138,.T.);
#2875=ORIENTED_EDGE('',*,*,#2141,.T.);
#2876=ORIENTED_EDGE('',*,*,#2144,.T.);
#2877=ORIENTED_EDGE('',*,*,#2147,.T.);
#2878=ORIENTED_EDGE('',*,*,#2150,.T.);
#2879=ORIENTED_EDGE('',*,*,#2153,.T.);
#2880=ORIENTED_EDGE('',*,*,#2156,.T.);
#2881=ORIENTED_EDGE('',*,*,#2159,.T.);
#2882=ORIENTED_EDGE('',*,*,#2167,.T.);
#2883=ORIENTED_EDGE('',*,*,#2169,.T.);
#2884=ORIENTED_EDGE('',*,*,#2171,.T.);
#2885=ORIENTED_EDGE('',*,*,#2173,.T.);
#2886=ORIENTED_EDGE('',*,*,#2125,.T.);
#2887=ORIENTED_EDGE('',*,*,#2179,.T.);
#2888=ORIENTED_EDGE('',*,*,#2180,.T.);
#2889=ORIENTED_EDGE('',*,*,#2181,.T.);
#2890=ORIENTED_EDGE('',*,*,#2121,.T.);
#2891=ORIENTED_EDGE('',*,*,#2182,.F.);
#2892=ORIENTED_EDGE('',*,*,#2183,.F.);
#2893=ORIENTED_EDGE('',*,*,#2180,.F.);
#2894=ORIENTED_EDGE('',*,*,#2184,.T.);
#2895=ORIENTED_EDGE('',*,*,#2185,.F.);
#2896=ORIENTED_EDGE('',*,*,#2186,.T.);
#2897=ORIENTED_EDGE('',*,*,#2182,.T.);
#2898=ORIENTED_EDGE('',*,*,#2187,.T.);
#2899=ORIENTED_EDGE('',*,*,#2123,.T.);
#2900=ORIENTED_EDGE('',*,*,#2187,.F.);
#2901=ORIENTED_EDGE('',*,*,#2184,.F.);
#2902=ORIENTED_EDGE('',*,*,#2179,.F.);
#2903=ORIENTED_EDGE('',*,*,#2124,.T.);
#2904=ORIENTED_EDGE('',*,*,#2186,.F.);
#2905=ORIENTED_EDGE('',*,*,#2122,.F.);
#2906=ORIENTED_EDGE('',*,*,#2181,.F.);
#2907=ORIENTED_EDGE('',*,*,#2183,.T.);
#2908=ORIENTED_EDGE('',*,*,#2178,.F.);
#2909=ORIENTED_EDGE('',*,*,#2188,.T.);
#2910=ORIENTED_EDGE('',*,*,#2185,.T.);
#2911=ORIENTED_EDGE('',*,*,#2188,.F.);
#2912=ORIENTED_EDGE('',*,*,#2189,.F.);
#2913=ORIENTED_EDGE('',*,*,#2190,.T.);
#2914=ORIENTED_EDGE('',*,*,#2191,.T.);
#2915=ORIENTED_EDGE('',*,*,#2190,.F.);
#2916=ORIENTED_EDGE('',*,*,#2192,.F.);
#2917=ORIENTED_EDGE('',*,*,#2193,.T.);
#2918=ORIENTED_EDGE('',*,*,#2194,.T.);
#2919=ORIENTED_EDGE('',*,*,#2193,.F.);
#2920=ORIENTED_EDGE('',*,*,#2194,.F.);
#2921=ORIENTED_EDGE('',*,*,#2191,.F.);
#2922=ORIENTED_EDGE('',*,*,#2195,.T.);
#2923=ORIENTED_EDGE('',*,*,#2192,.T.);
#2924=ORIENTED_EDGE('',*,*,#2196,.T.);
#2925=ORIENTED_EDGE('',*,*,#2197,.T.);
#2926=ORIENTED_EDGE('',*,*,#2198,.T.);
#2927=ORIENTED_EDGE('',*,*,#2199,.T.);
#2928=ORIENTED_EDGE('',*,*,#2197,.F.);
#2929=ORIENTED_EDGE('',*,*,#2195,.F.);
#2930=ORIENTED_EDGE('',*,*,#2200,.T.);
#2931=ORIENTED_EDGE('',*,*,#2198,.F.);
#2932=ORIENTED_EDGE('',*,*,#2199,.F.);
#2933=ORIENTED_EDGE('',*,*,#2200,.F.);
#2934=ORIENTED_EDGE('',*,*,#2196,.F.);
#2935=ORIENTED_EDGE('',*,*,#2201,.F.);
#2936=ORIENTED_EDGE('',*,*,#2202,.F.);
#2937=ORIENTED_EDGE('',*,*,#2203,.T.);
#2938=ORIENTED_EDGE('',*,*,#2201,.T.);
#2939=ORIENTED_EDGE('',*,*,#2203,.F.);
#2940=ORIENTED_EDGE('',*,*,#2189,.T.);
#2941=ORIENTED_EDGE('',*,*,#2202,.T.);
#2942=ORIENTED_EDGE('',*,*,#2204,.F.);
#2943=ORIENTED_EDGE('',*,*,#2205,.T.);
#2944=ORIENTED_EDGE('',*,*,#2206,.F.);
#2945=ORIENTED_EDGE('',*,*,#2207,.F.);
#2946=ORIENTED_EDGE('',*,*,#2208,.F.);
#2947=ORIENTED_EDGE('',*,*,#2209,.T.);
#2948=ORIENTED_EDGE('',*,*,#2210,.F.);
#2949=ORIENTED_EDGE('',*,*,#2205,.F.);
#2950=ORIENTED_EDGE('',*,*,#2211,.F.);
#2951=ORIENTED_EDGE('',*,*,#2212,.F.);
#2952=ORIENTED_EDGE('',*,*,#2213,.F.);
#2953=ORIENTED_EDGE('',*,*,#2209,.F.);
#2954=ORIENTED_EDGE('',*,*,#2207,.T.);
#2955=ORIENTED_EDGE('',*,*,#2214,.T.);
#2956=ORIENTED_EDGE('',*,*,#2215,.T.);
#2957=ORIENTED_EDGE('',*,*,#2216,.T.);
#2958=ORIENTED_EDGE('',*,*,#2206,.T.);
#2959=ORIENTED_EDGE('',*,*,#2210,.T.);
#2960=ORIENTED_EDGE('',*,*,#2213,.T.);
#2961=ORIENTED_EDGE('',*,*,#2217,.T.);
#2962=ORIENTED_EDGE('',*,*,#2218,.T.);
#2963=ORIENTED_EDGE('',*,*,#2219,.F.);
#2964=ORIENTED_EDGE('',*,*,#2220,.T.);
#2965=ORIENTED_EDGE('',*,*,#2221,.F.);
#2966=ORIENTED_EDGE('',*,*,#2222,.F.);
#2967=ORIENTED_EDGE('',*,*,#2223,.T.);
#2968=ORIENTED_EDGE('',*,*,#2224,.F.);
#2969=ORIENTED_EDGE('',*,*,#2225,.F.);
#2970=ORIENTED_EDGE('',*,*,#2226,.T.);
#2971=ORIENTED_EDGE('',*,*,#2227,.F.);
#2972=ORIENTED_EDGE('',*,*,#2228,.F.);
#2973=ORIENTED_EDGE('',*,*,#2229,.T.);
#2974=ORIENTED_EDGE('',*,*,#2230,.F.);
#2975=ORIENTED_EDGE('',*,*,#2231,.F.);
#2976=ORIENTED_EDGE('',*,*,#2232,.T.);
#2977=ORIENTED_EDGE('',*,*,#2233,.F.);
#2978=ORIENTED_EDGE('',*,*,#2214,.F.);
#2979=ORIENTED_EDGE('',*,*,#2204,.T.);
#2980=ORIENTED_EDGE('',*,*,#2216,.F.);
#2981=ORIENTED_EDGE('',*,*,#2234,.F.);
#2982=ORIENTED_EDGE('',*,*,#2235,.F.);
#2983=ORIENTED_EDGE('',*,*,#2236,.F.);
#2984=ORIENTED_EDGE('',*,*,#2237,.F.);
#2985=ORIENTED_EDGE('',*,*,#2238,.F.);
#2986=ORIENTED_EDGE('',*,*,#2239,.F.);
#2987=ORIENTED_EDGE('',*,*,#2240,.F.);
#2988=ORIENTED_EDGE('',*,*,#2241,.F.);
#2989=ORIENTED_EDGE('',*,*,#2242,.F.);
#2990=ORIENTED_EDGE('',*,*,#2243,.F.);
#2991=ORIENTED_EDGE('',*,*,#2244,.F.);
#2992=ORIENTED_EDGE('',*,*,#2245,.F.);
#2993=ORIENTED_EDGE('',*,*,#2246,.F.);
#2994=ORIENTED_EDGE('',*,*,#2247,.F.);
#2995=ORIENTED_EDGE('',*,*,#2248,.F.);
#2996=ORIENTED_EDGE('',*,*,#2249,.T.);
#2997=ORIENTED_EDGE('',*,*,#2250,.T.);
#2998=ORIENTED_EDGE('',*,*,#2211,.T.);
#2999=ORIENTED_EDGE('',*,*,#2208,.T.);
#3000=ORIENTED_EDGE('',*,*,#2218,.F.);
#3001=ORIENTED_EDGE('',*,*,#2251,.T.);
#3002=ORIENTED_EDGE('',*,*,#2249,.F.);
#3003=ORIENTED_EDGE('',*,*,#2252,.F.);
#3004=ORIENTED_EDGE('',*,*,#2212,.T.);
#3005=ORIENTED_EDGE('',*,*,#2250,.F.);
#3006=ORIENTED_EDGE('',*,*,#2251,.F.);
#3007=ORIENTED_EDGE('',*,*,#2217,.F.);
#3008=ORIENTED_EDGE('',*,*,#2252,.T.);
#3009=ORIENTED_EDGE('',*,*,#2248,.T.);
#3010=ORIENTED_EDGE('',*,*,#2253,.F.);
#3011=ORIENTED_EDGE('',*,*,#2219,.T.);
#3012=ORIENTED_EDGE('',*,*,#2234,.T.);
#3013=ORIENTED_EDGE('',*,*,#2215,.F.);
#3014=ORIENTED_EDGE('',*,*,#2233,.T.);
#3015=ORIENTED_EDGE('',*,*,#2254,.T.);
#3016=ORIENTED_EDGE('',*,*,#2247,.T.);
#3017=ORIENTED_EDGE('',*,*,#2255,.F.);
#3018=ORIENTED_EDGE('',*,*,#2220,.F.);
#3019=ORIENTED_EDGE('',*,*,#2253,.T.);
#3020=ORIENTED_EDGE('',*,*,#2246,.T.);
#3021=ORIENTED_EDGE('',*,*,#2256,.F.);
#3022=ORIENTED_EDGE('',*,*,#2221,.T.);
#3023=ORIENTED_EDGE('',*,*,#2255,.T.);
#3024=ORIENTED_EDGE('',*,*,#2245,.T.);
#3025=ORIENTED_EDGE('',*,*,#2257,.F.);
#3026=ORIENTED_EDGE('',*,*,#2222,.T.);
#3027=ORIENTED_EDGE('',*,*,#2256,.T.);
#3028=ORIENTED_EDGE('',*,*,#2244,.T.);
#3029=ORIENTED_EDGE('',*,*,#2258,.F.);
#3030=ORIENTED_EDGE('',*,*,#2223,.F.);
#3031=ORIENTED_EDGE('',*,*,#2257,.T.);
#3032=ORIENTED_EDGE('',*,*,#2243,.T.);
#3033=ORIENTED_EDGE('',*,*,#2259,.F.);
#3034=ORIENTED_EDGE('',*,*,#2224,.T.);
#3035=ORIENTED_EDGE('',*,*,#2258,.T.);
#3036=ORIENTED_EDGE('',*,*,#2242,.T.);
#3037=ORIENTED_EDGE('',*,*,#2260,.T.);
#3038=ORIENTED_EDGE('',*,*,#2225,.T.);
#3039=ORIENTED_EDGE('',*,*,#2259,.T.);
#3040=ORIENTED_EDGE('',*,*,#2239,.T.);
#3041=ORIENTED_EDGE('',*,*,#2261,.F.);
#3042=ORIENTED_EDGE('',*,*,#2228,.T.);
#3043=ORIENTED_EDGE('',*,*,#2262,.T.);
#3044=ORIENTED_EDGE('',*,*,#2241,.T.);
#3045=ORIENTED_EDGE('',*,*,#2263,.F.);
#3046=ORIENTED_EDGE('',*,*,#2226,.F.);
#3047=ORIENTED_EDGE('',*,*,#2260,.F.);
#3048=ORIENTED_EDGE('',*,*,#2240,.T.);
#3049=ORIENTED_EDGE('',*,*,#2262,.F.);
#3050=ORIENTED_EDGE('',*,*,#2227,.T.);
#3051=ORIENTED_EDGE('',*,*,#2263,.T.);
#3052=ORIENTED_EDGE('',*,*,#2235,.T.);
#3053=ORIENTED_EDGE('',*,*,#2254,.F.);
#3054=ORIENTED_EDGE('',*,*,#2232,.F.);
#3055=ORIENTED_EDGE('',*,*,#2264,.F.);
#3056=ORIENTED_EDGE('',*,*,#2236,.T.);
#3057=ORIENTED_EDGE('',*,*,#2264,.T.);
#3058=ORIENTED_EDGE('',*,*,#2231,.T.);
#3059=ORIENTED_EDGE('',*,*,#2265,.T.);
#3060=ORIENTED_EDGE('',*,*,#2238,.T.);
#3061=ORIENTED_EDGE('',*,*,#2266,.F.);
#3062=ORIENTED_EDGE('',*,*,#2229,.F.);
#3063=ORIENTED_EDGE('',*,*,#2261,.T.);
#3064=ORIENTED_EDGE('',*,*,#2237,.T.);
#3065=ORIENTED_EDGE('',*,*,#2265,.F.);
#3066=ORIENTED_EDGE('',*,*,#2230,.T.);
#3067=ORIENTED_EDGE('',*,*,#2266,.T.);
#3068=ORIENTED_EDGE('',*,*,#2267,.F.);
#3069=ORIENTED_EDGE('',*,*,#2268,.T.);
#3070=ORIENTED_EDGE('',*,*,#2269,.T.);
#3071=ORIENTED_EDGE('',*,*,#2268,.F.);
#3072=ORIENTED_EDGE('',*,*,#2269,.F.);
#3073=ORIENTED_EDGE('',*,*,#2270,.F.);
#3074=ORIENTED_EDGE('',*,*,#2271,.T.);
#3075=ORIENTED_EDGE('',*,*,#2272,.T.);
#3076=ORIENTED_EDGE('',*,*,#2271,.F.);
#3077=ORIENTED_EDGE('',*,*,#2272,.F.);
#3078=ORIENTED_EDGE('',*,*,#2273,.T.);
#3079=ORIENTED_EDGE('',*,*,#2274,.T.);
#3080=ORIENTED_EDGE('',*,*,#2275,.F.);
#3081=ORIENTED_EDGE('',*,*,#2276,.F.);
#3082=ORIENTED_EDGE('',*,*,#2277,.F.);
#3083=ORIENTED_EDGE('',*,*,#2278,.F.);
#3084=ORIENTED_EDGE('',*,*,#2279,.F.);
#3085=ORIENTED_EDGE('',*,*,#2280,.F.);
#3086=ORIENTED_EDGE('',*,*,#2275,.T.);
#3087=ORIENTED_EDGE('',*,*,#2281,.T.);
#3088=ORIENTED_EDGE('',*,*,#2282,.T.);
#3089=ORIENTED_EDGE('',*,*,#2283,.T.);
#3090=ORIENTED_EDGE('',*,*,#2284,.F.);
#3091=ORIENTED_EDGE('',*,*,#2285,.F.);
#3092=ORIENTED_EDGE('',*,*,#2286,.F.);
#3093=ORIENTED_EDGE('',*,*,#2287,.F.);
#3094=ORIENTED_EDGE('',*,*,#2288,.T.);
#3095=ORIENTED_EDGE('',*,*,#2289,.F.);
#3096=ORIENTED_EDGE('',*,*,#2290,.F.);
#3097=ORIENTED_EDGE('',*,*,#2291,.F.);
#3098=ORIENTED_EDGE('',*,*,#2292,.F.);
#3099=ORIENTED_EDGE('',*,*,#2293,.T.);
#3100=ORIENTED_EDGE('',*,*,#2294,.T.);
#3101=ORIENTED_EDGE('',*,*,#2295,.F.);
#3102=ORIENTED_EDGE('',*,*,#2294,.F.);
#3103=ORIENTED_EDGE('',*,*,#2296,.T.);
#3104=ORIENTED_EDGE('',*,*,#2297,.T.);
#3105=ORIENTED_EDGE('',*,*,#2298,.F.);
#3106=ORIENTED_EDGE('',*,*,#2297,.F.);
#3107=ORIENTED_EDGE('',*,*,#2299,.T.);
#3108=ORIENTED_EDGE('',*,*,#2280,.T.);
#3109=ORIENTED_EDGE('',*,*,#2300,.F.);
#3110=ORIENTED_EDGE('',*,*,#2301,.F.);
#3111=ORIENTED_EDGE('',*,*,#2302,.T.);
#3112=ORIENTED_EDGE('',*,*,#2303,.T.);
#3113=ORIENTED_EDGE('',*,*,#2292,.T.);
#3114=ORIENTED_EDGE('',*,*,#2304,.F.);
#3115=ORIENTED_EDGE('',*,*,#2296,.F.);
#3116=ORIENTED_EDGE('',*,*,#2293,.F.);
#3117=ORIENTED_EDGE('',*,*,#2303,.F.);
#3118=ORIENTED_EDGE('',*,*,#2273,.F.);
#3119=ORIENTED_EDGE('',*,*,#2299,.F.);
#3120=ORIENTED_EDGE('',*,*,#2267,.T.);
#3121=ORIENTED_EDGE('',*,*,#2270,.T.);
#3122=ORIENTED_EDGE('',*,*,#2281,.F.);
#3123=ORIENTED_EDGE('',*,*,#2274,.F.);
#3124=ORIENTED_EDGE('',*,*,#2302,.F.);
#3125=ORIENTED_EDGE('',*,*,#2305,.F.);
#3126=ORIENTED_EDGE('',*,*,#2306,.T.);
#3127=ORIENTED_EDGE('',*,*,#2282,.F.);
#3128=ORIENTED_EDGE('',*,*,#2306,.F.);
#3129=ORIENTED_EDGE('',*,*,#2307,.F.);
#3130=ORIENTED_EDGE('',*,*,#2308,.T.);
#3131=ORIENTED_EDGE('',*,*,#2283,.F.);
#3132=ORIENTED_EDGE('',*,*,#2308,.F.);
#3133=ORIENTED_EDGE('',*,*,#2309,.F.);
#3134=ORIENTED_EDGE('',*,*,#2310,.F.);
#3135=ORIENTED_EDGE('',*,*,#2277,.T.);
#3136=ORIENTED_EDGE('',*,*,#2311,.F.);
#3137=ORIENTED_EDGE('',*,*,#2312,.F.);
#3138=ORIENTED_EDGE('',*,*,#2313,.F.);
#3139=ORIENTED_EDGE('',*,*,#2276,.T.);
#3140=ORIENTED_EDGE('',*,*,#2290,.T.);
#3141=ORIENTED_EDGE('',*,*,#2314,.F.);
#3142=ORIENTED_EDGE('',*,*,#2315,.F.);
#3143=ORIENTED_EDGE('',*,*,#2316,.T.);
#3144=ORIENTED_EDGE('',*,*,#2311,.T.);
#3145=ORIENTED_EDGE('',*,*,#2310,.T.);
#3146=ORIENTED_EDGE('',*,*,#2317,.F.);
#3147=ORIENTED_EDGE('',*,*,#2318,.F.);
#3148=ORIENTED_EDGE('',*,*,#2319,.F.);
#3149=ORIENTED_EDGE('',*,*,#2320,.F.);
#3150=ORIENTED_EDGE('',*,*,#2321,.F.);
#3151=ORIENTED_EDGE('',*,*,#2322,.T.);
#3152=ORIENTED_EDGE('',*,*,#2284,.T.);
#3153=ORIENTED_EDGE('',*,*,#2322,.F.);
#3154=ORIENTED_EDGE('',*,*,#2323,.F.);
#3155=ORIENTED_EDGE('',*,*,#2324,.F.);
#3156=ORIENTED_EDGE('',*,*,#2325,.F.);
#3157=ORIENTED_EDGE('',*,*,#2285,.T.);
#3158=ORIENTED_EDGE('',*,*,#2326,.T.);
#3159=ORIENTED_EDGE('',*,*,#2327,.T.);
#3160=ORIENTED_EDGE('',*,*,#2328,.T.);
#3161=ORIENTED_EDGE('',*,*,#2329,.T.);
#3162=ORIENTED_EDGE('',*,*,#2330,.T.);
#3163=ORIENTED_EDGE('',*,*,#2301,.T.);
#3164=ORIENTED_EDGE('',*,*,#2331,.F.);
#3165=ORIENTED_EDGE('',*,*,#2332,.F.);
#3166=ORIENTED_EDGE('',*,*,#2333,.F.);
#3167=ORIENTED_EDGE('',*,*,#2334,.F.);
#3168=ORIENTED_EDGE('',*,*,#2335,.F.);
#3169=ORIENTED_EDGE('',*,*,#2278,.T.);
#3170=ORIENTED_EDGE('',*,*,#2313,.T.);
#3171=ORIENTED_EDGE('',*,*,#2336,.F.);
#3172=ORIENTED_EDGE('',*,*,#2337,.F.);
#3173=ORIENTED_EDGE('',*,*,#2338,.T.);
#3174=ORIENTED_EDGE('',*,*,#2339,.F.);
#3175=ORIENTED_EDGE('',*,*,#2336,.T.);
#3176=ORIENTED_EDGE('',*,*,#2312,.T.);
#3177=ORIENTED_EDGE('',*,*,#2316,.F.);
#3178=ORIENTED_EDGE('',*,*,#2340,.F.);
#3179=ORIENTED_EDGE('',*,*,#2341,.T.);
#3180=ORIENTED_EDGE('',*,*,#2342,.T.);
#3181=ORIENTED_EDGE('',*,*,#2343,.T.);
#3182=ORIENTED_EDGE('',*,*,#2288,.F.);
#3183=ORIENTED_EDGE('',*,*,#2344,.F.);
#3184=ORIENTED_EDGE('',*,*,#2345,.F.);
#3185=ORIENTED_EDGE('',*,*,#2323,.T.);
#3186=ORIENTED_EDGE('',*,*,#2321,.T.);
#3187=ORIENTED_EDGE('',*,*,#2346,.F.);
#3188=ORIENTED_EDGE('',*,*,#2279,.T.);
#3189=ORIENTED_EDGE('',*,*,#2339,.T.);
#3190=ORIENTED_EDGE('',*,*,#2347,.T.);
#3191=ORIENTED_EDGE('',*,*,#2345,.T.);
#3192=ORIENTED_EDGE('',*,*,#2348,.T.);
#3193=ORIENTED_EDGE('',*,*,#2349,.F.);
#3194=ORIENTED_EDGE('',*,*,#2331,.T.);
#3195=ORIENTED_EDGE('',*,*,#2300,.T.);
#3196=ORIENTED_EDGE('',*,*,#2350,.F.);
#3197=ORIENTED_EDGE('',*,*,#2286,.T.);
#3198=ORIENTED_EDGE('',*,*,#2351,.T.);
#3199=ORIENTED_EDGE('',*,*,#2326,.F.);
#3200=ORIENTED_EDGE('',*,*,#2330,.F.);
#3201=ORIENTED_EDGE('',*,*,#2352,.F.);
#3202=ORIENTED_EDGE('',*,*,#2337,.T.);
#3203=ORIENTED_EDGE('',*,*,#2342,.F.);
#3204=ORIENTED_EDGE('',*,*,#2353,.F.);
#3205=ORIENTED_EDGE('',*,*,#2354,.F.);
#3206=ORIENTED_EDGE('',*,*,#2355,.T.);
#3207=ORIENTED_EDGE('',*,*,#2356,.T.);
#3208=ORIENTED_EDGE('',*,*,#2340,.T.);
#3209=ORIENTED_EDGE('',*,*,#2315,.T.);
#3210=ORIENTED_EDGE('',*,*,#2354,.T.);
#3211=ORIENTED_EDGE('',*,*,#2357,.F.);
#3212=ORIENTED_EDGE('',*,*,#2355,.F.);
#3213=ORIENTED_EDGE('',*,*,#2314,.T.);
#3214=ORIENTED_EDGE('',*,*,#2289,.T.);
#3215=ORIENTED_EDGE('',*,*,#2343,.F.);
#3216=ORIENTED_EDGE('',*,*,#2347,.F.);
#3217=ORIENTED_EDGE('',*,*,#2338,.F.);
#3218=ORIENTED_EDGE('',*,*,#2356,.F.);
#3219=ORIENTED_EDGE('',*,*,#2357,.T.);
#3220=ORIENTED_EDGE('',*,*,#2353,.T.);
#3221=ORIENTED_EDGE('',*,*,#2341,.F.);
#3222=ORIENTED_EDGE('',*,*,#2344,.T.);
#3223=ORIENTED_EDGE('',*,*,#2287,.T.);
#3224=ORIENTED_EDGE('',*,*,#2350,.T.);
#3225=ORIENTED_EDGE('',*,*,#2358,.F.);
#3226=ORIENTED_EDGE('',*,*,#2328,.F.);
#3227=ORIENTED_EDGE('',*,*,#2359,.T.);
#3228=ORIENTED_EDGE('',*,*,#2360,.F.);
#3229=ORIENTED_EDGE('',*,*,#2361,.F.);
#3230=ORIENTED_EDGE('',*,*,#2362,.F.);
#3231=ORIENTED_EDGE('',*,*,#2363,.F.);
#3232=ORIENTED_EDGE('',*,*,#2364,.F.);
#3233=ORIENTED_EDGE('',*,*,#2348,.F.);
#3234=ORIENTED_EDGE('',*,*,#2352,.T.);
#3235=ORIENTED_EDGE('',*,*,#2329,.F.);
#3236=ORIENTED_EDGE('',*,*,#2358,.T.);
#3237=ORIENTED_EDGE('',*,*,#2360,.T.);
#3238=ORIENTED_EDGE('',*,*,#2365,.T.);
#3239=ORIENTED_EDGE('',*,*,#2318,.T.);
#3240=ORIENTED_EDGE('',*,*,#2366,.T.);
#3241=ORIENTED_EDGE('',*,*,#2365,.F.);
#3242=ORIENTED_EDGE('',*,*,#2359,.F.);
#3243=ORIENTED_EDGE('',*,*,#2327,.F.);
#3244=ORIENTED_EDGE('',*,*,#2351,.F.);
#3245=ORIENTED_EDGE('',*,*,#2325,.T.);
#3246=ORIENTED_EDGE('',*,*,#2367,.F.);
#3247=ORIENTED_EDGE('',*,*,#2319,.T.);
#3248=ORIENTED_EDGE('',*,*,#2324,.T.);
#3249=ORIENTED_EDGE('',*,*,#2346,.T.);
#3250=ORIENTED_EDGE('',*,*,#2320,.T.);
#3251=ORIENTED_EDGE('',*,*,#2367,.T.);
#3252=ORIENTED_EDGE('',*,*,#2305,.T.);
#3253=ORIENTED_EDGE('',*,*,#2304,.T.);
#3254=ORIENTED_EDGE('',*,*,#2291,.T.);
#3255=ORIENTED_EDGE('',*,*,#2295,.T.);
#3256=ORIENTED_EDGE('',*,*,#2298,.T.);
#3257=ORIENTED_EDGE('',*,*,#2335,.T.);
#3258=ORIENTED_EDGE('',*,*,#2368,.F.);
#3259=ORIENTED_EDGE('',*,*,#2361,.T.);
#3260=ORIENTED_EDGE('',*,*,#2366,.F.);
#3261=ORIENTED_EDGE('',*,*,#2317,.T.);
#3262=ORIENTED_EDGE('',*,*,#2309,.T.);
#3263=ORIENTED_EDGE('',*,*,#2307,.T.);
#3264=ORIENTED_EDGE('',*,*,#2364,.T.);
#3265=ORIENTED_EDGE('',*,*,#2369,.T.);
#3266=ORIENTED_EDGE('',*,*,#2332,.T.);
#3267=ORIENTED_EDGE('',*,*,#2349,.T.);
#3268=ORIENTED_EDGE('',*,*,#2369,.F.);
#3269=ORIENTED_EDGE('',*,*,#2363,.T.);
#3270=ORIENTED_EDGE('',*,*,#2370,.F.);
#3271=ORIENTED_EDGE('',*,*,#2333,.T.);
#3272=ORIENTED_EDGE('',*,*,#2362,.T.);
#3273=ORIENTED_EDGE('',*,*,#2368,.T.);
#3274=ORIENTED_EDGE('',*,*,#2334,.T.);
#3275=ORIENTED_EDGE('',*,*,#2370,.T.);
#3276=ORIENTED_EDGE('',*,*,#2371,.F.);
#3277=ORIENTED_EDGE('',*,*,#2372,.T.);
#3278=ORIENTED_EDGE('',*,*,#2373,.T.);
#3279=ORIENTED_EDGE('',*,*,#2372,.F.);
#3280=ORIENTED_EDGE('',*,*,#2373,.F.);
#3281=ORIENTED_EDGE('',*,*,#2374,.F.);
#3282=ORIENTED_EDGE('',*,*,#2375,.T.);
#3283=ORIENTED_EDGE('',*,*,#2376,.T.);
#3284=ORIENTED_EDGE('',*,*,#2375,.F.);
#3285=ORIENTED_EDGE('',*,*,#2376,.F.);
#3286=ORIENTED_EDGE('',*,*,#2377,.F.);
#3287=ORIENTED_EDGE('',*,*,#2378,.F.);
#3288=ORIENTED_EDGE('',*,*,#2379,.F.);
#3289=ORIENTED_EDGE('',*,*,#2380,.F.);
#3290=ORIENTED_EDGE('',*,*,#2381,.F.);
#3291=ORIENTED_EDGE('',*,*,#2382,.F.);
#3292=ORIENTED_EDGE('',*,*,#2383,.F.);
#3293=ORIENTED_EDGE('',*,*,#2379,.T.);
#3294=ORIENTED_EDGE('',*,*,#2382,.T.);
#3295=ORIENTED_EDGE('',*,*,#2384,.F.);
#3296=ORIENTED_EDGE('',*,*,#2385,.T.);
#3297=ORIENTED_EDGE('',*,*,#2386,.T.);
#3298=ORIENTED_EDGE('',*,*,#2387,.T.);
#3299=ORIENTED_EDGE('',*,*,#2388,.T.);
#3300=ORIENTED_EDGE('',*,*,#2389,.T.);
#3301=ORIENTED_EDGE('',*,*,#2390,.T.);
#3302=ORIENTED_EDGE('',*,*,#2391,.T.);
#3303=ORIENTED_EDGE('',*,*,#2392,.T.);
#3304=ORIENTED_EDGE('',*,*,#2393,.T.);
#3305=ORIENTED_EDGE('',*,*,#2394,.T.);
#3306=ORIENTED_EDGE('',*,*,#2381,.T.);
#3307=ORIENTED_EDGE('',*,*,#2378,.T.);
#3308=ORIENTED_EDGE('',*,*,#2395,.T.);
#3309=ORIENTED_EDGE('',*,*,#2396,.F.);
#3310=ORIENTED_EDGE('',*,*,#2397,.F.);
#3311=ORIENTED_EDGE('',*,*,#2398,.T.);
#3312=ORIENTED_EDGE('',*,*,#2399,.T.);
#3313=ORIENTED_EDGE('',*,*,#2384,.T.);
#3314=ORIENTED_EDGE('',*,*,#2400,.F.);
#3315=ORIENTED_EDGE('',*,*,#2393,.F.);
#3316=ORIENTED_EDGE('',*,*,#2401,.T.);
#3317=ORIENTED_EDGE('',*,*,#2402,.T.);
#3318=ORIENTED_EDGE('',*,*,#2383,.T.);
#3319=ORIENTED_EDGE('',*,*,#2394,.F.);
#3320=ORIENTED_EDGE('',*,*,#2400,.T.);
#3321=ORIENTED_EDGE('',*,*,#2403,.T.);
#3322=ORIENTED_EDGE('',*,*,#2404,.T.);
#3323=ORIENTED_EDGE('',*,*,#2405,.F.);
#3324=ORIENTED_EDGE('',*,*,#2406,.F.);
#3325=ORIENTED_EDGE('',*,*,#2407,.T.);
#3326=ORIENTED_EDGE('',*,*,#2408,.T.);
#3327=ORIENTED_EDGE('',*,*,#2380,.T.);
#3328=ORIENTED_EDGE('',*,*,#2409,.T.);
#3329=ORIENTED_EDGE('',*,*,#2385,.F.);
#3330=ORIENTED_EDGE('',*,*,#2399,.F.);
#3331=ORIENTED_EDGE('',*,*,#2410,.F.);
#3332=ORIENTED_EDGE('',*,*,#2411,.F.);
#3333=ORIENTED_EDGE('',*,*,#2412,.F.);
#3334=ORIENTED_EDGE('',*,*,#2413,.F.);
#3335=ORIENTED_EDGE('',*,*,#2414,.T.);
#3336=ORIENTED_EDGE('',*,*,#2415,.F.);
#3337=ORIENTED_EDGE('',*,*,#2416,.F.);
#3338=ORIENTED_EDGE('',*,*,#2417,.F.);
#3339=ORIENTED_EDGE('',*,*,#2418,.T.);
#3340=ORIENTED_EDGE('',*,*,#2419,.T.);
#3341=ORIENTED_EDGE('',*,*,#2420,.F.);
#3342=ORIENTED_EDGE('',*,*,#2421,.F.);
#3343=ORIENTED_EDGE('',*,*,#2422,.F.);
#3344=ORIENTED_EDGE('',*,*,#2423,.F.);
#3345=ORIENTED_EDGE('',*,*,#2424,.F.);
#3346=ORIENTED_EDGE('',*,*,#2425,.F.);
#3347=ORIENTED_EDGE('',*,*,#2426,.F.);
#3348=ORIENTED_EDGE('',*,*,#2427,.T.);
#3349=ORIENTED_EDGE('',*,*,#2428,.T.);
#3350=ORIENTED_EDGE('',*,*,#2429,.F.);
#3351=ORIENTED_EDGE('',*,*,#2430,.F.);
#3352=ORIENTED_EDGE('',*,*,#2431,.T.);
#3353=ORIENTED_EDGE('',*,*,#2432,.T.);
#3354=ORIENTED_EDGE('',*,*,#2427,.F.);
#3355=ORIENTED_EDGE('',*,*,#2433,.F.);
#3356=ORIENTED_EDGE('',*,*,#2434,.T.);
#3357=ORIENTED_EDGE('',*,*,#2435,.T.);
#3358=ORIENTED_EDGE('',*,*,#2431,.F.);
#3359=ORIENTED_EDGE('',*,*,#2436,.F.);
#3360=ORIENTED_EDGE('',*,*,#2437,.T.);
#3361=ORIENTED_EDGE('',*,*,#2438,.T.);
#3362=ORIENTED_EDGE('',*,*,#2434,.F.);
#3363=ORIENTED_EDGE('',*,*,#2439,.F.);
#3364=ORIENTED_EDGE('',*,*,#2440,.T.);
#3365=ORIENTED_EDGE('',*,*,#2441,.T.);
#3366=ORIENTED_EDGE('',*,*,#2437,.F.);
#3367=ORIENTED_EDGE('',*,*,#2442,.F.);
#3368=ORIENTED_EDGE('',*,*,#2415,.T.);
#3369=ORIENTED_EDGE('',*,*,#2443,.T.);
#3370=ORIENTED_EDGE('',*,*,#2440,.F.);
#3371=ORIENTED_EDGE('',*,*,#2444,.T.);
#3372=ORIENTED_EDGE('',*,*,#2445,.T.);
#3373=ORIENTED_EDGE('',*,*,#2446,.T.);
#3374=ORIENTED_EDGE('',*,*,#2418,.F.);
#3375=ORIENTED_EDGE('',*,*,#2447,.T.);
#3376=ORIENTED_EDGE('',*,*,#2448,.T.);
#3377=ORIENTED_EDGE('',*,*,#2449,.T.);
#3378=ORIENTED_EDGE('',*,*,#2445,.F.);
#3379=ORIENTED_EDGE('',*,*,#2450,.F.);
#3380=ORIENTED_EDGE('',*,*,#2451,.T.);
#3381=ORIENTED_EDGE('',*,*,#2452,.T.);
#3382=ORIENTED_EDGE('',*,*,#2448,.F.);
#3383=ORIENTED_EDGE('',*,*,#2407,.F.);
#3384=ORIENTED_EDGE('',*,*,#2453,.F.);
#3385=ORIENTED_EDGE('',*,*,#2429,.T.);
#3386=ORIENTED_EDGE('',*,*,#2454,.T.);
#3387=ORIENTED_EDGE('',*,*,#2451,.F.);
#3388=ORIENTED_EDGE('',*,*,#2417,.T.);
#3389=ORIENTED_EDGE('',*,*,#2455,.F.);
#3390=ORIENTED_EDGE('',*,*,#2396,.T.);
#3391=ORIENTED_EDGE('',*,*,#2456,.T.);
#3392=ORIENTED_EDGE('',*,*,#2416,.T.);
#3393=ORIENTED_EDGE('',*,*,#2442,.T.);
#3394=ORIENTED_EDGE('',*,*,#2439,.T.);
#3395=ORIENTED_EDGE('',*,*,#2436,.T.);
#3396=ORIENTED_EDGE('',*,*,#2433,.T.);
#3397=ORIENTED_EDGE('',*,*,#2430,.T.);
#3398=ORIENTED_EDGE('',*,*,#2426,.T.);
#3399=ORIENTED_EDGE('',*,*,#2453,.T.);
#3400=ORIENTED_EDGE('',*,*,#2450,.T.);
#3401=ORIENTED_EDGE('',*,*,#2406,.T.);
#3402=ORIENTED_EDGE('',*,*,#2457,.T.);
#3403=ORIENTED_EDGE('',*,*,#2458,.T.);
#3404=ORIENTED_EDGE('',*,*,#2459,.T.);
#3405=ORIENTED_EDGE('',*,*,#2460,.T.);
#3406=ORIENTED_EDGE('',*,*,#2397,.T.);
#3407=ORIENTED_EDGE('',*,*,#2455,.T.);
#3408=ORIENTED_EDGE('',*,*,#2424,.T.);
#3409=ORIENTED_EDGE('',*,*,#2461,.T.);
#3410=ORIENTED_EDGE('',*,*,#2388,.F.);
#3411=ORIENTED_EDGE('',*,*,#2462,.T.);
#3412=ORIENTED_EDGE('',*,*,#2423,.T.);
#3413=ORIENTED_EDGE('',*,*,#2463,.F.);
#3414=ORIENTED_EDGE('',*,*,#2389,.F.);
#3415=ORIENTED_EDGE('',*,*,#2461,.F.);
#3416=ORIENTED_EDGE('',*,*,#2422,.T.);
#3417=ORIENTED_EDGE('',*,*,#2464,.T.);
#3418=ORIENTED_EDGE('',*,*,#2390,.F.);
#3419=ORIENTED_EDGE('',*,*,#2463,.T.);
#3420=ORIENTED_EDGE('',*,*,#2421,.T.);
#3421=ORIENTED_EDGE('',*,*,#2465,.F.);
#3422=ORIENTED_EDGE('',*,*,#2391,.F.);
#3423=ORIENTED_EDGE('',*,*,#2464,.F.);
#3424=ORIENTED_EDGE('',*,*,#2420,.T.);
#3425=ORIENTED_EDGE('',*,*,#2466,.T.);
#3426=ORIENTED_EDGE('',*,*,#2467,.F.);
#3427=ORIENTED_EDGE('',*,*,#2468,.T.);
#3428=ORIENTED_EDGE('',*,*,#2469,.T.);
#3429=ORIENTED_EDGE('',*,*,#2401,.F.);
#3430=ORIENTED_EDGE('',*,*,#2392,.F.);
#3431=ORIENTED_EDGE('',*,*,#2465,.T.);
#3432=ORIENTED_EDGE('',*,*,#2470,.F.);
#3433=ORIENTED_EDGE('',*,*,#2471,.T.);
#3434=ORIENTED_EDGE('',*,*,#2472,.T.);
#3435=ORIENTED_EDGE('',*,*,#2473,.F.);
#3436=ORIENTED_EDGE('',*,*,#2474,.F.);
#3437=ORIENTED_EDGE('',*,*,#2473,.T.);
#3438=ORIENTED_EDGE('',*,*,#2475,.T.);
#3439=ORIENTED_EDGE('',*,*,#2476,.F.);
#3440=ORIENTED_EDGE('',*,*,#2477,.F.);
#3441=ORIENTED_EDGE('',*,*,#2476,.T.);
#3442=ORIENTED_EDGE('',*,*,#2478,.T.);
#3443=ORIENTED_EDGE('',*,*,#2479,.F.);
#3444=ORIENTED_EDGE('',*,*,#2480,.F.);
#3445=ORIENTED_EDGE('',*,*,#2404,.F.);
#3446=ORIENTED_EDGE('',*,*,#2481,.T.);
#3447=ORIENTED_EDGE('',*,*,#2471,.F.);
#3448=ORIENTED_EDGE('',*,*,#2403,.F.);
#3449=ORIENTED_EDGE('',*,*,#2402,.F.);
#3450=ORIENTED_EDGE('',*,*,#2469,.F.);
#3451=ORIENTED_EDGE('',*,*,#2482,.F.);
#3452=ORIENTED_EDGE('',*,*,#2478,.F.);
#3453=ORIENTED_EDGE('',*,*,#2475,.F.);
#3454=ORIENTED_EDGE('',*,*,#2472,.F.);
#3455=ORIENTED_EDGE('',*,*,#2481,.F.);
#3456=ORIENTED_EDGE('',*,*,#2480,.T.);
#3457=ORIENTED_EDGE('',*,*,#2470,.T.);
#3458=ORIENTED_EDGE('',*,*,#2474,.T.);
#3459=ORIENTED_EDGE('',*,*,#2477,.T.);
#3460=ORIENTED_EDGE('',*,*,#2483,.T.);
#3461=ORIENTED_EDGE('',*,*,#2484,.T.);
#3462=ORIENTED_EDGE('',*,*,#2412,.T.);
#3463=ORIENTED_EDGE('',*,*,#2485,.T.);
#3464=ORIENTED_EDGE('',*,*,#2458,.F.);
#3465=ORIENTED_EDGE('',*,*,#2486,.T.);
#3466=ORIENTED_EDGE('',*,*,#2487,.F.);
#3467=ORIENTED_EDGE('',*,*,#2486,.F.);
#3468=ORIENTED_EDGE('',*,*,#2457,.F.);
#3469=ORIENTED_EDGE('',*,*,#2405,.T.);
#3470=ORIENTED_EDGE('',*,*,#2479,.T.);
#3471=ORIENTED_EDGE('',*,*,#2482,.T.);
#3472=ORIENTED_EDGE('',*,*,#2468,.F.);
#3473=ORIENTED_EDGE('',*,*,#2488,.F.);
#3474=ORIENTED_EDGE('',*,*,#2489,.F.);
#3475=ORIENTED_EDGE('',*,*,#2483,.F.);
#3476=ORIENTED_EDGE('',*,*,#2485,.F.);
#3477=ORIENTED_EDGE('',*,*,#2411,.T.);
#3478=ORIENTED_EDGE('',*,*,#2490,.F.);
#3479=ORIENTED_EDGE('',*,*,#2459,.F.);
#3480=ORIENTED_EDGE('',*,*,#2398,.F.);
#3481=ORIENTED_EDGE('',*,*,#2460,.F.);
#3482=ORIENTED_EDGE('',*,*,#2490,.T.);
#3483=ORIENTED_EDGE('',*,*,#2410,.T.);
#3484=ORIENTED_EDGE('',*,*,#2413,.T.);
#3485=ORIENTED_EDGE('',*,*,#2491,.T.);
#3486=ORIENTED_EDGE('',*,*,#2386,.F.);
#3487=ORIENTED_EDGE('',*,*,#2409,.F.);
#3488=ORIENTED_EDGE('',*,*,#2484,.F.);
#3489=ORIENTED_EDGE('',*,*,#2489,.T.);
#3490=ORIENTED_EDGE('',*,*,#2492,.F.);
#3491=ORIENTED_EDGE('',*,*,#2493,.T.);
#3492=ORIENTED_EDGE('',*,*,#2494,.T.);
#3493=ORIENTED_EDGE('',*,*,#2492,.T.);
#3494=ORIENTED_EDGE('',*,*,#2488,.T.);
#3495=ORIENTED_EDGE('',*,*,#2467,.T.);
#3496=ORIENTED_EDGE('',*,*,#2425,.T.);
#3497=ORIENTED_EDGE('',*,*,#2462,.F.);
#3498=ORIENTED_EDGE('',*,*,#2387,.F.);
#3499=ORIENTED_EDGE('',*,*,#2491,.F.);
#3500=ORIENTED_EDGE('',*,*,#2494,.F.);
#3501=ORIENTED_EDGE('',*,*,#2466,.F.);
#3502=ORIENTED_EDGE('',*,*,#2419,.F.);
#3503=ORIENTED_EDGE('',*,*,#2446,.F.);
#3504=ORIENTED_EDGE('',*,*,#2449,.F.);
#3505=ORIENTED_EDGE('',*,*,#2452,.F.);
#3506=ORIENTED_EDGE('',*,*,#2454,.F.);
#3507=ORIENTED_EDGE('',*,*,#2428,.F.);
#3508=ORIENTED_EDGE('',*,*,#2432,.F.);
#3509=ORIENTED_EDGE('',*,*,#2435,.F.);
#3510=ORIENTED_EDGE('',*,*,#2438,.F.);
#3511=ORIENTED_EDGE('',*,*,#2441,.F.);
#3512=ORIENTED_EDGE('',*,*,#2443,.F.);
#3513=ORIENTED_EDGE('',*,*,#2414,.F.);
#3514=ORIENTED_EDGE('',*,*,#2493,.F.);
#3515=ORIENTED_EDGE('',*,*,#2395,.F.);
#3516=ORIENTED_EDGE('',*,*,#2377,.T.);
#3517=ORIENTED_EDGE('',*,*,#2408,.F.);
#3518=ORIENTED_EDGE('',*,*,#2447,.F.);
#3519=ORIENTED_EDGE('',*,*,#2444,.F.);
#3520=ORIENTED_EDGE('',*,*,#2456,.F.);
#3521=ORIENTED_EDGE('',*,*,#2371,.T.);
#3522=ORIENTED_EDGE('',*,*,#2374,.T.);
#3523=ORIENTED_EDGE('',*,*,#2487,.T.);
#3524=ORIENTED_EDGE('',*,*,#2495,.F.);
#3525=ORIENTED_EDGE('',*,*,#2496,.F.);
#3526=ORIENTED_EDGE('',*,*,#2497,.T.);
#3527=ORIENTED_EDGE('',*,*,#2498,.F.);
#3528=ORIENTED_EDGE('',*,*,#2495,.T.);
#3529=ORIENTED_EDGE('',*,*,#2499,.T.);
#3530=ORIENTED_EDGE('',*,*,#2500,.T.);
#3531=ORIENTED_EDGE('',*,*,#2501,.T.);
#3532=ORIENTED_EDGE('',*,*,#2502,.T.);
#3533=ORIENTED_EDGE('',*,*,#2503,.T.);
#3534=ORIENTED_EDGE('',*,*,#2504,.T.);
#3535=ORIENTED_EDGE('',*,*,#2505,.F.);
#3536=ORIENTED_EDGE('',*,*,#2506,.F.);
#3537=ORIENTED_EDGE('',*,*,#2497,.F.);
#3538=ORIENTED_EDGE('',*,*,#2507,.F.);
#3539=ORIENTED_EDGE('',*,*,#2508,.F.);
#3540=ORIENTED_EDGE('',*,*,#2499,.F.);
#3541=ORIENTED_EDGE('',*,*,#2498,.T.);
#3542=ORIENTED_EDGE('',*,*,#2506,.T.);
#3543=ORIENTED_EDGE('',*,*,#2508,.T.);
#3544=ORIENTED_EDGE('',*,*,#2505,.T.);
#3545=ORIENTED_EDGE('',*,*,#2509,.T.);
#3546=ORIENTED_EDGE('',*,*,#2510,.T.);
#3547=ORIENTED_EDGE('',*,*,#2511,.T.);
#3548=ORIENTED_EDGE('',*,*,#2512,.F.);
#3549=ORIENTED_EDGE('',*,*,#2513,.F.);
#3550=ORIENTED_EDGE('',*,*,#2500,.F.);
#3551=ORIENTED_EDGE('',*,*,#2496,.T.);
#3552=ORIENTED_EDGE('',*,*,#2504,.F.);
#3553=ORIENTED_EDGE('',*,*,#2514,.F.);
#3554=ORIENTED_EDGE('',*,*,#2515,.T.);
#3555=ORIENTED_EDGE('',*,*,#2509,.F.);
#3556=ORIENTED_EDGE('',*,*,#2507,.T.);
#3557=ORIENTED_EDGE('',*,*,#2510,.F.);
#3558=ORIENTED_EDGE('',*,*,#2515,.F.);
#3559=ORIENTED_EDGE('',*,*,#2516,.F.);
#3560=ORIENTED_EDGE('',*,*,#2517,.T.);
#3561=ORIENTED_EDGE('',*,*,#2518,.F.);
#3562=ORIENTED_EDGE('',*,*,#2519,.F.);
#3563=ORIENTED_EDGE('',*,*,#2520,.F.);
#3564=ORIENTED_EDGE('',*,*,#2521,.F.);
#3565=ORIENTED_EDGE('',*,*,#2517,.F.);
#3566=ORIENTED_EDGE('',*,*,#2518,.T.);
#3567=ORIENTED_EDGE('',*,*,#2521,.T.);
#3568=ORIENTED_EDGE('',*,*,#2522,.F.);
#3569=ORIENTED_EDGE('',*,*,#2523,.F.);
#3570=ORIENTED_EDGE('',*,*,#2524,.F.);
#3571=ORIENTED_EDGE('',*,*,#2511,.F.);
#3572=ORIENTED_EDGE('',*,*,#2520,.T.);
#3573=ORIENTED_EDGE('',*,*,#2525,.T.);
#3574=ORIENTED_EDGE('',*,*,#2526,.T.);
#3575=ORIENTED_EDGE('',*,*,#2522,.T.);
#3576=ORIENTED_EDGE('',*,*,#2513,.T.);
#3577=ORIENTED_EDGE('',*,*,#2527,.F.);
#3578=ORIENTED_EDGE('',*,*,#2528,.F.);
#3579=ORIENTED_EDGE('',*,*,#2501,.F.);
#3580=ORIENTED_EDGE('',*,*,#2528,.T.);
#3581=ORIENTED_EDGE('',*,*,#2529,.F.);
#3582=ORIENTED_EDGE('',*,*,#2530,.F.);
#3583=ORIENTED_EDGE('',*,*,#2502,.F.);
#3584=ORIENTED_EDGE('',*,*,#2514,.T.);
#3585=ORIENTED_EDGE('',*,*,#2503,.F.);
#3586=ORIENTED_EDGE('',*,*,#2530,.T.);
#3587=ORIENTED_EDGE('',*,*,#2531,.F.);
#3588=ORIENTED_EDGE('',*,*,#2532,.F.);
#3589=ORIENTED_EDGE('',*,*,#2525,.F.);
#3590=ORIENTED_EDGE('',*,*,#2519,.T.);
#3591=ORIENTED_EDGE('',*,*,#2516,.T.);
#3592=ORIENTED_EDGE('',*,*,#2532,.T.);
#3593=ORIENTED_EDGE('',*,*,#2533,.F.);
#3594=ORIENTED_EDGE('',*,*,#2523,.T.);
#3595=ORIENTED_EDGE('',*,*,#2526,.F.);
#3596=ORIENTED_EDGE('',*,*,#2533,.T.);
#3597=ORIENTED_EDGE('',*,*,#2531,.T.);
#3598=ORIENTED_EDGE('',*,*,#2529,.T.);
#3599=ORIENTED_EDGE('',*,*,#2527,.T.);
#3600=ORIENTED_EDGE('',*,*,#2512,.T.);
#3601=ORIENTED_EDGE('',*,*,#2524,.T.);
#3602=ORIENTED_EDGE('',*,*,#2534,.F.);
#3603=ORIENTED_EDGE('',*,*,#2535,.T.);
#3604=ORIENTED_EDGE('',*,*,#2536,.F.);
#3605=ORIENTED_EDGE('',*,*,#2537,.F.);
#3606=ORIENTED_EDGE('',*,*,#2538,.T.);
#3607=ORIENTED_EDGE('',*,*,#2537,.T.);
#3608=ORIENTED_EDGE('',*,*,#2539,.F.);
#3609=ORIENTED_EDGE('',*,*,#2540,.F.);
#3610=ORIENTED_EDGE('',*,*,#2541,.T.);
#3611=ORIENTED_EDGE('',*,*,#2540,.T.);
#3612=ORIENTED_EDGE('',*,*,#2542,.F.);
#3613=ORIENTED_EDGE('',*,*,#2535,.F.);
#3614=ORIENTED_EDGE('',*,*,#2541,.F.);
#3615=ORIENTED_EDGE('',*,*,#2534,.T.);
#3616=ORIENTED_EDGE('',*,*,#2538,.F.);
#3617=ORIENTED_EDGE('',*,*,#2542,.T.);
#3618=ORIENTED_EDGE('',*,*,#2539,.T.);
#3619=ORIENTED_EDGE('',*,*,#2536,.T.);
#3620=ORIENTED_EDGE('',*,*,#2543,.T.);
#3621=ORIENTED_EDGE('',*,*,#2544,.T.);
#3622=ORIENTED_EDGE('',*,*,#2545,.T.);
#3623=ORIENTED_EDGE('',*,*,#2546,.T.);
#3624=ORIENTED_EDGE('',*,*,#2545,.F.);
#3625=ORIENTED_EDGE('',*,*,#2547,.T.);
#3626=ORIENTED_EDGE('',*,*,#2543,.F.);
#3627=ORIENTED_EDGE('',*,*,#2548,.F.);
#3628=ORIENTED_EDGE('',*,*,#2546,.F.);
#3629=ORIENTED_EDGE('',*,*,#2548,.T.);
#3630=ORIENTED_EDGE('',*,*,#2544,.F.);
#3631=ORIENTED_EDGE('',*,*,#2547,.F.);
#3632=ORIENTED_EDGE('',*,*,#2549,.F.);
#3633=ORIENTED_EDGE('',*,*,#2550,.F.);
#3634=ORIENTED_EDGE('',*,*,#2551,.F.);
#3635=ORIENTED_EDGE('',*,*,#2552,.F.);
#3636=ORIENTED_EDGE('',*,*,#2553,.F.);
#3637=ORIENTED_EDGE('',*,*,#2554,.T.);
#3638=ORIENTED_EDGE('',*,*,#2555,.F.);
#3639=ORIENTED_EDGE('',*,*,#2554,.F.);
#3640=ORIENTED_EDGE('',*,*,#2556,.F.);
#3641=ORIENTED_EDGE('',*,*,#2550,.T.);
#3642=ORIENTED_EDGE('',*,*,#2551,.T.);
#3643=ORIENTED_EDGE('',*,*,#2556,.T.);
#3644=ORIENTED_EDGE('',*,*,#2553,.T.);
#3645=ORIENTED_EDGE('',*,*,#2557,.F.);
#3646=ORIENTED_EDGE('',*,*,#2558,.F.);
#3647=ORIENTED_EDGE('',*,*,#2559,.T.);
#3648=ORIENTED_EDGE('',*,*,#2560,.F.);
#3649=ORIENTED_EDGE('',*,*,#2561,.F.);
#3650=ORIENTED_EDGE('',*,*,#2549,.T.);
#3651=ORIENTED_EDGE('',*,*,#2561,.T.);
#3652=ORIENTED_EDGE('',*,*,#2562,.F.);
#3653=ORIENTED_EDGE('',*,*,#2563,.F.);
#3654=ORIENTED_EDGE('',*,*,#2564,.T.);
#3655=ORIENTED_EDGE('',*,*,#2557,.T.);
#3656=ORIENTED_EDGE('',*,*,#2552,.T.);
#3657=ORIENTED_EDGE('',*,*,#2555,.T.);
#3658=ORIENTED_EDGE('',*,*,#2565,.T.);
#3659=ORIENTED_EDGE('',*,*,#2563,.T.);
#3660=ORIENTED_EDGE('',*,*,#2566,.F.);
#3661=ORIENTED_EDGE('',*,*,#2559,.F.);
#3662=ORIENTED_EDGE('',*,*,#2565,.F.);
#3663=ORIENTED_EDGE('',*,*,#2558,.T.);
#3664=ORIENTED_EDGE('',*,*,#2564,.F.);
#3665=ORIENTED_EDGE('',*,*,#2566,.T.);
#3666=ORIENTED_EDGE('',*,*,#2562,.T.);
#3667=ORIENTED_EDGE('',*,*,#2560,.T.);
#3668=ORIENTED_EDGE('',*,*,#2567,.F.);
#3669=ORIENTED_EDGE('',*,*,#2568,.T.);
#3670=ORIENTED_EDGE('',*,*,#2569,.T.);
#3671=ORIENTED_EDGE('',*,*,#2568,.F.);
#3672=ORIENTED_EDGE('',*,*,#2570,.F.);
#3673=ORIENTED_EDGE('',*,*,#2571,.T.);
#3674=ORIENTED_EDGE('',*,*,#2572,.T.);
#3675=ORIENTED_EDGE('',*,*,#2571,.F.);
#3676=ORIENTED_EDGE('',*,*,#2572,.F.);
#3677=ORIENTED_EDGE('',*,*,#2569,.F.);
#3678=ORIENTED_EDGE('',*,*,#2573,.T.);
#3679=ORIENTED_EDGE('',*,*,#2570,.T.);
#3680=ORIENTED_EDGE('',*,*,#2574,.T.);
#3681=ORIENTED_EDGE('',*,*,#2575,.T.);
#3682=ORIENTED_EDGE('',*,*,#2576,.T.);
#3683=ORIENTED_EDGE('',*,*,#2577,.T.);
#3684=ORIENTED_EDGE('',*,*,#2575,.F.);
#3685=ORIENTED_EDGE('',*,*,#2573,.F.);
#3686=ORIENTED_EDGE('',*,*,#2578,.T.);
#3687=ORIENTED_EDGE('',*,*,#2576,.F.);
#3688=ORIENTED_EDGE('',*,*,#2577,.F.);
#3689=ORIENTED_EDGE('',*,*,#2578,.F.);
#3690=ORIENTED_EDGE('',*,*,#2574,.F.);
#3691=ORIENTED_EDGE('',*,*,#2579,.F.);
#3692=ORIENTED_EDGE('',*,*,#2580,.F.);
#3693=ORIENTED_EDGE('',*,*,#2581,.T.);
#3694=ORIENTED_EDGE('',*,*,#2579,.T.);
#3695=ORIENTED_EDGE('',*,*,#2581,.F.);
#3696=ORIENTED_EDGE('',*,*,#2567,.T.);
#3697=ORIENTED_EDGE('',*,*,#2580,.T.);
#3698=ORIENTED_EDGE('',*,*,#2582,.F.);
#3699=ORIENTED_EDGE('',*,*,#2583,.T.);
#3700=ORIENTED_EDGE('',*,*,#2584,.T.);
#3701=ORIENTED_EDGE('',*,*,#2583,.F.);
#3702=ORIENTED_EDGE('',*,*,#2585,.F.);
#3703=ORIENTED_EDGE('',*,*,#2586,.T.);
#3704=ORIENTED_EDGE('',*,*,#2587,.T.);
#3705=ORIENTED_EDGE('',*,*,#2586,.F.);
#3706=ORIENTED_EDGE('',*,*,#2587,.F.);
#3707=ORIENTED_EDGE('',*,*,#2584,.F.);
#3708=ORIENTED_EDGE('',*,*,#2588,.T.);
#3709=ORIENTED_EDGE('',*,*,#2585,.T.);
#3710=ORIENTED_EDGE('',*,*,#2589,.T.);
#3711=ORIENTED_EDGE('',*,*,#2590,.T.);
#3712=ORIENTED_EDGE('',*,*,#2591,.T.);
#3713=ORIENTED_EDGE('',*,*,#2592,.T.);
#3714=ORIENTED_EDGE('',*,*,#2590,.F.);
#3715=ORIENTED_EDGE('',*,*,#2588,.F.);
#3716=ORIENTED_EDGE('',*,*,#2593,.T.);
#3717=ORIENTED_EDGE('',*,*,#2591,.F.);
#3718=ORIENTED_EDGE('',*,*,#2592,.F.);
#3719=ORIENTED_EDGE('',*,*,#2593,.F.);
#3720=ORIENTED_EDGE('',*,*,#2589,.F.);
#3721=ORIENTED_EDGE('',*,*,#2594,.F.);
#3722=ORIENTED_EDGE('',*,*,#2595,.F.);
#3723=ORIENTED_EDGE('',*,*,#2596,.T.);
#3724=ORIENTED_EDGE('',*,*,#2594,.T.);
#3725=ORIENTED_EDGE('',*,*,#2596,.F.);
#3726=ORIENTED_EDGE('',*,*,#2582,.T.);
#3727=ORIENTED_EDGE('',*,*,#2595,.T.);
#3728=ORIENTED_EDGE('',*,*,#2597,.F.);
#3729=ORIENTED_EDGE('',*,*,#2598,.T.);
#3730=ORIENTED_EDGE('',*,*,#2599,.T.);
#3731=ORIENTED_EDGE('',*,*,#2598,.F.);
#3732=ORIENTED_EDGE('',*,*,#2600,.F.);
#3733=ORIENTED_EDGE('',*,*,#2601,.T.);
#3734=ORIENTED_EDGE('',*,*,#2602,.T.);
#3735=ORIENTED_EDGE('',*,*,#2601,.F.);
#3736=ORIENTED_EDGE('',*,*,#2602,.F.);
#3737=ORIENTED_EDGE('',*,*,#2599,.F.);
#3738=ORIENTED_EDGE('',*,*,#2603,.T.);
#3739=ORIENTED_EDGE('',*,*,#2600,.T.);
#3740=ORIENTED_EDGE('',*,*,#2604,.T.);
#3741=ORIENTED_EDGE('',*,*,#2605,.T.);
#3742=ORIENTED_EDGE('',*,*,#2606,.T.);
#3743=ORIENTED_EDGE('',*,*,#2607,.T.);
#3744=ORIENTED_EDGE('',*,*,#2605,.F.);
#3745=ORIENTED_EDGE('',*,*,#2603,.F.);
#3746=ORIENTED_EDGE('',*,*,#2608,.T.);
#3747=ORIENTED_EDGE('',*,*,#2606,.F.);
#3748=ORIENTED_EDGE('',*,*,#2607,.F.);
#3749=ORIENTED_EDGE('',*,*,#2608,.F.);
#3750=ORIENTED_EDGE('',*,*,#2604,.F.);
#3751=ORIENTED_EDGE('',*,*,#2609,.F.);
#3752=ORIENTED_EDGE('',*,*,#2610,.F.);
#3753=ORIENTED_EDGE('',*,*,#2611,.T.);
#3754=ORIENTED_EDGE('',*,*,#2609,.T.);
#3755=ORIENTED_EDGE('',*,*,#2611,.F.);
#3756=ORIENTED_EDGE('',*,*,#2597,.T.);
#3757=ORIENTED_EDGE('',*,*,#2610,.T.);
#3758=ORIENTED_EDGE('',*,*,#2612,.F.);
#3759=ORIENTED_EDGE('',*,*,#2613,.T.);
#3760=ORIENTED_EDGE('',*,*,#2614,.T.);
#3761=ORIENTED_EDGE('',*,*,#2613,.F.);
#3762=ORIENTED_EDGE('',*,*,#2615,.F.);
#3763=ORIENTED_EDGE('',*,*,#2616,.T.);
#3764=ORIENTED_EDGE('',*,*,#2617,.T.);
#3765=ORIENTED_EDGE('',*,*,#2616,.F.);
#3766=ORIENTED_EDGE('',*,*,#2617,.F.);
#3767=ORIENTED_EDGE('',*,*,#2614,.F.);
#3768=ORIENTED_EDGE('',*,*,#2618,.T.);
#3769=ORIENTED_EDGE('',*,*,#2615,.T.);
#3770=ORIENTED_EDGE('',*,*,#2619,.T.);
#3771=ORIENTED_EDGE('',*,*,#2620,.T.);
#3772=ORIENTED_EDGE('',*,*,#2621,.T.);
#3773=ORIENTED_EDGE('',*,*,#2622,.T.);
#3774=ORIENTED_EDGE('',*,*,#2620,.F.);
#3775=ORIENTED_EDGE('',*,*,#2618,.F.);
#3776=ORIENTED_EDGE('',*,*,#2623,.T.);
#3777=ORIENTED_EDGE('',*,*,#2621,.F.);
#3778=ORIENTED_EDGE('',*,*,#2622,.F.);
#3779=ORIENTED_EDGE('',*,*,#2623,.F.);
#3780=ORIENTED_EDGE('',*,*,#2619,.F.);
#3781=ORIENTED_EDGE('',*,*,#2624,.F.);
#3782=ORIENTED_EDGE('',*,*,#2625,.F.);
#3783=ORIENTED_EDGE('',*,*,#2626,.T.);
#3784=ORIENTED_EDGE('',*,*,#2624,.T.);
#3785=ORIENTED_EDGE('',*,*,#2626,.F.);
#3786=ORIENTED_EDGE('',*,*,#2612,.T.);
#3787=ORIENTED_EDGE('',*,*,#2625,.T.);
#3788=ORIENTED_EDGE('',*,*,#2627,.F.);
#3789=ORIENTED_EDGE('',*,*,#2628,.T.);
#3790=ORIENTED_EDGE('',*,*,#2629,.T.);
#3791=ORIENTED_EDGE('',*,*,#2628,.F.);
#3792=ORIENTED_EDGE('',*,*,#2630,.F.);
#3793=ORIENTED_EDGE('',*,*,#2631,.T.);
#3794=ORIENTED_EDGE('',*,*,#2632,.T.);
#3795=ORIENTED_EDGE('',*,*,#2631,.F.);
#3796=ORIENTED_EDGE('',*,*,#2632,.F.);
#3797=ORIENTED_EDGE('',*,*,#2629,.F.);
#3798=ORIENTED_EDGE('',*,*,#2633,.T.);
#3799=ORIENTED_EDGE('',*,*,#2630,.T.);
#3800=ORIENTED_EDGE('',*,*,#2634,.T.);
#3801=ORIENTED_EDGE('',*,*,#2635,.T.);
#3802=ORIENTED_EDGE('',*,*,#2636,.T.);
#3803=ORIENTED_EDGE('',*,*,#2637,.T.);
#3804=ORIENTED_EDGE('',*,*,#2635,.F.);
#3805=ORIENTED_EDGE('',*,*,#2633,.F.);
#3806=ORIENTED_EDGE('',*,*,#2638,.T.);
#3807=ORIENTED_EDGE('',*,*,#2636,.F.);
#3808=ORIENTED_EDGE('',*,*,#2637,.F.);
#3809=ORIENTED_EDGE('',*,*,#2638,.F.);
#3810=ORIENTED_EDGE('',*,*,#2634,.F.);
#3811=ORIENTED_EDGE('',*,*,#2639,.F.);
#3812=ORIENTED_EDGE('',*,*,#2640,.F.);
#3813=ORIENTED_EDGE('',*,*,#2641,.T.);
#3814=ORIENTED_EDGE('',*,*,#2639,.T.);
#3815=ORIENTED_EDGE('',*,*,#2641,.F.);
#3816=ORIENTED_EDGE('',*,*,#2627,.T.);
#3817=ORIENTED_EDGE('',*,*,#2640,.T.);
#3818=PLANE('',#4258);
#3819=PLANE('',#4259);
#3820=PLANE('',#4260);
#3821=PLANE('',#4261);
#3822=PLANE('',#4262);
#3823=PLANE('',#4263);
#3824=PLANE('',#4264);
#3825=PLANE('',#4265);
#3826=PLANE('',#4266);
#3827=PLANE('',#4267);
#3828=PLANE('',#4268);
#3829=PLANE('',#4269);
#3830=PLANE('',#4270);
#3831=PLANE('',#4271);
#3832=PLANE('',#4272);
#3833=PLANE('',#4273);
#3834=PLANE('',#4274);
#3835=PLANE('',#4275);
#3836=PLANE('',#4276);
#3837=PLANE('',#4277);
#3838=PLANE('',#4278);
#3839=PLANE('',#4279);
#3840=PLANE('',#4280);
#3841=PLANE('',#4284);
#3842=PLANE('',#4285);
#3843=PLANE('',#4289);
#3844=PLANE('',#4290);
#3845=PLANE('',#4294);
#3846=PLANE('',#4295);
#3847=PLANE('',#4296);
#3848=PLANE('',#4302);
#3849=PLANE('',#4303);
#3850=PLANE('',#4306);
#3851=PLANE('',#4307);
#3852=PLANE('',#4310);
#3853=PLANE('',#4311);
#3854=PLANE('',#4313);
#3855=PLANE('',#4314);
#3856=PLANE('',#4316);
#3857=PLANE('',#4317);
#3858=PLANE('',#4325);
#3859=PLANE('',#4326);
#3860=PLANE('',#4334);
#3861=PLANE('',#4338);
#3862=PLANE('',#4339);
#3863=PLANE('',#4343);
#3864=PLANE('',#4344);
#3865=PLANE('',#4345);
#3866=PLANE('',#4351);
#3867=PLANE('',#4357);
#3868=PLANE('',#4358);
#3869=PLANE('',#4359);
#3870=PLANE('',#4361);
#3871=PLANE('',#4363);
#3872=PLANE('',#4364);
#3873=PLANE('',#4366);
#3874=PLANE('',#4367);
#3875=PLANE('',#4368);
#3876=PLANE('',#4370);
#3877=PLANE('',#4371);
#3878=PLANE('',#4372);
#3879=PLANE('',#4377);
#3880=PLANE('',#4381);
#3881=PLANE('',#4382);
#3882=PLANE('',#4383);
#3883=PLANE('',#4385);
#3884=PLANE('',#4386);
#3885=PLANE('',#4387);
#3886=PLANE('',#4388);
#3887=PLANE('',#4389);
#3888=PLANE('',#4390);
#3889=PLANE('',#4393);
#3890=PLANE('',#4394);
#3891=PLANE('',#4395);
#3892=PLANE('',#4396);
#3893=PLANE('',#4397);
#3894=PLANE('',#4401);
#3895=PLANE('',#4402);
#3896=PLANE('',#4403);
#3897=PLANE('',#4404);
#3898=PLANE('',#4405);
#3899=PLANE('',#4407);
#3900=PLANE('',#4409);
#3901=PLANE('',#4410);
#3902=PLANE('',#4411);
#3903=PLANE('',#4412);
#3904=PLANE('',#4413);
#3905=PLANE('',#4414);
#3906=PLANE('',#4415);
#3907=PLANE('',#4422);
#3908=PLANE('',#4432);
#3909=PLANE('',#4436);
#3910=PLANE('',#4437);
#3911=PLANE('',#4438);
#3912=PLANE('',#4439);
#3913=PLANE('',#4440);
#3914=PLANE('',#4441);
#3915=PLANE('',#4442);
#3916=PLANE('',#4443);
#3917=PLANE('',#4452);
#3918=PLANE('',#4453);
#3919=PLANE('',#4457);
#3920=PLANE('',#4458);
#3921=PLANE('',#4459);
#3922=PLANE('',#4460);
#3923=PLANE('',#4461);
#3924=PLANE('',#4465);
#3925=PLANE('',#4466);
#3926=PLANE('',#4467);
#3927=PLANE('',#4470);
#3928=PLANE('',#4471);
#3929=PLANE('',#4472);
#3930=PLANE('',#4473);
#3931=PLANE('',#4474);
#3932=PLANE('',#4475);
#3933=PLANE('',#4476);
#3934=PLANE('',#4478);
#3935=PLANE('',#4479);
#3936=PLANE('',#4481);
#3937=PLANE('',#4485);
#3938=PLANE('',#4486);
#3939=PLANE('',#4487);
#3940=PLANE('',#4488);
#3941=PLANE('',#4489);
#3942=PLANE('',#4490);
#3943=PLANE('',#4491);
#3944=PLANE('',#4492);
#3945=PLANE('',#4493);
#3946=PLANE('',#4494);
#3947=PLANE('',#4495);
#3948=PLANE('',#4498);
#3949=PLANE('',#4500);
#3950=PLANE('',#4504);
#3951=PLANE('',#4505);
#3952=PLANE('',#4506);
#3953=PLANE('',#4507);
#3954=PLANE('',#4508);
#3955=PLANE('',#4510);
#3956=PLANE('',#4513);
#3957=PLANE('',#4516);
#3958=PLANE('',#4517);
#3959=PLANE('',#4518);
#3960=PLANE('',#4522);
#3961=PLANE('',#4523);
#3962=PLANE('',#4524);
#3963=PLANE('',#4526);
#3964=PLANE('',#4528);
#3965=PLANE('',#4530);
#3966=PLANE('',#4532);
#3967=PLANE('',#4534);
#3968=PLANE('',#4535);
#3969=PLANE('',#4539);
#3970=PLANE('',#4540);
#3971=PLANE('',#4541);
#3972=PLANE('',#4548);
#3973=PLANE('',#4549);
#3974=PLANE('',#4557);
#3975=PLANE('',#4561);
#3976=PLANE('',#4568);
#3977=PLANE('',#4569);
#3978=PLANE('',#4577);
#3979=PLANE('',#4581);
#3980=PLANE('',#4588);
#3981=PLANE('',#4589);
#3982=PLANE('',#4597);
#3983=PLANE('',#4601);
#3984=PLANE('',#4608);
#3985=PLANE('',#4609);
#3986=PLANE('',#4617);
#3987=PLANE('',#4621);
#3988=PLANE('',#4628);
#3989=PLANE('',#4629);
#3990=PLANE('',#4637);
#3991=PLANE('',#4641);
#3992=ADVANCED_FACE('',(#292),#3818,.F.);
#3993=ADVANCED_FACE('',(#293),#3819,.F.);
#3994=ADVANCED_FACE('',(#294),#3820,.F.);
#3995=ADVANCED_FACE('',(#295),#3821,.F.);
#3996=ADVANCED_FACE('',(#296),#3822,.F.);
#3997=ADVANCED_FACE('',(#297),#3823,.F.);
#3998=ADVANCED_FACE('',(#298),#3824,.F.);
#3999=ADVANCED_FACE('',(#299),#3825,.F.);
#4000=ADVANCED_FACE('',(#300),#3826,.F.);
#4001=ADVANCED_FACE('',(#301),#3827,.F.);
#4002=ADVANCED_FACE('',(#302),#3828,.F.);
#4003=ADVANCED_FACE('',(#303),#3829,.F.);
#4004=ADVANCED_FACE('',(#304),#3830,.F.);
#4005=ADVANCED_FACE('',(#305),#3831,.F.);
#4006=ADVANCED_FACE('',(#306),#3832,.F.);
#4007=ADVANCED_FACE('',(#307),#3833,.F.);
#4008=ADVANCED_FACE('',(#308),#3834,.F.);
#4009=ADVANCED_FACE('',(#309),#3835,.F.);
#4010=ADVANCED_FACE('',(#310),#3836,.F.);
#4011=ADVANCED_FACE('',(#311),#3837,.T.);
#4012=ADVANCED_FACE('',(#312),#3838,.F.);
#4013=ADVANCED_FACE('',(#313),#3839,.F.);
#4014=ADVANCED_FACE('',(#314),#3840,.F.);
#4015=ADVANCED_FACE('',(#315),#238,.F.);
#4016=ADVANCED_FACE('',(#316),#3841,.F.);
#4017=ADVANCED_FACE('',(#317),#3842,.F.);
#4018=ADVANCED_FACE('',(#318),#239,.F.);
#4019=ADVANCED_FACE('',(#319),#3843,.F.);
#4020=ADVANCED_FACE('',(#320),#3844,.F.);
#4021=ADVANCED_FACE('',(#321),#240,.F.);
#4022=ADVANCED_FACE('',(#322),#3845,.F.);
#4023=ADVANCED_FACE('',(#323),#3846,.F.);
#4024=ADVANCED_FACE('',(#324),#3847,.T.);
#4025=ADVANCED_FACE('',(#325),#241,.F.);
#4026=ADVANCED_FACE('',(#326),#3848,.F.);
#4027=ADVANCED_FACE('',(#327),#3849,.F.);
#4028=ADVANCED_FACE('',(#328),#242,.F.);
#4029=ADVANCED_FACE('',(#329),#3850,.F.);
#4030=ADVANCED_FACE('',(#330),#3851,.F.);
#4031=ADVANCED_FACE('',(#331),#243,.F.);
#4032=ADVANCED_FACE('',(#332),#3852,.T.);
#4033=ADVANCED_FACE('',(#333,#63),#3853,.T.);
#4034=ADVANCED_FACE('',(#334),#3854,.F.);
#4035=ADVANCED_FACE('',(#335,#64),#3855,.F.);
#4036=ADVANCED_FACE('',(#336),#3856,.F.);
#4037=ADVANCED_FACE('',(#337),#3857,.F.);
#4038=ADVANCED_FACE('',(#338),#244,.T.);
#4039=ADVANCED_FACE('',(#339),#245,.T.);
#4040=ADVANCED_FACE('',(#340),#246,.F.);
#4041=ADVANCED_FACE('',(#341,#65),#3858,.T.);
#4042=ADVANCED_FACE('',(#342,#66),#3859,.T.);
#4043=ADVANCED_FACE('',(#343),#24,.T.);
#4044=ADVANCED_FACE('',(#344),#247,.T.);
#4045=ADVANCED_FACE('',(#345,#67),#3860,.F.);
#4046=ADVANCED_FACE('',(#346),#248,.F.);
#4047=ADVANCED_FACE('',(#347,#68),#3861,.T.);
#4048=ADVANCED_FACE('',(#348),#3862,.F.);
#4049=ADVANCED_FACE('',(#349),#249,.F.);
#4050=ADVANCED_FACE('',(#350),#3863,.F.);
#4051=ADVANCED_FACE('',(#351),#3864,.T.);
#4052=ADVANCED_FACE('',(#352),#3865,.F.);
#4053=ADVANCED_FACE('',(#353),#3866,.T.);
#4054=ADVANCED_FACE('',(#354),#3867,.F.);
#4055=ADVANCED_FACE('',(#355),#3868,.F.);
#4056=ADVANCED_FACE('',(#356),#3869,.T.);
#4057=ADVANCED_FACE('',(#357),#250,.T.);
#4058=ADVANCED_FACE('',(#358),#3870,.T.);
#4059=ADVANCED_FACE('',(#359),#251,.T.);
#4060=ADVANCED_FACE('',(#360),#3871,.T.);
#4061=ADVANCED_FACE('',(#361),#3872,.T.);
#4062=ADVANCED_FACE('',(#362),#252,.T.);
#4063=ADVANCED_FACE('',(#363),#3873,.T.);
#4064=ADVANCED_FACE('',(#364),#3874,.T.);
#4065=ADVANCED_FACE('',(#365),#3875,.T.);
#4066=ADVANCED_FACE('',(#366),#253,.T.);
#4067=ADVANCED_FACE('',(#367),#3876,.T.);
#4068=ADVANCED_FACE('',(#368),#3877,.T.);
#4069=ADVANCED_FACE('',(#369),#3878,.T.);
#4070=ADVANCED_FACE('',(#370),#254,.T.);
#4071=ADVANCED_FACE('',(#371),#255,.F.);
#4072=ADVANCED_FACE('',(#372),#3879,.T.);
#4073=ADVANCED_FACE('',(#373),#256,.F.);
#4074=ADVANCED_FACE('',(#374),#3880,.T.);
#4075=ADVANCED_FACE('',(#375),#3881,.F.);
#4076=ADVANCED_FACE('',(#376),#3882,.F.);
#4077=ADVANCED_FACE('',(#377),#3883,.F.);
#4078=ADVANCED_FACE('',(#378),#3884,.F.);
#4079=ADVANCED_FACE('',(#379),#3885,.F.);
#4080=ADVANCED_FACE('',(#380),#3886,.F.);
#4081=ADVANCED_FACE('',(#381,#69,#70),#3887,.T.);
#4082=ADVANCED_FACE('',(#382),#3888,.F.);
#4083=ADVANCED_FACE('',(#383),#257,.T.);
#4084=ADVANCED_FACE('',(#384),#3889,.F.);
#4085=ADVANCED_FACE('',(#385),#3890,.F.);
#4086=ADVANCED_FACE('',(#386),#3891,.F.);
#4087=ADVANCED_FACE('',(#387),#3892,.T.);
#4088=ADVANCED_FACE('',(#388),#3893,.F.);
#4089=ADVANCED_FACE('',(#389),#25,.T.);
#4090=ADVANCED_FACE('',(#390),#3894,.T.);
#4091=ADVANCED_FACE('',(#391),#3895,.F.);
#4092=ADVANCED_FACE('',(#392),#3896,.F.);
#4093=ADVANCED_FACE('',(#393),#3897,.F.);
#4094=ADVANCED_FACE('',(#394),#3898,.F.);
#4095=ADVANCED_FACE('',(#395),#3899,.F.);
#4096=ADVANCED_FACE('',(#396),#3900,.F.);
#4097=ADVANCED_FACE('',(#397),#3901,.F.);
#4098=ADVANCED_FACE('',(#398),#3902,.T.);
#4099=ADVANCED_FACE('',(#399),#3903,.F.);
#4100=ADVANCED_FACE('',(#400),#3904,.F.);
#4101=ADVANCED_FACE('',(#401),#3905,.T.);
#4102=ADVANCED_FACE('',(#402),#3906,.F.);
#4103=ADVANCED_FACE('',(#403),#26,.T.);
#4104=ADVANCED_FACE('',(#404),#258,.F.);
#4105=ADVANCED_FACE('',(#405),#27,.T.);
#4106=ADVANCED_FACE('',(#406),#3907,.T.);
#4107=ADVANCED_FACE('',(#407),#28,.T.);
#4108=ADVANCED_FACE('',(#408),#259,.T.);
#4109=ADVANCED_FACE('',(#409),#29,.T.);
#4110=ADVANCED_FACE('',(#410),#260,.F.);
#4111=ADVANCED_FACE('',(#411),#3908,.T.);
#4112=ADVANCED_FACE('',(#412),#261,.F.);
#4113=ADVANCED_FACE('',(#413),#3909,.T.);
#4114=ADVANCED_FACE('',(#414),#3910,.T.);
#4115=ADVANCED_FACE('',(#415),#3911,.T.);
#4116=ADVANCED_FACE('',(#416),#3912,.F.);
#4117=ADVANCED_FACE('',(#417),#3913,.F.);
#4118=ADVANCED_FACE('',(#418),#3914,.F.);
#4119=ADVANCED_FACE('',(#419),#3915,.F.);
#4120=ADVANCED_FACE('',(#420),#3916,.F.);
#4121=ADVANCED_FACE('',(#421),#262,.T.);
#4122=ADVANCED_FACE('',(#422),#3917,.F.);
#4123=ADVANCED_FACE('',(#423),#3918,.F.);
#4124=ADVANCED_FACE('',(#424),#263,.F.);
#4125=ADVANCED_FACE('',(#425),#3919,.F.);
#4126=ADVANCED_FACE('',(#426),#3920,.F.);
#4127=ADVANCED_FACE('',(#427),#3921,.F.);
#4128=ADVANCED_FACE('',(#428),#3922,.F.);
#4129=ADVANCED_FACE('',(#429),#3923,.F.);
#4130=ADVANCED_FACE('',(#430),#264,.T.);
#4131=ADVANCED_FACE('',(#431),#3924,.F.);
#4132=ADVANCED_FACE('',(#432),#3925,.F.);
#4133=ADVANCED_FACE('',(#433),#3926,.T.);
#4134=ADVANCED_FACE('',(#434),#3927,.F.);
#4135=ADVANCED_FACE('',(#435),#3928,.F.);
#4136=ADVANCED_FACE('',(#436),#3929,.F.);
#4137=ADVANCED_FACE('',(#437),#3930,.F.);
#4138=ADVANCED_FACE('',(#438),#3931,.F.);
#4139=ADVANCED_FACE('',(#439),#3932,.F.);
#4140=ADVANCED_FACE('',(#440),#3933,.F.);
#4141=ADVANCED_FACE('',(#441),#3934,.F.);
#4142=ADVANCED_FACE('',(#442),#3935,.F.);
#4143=ADVANCED_FACE('',(#443),#3936,.F.);
#4144=ADVANCED_FACE('',(#444),#265,.T.);
#4145=ADVANCED_FACE('',(#445),#3937,.F.);
#4146=ADVANCED_FACE('',(#446),#3938,.F.);
#4147=ADVANCED_FACE('',(#447),#3939,.F.);
#4148=ADVANCED_FACE('',(#448),#3940,.F.);
#4149=ADVANCED_FACE('',(#449),#3941,.F.);
#4150=ADVANCED_FACE('',(#450),#3942,.F.);
#4151=ADVANCED_FACE('',(#451),#3943,.F.);
#4152=ADVANCED_FACE('',(#452,#71,#72),#3944,.F.);
#4153=ADVANCED_FACE('',(#453),#3945,.F.);
#4154=ADVANCED_FACE('',(#454),#3946,.F.);
#4155=ADVANCED_FACE('',(#455),#3947,.F.);
#4156=ADVANCED_FACE('',(#456),#3948,.T.);
#4157=ADVANCED_FACE('',(#457),#3949,.F.);
#4158=ADVANCED_FACE('',(#458),#266,.F.);
#4159=ADVANCED_FACE('',(#459),#3950,.F.);
#4160=ADVANCED_FACE('',(#460),#3951,.F.);
#4161=ADVANCED_FACE('',(#461),#3952,.F.);
#4162=ADVANCED_FACE('',(#462),#3953,.T.);
#4163=ADVANCED_FACE('',(#463),#3954,.F.);
#4164=ADVANCED_FACE('',(#464),#3955,.T.);
#4165=ADVANCED_FACE('',(#465),#267,.T.);
#4166=ADVANCED_FACE('',(#466),#3956,.T.);
#4167=ADVANCED_FACE('',(#467),#268,.F.);
#4168=ADVANCED_FACE('',(#468),#3957,.T.);
#4169=ADVANCED_FACE('',(#469),#3958,.T.);
#4170=ADVANCED_FACE('',(#470),#3959,.T.);
#4171=ADVANCED_FACE('',(#471),#269,.F.);
#4172=ADVANCED_FACE('',(#472),#3960,.T.);
#4173=ADVANCED_FACE('',(#473),#3961,.F.);
#4174=ADVANCED_FACE('',(#474),#3962,.F.);
#4175=ADVANCED_FACE('',(#475),#3963,.T.);
#4176=ADVANCED_FACE('',(#476),#3964,.T.);
#4177=ADVANCED_FACE('',(#477),#270,.T.);
#4178=ADVANCED_FACE('',(#478),#3965,.F.);
#4179=ADVANCED_FACE('',(#479),#3966,.F.);
#4180=ADVANCED_FACE('',(#480),#3967,.F.);
#4181=ADVANCED_FACE('',(#481),#3968,.T.);
#4182=ADVANCED_FACE('',(#482),#271,.F.);
#4183=ADVANCED_FACE('',(#483),#3969,.T.);
#4184=ADVANCED_FACE('',(#484),#3970,.T.);
#4185=ADVANCED_FACE('',(#485),#3971,.F.);
#4186=ADVANCED_FACE('',(#486),#272,.T.);
#4187=ADVANCED_FACE('',(#487),#273,.F.);
#4188=ADVANCED_FACE('',(#488,#73),#3972,.T.);
#4189=ADVANCED_FACE('',(#489,#74),#3973,.T.);
#4190=ADVANCED_FACE('',(#490),#30,.T.);
#4191=ADVANCED_FACE('',(#491),#274,.T.);
#4192=ADVANCED_FACE('',(#492,#75),#3974,.F.);
#4193=ADVANCED_FACE('',(#493),#275,.F.);
#4194=ADVANCED_FACE('',(#494,#76),#3975,.T.);
#4195=ADVANCED_FACE('',(#495),#276,.T.);
#4196=ADVANCED_FACE('',(#496),#277,.F.);
#4197=ADVANCED_FACE('',(#497,#77),#3976,.T.);
#4198=ADVANCED_FACE('',(#498,#78),#3977,.T.);
#4199=ADVANCED_FACE('',(#499),#31,.T.);
#4200=ADVANCED_FACE('',(#500),#278,.T.);
#4201=ADVANCED_FACE('',(#501,#79),#3978,.F.);
#4202=ADVANCED_FACE('',(#502),#279,.F.);
#4203=ADVANCED_FACE('',(#503,#80),#3979,.T.);
#4204=ADVANCED_FACE('',(#504),#280,.T.);
#4205=ADVANCED_FACE('',(#505),#281,.F.);
#4206=ADVANCED_FACE('',(#506,#81),#3980,.T.);
#4207=ADVANCED_FACE('',(#507,#82),#3981,.T.);
#4208=ADVANCED_FACE('',(#508),#32,.T.);
#4209=ADVANCED_FACE('',(#509),#282,.T.);
#4210=ADVANCED_FACE('',(#510,#83),#3982,.F.);
#4211=ADVANCED_FACE('',(#511),#283,.F.);
#4212=ADVANCED_FACE('',(#512,#84),#3983,.T.);
#4213=ADVANCED_FACE('',(#513),#284,.T.);
#4214=ADVANCED_FACE('',(#514),#285,.F.);
#4215=ADVANCED_FACE('',(#515,#85),#3984,.T.);
#4216=ADVANCED_FACE('',(#516,#86),#3985,.T.);
#4217=ADVANCED_FACE('',(#517),#33,.T.);
#4218=ADVANCED_FACE('',(#518),#286,.T.);
#4219=ADVANCED_FACE('',(#519,#87),#3986,.F.);
#4220=ADVANCED_FACE('',(#520),#287,.F.);
#4221=ADVANCED_FACE('',(#521,#88),#3987,.T.);
#4222=ADVANCED_FACE('',(#522),#288,.T.);
#4223=ADVANCED_FACE('',(#523),#289,.F.);
#4224=ADVANCED_FACE('',(#524,#89),#3988,.T.);
#4225=ADVANCED_FACE('',(#525,#90),#3989,.T.);
#4226=ADVANCED_FACE('',(#526),#34,.T.);
#4227=ADVANCED_FACE('',(#527),#290,.T.);
#4228=ADVANCED_FACE('',(#528,#91),#3990,.F.);
#4229=ADVANCED_FACE('',(#529),#291,.F.);
#4230=ADVANCED_FACE('',(#530,#92),#3991,.T.);
#4231=CLOSED_SHELL('',(#3992,#3993,#3994,#3995,#3996,#3997,#3998,#3999,
#4000,#4001,#4002,#4003,#4004,#4005,#4006,#4007,#4008,#4009,#4010,#4011,
#4012,#4013,#4014,#4015,#4016,#4017,#4018,#4019,#4020,#4021,#4022,#4023,
#4024,#4025,#4026,#4027,#4028,#4029,#4030,#4031,#4032,#4033,#4034,#4035,
#4036,#4037,#4038));
#4232=CLOSED_SHELL('',(#4039,#4040,#4041,#4042,#4043,#4044,#4045,#4046,
#4047));
#4233=CLOSED_SHELL('',(#4048,#4049,#4050,#4051,#4052,#4053,#4054,#4055,
#4056,#4057,#4058,#4059,#4060,#4061,#4062,#4063,#4064,#4065,#4066,#4067,
#4068,#4069,#4070));
#4234=CLOSED_SHELL('',(#4071,#4072,#4073,#4074,#4075,#4076,#4077,#4078,
#4079,#4080,#4081,#4082,#4083,#4084,#4085,#4086,#4087,#4088,#4089,#4090,
#4091,#4092,#4093,#4094,#4095,#4096,#4097,#4098,#4099,#4100,#4101,#4102,
#4103,#4104,#4105,#4106,#4107,#4108,#4109));
#4235=CLOSED_SHELL('',(#4110,#4111,#4112,#4113,#4114,#4115,#4116,#4117,
#4118,#4119,#4120,#4121,#4122,#4123,#4124,#4125,#4126,#4127,#4128,#4129,
#4130,#4131,#4132,#4133,#4134,#4135,#4136,#4137,#4138,#4139,#4140,#4141,
#4142,#4143,#4144,#4145,#4146,#4147,#4148,#4149,#4150,#4151,#4152,#4153));
#4236=CLOSED_SHELL('',(#4154,#4155,#4156,#4157,#4158,#4159,#4160,#4161,
#4162,#4163,#4164,#4165,#4166,#4167,#4168));
#4237=CLOSED_SHELL('',(#4169,#4170,#4171,#4172,#4173));
#4238=CLOSED_SHELL('',(#4174,#4175,#4176,#4177));
#4239=CLOSED_SHELL('',(#4178,#4179,#4180,#4181,#4182,#4183,#4184,#4185));
#4240=CLOSED_SHELL('',(#4186,#4187,#4188,#4189,#4190,#4191,#4192,#4193,
#4194));
#4241=CLOSED_SHELL('',(#4195,#4196,#4197,#4198,#4199,#4200,#4201,#4202,
#4203));
#4242=CLOSED_SHELL('',(#4204,#4205,#4206,#4207,#4208,#4209,#4210,#4211,
#4212));
#4243=CLOSED_SHELL('',(#4213,#4214,#4215,#4216,#4217,#4218,#4219,#4220,
#4221));
#4244=CLOSED_SHELL('',(#4222,#4223,#4224,#4225,#4226,#4227,#4228,#4229,
#4230));
#4245=DERIVED_UNIT_ELEMENT(#4247,1.);
#4246=DERIVED_UNIT_ELEMENT(#7154,-3.);
#4247=(
MASS_UNIT()
NAMED_UNIT(*)
SI_UNIT(.KILO.,.GRAM.)
);
#4248=DERIVED_UNIT((#4245,#4246));
#4249=MEASURE_REPRESENTATION_ITEM('density measure',
POSITIVE_RATIO_MEASURE(7850.),#4248);
#4250=PROPERTY_DEFINITION_REPRESENTATION(#4255,#4252);
#4251=PROPERTY_DEFINITION_REPRESENTATION(#4256,#4253);
#4252=REPRESENTATION('material name',(#4254),#7149);
#4253=REPRESENTATION('density',(#4249),#7149);
#4254=DESCRIPTIVE_REPRESENTATION_ITEM('Steel','Steel');
#4255=PROPERTY_DEFINITION('material property','material name',#7162);
#4256=PROPERTY_DEFINITION('material property','density of part',#7162);
#4257=AXIS2_PLACEMENT_3D('',#5844,#4642,#4643);
#4258=AXIS2_PLACEMENT_3D('',#5845,#4644,#4645);
#4259=AXIS2_PLACEMENT_3D('',#5854,#4650,#4651);
#4260=AXIS2_PLACEMENT_3D('',#5860,#4655,#4656);
#4261=AXIS2_PLACEMENT_3D('',#5866,#4660,#4661);
#4262=AXIS2_PLACEMENT_3D('',#5872,#4665,#4666);
#4263=AXIS2_PLACEMENT_3D('',#5881,#4671,#4672);
#4264=AXIS2_PLACEMENT_3D('',#5887,#4676,#4677);
#4265=AXIS2_PLACEMENT_3D('',#5914,#4692,#4693);
#4266=AXIS2_PLACEMENT_3D('',#5920,#4697,#4698);
#4267=AXIS2_PLACEMENT_3D('',#5924,#4701,#4702);
#4268=AXIS2_PLACEMENT_3D('',#5928,#4705,#4706);
#4269=AXIS2_PLACEMENT_3D('',#5932,#4709,#4710);
#4270=AXIS2_PLACEMENT_3D('',#5936,#4713,#4714);
#4271=AXIS2_PLACEMENT_3D('',#5940,#4717,#4718);
#4272=AXIS2_PLACEMENT_3D('',#5944,#4721,#4722);
#4273=AXIS2_PLACEMENT_3D('',#5948,#4725,#4726);
#4274=AXIS2_PLACEMENT_3D('',#5952,#4729,#4730);
#4275=AXIS2_PLACEMENT_3D('',#5956,#4733,#4734);
#4276=AXIS2_PLACEMENT_3D('',#5960,#4737,#4738);
#4277=AXIS2_PLACEMENT_3D('',#5962,#4740,#4741);
#4278=AXIS2_PLACEMENT_3D('',#5970,#4746,#4747);
#4279=AXIS2_PLACEMENT_3D('',#5993,#4760,#4761);
#4280=AXIS2_PLACEMENT_3D('',#6002,#4766,#4767);
#4281=AXIS2_PLACEMENT_3D('',#6008,#4771,#4772);
#4282=AXIS2_PLACEMENT_3D('',#6010,#4773,#4774);
#4283=AXIS2_PLACEMENT_3D('',#6012,#4775,#4776);
#4284=AXIS2_PLACEMENT_3D('',#6014,#4778,#4779);
#4285=AXIS2_PLACEMENT_3D('',#6020,#4783,#4784);
#4286=AXIS2_PLACEMENT_3D('',#6026,#4788,#4789);
#4287=AXIS2_PLACEMENT_3D('',#6028,#4790,#4791);
#4288=AXIS2_PLACEMENT_3D('',#6030,#4792,#4793);
#4289=AXIS2_PLACEMENT_3D('',#6032,#4795,#4796);
#4290=AXIS2_PLACEMENT_3D('',#6038,#4800,#4801);
#4291=AXIS2_PLACEMENT_3D('',#6044,#4805,#4806);
#4292=AXIS2_PLACEMENT_3D('',#6046,#4807,#4808);
#4293=AXIS2_PLACEMENT_3D('',#6048,#4809,#4810);
#4294=AXIS2_PLACEMENT_3D('',#6050,#4812,#4813);
#4295=AXIS2_PLACEMENT_3D('',#6056,#4817,#4818);
#4296=AXIS2_PLACEMENT_3D('',#6062,#4822,#4823);
#4297=AXIS2_PLACEMENT_3D('',#6064,#4824,#4825);
#4298=AXIS2_PLACEMENT_3D('',#6069,#4828,#4829);
#4299=AXIS2_PLACEMENT_3D('',#6070,#4830,#4831);
#4300=AXIS2_PLACEMENT_3D('',#6071,#4832,#4833);
#4301=AXIS2_PLACEMENT_3D('',#6073,#4834,#4835);
#4302=AXIS2_PLACEMENT_3D('',#6075,#4837,#4838);
#4303=AXIS2_PLACEMENT_3D('',#6079,#4841,#4842);
#4304=AXIS2_PLACEMENT_3D('',#6083,#4845,#4846);
#4305=AXIS2_PLACEMENT_3D('',#6084,#4847,#4848);
#4306=AXIS2_PLACEMENT_3D('',#6085,#4849,#4850);
#4307=AXIS2_PLACEMENT_3D('',#6089,#4853,#4854);
#4308=AXIS2_PLACEMENT_3D('',#6091,#4856,#4857);
#4309=AXIS2_PLACEMENT_3D('',#6092,#4858,#4859);
#4310=AXIS2_PLACEMENT_3D('',#6093,#4860,#4861);
#4311=AXIS2_PLACEMENT_3D('',#6094,#4862,#4863);
#4312=AXIS2_PLACEMENT_3D('',#6096,#4864,#4865);
#4313=AXIS2_PLACEMENT_3D('',#6102,#4869,#4870);
#4314=AXIS2_PLACEMENT_3D('',#6108,#4874,#4875);
#4315=AXIS2_PLACEMENT_3D('',#6110,#4876,#4877);
#4316=AXIS2_PLACEMENT_3D('',#6113,#4880,#4881);
#4317=AXIS2_PLACEMENT_3D('',#6114,#4882,#4883);
#4318=AXIS2_PLACEMENT_3D('',#6115,#4884,#4885);
#4319=AXIS2_PLACEMENT_3D('',#6117,#4887,#4888);
#4320=AXIS2_PLACEMENT_3D('',#6119,#4889,#4890);
#4321=AXIS2_PLACEMENT_3D('',#6122,#4892,#4893);
#4322=AXIS2_PLACEMENT_3D('',#6123,#4894,#4895);
#4323=AXIS2_PLACEMENT_3D('',#6125,#4896,#4897);
#4324=AXIS2_PLACEMENT_3D('',#6128,#4899,#4900);
#4325=AXIS2_PLACEMENT_3D('',#6129,#4901,#4902);
#4326=AXIS2_PLACEMENT_3D('',#6130,#4903,#4904);
#4327=AXIS2_PLACEMENT_3D('',#6132,#4905,#4906);
#4328=AXIS2_PLACEMENT_3D('',#6133,#4907,#4908);
#4329=AXIS2_PLACEMENT_3D('',#6135,#4909,#4910);
#4330=AXIS2_PLACEMENT_3D('',#6137,#4911,#4912);
#4331=AXIS2_PLACEMENT_3D('',#6139,#4913,#4914);
#4332=AXIS2_PLACEMENT_3D('',#6140,#4915,#4916);
#4333=AXIS2_PLACEMENT_3D('',#6141,#4917,#4918);
#4334=AXIS2_PLACEMENT_3D('',#6143,#4920,#4921);
#4335=AXIS2_PLACEMENT_3D('',#6145,#4922,#4923);
#4336=AXIS2_PLACEMENT_3D('',#6146,#4924,#4925);
#4337=AXIS2_PLACEMENT_3D('',#6148,#4926,#4927);
#4338=AXIS2_PLACEMENT_3D('',#6150,#4929,#4930);
#4339=AXIS2_PLACEMENT_3D('',#6151,#4931,#4932);
#4340=AXIS2_PLACEMENT_3D('',#6160,#4937,#4938);
#4341=AXIS2_PLACEMENT_3D('',#6162,#4939,#4940);
#4342=AXIS2_PLACEMENT_3D('',#6165,#4942,#4943);
#4343=AXIS2_PLACEMENT_3D('',#6166,#4944,#4945);
#4344=AXIS2_PLACEMENT_3D('',#6172,#4949,#4950);
#4345=AXIS2_PLACEMENT_3D('',#6178,#4954,#4955);
#4346=AXIS2_PLACEMENT_3D('',#6188,#4960,#4961);
#4347=AXIS2_PLACEMENT_3D('',#6194,#4964,#4965);
#4348=AXIS2_PLACEMENT_3D('',#6200,#4968,#4969);
#4349=AXIS2_PLACEMENT_3D('',#6206,#4972,#4973);
#4350=AXIS2_PLACEMENT_3D('',#6211,#4976,#4977);
#4351=AXIS2_PLACEMENT_3D('',#6212,#4978,#4979);
#4352=AXIS2_PLACEMENT_3D('',#6214,#4980,#4981);
#4353=AXIS2_PLACEMENT_3D('',#6220,#4984,#4985);
#4354=AXIS2_PLACEMENT_3D('',#6226,#4988,#4989);
#4355=AXIS2_PLACEMENT_3D('',#6232,#4992,#4993);
#4356=AXIS2_PLACEMENT_3D('',#6238,#4996,#4997);
#4357=AXIS2_PLACEMENT_3D('',#6246,#5002,#5003);
#4358=AXIS2_PLACEMENT_3D('',#6249,#5006,#5007);
#4359=AXIS2_PLACEMENT_3D('',#6250,#5008,#5009);
#4360=AXIS2_PLACEMENT_3D('',#6252,#5011,#5012);
#4361=AXIS2_PLACEMENT_3D('',#6254,#5014,#5015);
#4362=AXIS2_PLACEMENT_3D('',#6256,#5017,#5018);
#4363=AXIS2_PLACEMENT_3D('',#6258,#5020,#5021);
#4364=AXIS2_PLACEMENT_3D('',#6260,#5023,#5024);
#4365=AXIS2_PLACEMENT_3D('',#6262,#5026,#5027);
#4366=AXIS2_PLACEMENT_3D('',#6264,#5029,#5030);
#4367=AXIS2_PLACEMENT_3D('',#6266,#5032,#5033);
#4368=AXIS2_PLACEMENT_3D('',#6269,#5036,#5037);
#4369=AXIS2_PLACEMENT_3D('',#6271,#5039,#5040);
#4370=AXIS2_PLACEMENT_3D('',#6272,#5041,#5042);
#4371=AXIS2_PLACEMENT_3D('',#6274,#5044,#5045);
#4372=AXIS2_PLACEMENT_3D('',#6276,#5047,#5048);
#4373=AXIS2_PLACEMENT_3D('',#6278,#5050,#5051);
#4374=AXIS2_PLACEMENT_3D('',#6279,#5052,#5053);
#4375=AXIS2_PLACEMENT_3D('',#6281,#5054,#5055);
#4376=AXIS2_PLACEMENT_3D('',#6284,#5057,#5058);
#4377=AXIS2_PLACEMENT_3D('',#6285,#5059,#5060);
#4378=AXIS2_PLACEMENT_3D('',#6286,#5061,#5062);
#4379=AXIS2_PLACEMENT_3D('',#6288,#5063,#5064);
#4380=AXIS2_PLACEMENT_3D('',#6291,#5066,#5067);
#4381=AXIS2_PLACEMENT_3D('',#6292,#5068,#5069);
#4382=AXIS2_PLACEMENT_3D('',#6293,#5070,#5071);
#4383=AXIS2_PLACEMENT_3D('',#6310,#5080,#5081);
#4384=AXIS2_PLACEMENT_3D('',#6314,#5083,#5084);
#4385=AXIS2_PLACEMENT_3D('',#6330,#5093,#5094);
#4386=AXIS2_PLACEMENT_3D('',#6339,#5099,#5100);
#4387=AXIS2_PLACEMENT_3D('',#6345,#5104,#5105);
#4388=AXIS2_PLACEMENT_3D('',#6352,#5110,#5111);
#4389=AXIS2_PLACEMENT_3D('',#6357,#5115,#5116);
#4390=AXIS2_PLACEMENT_3D('',#6358,#5117,#5118);
#4391=AXIS2_PLACEMENT_3D('',#6362,#5121,#5122);
#4392=AXIS2_PLACEMENT_3D('',#6364,#5123,#5124);
#4393=AXIS2_PLACEMENT_3D('',#6366,#5126,#5127);
#4394=AXIS2_PLACEMENT_3D('',#6370,#5130,#5131);
#4395=AXIS2_PLACEMENT_3D('',#6376,#5135,#5136);
#4396=AXIS2_PLACEMENT_3D('',#6382,#5140,#5141);
#4397=AXIS2_PLACEMENT_3D('',#6412,#5146,#5147);
#4398=AXIS2_PLACEMENT_3D('',#6423,#5150,#5151);
#4399=AXIS2_PLACEMENT_3D('',#6430,#5152,#5153);
#4400=AXIS2_PLACEMENT_3D('',#6443,#5154,#5155);
#4401=AXIS2_PLACEMENT_3D('',#6450,#5156,#5157);
#4402=AXIS2_PLACEMENT_3D('',#6478,#5161,#5162);
#4403=AXIS2_PLACEMENT_3D('',#6486,#5167,#5168);
#4404=AXIS2_PLACEMENT_3D('',#6492,#5172,#5173);
#4405=AXIS2_PLACEMENT_3D('',#6498,#5177,#5178);
#4406=AXIS2_PLACEMENT_3D('',#6499,#5179,#5180);
#4407=AXIS2_PLACEMENT_3D('',#6500,#5181,#5182);
#4408=AXIS2_PLACEMENT_3D('',#6504,#5185,#5186);
#4409=AXIS2_PLACEMENT_3D('',#6505,#5187,#5188);
#4410=AXIS2_PLACEMENT_3D('',#6510,#5192,#5193);
#4411=AXIS2_PLACEMENT_3D('',#6514,#5196,#5197);
#4412=AXIS2_PLACEMENT_3D('',#6518,#5200,#5201);
#4413=AXIS2_PLACEMENT_3D('',#6520,#5203,#5204);
#4414=AXIS2_PLACEMENT_3D('',#6521,#5205,#5206);
#4415=AXIS2_PLACEMENT_3D('',#6561,#5211,#5212);
#4416=AXIS2_PLACEMENT_3D('',#6562,#5213,#5214);
#4417=AXIS2_PLACEMENT_3D('',#6563,#5215,#5216);
#4418=AXIS2_PLACEMENT_3D('',#6564,#5217,#5218);
#4419=AXIS2_PLACEMENT_3D('',#6565,#5219,#5220);
#4420=AXIS2_PLACEMENT_3D('',#6566,#5221,#5222);
#4421=AXIS2_PLACEMENT_3D('',#6567,#5223,#5224);
#4422=AXIS2_PLACEMENT_3D('',#6568,#5225,#5226);
#4423=AXIS2_PLACEMENT_3D('',#6569,#5227,#5228);
#4424=AXIS2_PLACEMENT_3D('',#6570,#5229,#5230);
#4425=AXIS2_PLACEMENT_3D('',#6571,#5231,#5232);
#4426=AXIS2_PLACEMENT_3D('',#6572,#5233,#5234);
#4427=AXIS2_PLACEMENT_3D('',#6573,#5235,#5236);
#4428=AXIS2_PLACEMENT_3D('',#6574,#5237,#5238);
#4429=AXIS2_PLACEMENT_3D('',#6575,#5239,#5240);
#4430=AXIS2_PLACEMENT_3D('',#6577,#5241,#5242);
#4431=AXIS2_PLACEMENT_3D('',#6580,#5244,#5245);
#4432=AXIS2_PLACEMENT_3D('',#6581,#5246,#5247);
#4433=AXIS2_PLACEMENT_3D('',#6582,#5248,#5249);
#4434=AXIS2_PLACEMENT_3D('',#6584,#5250,#5251);
#4435=AXIS2_PLACEMENT_3D('',#6587,#5253,#5254);
#4436=AXIS2_PLACEMENT_3D('',#6588,#5255,#5256);
#4437=AXIS2_PLACEMENT_3D('',#6589,#5257,#5258);
#4438=AXIS2_PLACEMENT_3D('',#6598,#5263,#5264);
#4439=AXIS2_PLACEMENT_3D('',#6604,#5268,#5269);
#4440=AXIS2_PLACEMENT_3D('',#6626,#5281,#5282);
#4441=AXIS2_PLACEMENT_3D('',#6636,#5288,#5289);
#4442=AXIS2_PLACEMENT_3D('',#6642,#5293,#5294);
#4443=AXIS2_PLACEMENT_3D('',#6654,#5301,#5302);
#4444=AXIS2_PLACEMENT_3D('',#6661,#5306,#5307);
#4445=AXIS2_PLACEMENT_3D('',#6662,#5308,#5309);
#4446=AXIS2_PLACEMENT_3D('',#6667,#5311,#5312);
#4447=AXIS2_PLACEMENT_3D('',#6671,#5314,#5315);
#4448=AXIS2_PLACEMENT_3D('',#6677,#5318,#5319);
#4449=AXIS2_PLACEMENT_3D('',#6681,#5321,#5322);
#4450=AXIS2_PLACEMENT_3D('',#6685,#5324,#5325);
#4451=AXIS2_PLACEMENT_3D('',#6688,#5327,#5328);
#4452=AXIS2_PLACEMENT_3D('',#6689,#5329,#5330);
#4453=AXIS2_PLACEMENT_3D('',#6698,#5335,#5336);
#4454=AXIS2_PLACEMENT_3D('',#6704,#5340,#5341);
#4455=AXIS2_PLACEMENT_3D('',#6706,#5342,#5343);
#4456=AXIS2_PLACEMENT_3D('',#6709,#5345,#5346);
#4457=AXIS2_PLACEMENT_3D('',#6710,#5347,#5348);
#4458=AXIS2_PLACEMENT_3D('',#6716,#5352,#5353);
#4459=AXIS2_PLACEMENT_3D('',#6722,#5357,#5358);
#4460=AXIS2_PLACEMENT_3D('',#6725,#5361,#5362);
#4461=AXIS2_PLACEMENT_3D('',#6731,#5366,#5367);
#4462=AXIS2_PLACEMENT_3D('',#6736,#5371,#5372);
#4463=AXIS2_PLACEMENT_3D('',#6738,#5373,#5374);
#4464=AXIS2_PLACEMENT_3D('',#6741,#5376,#5377);
#4465=AXIS2_PLACEMENT_3D('',#6742,#5378,#5379);
#4466=AXIS2_PLACEMENT_3D('',#6745,#5382,#5383);
#4467=AXIS2_PLACEMENT_3D('',#6748,#5386,#5387);
#4468=AXIS2_PLACEMENT_3D('',#6750,#5388,#5389);
#4469=AXIS2_PLACEMENT_3D('',#6752,#5390,#5391);
#4470=AXIS2_PLACEMENT_3D('',#6756,#5394,#5395);
#4471=AXIS2_PLACEMENT_3D('',#6759,#5398,#5399);
#4472=AXIS2_PLACEMENT_3D('',#6761,#5401,#5402);
#4473=AXIS2_PLACEMENT_3D('',#6763,#5404,#5405);
#4474=AXIS2_PLACEMENT_3D('',#6765,#5407,#5408);
#4475=AXIS2_PLACEMENT_3D('',#6773,#5413,#5414);
#4476=AXIS2_PLACEMENT_3D('',#6782,#5419,#5420);
#4477=AXIS2_PLACEMENT_3D('',#6784,#5421,#5422);
#4478=AXIS2_PLACEMENT_3D('',#6788,#5425,#5426);
#4479=AXIS2_PLACEMENT_3D('',#6794,#5430,#5431);
#4480=AXIS2_PLACEMENT_3D('',#6795,#5432,#5433);
#4481=AXIS2_PLACEMENT_3D('',#6797,#5435,#5436);
#4482=AXIS2_PLACEMENT_3D('',#6799,#5438,#5439);
#4483=AXIS2_PLACEMENT_3D('',#6801,#5440,#5441);
#4484=AXIS2_PLACEMENT_3D('',#6806,#5445,#5446);
#4485=AXIS2_PLACEMENT_3D('',#6807,#5447,#5448);
#4486=AXIS2_PLACEMENT_3D('',#6811,#5451,#5452);
#4487=AXIS2_PLACEMENT_3D('',#6813,#5454,#5455);
#4488=AXIS2_PLACEMENT_3D('',#6814,#5456,#5457);
#4489=AXIS2_PLACEMENT_3D('',#6819,#5461,#5462);
#4490=AXIS2_PLACEMENT_3D('',#6821,#5464,#5465);
#4491=AXIS2_PLACEMENT_3D('',#6822,#5466,#5467);
#4492=AXIS2_PLACEMENT_3D('',#6823,#5468,#5469);
#4493=AXIS2_PLACEMENT_3D('',#6824,#5470,#5471);
#4494=AXIS2_PLACEMENT_3D('',#6825,#5472,#5473);
#4495=AXIS2_PLACEMENT_3D('',#6834,#5478,#5479);
#4496=AXIS2_PLACEMENT_3D('',#6838,#5481,#5482);
#4497=AXIS2_PLACEMENT_3D('',#6842,#5484,#5485);
#4498=AXIS2_PLACEMENT_3D('',#6846,#5488,#5489);
#4499=AXIS2_PLACEMENT_3D('',#6849,#5490,#5491);
#4500=AXIS2_PLACEMENT_3D('',#6852,#5494,#5495);
#4501=AXIS2_PLACEMENT_3D('',#6854,#5497,#5498);
#4502=AXIS2_PLACEMENT_3D('',#6858,#5500,#5501);
#4503=AXIS2_PLACEMENT_3D('',#6862,#5503,#5504);
#4504=AXIS2_PLACEMENT_3D('',#6864,#5506,#5507);
#4505=AXIS2_PLACEMENT_3D('',#6868,#5510,#5511);
#4506=AXIS2_PLACEMENT_3D('',#6874,#5515,#5516);
#4507=AXIS2_PLACEMENT_3D('',#6880,#5520,#5521);
#4508=AXIS2_PLACEMENT_3D('',#6886,#5525,#5526);
#4509=AXIS2_PLACEMENT_3D('',#6889,#5528,#5529);
#4510=AXIS2_PLACEMENT_3D('',#6890,#5530,#5531);
#4511=AXIS2_PLACEMENT_3D('',#6894,#5534,#5535);
#4512=AXIS2_PLACEMENT_3D('',#6896,#5536,#5537);
#4513=AXIS2_PLACEMENT_3D('',#6898,#5539,#5540);
#4514=AXIS2_PLACEMENT_3D('',#6902,#5543,#5544);
#4515=AXIS2_PLACEMENT_3D('',#6903,#5545,#5546);
#4516=AXIS2_PLACEMENT_3D('',#6904,#5547,#5548);
#4517=AXIS2_PLACEMENT_3D('',#6905,#5549,#5550);
#4518=AXIS2_PLACEMENT_3D('',#6914,#5555,#5556);
#4519=AXIS2_PLACEMENT_3D('',#6920,#5560,#5561);
#4520=AXIS2_PLACEMENT_3D('',#6921,#5562,#5563);
#4521=AXIS2_PLACEMENT_3D('',#6922,#5564,#5565);
#4522=AXIS2_PLACEMENT_3D('',#6923,#5566,#5567);
#4523=AXIS2_PLACEMENT_3D('',#6924,#5568,#5569);
#4524=AXIS2_PLACEMENT_3D('',#6925,#5570,#5571);
#4525=AXIS2_PLACEMENT_3D('',#6929,#5573,#5574);
#4526=AXIS2_PLACEMENT_3D('',#6930,#5575,#5576);
#4527=AXIS2_PLACEMENT_3D('',#6934,#5578,#5579);
#4528=AXIS2_PLACEMENT_3D('',#6935,#5580,#5581);
#4529=AXIS2_PLACEMENT_3D('',#6938,#5584,#5585);
#4530=AXIS2_PLACEMENT_3D('',#6939,#5586,#5587);
#4531=AXIS2_PLACEMENT_3D('',#6942,#5588,#5589);
#4532=AXIS2_PLACEMENT_3D('',#6946,#5592,#5593);
#4533=AXIS2_PLACEMENT_3D('',#6949,#5594,#5595);
#4534=AXIS2_PLACEMENT_3D('',#6953,#5598,#5599);
#4535=AXIS2_PLACEMENT_3D('',#6956,#5602,#5603);
#4536=AXIS2_PLACEMENT_3D('',#6966,#5609,#5610);
#4537=AXIS2_PLACEMENT_3D('',#6968,#5611,#5612);
#4538=AXIS2_PLACEMENT_3D('',#6971,#5614,#5615);
#4539=AXIS2_PLACEMENT_3D('',#6972,#5616,#5617);
#4540=AXIS2_PLACEMENT_3D('',#6975,#5620,#5621);
#4541=AXIS2_PLACEMENT_3D('',#6976,#5622,#5623);
#4542=AXIS2_PLACEMENT_3D('',#6977,#5624,#5625);
#4543=AXIS2_PLACEMENT_3D('',#6979,#5626,#5627);
#4544=AXIS2_PLACEMENT_3D('',#6982,#5629,#5630);
#4545=AXIS2_PLACEMENT_3D('',#6983,#5631,#5632);
#4546=AXIS2_PLACEMENT_3D('',#6985,#5633,#5634);
#4547=AXIS2_PLACEMENT_3D('',#6988,#5636,#5637);
#4548=AXIS2_PLACEMENT_3D('',#6989,#5638,#5639);
#4549=AXIS2_PLACEMENT_3D('',#6990,#5640,#5641);
#4550=AXIS2_PLACEMENT_3D('',#6992,#5642,#5643);
#4551=AXIS2_PLACEMENT_3D('',#6993,#5644,#5645);
#4552=AXIS2_PLACEMENT_3D('',#6995,#5646,#5647);
#4553=AXIS2_PLACEMENT_3D('',#6997,#5648,#5649);
#4554=AXIS2_PLACEMENT_3D('',#6999,#5650,#5651);
#4555=AXIS2_PLACEMENT_3D('',#7000,#5652,#5653);
#4556=AXIS2_PLACEMENT_3D('',#7001,#5654,#5655);
#4557=AXIS2_PLACEMENT_3D('',#7003,#5657,#5658);
#4558=AXIS2_PLACEMENT_3D('',#7005,#5659,#5660);
#4559=AXIS2_PLACEMENT_3D('',#7006,#5661,#5662);
#4560=AXIS2_PLACEMENT_3D('',#7008,#5663,#5664);
#4561=AXIS2_PLACEMENT_3D('',#7010,#5666,#5667);
#4562=AXIS2_PLACEMENT_3D('',#7011,#5668,#5669);
#4563=AXIS2_PLACEMENT_3D('',#7013,#5670,#5671);
#4564=AXIS2_PLACEMENT_3D('',#7016,#5673,#5674);
#4565=AXIS2_PLACEMENT_3D('',#7017,#5675,#5676);
#4566=AXIS2_PLACEMENT_3D('',#7019,#5677,#5678);
#4567=AXIS2_PLACEMENT_3D('',#7022,#5680,#5681);
#4568=AXIS2_PLACEMENT_3D('',#7023,#5682,#5683);
#4569=AXIS2_PLACEMENT_3D('',#7024,#5684,#5685);
#4570=AXIS2_PLACEMENT_3D('',#7026,#5686,#5687);
#4571=AXIS2_PLACEMENT_3D('',#7027,#5688,#5689);
#4572=AXIS2_PLACEMENT_3D('',#7029,#5690,#5691);
#4573=AXIS2_PLACEMENT_3D('',#7031,#5692,#5693);
#4574=AXIS2_PLACEMENT_3D('',#7033,#5694,#5695);
#4575=AXIS2_PLACEMENT_3D('',#7034,#5696,#5697);
#4576=AXIS2_PLACEMENT_3D('',#7035,#5698,#5699);
#4577=AXIS2_PLACEMENT_3D('',#7037,#5701,#5702);
#4578=AXIS2_PLACEMENT_3D('',#7039,#5703,#5704);
#4579=AXIS2_PLACEMENT_3D('',#7040,#5705,#5706);
#4580=AXIS2_PLACEMENT_3D('',#7042,#5707,#5708);
#4581=AXIS2_PLACEMENT_3D('',#7044,#5710,#5711);
#4582=AXIS2_PLACEMENT_3D('',#7045,#5712,#5713);
#4583=AXIS2_PLACEMENT_3D('',#7047,#5714,#5715);
#4584=AXIS2_PLACEMENT_3D('',#7050,#5717,#5718);
#4585=AXIS2_PLACEMENT_3D('',#7051,#5719,#5720);
#4586=AXIS2_PLACEMENT_3D('',#7053,#5721,#5722);
#4587=AXIS2_PLACEMENT_3D('',#7056,#5724,#5725);
#4588=AXIS2_PLACEMENT_3D('',#7057,#5726,#5727);
#4589=AXIS2_PLACEMENT_3D('',#7058,#5728,#5729);
#4590=AXIS2_PLACEMENT_3D('',#7060,#5730,#5731);
#4591=AXIS2_PLACEMENT_3D('',#7061,#5732,#5733);
#4592=AXIS2_PLACEMENT_3D('',#7063,#5734,#5735);
#4593=AXIS2_PLACEMENT_3D('',#7065,#5736,#5737);
#4594=AXIS2_PLACEMENT_3D('',#7067,#5738,#5739);
#4595=AXIS2_PLACEMENT_3D('',#7068,#5740,#5741);
#4596=AXIS2_PLACEMENT_3D('',#7069,#5742,#5743);
#4597=AXIS2_PLACEMENT_3D('',#7071,#5745,#5746);
#4598=AXIS2_PLACEMENT_3D('',#7073,#5747,#5748);
#4599=AXIS2_PLACEMENT_3D('',#7074,#5749,#5750);
#4600=AXIS2_PLACEMENT_3D('',#7076,#5751,#5752);
#4601=AXIS2_PLACEMENT_3D('',#7078,#5754,#5755);
#4602=AXIS2_PLACEMENT_3D('',#7079,#5756,#5757);
#4603=AXIS2_PLACEMENT_3D('',#7081,#5758,#5759);
#4604=AXIS2_PLACEMENT_3D('',#7084,#5761,#5762);
#4605=AXIS2_PLACEMENT_3D('',#7085,#5763,#5764);
#4606=AXIS2_PLACEMENT_3D('',#7087,#5765,#5766);
#4607=AXIS2_PLACEMENT_3D('',#7090,#5768,#5769);
#4608=AXIS2_PLACEMENT_3D('',#7091,#5770,#5771);
#4609=AXIS2_PLACEMENT_3D('',#7092,#5772,#5773);
#4610=AXIS2_PLACEMENT_3D('',#7094,#5774,#5775);
#4611=AXIS2_PLACEMENT_3D('',#7095,#5776,#5777);
#4612=AXIS2_PLACEMENT_3D('',#7097,#5778,#5779);
#4613=AXIS2_PLACEMENT_3D('',#7099,#5780,#5781);
#4614=AXIS2_PLACEMENT_3D('',#7101,#5782,#5783);
#4615=AXIS2_PLACEMENT_3D('',#7102,#5784,#5785);
#4616=AXIS2_PLACEMENT_3D('',#7103,#5786,#5787);
#4617=AXIS2_PLACEMENT_3D('',#7105,#5789,#5790);
#4618=AXIS2_PLACEMENT_3D('',#7107,#5791,#5792);
#4619=AXIS2_PLACEMENT_3D('',#7108,#5793,#5794);
#4620=AXIS2_PLACEMENT_3D('',#7110,#5795,#5796);
#4621=AXIS2_PLACEMENT_3D('',#7112,#5798,#5799);
#4622=AXIS2_PLACEMENT_3D('',#7113,#5800,#5801);
#4623=AXIS2_PLACEMENT_3D('',#7115,#5802,#5803);
#4624=AXIS2_PLACEMENT_3D('',#7118,#5805,#5806);
#4625=AXIS2_PLACEMENT_3D('',#7119,#5807,#5808);
#4626=AXIS2_PLACEMENT_3D('',#7121,#5809,#5810);
#4627=AXIS2_PLACEMENT_3D('',#7124,#5812,#5813);
#4628=AXIS2_PLACEMENT_3D('',#7125,#5814,#5815);
#4629=AXIS2_PLACEMENT_3D('',#7126,#5816,#5817);
#4630=AXIS2_PLACEMENT_3D('',#7128,#5818,#5819);
#4631=AXIS2_PLACEMENT_3D('',#7129,#5820,#5821);
#4632=AXIS2_PLACEMENT_3D('',#7131,#5822,#5823);
#4633=AXIS2_PLACEMENT_3D('',#7133,#5824,#5825);
#4634=AXIS2_PLACEMENT_3D('',#7135,#5826,#5827);
#4635=AXIS2_PLACEMENT_3D('',#7136,#5828,#5829);
#4636=AXIS2_PLACEMENT_3D('',#7137,#5830,#5831);
#4637=AXIS2_PLACEMENT_3D('',#7139,#5833,#5834);
#4638=AXIS2_PLACEMENT_3D('',#7141,#5835,#5836);
#4639=AXIS2_PLACEMENT_3D('',#7142,#5837,#5838);
#4640=AXIS2_PLACEMENT_3D('',#7144,#5839,#5840);
#4641=AXIS2_PLACEMENT_3D('',#7146,#5842,#5843);
#4642=DIRECTION('axis',(0.,0.,1.));
#4643=DIRECTION('refdir',(1.,0.,0.));
#4644=DIRECTION('center_axis',(0.,1.,0.));
#4645=DIRECTION('ref_axis',(1.,0.,0.));
#4646=DIRECTION('',(-1.,0.,0.));
#4647=DIRECTION('',(0.,0.,-1.));
#4648=DIRECTION('',(-1.,0.,0.));
#4649=DIRECTION('',(0.,0.,-1.));
#4650=DIRECTION('center_axis',(-0.994453437910221,0.105177753486856,0.));
#4651=DIRECTION('ref_axis',(0.105177753486856,0.994453437910221,0.));
#4652=DIRECTION('',(-0.105177753486856,-0.994453437910221,0.));
#4653=DIRECTION('',(-0.105177753486856,-0.994453437910221,0.));
#4654=DIRECTION('',(0.,0.,-1.));
#4655=DIRECTION('center_axis',(0.300909802504447,0.953652604860247,0.));
#4656=DIRECTION('ref_axis',(0.953652604860247,-0.300909802504447,0.));
#4657=DIRECTION('',(-0.953652604860247,0.300909802504447,0.));
#4658=DIRECTION('',(-0.953652604860247,0.300909802504447,0.));
#4659=DIRECTION('',(0.,0.,-1.));
#4660=DIRECTION('center_axis',(-0.894427190999916,0.447213595499957,0.));
#4661=DIRECTION('ref_axis',(0.447213595499957,0.894427190999916,0.));
#4662=DIRECTION('',(-0.447213595499957,-0.894427190999916,0.));
#4663=DIRECTION('',(-0.447213595499957,-0.894427190999916,0.));
#4664=DIRECTION('',(0.,0.,1.));
#4665=DIRECTION('center_axis',(-0.600388844949941,-0.799708218577048,0.));
#4666=DIRECTION('ref_axis',(-0.799708218577048,0.600388844949941,0.));
#4667=DIRECTION('',(0.,0.,-1.));
#4668=DIRECTION('',(0.799708218577048,-0.600388844949941,0.));
#4669=DIRECTION('',(0.,0.,-1.));
#4670=DIRECTION('',(0.799708218577048,-0.600388844949941,0.));
#4671=DIRECTION('center_axis',(-0.62722515781026,0.778837981489022,0.));
#4672=DIRECTION('ref_axis',(0.778837981489022,0.62722515781026,0.));
#4673=DIRECTION('',(-0.778837981489022,-0.62722515781026,0.));
#4674=DIRECTION('',(-0.778837981489022,-0.62722515781026,0.));
#4675=DIRECTION('',(0.,0.,1.));
#4676=DIRECTION('center_axis',(0.,0.,1.));
#4677=DIRECTION('ref_axis',(1.,0.,0.));
#4678=DIRECTION('',(0.,-1.,0.));
#4679=DIRECTION('',(-0.172380331752248,0.985030467155704,0.));
#4680=DIRECTION('',(-0.935039322657149,-0.35454402418439,0.));
#4681=DIRECTION('',(-0.419058177461747,0.907959384500452,0.));
#4682=DIRECTION('',(0.761243230486711,0.648466455599791,0.));
#4683=DIRECTION('',(-0.791690966918669,0.610921773142342,0.));
#4684=DIRECTION('',(0.610921773142342,0.791690966918669,0.));
#4685=DIRECTION('',(0.93146439509992,-0.363832489837206,0.));
#4686=DIRECTION('',(0.125464399552525,0.992098122387561,0.));
#4687=DIRECTION('',(1.,0.,0.));
#4688=DIRECTION('',(0.211515336149323,-0.977374678704968,0.));
#4689=DIRECTION('',(0.911130119269576,0.412118800541552,0.));
#4690=DIRECTION('',(0.211515336149323,-0.977374678704968,0.));
#4691=DIRECTION('',(0.,-1.,0.));
#4692=DIRECTION('center_axis',(-0.977374678704968,-0.211515336149323,0.));
#4693=DIRECTION('ref_axis',(-0.211515336149323,0.977374678704968,0.));
#4694=DIRECTION('',(0.,0.,-1.));
#4695=DIRECTION('',(0.,0.,-1.));
#4696=DIRECTION('',(0.211515336149323,-0.977374678704968,0.));
#4697=DIRECTION('center_axis',(0.985030467155704,0.172380331752248,0.));
#4698=DIRECTION('ref_axis',(0.172380331752248,-0.985030467155704,0.));
#4699=DIRECTION('',(-0.172380331752248,0.985030467155704,0.));
#4700=DIRECTION('',(0.,0.,1.));
#4701=DIRECTION('center_axis',(0.412118800541552,-0.911130119269576,0.));
#4702=DIRECTION('ref_axis',(-0.911130119269576,-0.412118800541552,0.));
#4703=DIRECTION('',(0.911130119269576,0.412118800541552,0.));
#4704=DIRECTION('',(0.,0.,-1.));
#4705=DIRECTION('center_axis',(-0.977374678704968,-0.211515336149323,0.));
#4706=DIRECTION('ref_axis',(-0.211515336149323,0.977374678704968,0.));
#4707=DIRECTION('',(0.211515336149323,-0.977374678704968,0.));
#4708=DIRECTION('',(0.,0.,-1.));
#4709=DIRECTION('center_axis',(0.,-1.,0.));
#4710=DIRECTION('ref_axis',(-1.,0.,0.));
#4711=DIRECTION('',(1.,0.,0.));
#4712=DIRECTION('',(0.,0.,-1.));
#4713=DIRECTION('center_axis',(0.992098122387561,-0.125464399552525,0.));
#4714=DIRECTION('ref_axis',(-0.125464399552525,-0.992098122387561,0.));
#4715=DIRECTION('',(0.125464399552525,0.992098122387561,0.));
#4716=DIRECTION('',(0.,0.,-1.));
#4717=DIRECTION('center_axis',(-0.363832489837206,-0.93146439509992,0.));
#4718=DIRECTION('ref_axis',(-0.93146439509992,0.363832489837206,0.));
#4719=DIRECTION('',(0.93146439509992,-0.363832489837206,0.));
#4720=DIRECTION('',(0.,0.,-1.));
#4721=DIRECTION('center_axis',(0.791690966918669,-0.610921773142342,0.));
#4722=DIRECTION('ref_axis',(-0.610921773142342,-0.791690966918669,0.));
#4723=DIRECTION('',(0.610921773142342,0.791690966918669,0.));
#4724=DIRECTION('',(0.,0.,-1.));
#4725=DIRECTION('center_axis',(0.610921773142342,0.791690966918669,0.));
#4726=DIRECTION('ref_axis',(0.791690966918669,-0.610921773142342,0.));
#4727=DIRECTION('',(-0.791690966918669,0.610921773142342,0.));
#4728=DIRECTION('',(0.,0.,-1.));
#4729=DIRECTION('center_axis',(0.648466455599791,-0.761243230486711,0.));
#4730=DIRECTION('ref_axis',(-0.761243230486711,-0.648466455599791,0.));
#4731=DIRECTION('',(0.761243230486711,0.648466455599791,0.));
#4732=DIRECTION('',(0.,0.,-1.));
#4733=DIRECTION('center_axis',(0.907959384500452,0.419058177461747,0.));
#4734=DIRECTION('ref_axis',(0.419058177461747,-0.907959384500452,0.));
#4735=DIRECTION('',(-0.419058177461747,0.907959384500452,0.));
#4736=DIRECTION('',(0.,0.,-1.));
#4737=DIRECTION('center_axis',(-0.35454402418439,0.935039322657149,0.));
#4738=DIRECTION('ref_axis',(0.935039322657148,0.35454402418439,0.));
#4739=DIRECTION('',(-0.935039322657148,-0.35454402418439,0.));
#4740=DIRECTION('center_axis',(0.,0.,-1.));
#4741=DIRECTION('ref_axis',(-1.,0.,0.));
#4742=DIRECTION('',(0.,-1.,0.));
#4743=DIRECTION('',(-0.734219066822352,-0.678912632018667,0.));
#4744=DIRECTION('',(0.734219066822357,-0.678912632018662,0.));
#4745=DIRECTION('',(0.,-1.,0.));
#4746=DIRECTION('center_axis',(1.,0.,0.));
#4747=DIRECTION('ref_axis',(0.,1.,0.));
#4748=DIRECTION('',(0.,0.,-1.));
#4749=DIRECTION('',(0.,1.,-1.14588140077855E-16));
#4750=DIRECTION('',(0.,0.,1.));
#4751=DIRECTION('',(0.,-1.,0.));
#4752=DIRECTION('',(0.,0.,-1.));
#4753=DIRECTION('',(0.,1.,-1.14588140077855E-16));
#4754=DIRECTION('',(0.,0.,1.));
#4755=DIRECTION('',(0.,-1.,1.14588140077855E-16));
#4756=DIRECTION('',(0.,0.,1.));
#4757=DIRECTION('',(0.,1.,-1.14588140077855E-16));
#4758=DIRECTION('',(0.,0.,1.));
#4759=DIRECTION('',(0.,-1.,0.));
#4760=DIRECTION('center_axis',(0.296396047801736,-0.955065119689496,0.));
#4761=DIRECTION('ref_axis',(-0.955065119689496,-0.296396047801736,0.));
#4762=DIRECTION('',(0.955065119689496,0.296396047801736,7.30546532357077E-18));
#4763=DIRECTION('',(0.,0.,-1.));
#4764=DIRECTION('',(0.955065119689496,0.296396047801736,0.));
#4765=DIRECTION('',(0.,0.,-1.));
#4766=DIRECTION('center_axis',(-0.975308679820396,-0.220846052867142,0.));
#4767=DIRECTION('ref_axis',(-0.220846052867142,0.975308679820396,0.));
#4768=DIRECTION('',(0.220846052867142,-0.975308679820396,1.21301698145359E-16));
#4769=DIRECTION('',(0.220846052867142,-0.975308679820396,0.));
#4770=DIRECTION('',(0.,0.,-1.));
#4771=DIRECTION('center_axis',(0.,0.,-1.));
#4772=DIRECTION('ref_axis',(1.,0.,0.));
#4773=DIRECTION('center_axis',(-4.32106003211759E-17,1.14588140077855E-16,
1.));
#4774=DIRECTION('ref_axis',(1.,0.,0.));
#4775=DIRECTION('center_axis',(0.,0.,1.));
#4776=DIRECTION('ref_axis',(1.,0.,0.));
#4777=DIRECTION('',(0.,0.,-1.));
#4778=DIRECTION('center_axis',(0.975308679820396,-0.220846052867142,0.));
#4779=DIRECTION('ref_axis',(-0.220846052867142,-0.975308679820396,0.));
#4780=DIRECTION('',(0.220846052867142,0.975308679820396,-1.02215917099456E-16));
#4781=DIRECTION('',(0.220846052867142,0.975308679820396,0.));
#4782=DIRECTION('',(0.,0.,-1.));
#4783=DIRECTION('center_axis',(-0.296396047801723,-0.9550651196895,0.));
#4784=DIRECTION('ref_axis',(-0.9550651196895,0.296396047801723,0.));
#4785=DIRECTION('',(0.9550651196895,-0.296396047801723,7.52324090116255E-17));
#4786=DIRECTION('',(0.9550651196895,-0.296396047801723,0.));
#4787=DIRECTION('',(0.,0.,-1.));
#4788=DIRECTION('center_axis',(0.,0.,-1.));
#4789=DIRECTION('ref_axis',(0.499999999999992,0.866025403784443,0.));
#4790=DIRECTION('center_axis',(-4.32106003211759E-17,1.14588140077855E-16,
1.));
#4791=DIRECTION('ref_axis',(0.499999999999992,0.866025403784443,0.));
#4792=DIRECTION('center_axis',(0.,0.,1.));
#4793=DIRECTION('ref_axis',(0.499999999999992,0.866025403784443,0.));
#4794=DIRECTION('',(0.,0.,-1.));
#4795=DIRECTION('center_axis',(0.678912632018657,0.734219066822361,0.));
#4796=DIRECTION('ref_axis',(0.734219066822362,-0.678912632018657,0.));
#4797=DIRECTION('',(-0.734219066822362,0.678912632018657,-1.09521382423027E-16));
#4798=DIRECTION('',(-0.734219066822361,0.678912632018657,0.));
#4799=DIRECTION('',(0.,0.,-1.));
#4800=DIRECTION('center_axis',(0.678912632018673,-0.734219066822347,0.));
#4801=DIRECTION('ref_axis',(-0.734219066822347,-0.678912632018672,0.));
#4802=DIRECTION('',(0.734219066822347,0.678912632018672,-4.60692891337338E-17));
#4803=DIRECTION('',(0.734219066822347,0.678912632018673,0.));
#4804=DIRECTION('',(0.,0.,-1.));
#4805=DIRECTION('center_axis',(0.,0.,-1.));
#4806=DIRECTION('ref_axis',(-0.50000000000001,0.866025403784433,0.));
#4807=DIRECTION('center_axis',(-4.32106003211759E-17,1.14588140077855E-16,
1.));
#4808=DIRECTION('ref_axis',(-0.50000000000001,0.866025403784433,0.));
#4809=DIRECTION('center_axis',(0.,0.,1.));
#4810=DIRECTION('ref_axis',(-0.50000000000001,0.866025403784433,0.));
#4811=DIRECTION('',(0.,0.,-1.));
#4812=DIRECTION('center_axis',(-0.296396047801743,0.955065119689494,0.));
#4813=DIRECTION('ref_axis',(0.955065119689494,0.296396047801743,0.));
#4814=DIRECTION('',(-0.955065119689494,-0.296396047801743,-7.30546532356992E-18));
#4815=DIRECTION('',(-0.955065119689494,-0.296396047801743,0.));
#4816=DIRECTION('',(0.,0.,-1.));
#4817=DIRECTION('center_axis',(0.975308679820396,0.220846052867142,0.));
#4818=DIRECTION('ref_axis',(0.220846052867142,-0.975308679820396,0.));
#4819=DIRECTION('',(-0.220846052867142,0.975308679820396,-1.21301698145359E-16));
#4820=DIRECTION('',(-0.220846052867142,0.975308679820396,0.));
#4821=DIRECTION('',(0.,0.,1.));
#4822=DIRECTION('center_axis',(0.,0.,-1.));
#4823=DIRECTION('ref_axis',(-1.,0.,0.));
#4824=DIRECTION('center_axis',(0.,0.,1.));
#4825=DIRECTION('ref_axis',(-0.499999999999998,-0.86602540378444,0.));
#4826=DIRECTION('',(-0.955065119689498,0.29639604780173,0.));
#4827=DIRECTION('',(-0.220846052867142,-0.975308679820396,0.));
#4828=DIRECTION('center_axis',(0.,0.,1.));
#4829=DIRECTION('ref_axis',(-1.,0.,0.));
#4830=DIRECTION('center_axis',(0.,0.,1.));
#4831=DIRECTION('ref_axis',(0.500000000000004,-0.866025403784436,0.));
#4832=DIRECTION('center_axis',(0.,0.,-1.));
#4833=DIRECTION('ref_axis',(-1.,0.,0.));
#4834=DIRECTION('center_axis',(-4.32106003211759E-17,1.14588140077855E-16,
1.));
#4835=DIRECTION('ref_axis',(-1.,0.,0.));
#4836=DIRECTION('',(0.,0.,-1.));
#4837=DIRECTION('center_axis',(-0.975308679820396,0.220846052867142,0.));
#4838=DIRECTION('ref_axis',(0.220846052867142,0.975308679820396,0.));
#4839=DIRECTION('',(-0.220846052867142,-0.975308679820396,1.02215917099456E-16));
#4840=DIRECTION('',(0.,0.,-1.));
#4841=DIRECTION('center_axis',(0.29639604780173,0.955065119689498,0.));
#4842=DIRECTION('ref_axis',(0.955065119689498,-0.29639604780173,0.));
#4843=DIRECTION('',(-0.955065119689498,0.29639604780173,-7.52324090116262E-17));
#4844=DIRECTION('',(0.,0.,-1.));
#4845=DIRECTION('center_axis',(0.,0.,-1.));
#4846=DIRECTION('ref_axis',(-0.499999999999998,-0.86602540378444,0.));
#4847=DIRECTION('center_axis',(-4.32106003211759E-17,1.14588140077855E-16,
1.));
#4848=DIRECTION('ref_axis',(-0.499999999999998,-0.86602540378444,0.));
#4849=DIRECTION('center_axis',(-0.678912632018662,-0.734219066822357,0.));
#4850=DIRECTION('ref_axis',(-0.734219066822357,0.678912632018662,0.));
#4851=DIRECTION('',(0.734219066822357,-0.678912632018662,1.09521382423027E-16));
#4852=DIRECTION('',(0.,0.,-1.));
#4853=DIRECTION('center_axis',(-0.678912632018667,0.734219066822352,0.));
#4854=DIRECTION('ref_axis',(0.734219066822352,0.678912632018667,0.));
#4855=DIRECTION('',(-0.734219066822352,-0.678912632018667,4.6069289133733E-17));
#4856=DIRECTION('center_axis',(0.,0.,-1.));
#4857=DIRECTION('ref_axis',(0.500000000000004,-0.866025403784436,0.));
#4858=DIRECTION('center_axis',(-4.32106003211759E-17,1.14588140077855E-16,
1.));
#4859=DIRECTION('ref_axis',(0.500000000000004,-0.866025403784436,0.));
#4860=DIRECTION('center_axis',(4.32106003211759E-17,-1.14588140077855E-16,
-1.));
#4861=DIRECTION('ref_axis',(0.751005994199621,0.660295385926813,-4.32106003211759E-17));
#4862=DIRECTION('center_axis',(4.32106003211759E-17,-1.14588140077855E-16,
-1.));
#4863=DIRECTION('ref_axis',(0.751005994199621,0.660295385926813,-4.32106003211759E-17));
#4864=DIRECTION('center_axis',(4.32106003211759E-17,-1.14588140077855E-16,
-1.));
#4865=DIRECTION('ref_axis',(0.751005994199621,0.660295385926813,-4.32106003211759E-17));
#4866=DIRECTION('',(-1.,0.,-4.32106003211759E-17));
#4867=DIRECTION('',(0.,-1.,1.14588140077855E-16));
#4868=DIRECTION('',(1.,0.,4.32106003211759E-17));
#4869=DIRECTION('center_axis',(-1.,0.,0.));
#4870=DIRECTION('ref_axis',(0.,-1.,0.));
#4871=DIRECTION('',(0.,1.,-1.14588140077855E-16));
#4872=DIRECTION('',(0.,0.,1.));
#4873=DIRECTION('',(0.,0.,1.));
#4874=DIRECTION('center_axis',(4.32106003211759E-17,-1.14588140077855E-16,
-1.));
#4875=DIRECTION('ref_axis',(0.751005994199621,0.660295385926813,-4.32106003211759E-17));
#4876=DIRECTION('center_axis',(4.32106003211759E-17,-1.14588140077855E-16,
-1.));
#4877=DIRECTION('ref_axis',(0.751005994199621,0.660295385926813,-4.32106003211759E-17));
#4878=DIRECTION('',(-1.,0.,-4.32106003211759E-17));
#4879=DIRECTION('',(1.,0.,4.32106003211759E-17));
#4880=DIRECTION('center_axis',(0.,1.,0.));
#4881=DIRECTION('ref_axis',(-1.,0.,0.));
#4882=DIRECTION('center_axis',(0.,-1.,0.));
#4883=DIRECTION('ref_axis',(1.,0.,0.));
#4884=DIRECTION('center_axis',(4.32106003211759E-17,-1.14588140077855E-16,
-1.));
#4885=DIRECTION('ref_axis',(0.751005994199621,0.660295385926813,-4.32106003211759E-17));
#4886=DIRECTION('',(-4.32106003211759E-17,1.14588140077855E-16,1.));
#4887=DIRECTION('center_axis',(0.,0.,1.));
#4888=DIRECTION('ref_axis',(1.,0.,0.));
#4889=DIRECTION('center_axis',(4.32106003211759E-17,-1.14588140077855E-16,
-1.));
#4890=DIRECTION('ref_axis',(1.,0.,0.));
#4891=DIRECTION('',(0.,0.,1.));
#4892=DIRECTION('center_axis',(0.,0.,-1.));
#4893=DIRECTION('ref_axis',(1.,0.,0.));
#4894=DIRECTION('center_axis',(0.,0.,1.));
#4895=DIRECTION('ref_axis',(1.,0.,0.));
#4896=DIRECTION('center_axis',(-4.32106003211759E-17,1.14588140077855E-16,
1.));
#4897=DIRECTION('ref_axis',(1.,0.,0.));
#4898=DIRECTION('',(0.,0.,1.));
#4899=DIRECTION('center_axis',(0.,0.,1.));
#4900=DIRECTION('ref_axis',(1.,0.,0.));
#4901=DIRECTION('center_axis',(0.,0.,-1.));
#4902=DIRECTION('ref_axis',(1.,0.,0.));
#4903=DIRECTION('center_axis',(4.32106003211759E-17,-1.14588140077855E-16,
-1.));
#4904=DIRECTION('ref_axis',(0.751005994199621,0.660295385926813,-4.32106003211759E-17));
#4905=DIRECTION('center_axis',(-4.32106003211759E-17,1.14588140077855E-16,
1.));
#4906=DIRECTION('ref_axis',(0.751005994199621,0.660295385926813,-4.32106003211759E-17));
#4907=DIRECTION('center_axis',(-4.32106003211759E-17,1.14588140077855E-16,
1.));
#4908=DIRECTION('ref_axis',(1.,0.,4.39344291501843E-17));
#4909=DIRECTION('center_axis',(4.32106003211759E-17,-1.14588140077855E-16,
-1.));
#4910=DIRECTION('ref_axis',(0.751005994199621,0.660295385926813,-4.32106003211759E-17));
#4911=DIRECTION('center_axis',(1.3837615480373E-16,-1.,1.14588140077855E-16));
#4912=DIRECTION('ref_axis',(-1.,-1.3837615480373E-16,-3.45940387009325E-17));
#4913=DIRECTION('center_axis',(-4.32106003211759E-17,1.14588140077855E-16,
1.));
#4914=DIRECTION('ref_axis',(0.751005994199621,0.660295385926813,-4.32425483761656E-17));
#4915=DIRECTION('center_axis',(-4.32106003211759E-17,1.14588140077855E-16,
1.));
#4916=DIRECTION('ref_axis',(0.751005994199621,0.660295385926813,-4.32425483761656E-17));
#4917=DIRECTION('center_axis',(4.32106003211759E-17,-1.14588140077855E-16,
-1.));
#4918=DIRECTION('ref_axis',(0.751005994199621,0.660295385926813,-4.32106003211759E-17));
#4919=DIRECTION('',(-4.32106003211759E-17,1.14588140077855E-16,1.));
#4920=DIRECTION('center_axis',(4.32106003211759E-17,-1.14588140077855E-16,
-1.));
#4921=DIRECTION('ref_axis',(0.751005994199621,0.660295385926813,-4.32106003211759E-17));
#4922=DIRECTION('center_axis',(-4.32106003211759E-17,1.14588140077855E-16,
1.));
#4923=DIRECTION('ref_axis',(0.751005994199621,0.660295385926813,-4.32106003211759E-17));
#4924=DIRECTION('center_axis',(4.32106003211759E-17,-1.14588140077855E-16,
-1.));
#4925=DIRECTION('ref_axis',(0.751005994199621,0.660295385926813,-4.32106003211759E-17));
#4926=DIRECTION('center_axis',(-4.32106003211759E-17,1.14588140077855E-16,
1.));
#4927=DIRECTION('ref_axis',(0.751005994199621,0.660295385926813,-4.32106003211759E-17));
#4928=DIRECTION('',(-4.32106003211759E-17,1.14588140077855E-16,1.));
#4929=DIRECTION('center_axis',(4.32106003211759E-17,-1.14588140077855E-16,
-1.));
#4930=DIRECTION('ref_axis',(0.751005994199621,0.660295385926813,-4.32106003211759E-17));
#4931=DIRECTION('center_axis',(0.678912632018673,-0.734219066822347,0.));
#4932=DIRECTION('ref_axis',(-0.734219066822347,-0.678912632018672,0.));
#4933=DIRECTION('',(-0.734219066822347,-0.678912632018672,0.));
#4934=DIRECTION('',(0.,0.,-1.));
#4935=DIRECTION('',(0.734219066822347,0.678912632018672,0.));
#4936=DIRECTION('',(0.,0.,-1.));
#4937=DIRECTION('center_axis',(0.,0.,-1.));
#4938=DIRECTION('ref_axis',(-0.50000000000001,0.866025403784433,0.));
#4939=DIRECTION('center_axis',(0.,0.,-1.));
#4940=DIRECTION('ref_axis',(-0.50000000000001,0.866025403784433,0.));
#4941=DIRECTION('',(0.,0.,-1.));
#4942=DIRECTION('center_axis',(0.,0.,1.));
#4943=DIRECTION('ref_axis',(-0.50000000000001,0.866025403784433,0.));
#4944=DIRECTION('center_axis',(-0.296396047801743,0.955065119689494,0.));
#4945=DIRECTION('ref_axis',(0.955065119689494,0.296396047801743,0.));
#4946=DIRECTION('',(0.955065119689494,0.296396047801743,0.));
#4947=DIRECTION('',(0.,0.,1.));
#4948=DIRECTION('',(-0.955065119689494,-0.296396047801743,0.));
#4949=DIRECTION('center_axis',(-0.935683171324466,-0.352841328220192,0.));
#4950=DIRECTION('ref_axis',(0.352841328220192,-0.935683171324466,0.));
#4951=DIRECTION('',(0.352841328220192,-0.935683171324466,0.));
#4952=DIRECTION('',(0.,0.,1.));
#4953=DIRECTION('',(-0.352841328220192,0.935683171324466,0.));
#4954=DIRECTION('center_axis',(0.,0.,1.));
#4955=DIRECTION('ref_axis',(1.,0.,0.));
#4956=DIRECTION('',(0.,1.,0.));
#4957=DIRECTION('',(-1.,0.,0.));
#4958=DIRECTION('',(-0.633904732150479,-0.773411139405963,0.));
#4959=DIRECTION('',(-0.64101808537867,0.767525774301726,0.));
#4960=DIRECTION('center_axis',(0.,0.,1.));
#4961=DIRECTION('ref_axis',(0.1622720319185,0.986746060370672,0.));
#4962=DIRECTION('',(-0.986746060370671,0.162272031918503,0.));
#4963=DIRECTION('',(0.344187775915281,0.938900833374054,0.));
#4964=DIRECTION('center_axis',(0.,0.,1.));
#4965=DIRECTION('ref_axis',(0.935683171324465,0.352841328220196,0.));
#4966=DIRECTION('',(-0.352841328220192,0.935683171324466,0.));
#4967=DIRECTION('',(0.985205861293951,0.171375059072328,0.));
#4968=DIRECTION('center_axis',(0.,0.,1.));
#4969=DIRECTION('ref_axis',(0.773411139405965,-0.633904732150476,0.));
#4970=DIRECTION('',(0.633904732150478,0.773411139405964,0.));
#4971=DIRECTION('',(0.64101808537867,-0.767525774301726,0.));
#4972=DIRECTION('center_axis',(0.,0.,1.));
#4973=DIRECTION('ref_axis',(-0.1622720319185,-0.986746060370672,0.));
#4974=DIRECTION('',(0.986746060370671,-0.162272031918505,0.));
#4975=DIRECTION('',(-0.344187775915281,-0.938900833374054,0.));
#4976=DIRECTION('center_axis',(0.,0.,1.));
#4977=DIRECTION('ref_axis',(-0.935683171324465,-0.352841328220196,0.));
#4978=DIRECTION('center_axis',(0.,0.,1.));
#4979=DIRECTION('ref_axis',(1.,0.,0.));
#4980=DIRECTION('center_axis',(0.,0.,-1.));
#4981=DIRECTION('ref_axis',(-0.935683171324465,-0.352841328220196,0.));
#4982=DIRECTION('',(-0.344187775915281,-0.938900833374054,0.));
#4983=DIRECTION('',(-0.986746060370671,0.162272031918505,0.));
#4984=DIRECTION('center_axis',(0.,0.,-1.));
#4985=DIRECTION('ref_axis',(-0.1622720319185,-0.986746060370672,0.));
#4986=DIRECTION('',(0.64101808537867,-0.767525774301726,0.));
#4987=DIRECTION('',(-0.633904732150478,-0.773411139405964,0.));
#4988=DIRECTION('center_axis',(0.,0.,-1.));
#4989=DIRECTION('ref_axis',(0.773411139405965,-0.633904732150476,0.));
#4990=DIRECTION('',(0.985205861293951,0.171375059072328,0.));
#4991=DIRECTION('',(0.352841328220192,-0.935683171324466,0.));
#4992=DIRECTION('center_axis',(0.,0.,-1.));
#4993=DIRECTION('ref_axis',(0.935683171324465,0.352841328220196,0.));
#4994=DIRECTION('',(0.344187775915281,0.938900833374054,0.));
#4995=DIRECTION('',(0.986746060370671,-0.162272031918503,0.));
#4996=DIRECTION('center_axis',(0.,0.,-1.));
#4997=DIRECTION('ref_axis',(0.1622720319185,0.986746060370672,0.));
#4998=DIRECTION('',(-0.64101808537867,0.767525774301726,0.));
#4999=DIRECTION('',(0.633904732150479,0.773411139405963,0.));
#5000=DIRECTION('',(1.,0.,0.));
#5001=DIRECTION('',(0.,-1.,0.));
#5002=DIRECTION('center_axis',(0.,1.,0.));
#5003=DIRECTION('ref_axis',(-1.,0.,0.));
#5004=DIRECTION('',(0.,0.,1.));
#5005=DIRECTION('',(0.,0.,1.));
#5006=DIRECTION('center_axis',(1.,0.,0.));
#5007=DIRECTION('ref_axis',(0.,1.,0.));
#5008=DIRECTION('center_axis',(-0.773411139405963,0.633904732150479,0.));
#5009=DIRECTION('ref_axis',(-0.633904732150479,-0.773411139405963,0.));
#5010=DIRECTION('',(0.,0.,1.));
#5011=DIRECTION('center_axis',(0.,0.,1.));
#5012=DIRECTION('ref_axis',(-0.935683171324465,-0.352841328220196,0.));
#5013=DIRECTION('',(0.,0.,1.));
#5014=DIRECTION('center_axis',(-0.767525774301726,-0.64101808537867,0.));
#5015=DIRECTION('ref_axis',(0.64101808537867,-0.767525774301726,0.));
#5016=DIRECTION('',(0.,0.,1.));
#5017=DIRECTION('center_axis',(0.,0.,1.));
#5018=DIRECTION('ref_axis',(0.1622720319185,0.986746060370672,0.));
#5019=DIRECTION('',(0.,0.,1.));
#5020=DIRECTION('center_axis',(0.162272031918503,0.986746060370671,0.));
#5021=DIRECTION('ref_axis',(-0.986746060370671,0.162272031918503,0.));
#5022=DIRECTION('',(0.,0.,1.));
#5023=DIRECTION('center_axis',(-0.938900833374054,0.344187775915281,0.));
#5024=DIRECTION('ref_axis',(-0.344187775915281,-0.938900833374054,0.));
#5025=DIRECTION('',(0.,0.,1.));
#5026=DIRECTION('center_axis',(0.,0.,1.));
#5027=DIRECTION('ref_axis',(0.935683171324465,0.352841328220196,0.));
#5028=DIRECTION('',(0.,0.,1.));
#5029=DIRECTION('center_axis',(0.935683171324466,0.352841328220192,0.));
#5030=DIRECTION('ref_axis',(-0.352841328220192,0.935683171324466,0.));
#5031=DIRECTION('',(0.,0.,-1.));
#5032=DIRECTION('center_axis',(0.773411139405964,-0.633904732150478,0.));
#5033=DIRECTION('ref_axis',(0.633904732150478,0.773411139405964,0.));
#5034=DIRECTION('',(0.,0.,1.));
#5035=DIRECTION('',(0.,0.,1.));
#5036=DIRECTION('center_axis',(-0.171375059072328,0.985205861293951,0.));
#5037=DIRECTION('ref_axis',(-0.985205861293951,-0.171375059072328,0.));
#5038=DIRECTION('',(0.,0.,1.));
#5039=DIRECTION('center_axis',(0.,0.,1.));
#5040=DIRECTION('ref_axis',(0.773411139405965,-0.633904732150476,0.));
#5041=DIRECTION('center_axis',(0.938900833374054,-0.344187775915281,0.));
#5042=DIRECTION('ref_axis',(0.344187775915281,0.938900833374054,0.));
#5043=DIRECTION('',(0.,0.,-1.));
#5044=DIRECTION('center_axis',(-0.162272031918505,-0.986746060370671,0.));
#5045=DIRECTION('ref_axis',(0.986746060370671,-0.162272031918505,0.));
#5046=DIRECTION('',(0.,0.,1.));
#5047=DIRECTION('center_axis',(0.767525774301726,0.64101808537867,0.));
#5048=DIRECTION('ref_axis',(-0.64101808537867,0.767525774301726,0.));
#5049=DIRECTION('',(0.,0.,1.));
#5050=DIRECTION('center_axis',(0.,0.,1.));
#5051=DIRECTION('ref_axis',(-0.1622720319185,-0.986746060370672,0.));
#5052=DIRECTION('center_axis',(-1.,0.,0.));
#5053=DIRECTION('ref_axis',(0.,1.,0.));
#5054=DIRECTION('center_axis',(-1.,0.,0.));
#5055=DIRECTION('ref_axis',(0.,1.,0.));
#5056=DIRECTION('',(-1.,0.,0.));
#5057=DIRECTION('center_axis',(-1.,0.,0.));
#5058=DIRECTION('ref_axis',(0.,1.,0.));
#5059=DIRECTION('center_axis',(1.,0.,0.));
#5060=DIRECTION('ref_axis',(0.,1.,0.));
#5061=DIRECTION('center_axis',(-1.,0.,0.));
#5062=DIRECTION('ref_axis',(0.,1.,0.));
#5063=DIRECTION('center_axis',(-1.,0.,0.));
#5064=DIRECTION('ref_axis',(0.,1.,0.));
#5065=DIRECTION('',(-1.,0.,0.));
#5066=DIRECTION('center_axis',(-1.,0.,0.));
#5067=DIRECTION('ref_axis',(0.,1.,0.));
#5068=DIRECTION('center_axis',(1.,0.,0.));
#5069=DIRECTION('ref_axis',(0.,1.,0.));
#5070=DIRECTION('center_axis',(0.,0.,-1.));
#5071=DIRECTION('ref_axis',(0.,-1.,0.));
#5072=DIRECTION('',(0.,1.,0.));
#5073=DIRECTION('',(-1.,0.,0.));
#5074=DIRECTION('',(0.,1.,0.));
#5075=DIRECTION('',(-1.,0.,0.));
#5076=DIRECTION('',(8.74191357972564E-16,1.,0.));
#5077=DIRECTION('',(1.,-6.55643518479423E-16,0.));
#5078=DIRECTION('',(0.,1.,0.));
#5079=DIRECTION('',(-1.,0.,0.));
#5080=DIRECTION('center_axis',(1.,0.,0.));
#5081=DIRECTION('ref_axis',(0.,1.,0.));
#5082=DIRECTION('',(0.,0.,1.));
#5083=DIRECTION('center_axis',(-1.,0.,0.));
#5084=DIRECTION('ref_axis',(0.,0.4,-0.916515138991168));
#5085=DIRECTION('',(0.,1.72999494382765E-16,1.));
#5086=DIRECTION('',(0.,-1.,0.));
#5087=DIRECTION('',(0.,0.,1.));
#5088=DIRECTION('',(0.,0.,1.));
#5089=DIRECTION('',(0.,1.,0.));
#5090=DIRECTION('',(0.,0.,1.));
#5091=DIRECTION('',(0.,-1.,0.));
#5092=DIRECTION('',(0.,0.,-1.));
#5093=DIRECTION('center_axis',(0.,1.,0.));
#5094=DIRECTION('ref_axis',(0.,0.,1.));
#5095=DIRECTION('',(0.,0.,-1.));
#5096=DIRECTION('',(1.,0.,0.));
#5097=DIRECTION('',(0.,0.,-1.));
#5098=DIRECTION('',(1.,0.,0.));
#5099=DIRECTION('center_axis',(0.,0.,-1.));
#5100=DIRECTION('ref_axis',(0.,1.,0.));
#5101=DIRECTION('',(0.,-1.,0.));
#5102=DIRECTION('',(0.,-1.,0.));
#5103=DIRECTION('',(1.,0.,0.));
#5104=DIRECTION('center_axis',(0.,-1.,0.));
#5105=DIRECTION('ref_axis',(0.,0.,-1.));
#5106=DIRECTION('',(0.,0.,1.));
#5107=DIRECTION('',(0.,0.,1.));
#5108=DIRECTION('',(0.,0.,-1.));
#5109=DIRECTION('',(-1.,0.,0.));
#5110=DIRECTION('center_axis',(0.,0.,1.));
#5111=DIRECTION('ref_axis',(0.,-1.,0.));
#5112=DIRECTION('',(-1.,0.,0.));
#5113=DIRECTION('',(0.,1.,0.));
#5114=DIRECTION('',(0.,1.,0.));
#5115=DIRECTION('center_axis',(1.,0.,0.));
#5116=DIRECTION('ref_axis',(0.,1.,0.));
#5117=DIRECTION('center_axis',(0.,1.,0.));
#5118=DIRECTION('ref_axis',(0.,0.,-1.));
#5119=DIRECTION('',(0.,0.,-1.));
#5120=DIRECTION('',(-1.,0.,0.));
#5121=DIRECTION('center_axis',(-1.,0.,0.));
#5122=DIRECTION('ref_axis',(0.,0.4,-0.916515138991168));
#5123=DIRECTION('center_axis',(1.,0.,0.));
#5124=DIRECTION('ref_axis',(0.,0.4,-0.916515138991168));
#5125=DIRECTION('',(-1.,0.,0.));
#5126=DIRECTION('center_axis',(0.,1.,-1.72999494382765E-16));
#5127=DIRECTION('ref_axis',(0.,-1.72999494382765E-16,-1.));
#5128=DIRECTION('',(0.,-1.72999494382765E-16,-1.));
#5129=DIRECTION('',(1.,0.,0.));
#5130=DIRECTION('center_axis',(1.,-8.74191357972564E-16,0.));
#5131=DIRECTION('ref_axis',(0.,0.,-1.));
#5132=DIRECTION('',(-1.58943878195157E-16,0.,1.));
#5133=DIRECTION('',(8.74191357972564E-16,1.,0.));
#5134=DIRECTION('',(0.,0.,-1.));
#5135=DIRECTION('center_axis',(0.,1.,0.));
#5136=DIRECTION('ref_axis',(0.,0.,1.));
#5137=DIRECTION('',(-1.,0.,0.));
#5138=DIRECTION('',(0.,0.,-1.));
#5139=DIRECTION('',(-1.,0.,0.));
#5140=DIRECTION('center_axis',(0.,0.,1.));
#5141=DIRECTION('ref_axis',(0.,-1.,0.));
#5142=DIRECTION('',(0.,1.,0.));
#5143=DIRECTION('',(1.,0.,0.));
#5144=DIRECTION('',(0.,1.,0.));
#5145=DIRECTION('',(1.,0.,0.));
#5146=DIRECTION('center_axis',(0.,1.,0.));
#5147=DIRECTION('ref_axis',(-1.,0.,0.));
#5148=DIRECTION('',(0.,0.,1.));
#5149=DIRECTION('',(-1.,0.,0.));
#5150=DIRECTION('center_axis',(1.,0.,0.));
#5151=DIRECTION('ref_axis',(0.,0.,-1.));
#5152=DIRECTION('center_axis',(1.,0.,0.));
#5153=DIRECTION('ref_axis',(0.,-0.994005527085106,-0.10932983181301));
#5154=DIRECTION('center_axis',(-1.,0.,0.));
#5155=DIRECTION('ref_axis',(0.,-0.994005527085106,-0.10932983181301));
#5156=DIRECTION('center_axis',(0.,0.,1.));
#5157=DIRECTION('ref_axis',(0.,-1.,0.));
#5158=DIRECTION('',(0.,1.,0.));
#5159=DIRECTION('',(-1.,0.,0.));
#5160=DIRECTION('',(0.,1.,0.));
#5161=DIRECTION('center_axis',(-6.55643518479423E-16,-1.,0.));
#5162=DIRECTION('ref_axis',(0.,0.,1.));
#5163=DIRECTION('',(1.,-6.55643518479423E-16,0.));
#5164=DIRECTION('',(0.,0.,1.));
#5165=DIRECTION('',(-1.,6.55643518479423E-16,0.));
#5166=DIRECTION('',(0.,0.,-1.));
#5167=DIRECTION('center_axis',(0.,0.,1.));
#5168=DIRECTION('ref_axis',(0.,1.,0.));
#5169=DIRECTION('',(0.,1.,0.));
#5170=DIRECTION('',(-1.,0.,0.));
#5171=DIRECTION('',(0.,1.,0.));
#5172=DIRECTION('center_axis',(0.,-1.,0.));
#5173=DIRECTION('ref_axis',(1.,0.,0.));
#5174=DIRECTION('',(1.,0.,0.));
#5175=DIRECTION('',(1.,0.,0.));
#5176=DIRECTION('',(0.,0.,-1.));
#5177=DIRECTION('center_axis',(1.,0.,0.));
#5178=DIRECTION('ref_axis',(0.,1.,0.));
#5179=DIRECTION('center_axis',(-1.,0.,0.));
#5180=DIRECTION('ref_axis',(0.,-0.994005527085106,-0.10932983181301));
#5181=DIRECTION('center_axis',(1.,0.,0.));
#5182=DIRECTION('ref_axis',(0.,1.,0.));
#5183=DIRECTION('',(0.,1.,0.));
#5184=DIRECTION('',(0.,-1.,0.));
#5185=DIRECTION('center_axis',(1.,0.,0.));
#5186=DIRECTION('ref_axis',(0.,-0.996625583057846,-0.0820819541349331));
#5187=DIRECTION('center_axis',(0.,1.,0.));
#5188=DIRECTION('ref_axis',(-1.,0.,0.));
#5189=DIRECTION('',(-1.,0.,0.));
#5190=DIRECTION('',(-1.,0.,0.));
#5191=DIRECTION('',(0.,0.,1.));
#5192=DIRECTION('center_axis',(-1.,0.,0.));
#5193=DIRECTION('ref_axis',(0.,0.,1.));
#5194=DIRECTION('',(0.,0.,1.));
#5195=DIRECTION('',(0.,-1.,0.));
#5196=DIRECTION('center_axis',(-1.,0.,0.));
#5197=DIRECTION('ref_axis',(0.,0.,1.));
#5198=DIRECTION('',(0.,-1.,0.));
#5199=DIRECTION('',(0.,0.,1.));
#5200=DIRECTION('center_axis',(0.,0.,-1.));
#5201=DIRECTION('ref_axis',(0.,-1.,0.));
#5202=DIRECTION('',(-1.,0.,0.));
#5203=DIRECTION('center_axis',(0.,-1.,0.));
#5204=DIRECTION('ref_axis',(0.,0.,1.));
#5205=DIRECTION('center_axis',(0.,0.,-1.));
#5206=DIRECTION('ref_axis',(0.,1.,0.));
#5207=DIRECTION('',(0.,-1.,0.));
#5208=DIRECTION('',(-1.,0.,0.));
#5209=DIRECTION('',(0.,1.,0.));
#5210=DIRECTION('',(1.,0.,0.));
#5211=DIRECTION('center_axis',(1.,0.,0.));
#5212=DIRECTION('ref_axis',(0.,1.,0.));
#5213=DIRECTION('center_axis',(1.,0.,0.));
#5214=DIRECTION('ref_axis',(0.,0.,-1.));
#5215=DIRECTION('center_axis',(-1.,0.,0.));
#5216=DIRECTION('ref_axis',(0.,-0.994005527085106,-0.10932983181301));
#5217=DIRECTION('center_axis',(1.,0.,0.));
#5218=DIRECTION('ref_axis',(0.,-0.994005527085106,-0.10932983181301));
#5219=DIRECTION('center_axis',(1.,0.,0.));
#5220=DIRECTION('ref_axis',(0.,-0.834862385321101,0.55045871559633));
#5221=DIRECTION('center_axis',(1.,0.,0.));
#5222=DIRECTION('ref_axis',(0.,-0.994005527085106,-0.10932983181301));
#5223=DIRECTION('center_axis',(1.,0.,0.));
#5224=DIRECTION('ref_axis',(0.,0.,-1.));
#5225=DIRECTION('center_axis',(1.,0.,0.));
#5226=DIRECTION('ref_axis',(0.,1.,0.));
#5227=DIRECTION('center_axis',(-1.,0.,0.));
#5228=DIRECTION('ref_axis',(0.,-0.996625583057846,-0.0820819541349331));
#5229=DIRECTION('center_axis',(1.,0.,0.));
#5230=DIRECTION('ref_axis',(0.,0.,-1.));
#5231=DIRECTION('center_axis',(-1.,0.,0.));
#5232=DIRECTION('ref_axis',(0.,-0.996625583057846,-0.0820819541349331));
#5233=DIRECTION('center_axis',(1.,0.,0.));
#5234=DIRECTION('ref_axis',(0.,-0.834862385321101,0.55045871559633));
#5235=DIRECTION('center_axis',(1.,0.,0.));
#5236=DIRECTION('ref_axis',(0.,-0.996625583057846,-0.0820819541349331));
#5237=DIRECTION('center_axis',(1.,0.,0.));
#5238=DIRECTION('ref_axis',(0.,0.,-1.));
#5239=DIRECTION('center_axis',(-1.,0.,0.));
#5240=DIRECTION('ref_axis',(0.,1.,0.));
#5241=DIRECTION('center_axis',(-1.,0.,0.));
#5242=DIRECTION('ref_axis',(0.,1.,0.));
#5243=DIRECTION('',(-1.,0.,0.));
#5244=DIRECTION('center_axis',(-1.,0.,0.));
#5245=DIRECTION('ref_axis',(0.,1.,0.));
#5246=DIRECTION('center_axis',(1.,0.,0.));
#5247=DIRECTION('ref_axis',(0.,1.,0.));
#5248=DIRECTION('center_axis',(-1.,0.,0.));
#5249=DIRECTION('ref_axis',(0.,1.,0.));
#5250=DIRECTION('center_axis',(-1.,0.,0.));
#5251=DIRECTION('ref_axis',(0.,1.,0.));
#5252=DIRECTION('',(-1.,0.,0.));
#5253=DIRECTION('center_axis',(-1.,0.,0.));
#5254=DIRECTION('ref_axis',(0.,1.,0.));
#5255=DIRECTION('center_axis',(1.,0.,0.));
#5256=DIRECTION('ref_axis',(0.,1.,0.));
#5257=DIRECTION('center_axis',(0.,0.,-1.));
#5258=DIRECTION('ref_axis',(0.,-1.,0.));
#5259=DIRECTION('',(0.,1.,0.));
#5260=DIRECTION('',(1.,0.,0.));
#5261=DIRECTION('',(0.,-1.,0.));
#5262=DIRECTION('',(-1.,0.,0.));
#5263=DIRECTION('center_axis',(-1.,0.,0.));
#5264=DIRECTION('ref_axis',(0.,0.,1.));
#5265=DIRECTION('',(0.,0.,-1.));
#5266=DIRECTION('',(0.,-1.,0.));
#5267=DIRECTION('',(0.,0.,1.));
#5268=DIRECTION('center_axis',(0.,0.,1.));
#5269=DIRECTION('ref_axis',(0.,-1.,0.));
#5270=DIRECTION('',(1.,0.,0.));
#5271=DIRECTION('',(0.,1.,0.));
#5272=DIRECTION('',(1.,-6.55643518479423E-16,0.));
#5273=DIRECTION('',(8.74191357972564E-16,1.,0.));
#5274=DIRECTION('',(1.,0.,0.));
#5275=DIRECTION('',(0.,1.,0.));
#5276=DIRECTION('',(-1.,0.,0.));
#5277=DIRECTION('',(8.74191357972564E-16,1.,0.));
#5278=DIRECTION('',(-1.,6.55643518479423E-16,0.));
#5279=DIRECTION('',(0.,1.,0.));
#5280=DIRECTION('',(1.,0.,0.));
#5281=DIRECTION('center_axis',(0.,-1.,0.));
#5282=DIRECTION('ref_axis',(0.,0.,-1.));
#5283=DIRECTION('',(0.,0.,1.));
#5284=DIRECTION('',(-1.,0.,0.));
#5285=DIRECTION('',(0.,0.,1.));
#5286=DIRECTION('',(-1.,0.,0.));
#5287=DIRECTION('',(0.,0.,1.));
#5288=DIRECTION('center_axis',(-1.,0.,0.));
#5289=DIRECTION('ref_axis',(0.,0.,1.));
#5290=DIRECTION('',(0.,0.,-1.));
#5291=DIRECTION('',(0.,1.04210523540637E-31,-1.));
#5292=DIRECTION('',(0.,1.,0.));
#5293=DIRECTION('center_axis',(0.,1.,0.));
#5294=DIRECTION('ref_axis',(0.,0.,1.));
#5295=DIRECTION('',(1.,0.,0.));
#5296=DIRECTION('',(0.,0.,-1.));
#5297=DIRECTION('',(-1.,0.,0.));
#5298=DIRECTION('',(0.,0.,-1.));
#5299=DIRECTION('',(-1.,0.,0.));
#5300=DIRECTION('',(0.,0.,-1.));
#5301=DIRECTION('center_axis',(-1.,0.,0.));
#5302=DIRECTION('ref_axis',(0.,0.,1.));
#5303=DIRECTION('',(0.,0.,1.));
#5304=DIRECTION('',(0.,1.,0.));
#5305=DIRECTION('',(0.,0.,1.));
#5306=DIRECTION('center_axis',(-1.,0.,0.));
#5307=DIRECTION('ref_axis',(0.,1.,0.));
#5308=DIRECTION('center_axis',(-1.,0.,0.));
#5309=DIRECTION('ref_axis',(0.,0.8,0.6));
#5310=DIRECTION('',(1.,0.,0.));
#5311=DIRECTION('center_axis',(1.,0.,0.));
#5312=DIRECTION('ref_axis',(0.,0.8,0.6));
#5313=DIRECTION('',(-1.,0.,0.));
#5314=DIRECTION('center_axis',(1.,0.,0.));
#5315=DIRECTION('ref_axis',(0.,0.8,0.6));
#5316=DIRECTION('',(1.,0.,0.));
#5317=DIRECTION('',(-1.,0.,0.));
#5318=DIRECTION('center_axis',(1.,0.,0.));
#5319=DIRECTION('ref_axis',(0.,0.8,0.6));
#5320=DIRECTION('',(-1.,0.,0.));
#5321=DIRECTION('center_axis',(-1.,8.74191357972564E-16,0.));
#5322=DIRECTION('ref_axis',(0.,0.8,0.6));
#5323=DIRECTION('',(-1.,0.,0.));
#5324=DIRECTION('center_axis',(-1.,0.,0.));
#5325=DIRECTION('ref_axis',(0.,0.8,0.6));
#5326=DIRECTION('',(1.,0.,0.));
#5327=DIRECTION('center_axis',(-1.,8.74191357972564E-16,0.));
#5328=DIRECTION('ref_axis',(0.,0.8,0.6));
#5329=DIRECTION('center_axis',(0.,0.,-1.));
#5330=DIRECTION('ref_axis',(0.,-1.,0.));
#5331=DIRECTION('',(0.,-1.,0.));
#5332=DIRECTION('',(-1.,0.,0.));
#5333=DIRECTION('',(0.,-1.,0.));
#5334=DIRECTION('',(-1.,0.,0.));
#5335=DIRECTION('center_axis',(0.,1.,0.));
#5336=DIRECTION('ref_axis',(0.,0.,-1.));
#5337=DIRECTION('',(0.,0.,-1.));
#5338=DIRECTION('',(-1.,0.,0.));
#5339=DIRECTION('',(0.,0.,-1.));
#5340=DIRECTION('center_axis',(-1.,0.,0.));
#5341=DIRECTION('ref_axis',(0.,0.882352941176471,0.470588235294118));
#5342=DIRECTION('center_axis',(-1.,0.,0.));
#5343=DIRECTION('ref_axis',(0.,0.882352941176471,0.470588235294118));
#5344=DIRECTION('',(-1.,0.,0.));
#5345=DIRECTION('center_axis',(-1.,0.,0.));
#5346=DIRECTION('ref_axis',(0.,0.882352941176471,0.470588235294118));
#5347=DIRECTION('center_axis',(0.,-1.,0.));
#5348=DIRECTION('ref_axis',(0.,0.,1.));
#5349=DIRECTION('',(0.,0.,1.));
#5350=DIRECTION('',(-1.,0.,0.));
#5351=DIRECTION('',(0.,0.,1.));
#5352=DIRECTION('center_axis',(0.,0.,-1.));
#5353=DIRECTION('ref_axis',(0.,-1.,0.));
#5354=DIRECTION('',(0.,-1.,0.));
#5355=DIRECTION('',(-1.,0.,0.));
#5356=DIRECTION('',(0.,-1.,0.));
#5357=DIRECTION('center_axis',(0.,1.,0.));
#5358=DIRECTION('ref_axis',(0.,0.,-1.));
#5359=DIRECTION('',(0.,0.,-1.));
#5360=DIRECTION('',(0.,0.,-1.));
#5361=DIRECTION('center_axis',(0.,0.,-1.));
#5362=DIRECTION('ref_axis',(0.,-1.,0.));
#5363=DIRECTION('',(0.,1.,0.));
#5364=DIRECTION('',(-1.,0.,0.));
#5365=DIRECTION('',(0.,-1.,0.));
#5366=DIRECTION('center_axis',(0.,-1.,5.76447479881342E-17));
#5367=DIRECTION('ref_axis',(0.,5.76447479881342E-17,1.));
#5368=DIRECTION('',(0.,0.,-1.));
#5369=DIRECTION('',(-1.,0.,0.));
#5370=DIRECTION('',(0.,5.76447479881342E-17,1.));
#5371=DIRECTION('center_axis',(-1.,0.,0.));
#5372=DIRECTION('ref_axis',(0.,0.8,0.6));
#5373=DIRECTION('center_axis',(1.,0.,0.));
#5374=DIRECTION('ref_axis',(0.,0.8,0.6));
#5375=DIRECTION('',(-1.,0.,0.));
#5376=DIRECTION('center_axis',(1.,0.,0.));
#5377=DIRECTION('ref_axis',(0.,0.8,0.6));
#5378=DIRECTION('center_axis',(0.,-1.,0.));
#5379=DIRECTION('ref_axis',(0.,0.,1.));
#5380=DIRECTION('',(0.,0.,1.));
#5381=DIRECTION('',(0.,0.,1.));
#5382=DIRECTION('center_axis',(0.,0.,1.));
#5383=DIRECTION('ref_axis',(0.,-1.,0.));
#5384=DIRECTION('',(0.,1.,0.));
#5385=DIRECTION('',(0.,1.,0.));
#5386=DIRECTION('center_axis',(1.,0.,0.));
#5387=DIRECTION('ref_axis',(0.,1.,0.));
#5388=DIRECTION('center_axis',(1.,0.,0.));
#5389=DIRECTION('ref_axis',(0.,1.,0.));
#5390=DIRECTION('center_axis',(1.,0.,0.));
#5391=DIRECTION('ref_axis',(0.,1.,0.));
#5392=DIRECTION('',(0.,0.,1.));
#5393=DIRECTION('',(0.,1.,0.));
#5394=DIRECTION('center_axis',(0.,-1.,0.));
#5395=DIRECTION('ref_axis',(0.,0.,-1.));
#5396=DIRECTION('',(0.,0.,-1.));
#5397=DIRECTION('',(0.,0.,1.));
#5398=DIRECTION('center_axis',(1.,0.,0.));
#5399=DIRECTION('ref_axis',(0.,0.,-1.));
#5400=DIRECTION('',(0.,0.,1.));
#5401=DIRECTION('center_axis',(0.,1.,0.));
#5402=DIRECTION('ref_axis',(0.,0.,1.));
#5403=DIRECTION('',(0.,0.,-1.));
#5404=DIRECTION('center_axis',(1.,-8.74191357972564E-16,0.));
#5405=DIRECTION('ref_axis',(0.,0.,-1.));
#5406=DIRECTION('',(-1.58943878195157E-16,0.,1.));
#5407=DIRECTION('center_axis',(6.55643518479423E-16,1.,1.04210523540637E-31));
#5408=DIRECTION('ref_axis',(1.58943878195157E-16,0.,-1.));
#5409=DIRECTION('',(0.,-1.04210523540637E-31,1.));
#5410=DIRECTION('',(1.,-8.74191357972564E-16,0.));
#5411=DIRECTION('',(1.58943878195157E-16,0.,-1.));
#5412=DIRECTION('',(1.,-6.55643518479423E-16,0.));
#5413=DIRECTION('center_axis',(0.,1.,0.));
#5414=DIRECTION('ref_axis',(-1.,0.,0.));
#5415=DIRECTION('',(-1.,0.,0.));
#5416=DIRECTION('',(0.,0.,1.));
#5417=DIRECTION('',(-1.,0.,0.));
#5418=DIRECTION('',(0.,0.,1.));
#5419=DIRECTION('center_axis',(-1.,0.,0.));
#5420=DIRECTION('ref_axis',(0.,-1.,0.));
#5421=DIRECTION('center_axis',(-1.,0.,0.));
#5422=DIRECTION('ref_axis',(0.,1.,0.));
#5423=DIRECTION('',(0.,-1.,0.));
#5424=DIRECTION('',(0.,0.,1.));
#5425=DIRECTION('center_axis',(0.,-1.,0.));
#5426=DIRECTION('ref_axis',(1.,0.,0.));
#5427=DIRECTION('',(1.,0.,0.));
#5428=DIRECTION('',(1.,0.,0.));
#5429=DIRECTION('',(0.,0.,1.));
#5430=DIRECTION('center_axis',(1.,0.,0.));
#5431=DIRECTION('ref_axis',(0.,1.,0.));
#5432=DIRECTION('center_axis',(1.,0.,0.));
#5433=DIRECTION('ref_axis',(0.,1.,0.));
#5434=DIRECTION('',(0.,1.,0.));
#5435=DIRECTION('center_axis',(0.,0.,1.));
#5436=DIRECTION('ref_axis',(1.,0.,0.));
#5437=DIRECTION('',(6.55643518479423E-16,1.,0.));
#5438=DIRECTION('center_axis',(1.,0.,0.));
#5439=DIRECTION('ref_axis',(0.,1.,0.));
#5440=DIRECTION('center_axis',(-1.,6.55643518479423E-16,0.));
#5441=DIRECTION('ref_axis',(0.,1.,0.));
#5442=DIRECTION('',(1.,0.,0.));
#5443=DIRECTION('',(1.,0.,0.));
#5444=DIRECTION('',(-1.,0.,0.));
#5445=DIRECTION('center_axis',(-1.,0.,0.));
#5446=DIRECTION('ref_axis',(0.,1.,0.));
#5447=DIRECTION('center_axis',(-1.,6.55643518479423E-16,0.));
#5448=DIRECTION('ref_axis',(0.,0.,1.));
#5449=DIRECTION('',(0.,1.,0.));
#5450=DIRECTION('',(0.,0.,1.));
#5451=DIRECTION('center_axis',(0.,-1.,0.));
#5452=DIRECTION('ref_axis',(0.,0.,1.));
#5453=DIRECTION('',(-1.,0.,0.));
#5454=DIRECTION('center_axis',(0.,0.,1.));
#5455=DIRECTION('ref_axis',(0.,1.,0.));
#5456=DIRECTION('center_axis',(-6.55643518479423E-16,-1.,0.));
#5457=DIRECTION('ref_axis',(0.,0.,1.));
#5458=DIRECTION('',(0.,0.,-1.));
#5459=DIRECTION('',(-1.,6.55643518479423E-16,0.));
#5460=DIRECTION('',(0.,0.,-1.));
#5461=DIRECTION('center_axis',(0.,0.,1.));
#5462=DIRECTION('ref_axis',(0.,1.,0.));
#5463=DIRECTION('',(0.,-1.,0.));
#5464=DIRECTION('center_axis',(1.,-8.74191357972564E-16,0.));
#5465=DIRECTION('ref_axis',(0.,0.,-1.));
#5466=DIRECTION('center_axis',(-1.,0.,0.));
#5467=DIRECTION('ref_axis',(0.,0.,1.));
#5468=DIRECTION('center_axis',(-1.,0.,0.));
#5469=DIRECTION('ref_axis',(0.,0.,1.));
#5470=DIRECTION('center_axis',(1.,0.,0.));
#5471=DIRECTION('ref_axis',(0.,1.,0.));
#5472=DIRECTION('center_axis',(0.,0.,-1.));
#5473=DIRECTION('ref_axis',(0.,-1.,0.));
#5474=DIRECTION('',(0.,-1.,0.));
#5475=DIRECTION('',(1.,0.,0.));
#5476=DIRECTION('',(0.,-1.,0.));
#5477=DIRECTION('',(-1.,0.,0.));
#5478=DIRECTION('center_axis',(-1.,0.,0.));
#5479=DIRECTION('ref_axis',(0.,-1.,0.));
#5480=DIRECTION('',(0.,0.,1.));
#5481=DIRECTION('center_axis',(-1.,0.,0.));
#5482=DIRECTION('ref_axis',(0.,0.43655164832962,-0.899679197459123));
#5483=DIRECTION('',(0.,-0.999999999999923,-3.92763362764507E-7));
#5484=DIRECTION('center_axis',(1.,0.,0.));
#5485=DIRECTION('ref_axis',(0.,-0.887113584364234,-0.461551176400236));
#5486=DIRECTION('',(0.,1.,-4.49739266260441E-9));
#5487=DIRECTION('',(0.,0.,1.));
#5488=DIRECTION('center_axis',(1.,0.,0.));
#5489=DIRECTION('ref_axis',(0.,1.,0.));
#5490=DIRECTION('center_axis',(1.,0.,0.));
#5491=DIRECTION('ref_axis',(0.,0.43655164832962,-0.899679197459123));
#5492=DIRECTION('',(0.,0.,1.));
#5493=DIRECTION('',(0.,0.,-1.));
#5494=DIRECTION('center_axis',(0.,-1.,0.));
#5495=DIRECTION('ref_axis',(0.,0.,1.));
#5496=DIRECTION('',(-1.,0.,0.));
#5497=DIRECTION('center_axis',(-1.,0.,0.));
#5498=DIRECTION('ref_axis',(0.,0.43655164832962,-0.899679197459123));
#5499=DIRECTION('',(-1.,0.,0.));
#5500=DIRECTION('center_axis',(1.,0.,0.));
#5501=DIRECTION('ref_axis',(0.,0.43655164832962,-0.899679197459123));
#5502=DIRECTION('',(-1.,0.,0.));
#5503=DIRECTION('center_axis',(1.,0.,0.));
#5504=DIRECTION('ref_axis',(0.,0.43655164832962,-0.899679197459123));
#5505=DIRECTION('',(-1.,0.,0.));
#5506=DIRECTION('center_axis',(0.,-1.,0.));
#5507=DIRECTION('ref_axis',(1.,0.,0.));
#5508=DIRECTION('',(1.,0.,0.));
#5509=DIRECTION('',(0.,0.,1.));
#5510=DIRECTION('center_axis',(-1.,0.,0.));
#5511=DIRECTION('ref_axis',(0.,-1.,0.));
#5512=DIRECTION('',(0.,-1.,4.49739266260441E-9));
#5513=DIRECTION('',(0.,0.,1.));
#5514=DIRECTION('',(0.,1.,0.));
#5515=DIRECTION('center_axis',(0.,1.,0.));
#5516=DIRECTION('ref_axis',(-1.,0.,0.));
#5517=DIRECTION('',(-1.,0.,0.));
#5518=DIRECTION('',(0.,0.,-1.));
#5519=DIRECTION('',(1.,0.,0.));
#5520=DIRECTION('center_axis',(0.,0.,1.));
#5521=DIRECTION('ref_axis',(0.,1.,0.));
#5522=DIRECTION('',(0.,-1.,0.));
#5523=DIRECTION('',(1.,0.,0.));
#5524=DIRECTION('',(0.,1.,0.));
#5525=DIRECTION('center_axis',(-1.,0.,0.));
#5526=DIRECTION('ref_axis',(0.,-1.,0.));
#5527=DIRECTION('',(0.,1.,-4.49739266260441E-9));
#5528=DIRECTION('center_axis',(-1.,0.,0.));
#5529=DIRECTION('ref_axis',(0.,-0.81695864869588,-0.576696251349878));
#5530=DIRECTION('center_axis',(0.,-3.92763362764507E-7,0.999999999999923));
#5531=DIRECTION('ref_axis',(0.,0.999999999999923,3.92763362764507E-7));
#5532=DIRECTION('',(0.,0.999999999999923,3.92763362764507E-7));
#5533=DIRECTION('',(-1.,0.,0.));
#5534=DIRECTION('center_axis',(-1.,0.,0.));
#5535=DIRECTION('ref_axis',(0.,-0.887113584364234,-0.461551176400236));
#5536=DIRECTION('center_axis',(-1.,0.,0.));
#5537=DIRECTION('ref_axis',(0.,-0.887113584364234,-0.461551176400236));
#5538=DIRECTION('',(-1.,0.,0.));
#5539=DIRECTION('center_axis',(0.,-4.49739266260441E-9,-1.));
#5540=DIRECTION('ref_axis',(0.,-1.,4.49739266260441E-9));
#5541=DIRECTION('',(0.,-1.,4.49739266260441E-9));
#5542=DIRECTION('',(-1.,0.,0.));
#5543=DIRECTION('center_axis',(-1.,0.,0.));
#5544=DIRECTION('ref_axis',(0.,-0.81695864869588,-0.576696251349878));
#5545=DIRECTION('center_axis',(1.,0.,0.));
#5546=DIRECTION('ref_axis',(0.,-0.81695864869588,-0.576696251349878));
#5547=DIRECTION('center_axis',(-1.,0.,0.));
#5548=DIRECTION('ref_axis',(0.,-1.,0.));
#5549=DIRECTION('center_axis',(0.,-0.0185104007178165,-0.999828667855281));
#5550=DIRECTION('ref_axis',(0.,0.999828667855281,-0.0185104007178165));
#5551=DIRECTION('',(0.,-0.999828667855281,0.0185104007178165));
#5552=DIRECTION('',(1.,0.,0.));
#5553=DIRECTION('',(0.,0.999828667855281,-0.0185104007178165));
#5554=DIRECTION('',(1.,0.,0.));
#5555=DIRECTION('center_axis',(0.,-0.907144005457718,-0.420820333826834));
#5556=DIRECTION('ref_axis',(0.,0.420820333826834,-0.907144005457718));
#5557=DIRECTION('',(0.,0.420820333826834,-0.907144005457718));
#5558=DIRECTION('',(0.,0.420820333826834,-0.907144005457718));
#5559=DIRECTION('',(1.,0.,0.));
#5560=DIRECTION('center_axis',(1.,0.,0.));
#5561=DIRECTION('ref_axis',(0.,-0.420629218154379,-0.907232638761875));
#5562=DIRECTION('center_axis',(-1.,0.,0.));
#5563=DIRECTION('ref_axis',(0.,-0.420629218154379,-0.907232638761875));
#5564=DIRECTION('center_axis',(-1.,0.,0.));
#5565=DIRECTION('ref_axis',(0.,-0.420629218154379,-0.907232638761875));
#5566=DIRECTION('center_axis',(-1.,0.,0.));
#5567=DIRECTION('ref_axis',(0.,-1.,0.));
#5568=DIRECTION('center_axis',(-1.,0.,0.));
#5569=DIRECTION('ref_axis',(0.,-1.,0.));
#5570=DIRECTION('center_axis',(-1.,0.,0.));
#5571=DIRECTION('ref_axis',(0.,-1.,0.));
#5572=DIRECTION('',(0.,-0.420820333826834,0.907144005457718));
#5573=DIRECTION('center_axis',(1.,0.,0.));
#5574=DIRECTION('ref_axis',(0.,-0.420629218154379,-0.907232638761875));
#5575=DIRECTION('center_axis',(-1.,0.,0.));
#5576=DIRECTION('ref_axis',(0.,-1.,0.));
#5577=DIRECTION('',(0.,0.420820333826834,-0.907144005457718));
#5578=DIRECTION('center_axis',(-1.,0.,0.));
#5579=DIRECTION('ref_axis',(0.,-0.420629218154379,-0.907232638761875));
#5580=DIRECTION('center_axis',(0.,0.907144005457718,0.420820333826834));
#5581=DIRECTION('ref_axis',(0.,-0.420820333826834,0.907144005457718));
#5582=DIRECTION('',(1.,0.,0.));
#5583=DIRECTION('',(1.,0.,0.));
#5584=DIRECTION('center_axis',(1.,0.,0.));
#5585=DIRECTION('ref_axis',(0.,-0.420629218154379,-0.907232638761875));
#5586=DIRECTION('center_axis',(1.,0.,0.));
#5587=DIRECTION('ref_axis',(0.,1.,0.));
#5588=DIRECTION('center_axis',(-1.,0.,0.));
#5589=DIRECTION('ref_axis',(0.,0.936700062689684,-0.350132821308061));
#5590=DIRECTION('',(0.,0.,1.));
#5591=DIRECTION('',(0.,0.999951553729677,0.00984328164812572));
#5592=DIRECTION('center_axis',(-1.,0.,0.));
#5593=DIRECTION('ref_axis',(0.,-1.,0.));
#5594=DIRECTION('center_axis',(1.,0.,0.));
#5595=DIRECTION('ref_axis',(0.,0.936700062689684,-0.350132821308061));
#5596=DIRECTION('',(0.,-0.999951553729677,-0.00984328164812572));
#5597=DIRECTION('',(0.,0.,1.));
#5598=DIRECTION('center_axis',(0.,1.,0.));
#5599=DIRECTION('ref_axis',(-1.,0.,0.));
#5600=DIRECTION('',(1.,0.,0.));
#5601=DIRECTION('',(-1.,0.,0.));
#5602=DIRECTION('center_axis',(0.,0.00984328164812572,-0.999951553729677));
#5603=DIRECTION('ref_axis',(0.,0.999951553729677,0.00984328164812572));
#5604=DIRECTION('',(1.,0.,0.));
#5605=DIRECTION('',(0.,-0.999951553729677,-0.00984328164812572));
#5606=DIRECTION('',(1.,0.,0.));
#5607=DIRECTION('',(0.,0.999951553729677,0.00984328164812572));
#5608=DIRECTION('',(1.,0.,0.));
#5609=DIRECTION('center_axis',(1.,0.,0.));
#5610=DIRECTION('ref_axis',(0.,0.936700062689684,-0.350132821308061));
#5611=DIRECTION('center_axis',(-1.,0.,0.));
#5612=DIRECTION('ref_axis',(0.,0.936700062689684,-0.350132821308061));
#5613=DIRECTION('',(1.,0.,0.));
#5614=DIRECTION('center_axis',(-1.,0.,0.));
#5615=DIRECTION('ref_axis',(0.,0.936700062689684,-0.350132821308061));
#5616=DIRECTION('center_axis',(0.,0.943352253874346,-0.331792894906131));
#5617=DIRECTION('ref_axis',(0.,0.331792894906131,0.943352253874346));
#5618=DIRECTION('',(0.,0.331792894906131,0.943352253874346));
#5619=DIRECTION('',(0.,0.331792894906131,0.943352253874346));
#5620=DIRECTION('center_axis',(-1.,0.,0.));
#5621=DIRECTION('ref_axis',(0.,-1.,0.));
#5622=DIRECTION('center_axis',(-1.,0.,0.));
#5623=DIRECTION('ref_axis',(0.,-1.,0.));
#5624=DIRECTION('center_axis',(-1.92296268638356E-16,1.11022302462516E-16,
1.));
#5625=DIRECTION('ref_axis',(0.5,-0.866025403784439,1.92296268638356E-16));
#5626=DIRECTION('center_axis',(1.14665328519112E-16,-2.05737850092358E-16,
-1.));
#5627=DIRECTION('ref_axis',(0.5,-0.866025403784439,1.92296268638356E-16));
#5628=DIRECTION('',(-1.92296268638356E-16,1.11022302462516E-16,1.));
#5629=DIRECTION('center_axis',(1.92296268638356E-16,-1.11022302462516E-16,
-1.));
#5630=DIRECTION('ref_axis',(0.5,-0.866025403784439,1.92296268638356E-16));
#5631=DIRECTION('center_axis',(-1.92296268638356E-16,1.11022302462516E-16,
1.));
#5632=DIRECTION('ref_axis',(0.5,-0.866025403784439,1.92296268638356E-16));
#5633=DIRECTION('center_axis',(-1.14665328519112E-16,2.05737850092358E-16,
1.));
#5634=DIRECTION('ref_axis',(0.5,-0.866025403784439,1.92296268638356E-16));
#5635=DIRECTION('',(-1.92296268638356E-16,1.11022302462516E-16,1.));
#5636=DIRECTION('center_axis',(-1.92296268638356E-16,1.11022302462516E-16,
1.));
#5637=DIRECTION('ref_axis',(0.5,-0.866025403784439,1.92296268638356E-16));
#5638=DIRECTION('center_axis',(1.92296268638356E-16,-1.11022302462516E-16,
-1.));
#5639=DIRECTION('ref_axis',(0.5,-0.866025403784439,1.92296268638356E-16));
#5640=DIRECTION('center_axis',(1.14665328519112E-16,-2.05737850092358E-16,
-1.));
#5641=DIRECTION('ref_axis',(0.94733557531408,-0.320242576407854,1.7451256413942E-16));
#5642=DIRECTION('center_axis',(-1.14665328519112E-16,2.05737850092358E-16,
1.));
#5643=DIRECTION('ref_axis',(0.94733557531408,-0.320242576407854,1.7451256413942E-16));
#5644=DIRECTION('center_axis',(-1.14665328519112E-16,2.05737850092358E-16,
1.));
#5645=DIRECTION('ref_axis',(0.5,-0.866025403784439,2.41639360326014E-16));
#5646=DIRECTION('center_axis',(1.14665328519112E-16,-2.05737850092358E-16,
-1.));
#5647=DIRECTION('ref_axis',(0.94733557531408,-0.320242576407854,1.7451256413942E-16));
#5648=DIRECTION('center_axis',(-0.866025403784439,-0.5,3.56583761533964E-18));
#5649=DIRECTION('ref_axis',(-0.5,0.866025403784439,-2.42158270906528E-16));
#5650=DIRECTION('center_axis',(-1.14665328519112E-16,2.05737850092358E-16,
1.));
#5651=DIRECTION('ref_axis',(0.94733557531408,-0.320242576407854,1.74480616084431E-16));
#5652=DIRECTION('center_axis',(-1.14665328519112E-16,2.05737850092358E-16,
1.));
#5653=DIRECTION('ref_axis',(0.94733557531408,-0.320242576407854,1.74480616084431E-16));
#5654=DIRECTION('center_axis',(1.14665328519112E-16,-2.05737850092358E-16,
-1.));
#5655=DIRECTION('ref_axis',(0.94733557531408,-0.320242576407854,1.7451256413942E-16));
#5656=DIRECTION('',(-1.14665328519112E-16,2.05737850092358E-16,1.));
#5657=DIRECTION('center_axis',(1.14665328519112E-16,-2.05737850092358E-16,
-1.));
#5658=DIRECTION('ref_axis',(0.94733557531408,-0.320242576407854,1.7451256413942E-16));
#5659=DIRECTION('center_axis',(-1.14665328519112E-16,2.05737850092358E-16,
1.));
#5660=DIRECTION('ref_axis',(0.94733557531408,-0.320242576407854,1.7451256413942E-16));
#5661=DIRECTION('center_axis',(1.14665328519112E-16,-2.05737850092358E-16,
-1.));
#5662=DIRECTION('ref_axis',(0.94733557531408,-0.320242576407854,1.7451256413942E-16));
#5663=DIRECTION('center_axis',(-1.14665328519112E-16,2.05737850092358E-16,
1.));
#5664=DIRECTION('ref_axis',(0.94733557531408,-0.320242576407854,1.7451256413942E-16));
#5665=DIRECTION('',(-1.14665328519112E-16,2.05737850092358E-16,1.));
#5666=DIRECTION('center_axis',(1.14665328519112E-16,-2.05737850092358E-16,
-1.));
#5667=DIRECTION('ref_axis',(0.94733557531408,-0.320242576407854,1.7451256413942E-16));
#5668=DIRECTION('center_axis',(-1.92296268638356E-16,3.33066907387547E-16,
1.));
#5669=DIRECTION('ref_axis',(-0.5,-0.866025403784439,1.92296268638356E-16));
#5670=DIRECTION('center_axis',(7.1454728197936E-17,-3.13194314939534E-16,
-1.));
#5671=DIRECTION('ref_axis',(-0.5,-0.866025403784439,1.92296268638356E-16));
#5672=DIRECTION('',(-1.92296268638356E-16,3.33066907387547E-16,1.));
#5673=DIRECTION('center_axis',(1.92296268638356E-16,-3.33066907387547E-16,
-1.));
#5674=DIRECTION('ref_axis',(-0.5,-0.866025403784439,1.92296268638356E-16));
#5675=DIRECTION('center_axis',(-1.92296268638356E-16,3.33066907387547E-16,
1.));
#5676=DIRECTION('ref_axis',(-0.5,-0.866025403784439,1.92296268638356E-16));
#5677=DIRECTION('center_axis',(-7.1454728197936E-17,3.13194314939534E-16,
1.));
#5678=DIRECTION('ref_axis',(-0.5,-0.866025403784439,1.92296268638356E-16));
#5679=DIRECTION('',(-1.92296268638356E-16,3.33066907387547E-16,1.));
#5680=DIRECTION('center_axis',(-1.92296268638356E-16,3.33066907387547E-16,
1.));
#5681=DIRECTION('ref_axis',(-0.5,-0.866025403784439,1.92296268638356E-16));
#5682=DIRECTION('center_axis',(1.92296268638356E-16,-3.33066907387547E-16,
-1.));
#5683=DIRECTION('ref_axis',(-0.5,-0.866025403784439,1.92296268638356E-16));
#5684=DIRECTION('center_axis',(7.1454728197936E-17,-3.13194314939534E-16,
-1.));
#5685=DIRECTION('ref_axis',(0.196329581114459,-0.980537962334667,3.2112759224136E-16));
#5686=DIRECTION('center_axis',(-7.1454728197936E-17,3.13194314939534E-16,
1.));
#5687=DIRECTION('ref_axis',(0.196329581114459,-0.980537962334667,3.21127592241361E-16));
#5688=DIRECTION('center_axis',(-7.1454728197936E-17,3.13194314939534E-16,
1.));
#5689=DIRECTION('ref_axis',(-0.5,-0.866025403784439,2.41639360326014E-16));
#5690=DIRECTION('center_axis',(7.1454728197936E-17,-3.13194314939534E-16,
-1.));
#5691=DIRECTION('ref_axis',(0.196329581114459,-0.980537962334667,3.21127592241361E-16));
#5692=DIRECTION('center_axis',(-0.866025403784439,0.5,-2.18478767309692E-16));
#5693=DIRECTION('ref_axis',(0.5,0.866025403784439,-2.42158270906528E-16));
#5694=DIRECTION('center_axis',(-7.1454728197936E-17,3.13194314939534E-16,
1.));
#5695=DIRECTION('ref_axis',(0.19632958111446,-0.980537962334667,3.21095644186371E-16));
#5696=DIRECTION('center_axis',(-7.1454728197936E-17,3.13194314939534E-16,
1.));
#5697=DIRECTION('ref_axis',(0.19632958111446,-0.980537962334667,3.21095644186371E-16));
#5698=DIRECTION('center_axis',(7.1454728197936E-17,-3.13194314939534E-16,
-1.));
#5699=DIRECTION('ref_axis',(0.196329581114459,-0.980537962334667,3.21127592241361E-16));
#5700=DIRECTION('',(-7.1454728197936E-17,3.13194314939533E-16,1.));
#5701=DIRECTION('center_axis',(7.1454728197936E-17,-3.13194314939534E-16,
-1.));
#5702=DIRECTION('ref_axis',(0.196329581114459,-0.980537962334667,3.2112759224136E-16));
#5703=DIRECTION('center_axis',(-7.1454728197936E-17,3.13194314939534E-16,
1.));
#5704=DIRECTION('ref_axis',(0.196329581114459,-0.980537962334667,3.21127592241361E-16));
#5705=DIRECTION('center_axis',(7.1454728197936E-17,-3.13194314939534E-16,
-1.));
#5706=DIRECTION('ref_axis',(0.196329581114459,-0.980537962334667,3.21127592241361E-16));
#5707=DIRECTION('center_axis',(-7.1454728197936E-17,3.13194314939534E-16,
1.));
#5708=DIRECTION('ref_axis',(0.196329581114459,-0.980537962334667,3.21127592241361E-16));
#5709=DIRECTION('',(-7.14547281979361E-17,3.13194314939534E-16,1.));
#5710=DIRECTION('center_axis',(7.1454728197936E-17,-3.13194314939534E-16,
-1.));
#5711=DIRECTION('ref_axis',(0.196329581114459,-0.980537962334667,3.2112759224136E-16));
#5712=DIRECTION('center_axis',(-2.71926214689378E-32,4.44089209850062E-16,
1.));
#5713=DIRECTION('ref_axis',(-1.,-1.22464679914735E-16,2.71926214689378E-32));
#5714=DIRECTION('center_axis',(-4.32106003211759E-17,-3.29501069772207E-16,
-1.));
#5715=DIRECTION('ref_axis',(-1.,-1.22464679914735E-16,2.71926214689378E-32));
#5716=DIRECTION('',(-2.71926214689378E-32,4.44089209850062E-16,1.));
#5717=DIRECTION('center_axis',(2.71926214689378E-32,-4.44089209850062E-16,
-1.));
#5718=DIRECTION('ref_axis',(-1.,-1.22464679914735E-16,2.71926214689378E-32));
#5719=DIRECTION('center_axis',(-2.71926214689378E-32,4.44089209850062E-16,
1.));
#5720=DIRECTION('ref_axis',(-1.,-1.22464679914735E-16,2.71926214689378E-32));
#5721=DIRECTION('center_axis',(4.32106003211759E-17,3.29501069772207E-16,
1.));
#5722=DIRECTION('ref_axis',(-1.,-1.22464679914735E-16,2.71926214689378E-32));
#5723=DIRECTION('',(-2.71926214689378E-32,4.44089209850062E-16,1.));
#5724=DIRECTION('center_axis',(-2.71926214689378E-32,4.44089209850062E-16,
1.));
#5725=DIRECTION('ref_axis',(-1.,-1.22464679914735E-16,2.71926214689378E-32));
#5726=DIRECTION('center_axis',(2.71926214689378E-32,-4.44089209850062E-16,
-1.));
#5727=DIRECTION('ref_axis',(-1.,-1.22464679914735E-16,2.71926214689378E-32));
#5728=DIRECTION('center_axis',(-4.32106003211759E-17,-3.29501069772207E-16,
-1.));
#5729=DIRECTION('ref_axis',(-0.751005994199621,-0.660295385926813,2.50019455882704E-16));
#5730=DIRECTION('center_axis',(4.32106003211759E-17,3.29501069772207E-16,
1.));
#5731=DIRECTION('ref_axis',(-0.751005994199621,-0.660295385926813,2.50019455882704E-16));
#5732=DIRECTION('center_axis',(4.32106003211759E-17,3.29501069772207E-16,
1.));
#5733=DIRECTION('ref_axis',(-1.,-1.31803287450553E-16,4.39344291501843E-17));
#5734=DIRECTION('center_axis',(-4.32106003211759E-17,-3.29501069772207E-16,
-1.));
#5735=DIRECTION('ref_axis',(-0.751005994199621,-0.660295385926813,2.50019455882704E-16));
#5736=DIRECTION('center_axis',(-2.42158270906528E-16,1.,-3.29501069772207E-16));
#5737=DIRECTION('ref_axis',(1.,2.42158270906528E-16,-3.45940387009325E-17));
#5738=DIRECTION('center_axis',(4.32106003211759E-17,3.29501069772207E-16,
1.));
#5739=DIRECTION('ref_axis',(-0.751005994199621,-0.660295385926813,2.49987507827715E-16));
#5740=DIRECTION('center_axis',(4.32106003211759E-17,3.29501069772207E-16,
1.));
#5741=DIRECTION('ref_axis',(-0.751005994199621,-0.660295385926813,2.49987507827715E-16));
#5742=DIRECTION('center_axis',(-4.32106003211759E-17,-3.29501069772207E-16,
-1.));
#5743=DIRECTION('ref_axis',(-0.751005994199621,-0.660295385926813,2.50019455882704E-16));
#5744=DIRECTION('',(4.32106003211759E-17,3.29501069772207E-16,1.));
#5745=DIRECTION('center_axis',(-4.32106003211759E-17,-3.29501069772207E-16,
-1.));
#5746=DIRECTION('ref_axis',(-0.751005994199621,-0.660295385926813,2.50019455882704E-16));
#5747=DIRECTION('center_axis',(4.32106003211759E-17,3.29501069772207E-16,
1.));
#5748=DIRECTION('ref_axis',(-0.751005994199621,-0.660295385926813,2.50019455882704E-16));
#5749=DIRECTION('center_axis',(-4.32106003211759E-17,-3.29501069772207E-16,
-1.));
#5750=DIRECTION('ref_axis',(-0.751005994199621,-0.660295385926813,2.50019455882704E-16));
#5751=DIRECTION('center_axis',(4.32106003211759E-17,3.29501069772207E-16,
1.));
#5752=DIRECTION('ref_axis',(-0.751005994199621,-0.660295385926813,2.50019455882704E-16));
#5753=DIRECTION('',(4.32106003211759E-17,3.29501069772207E-16,1.));
#5754=DIRECTION('center_axis',(-4.32106003211759E-17,-3.29501069772207E-16,
-1.));
#5755=DIRECTION('ref_axis',(-0.751005994199621,-0.660295385926813,2.50019455882704E-16));
#5756=DIRECTION('center_axis',(1.92296268638356E-16,3.33066907387547E-16,
1.));
#5757=DIRECTION('ref_axis',(-0.5,0.866025403784438,-1.92296268638356E-16));
#5758=DIRECTION('center_axis',(-1.14665328519112E-16,-2.38351359757705E-16,
-1.));
#5759=DIRECTION('ref_axis',(-0.5,0.866025403784438,-1.92296268638356E-16));
#5760=DIRECTION('',(1.92296268638356E-16,3.33066907387547E-16,1.));
#5761=DIRECTION('center_axis',(-1.92296268638356E-16,-3.33066907387547E-16,
-1.));
#5762=DIRECTION('ref_axis',(-0.5,0.866025403784438,-1.92296268638356E-16));
#5763=DIRECTION('center_axis',(1.92296268638356E-16,3.33066907387547E-16,
1.));
#5764=DIRECTION('ref_axis',(-0.5,0.866025403784438,-1.92296268638356E-16));
#5765=DIRECTION('center_axis',(1.14665328519112E-16,2.38351359757705E-16,
1.));
#5766=DIRECTION('ref_axis',(-0.5,0.866025403784438,-1.92296268638356E-16));
#5767=DIRECTION('',(1.92296268638356E-16,3.33066907387547E-16,1.));
#5768=DIRECTION('center_axis',(1.92296268638356E-16,3.33066907387547E-16,
1.));
#5769=DIRECTION('ref_axis',(-0.5,0.866025403784438,-1.92296268638356E-16));
#5770=DIRECTION('center_axis',(-1.92296268638356E-16,-3.33066907387547E-16,
-1.));
#5771=DIRECTION('ref_axis',(-0.5,0.866025403784438,-1.92296268638356E-16));
#5772=DIRECTION('center_axis',(-1.14665328519112E-16,-2.38351359757705E-16,
-1.));
#5773=DIRECTION('ref_axis',(-0.94733557531408,0.320242576407854,3.22962914221082E-17));
#5774=DIRECTION('center_axis',(1.14665328519112E-16,2.38351359757705E-16,
1.));
#5775=DIRECTION('ref_axis',(-0.94733557531408,0.320242576407854,3.22962914221082E-17));
#5776=DIRECTION('center_axis',(1.14665328519112E-16,2.38351359757705E-16,
1.));
#5777=DIRECTION('ref_axis',(-0.5,0.866025403784438,-1.53770502025645E-16));
#5778=DIRECTION('center_axis',(-1.14665328519112E-16,-2.38351359757705E-16,
-1.));
#5779=DIRECTION('ref_axis',(-0.947335575314081,0.320242576407854,3.22962914221082E-17));
#5780=DIRECTION('center_axis',(0.866025403784438,0.500000000000001,-2.18478767309692E-16));
#5781=DIRECTION('ref_axis',(0.500000000000001,-0.866025403784438,1.55673174154196E-16));
#5782=DIRECTION('center_axis',(1.14665328519112E-16,2.38351359757705E-16,
1.));
#5783=DIRECTION('ref_axis',(-0.947335575314081,0.320242576407854,3.22643433671185E-17));
#5784=DIRECTION('center_axis',(1.14665328519112E-16,2.38351359757705E-16,
1.));
#5785=DIRECTION('ref_axis',(-0.947335575314081,0.320242576407854,3.22643433671185E-17));
#5786=DIRECTION('center_axis',(-1.14665328519112E-16,-2.38351359757705E-16,
-1.));
#5787=DIRECTION('ref_axis',(-0.94733557531408,0.320242576407854,3.22962914221082E-17));
#5788=DIRECTION('',(1.14665328519112E-16,2.38351359757705E-16,1.));
#5789=DIRECTION('center_axis',(-1.14665328519112E-16,-2.38351359757705E-16,
-1.));
#5790=DIRECTION('ref_axis',(-0.94733557531408,0.320242576407854,3.22962914221082E-17));
#5791=DIRECTION('center_axis',(1.14665328519112E-16,2.38351359757705E-16,
1.));
#5792=DIRECTION('ref_axis',(-0.947335575314081,0.320242576407854,3.22962914221082E-17));
#5793=DIRECTION('center_axis',(-1.14665328519112E-16,-2.38351359757705E-16,
-1.));
#5794=DIRECTION('ref_axis',(-0.947335575314081,0.320242576407854,3.22962914221082E-17));
#5795=DIRECTION('center_axis',(1.14665328519112E-16,2.38351359757705E-16,
1.));
#5796=DIRECTION('ref_axis',(-0.947335575314081,0.320242576407854,3.22962914221082E-17));
#5797=DIRECTION('',(1.14665328519112E-16,2.38351359757705E-16,1.));
#5798=DIRECTION('center_axis',(-1.14665328519112E-16,-2.38351359757705E-16,
-1.));
#5799=DIRECTION('ref_axis',(-0.94733557531408,0.320242576407854,3.22962914221082E-17));
#5800=DIRECTION('center_axis',(1.92296268638356E-16,1.11022302462516E-16,
1.));
#5801=DIRECTION('ref_axis',(0.499999999999999,0.866025403784439,-1.92296268638356E-16));
#5802=DIRECTION('center_axis',(-7.14547281979361E-17,-1.30894894910529E-16,
-1.));
#5803=DIRECTION('ref_axis',(0.499999999999999,0.866025403784439,-1.92296268638356E-16));
#5804=DIRECTION('',(1.92296268638356E-16,1.11022302462516E-16,1.));
#5805=DIRECTION('center_axis',(-1.92296268638356E-16,-1.11022302462516E-16,
-1.));
#5806=DIRECTION('ref_axis',(0.499999999999999,0.866025403784439,-1.92296268638356E-16));
#5807=DIRECTION('center_axis',(1.92296268638356E-16,1.11022302462516E-16,
1.));
#5808=DIRECTION('ref_axis',(0.499999999999999,0.866025403784439,-1.92296268638356E-16));
#5809=DIRECTION('center_axis',(7.14547281979361E-17,1.30894894910529E-16,
1.));
#5810=DIRECTION('ref_axis',(0.499999999999999,0.866025403784439,-1.92296268638356E-16));
#5811=DIRECTION('',(1.92296268638356E-16,1.11022302462516E-16,1.));
#5812=DIRECTION('center_axis',(1.92296268638356E-16,1.11022302462516E-16,
1.));
#5813=DIRECTION('ref_axis',(0.499999999999999,0.866025403784439,-1.92296268638356E-16));
#5814=DIRECTION('center_axis',(-1.92296268638356E-16,-1.11022302462516E-16,
-1.));
#5815=DIRECTION('ref_axis',(0.499999999999999,0.866025403784439,-1.92296268638356E-16));
#5816=DIRECTION('center_axis',(-7.14547281979361E-17,-1.30894894910529E-16,
-1.));
#5817=DIRECTION('ref_axis',(-0.19632958111446,0.980537962334667,-1.14318736679832E-16));
#5818=DIRECTION('center_axis',(7.14547281979361E-17,1.30894894910529E-16,
1.));
#5819=DIRECTION('ref_axis',(-0.19632958111446,0.980537962334667,-1.14318736679832E-16));
#5820=DIRECTION('center_axis',(7.14547281979361E-17,1.30894894910529E-16,
1.));
#5821=DIRECTION('ref_axis',(0.499999999999999,0.866025403784439,-1.53770502025645E-16));
#5822=DIRECTION('center_axis',(-7.14547281979361E-17,-1.30894894910529E-16,
-1.));
#5823=DIRECTION('ref_axis',(-0.19632958111446,0.980537962334667,-1.14318736679832E-16));
#5824=DIRECTION('center_axis',(0.866025403784439,-0.499999999999999,3.56583761533943E-18));
#5825=DIRECTION('ref_axis',(-0.499999999999999,-0.866025403784439,1.55673174154196E-16));
#5826=DIRECTION('center_axis',(7.14547281979361E-17,1.30894894910529E-16,
1.));
#5827=DIRECTION('ref_axis',(-0.19632958111446,0.980537962334667,-1.14350684734822E-16));
#5828=DIRECTION('center_axis',(7.14547281979361E-17,1.30894894910529E-16,
1.));
#5829=DIRECTION('ref_axis',(-0.19632958111446,0.980537962334667,-1.14350684734822E-16));
#5830=DIRECTION('center_axis',(-7.14547281979361E-17,-1.30894894910529E-16,
-1.));
#5831=DIRECTION('ref_axis',(-0.19632958111446,0.980537962334667,-1.14318736679832E-16));
#5832=DIRECTION('',(7.14547281979361E-17,1.30894894910529E-16,1.));
#5833=DIRECTION('center_axis',(-7.14547281979361E-17,-1.30894894910529E-16,
-1.));
#5834=DIRECTION('ref_axis',(-0.19632958111446,0.980537962334667,-1.14318736679832E-16));
#5835=DIRECTION('center_axis',(7.14547281979361E-17,1.30894894910529E-16,
1.));
#5836=DIRECTION('ref_axis',(-0.19632958111446,0.980537962334667,-1.14318736679832E-16));
#5837=DIRECTION('center_axis',(-7.14547281979361E-17,-1.30894894910529E-16,
-1.));
#5838=DIRECTION('ref_axis',(-0.19632958111446,0.980537962334667,-1.14318736679832E-16));
#5839=DIRECTION('center_axis',(7.14547281979361E-17,1.30894894910529E-16,
1.));
#5840=DIRECTION('ref_axis',(-0.19632958111446,0.980537962334667,-1.14318736679832E-16));
#5841=DIRECTION('',(7.14547281979361E-17,1.30894894910529E-16,1.));
#5842=DIRECTION('center_axis',(-7.14547281979361E-17,-1.30894894910529E-16,
-1.));
#5843=DIRECTION('ref_axis',(-0.19632958111446,0.980537962334667,-1.14318736679832E-16));
#5844=CARTESIAN_POINT('',(0.,0.,0.));
#5845=CARTESIAN_POINT('Origin',(0.149999998187221,0.0599999992748884,0.0250000000000003));
#5846=CARTESIAN_POINT('',(0.249999996978702,0.0599999992748884,0.218110236220472));
#5847=CARTESIAN_POINT('',(0.149999998187221,0.0599999992748884,0.218110236220472));
#5848=CARTESIAN_POINT('',(0.17499999909361,0.0599999992748884,0.218110236220472));
#5849=CARTESIAN_POINT('',(0.249999996978702,0.0599999992748884,0.225));
#5850=CARTESIAN_POINT('',(0.249999996978702,0.0599999992748884,0.0250000000000003));
#5851=CARTESIAN_POINT('',(0.149999998187221,0.0599999992748884,0.225));
#5852=CARTESIAN_POINT('',(0.149999998187221,0.0599999992748884,0.225));
#5853=CARTESIAN_POINT('',(0.149999998187221,0.0599999992748884,0.0250000000000003));
#5854=CARTESIAN_POINT('Origin',(0.109795472497318,-0.3201329420212,0.0250000000000003));
#5855=CARTESIAN_POINT('',(0.109795472497318,-0.3201329420212,0.218110236220472));
#5856=CARTESIAN_POINT('',(0.128144175148785,-0.14664634596813,0.218110236220472));
#5857=CARTESIAN_POINT('',(0.109795472497318,-0.3201329420212,0.225));
#5858=CARTESIAN_POINT('',(0.109795472497318,-0.3201329420212,0.225));
#5859=CARTESIAN_POINT('',(0.109795472497318,-0.3201329420212,0.0250000000000003));
#5860=CARTESIAN_POINT('Origin',(-0.279293544818969,-0.19736213558645,0.0250000000000003));
#5861=CARTESIAN_POINT('',(-0.279293544818969,-0.19736213558645,0.218110236220472));
#5862=CARTESIAN_POINT('',(-0.0927029561924362,-0.256237806755016,0.218110236220472));
#5863=CARTESIAN_POINT('',(-0.279293544818969,-0.19736213558645,0.225));
#5864=CARTESIAN_POINT('',(-0.279293544818969,-0.19736213558645,0.225));
#5865=CARTESIAN_POINT('',(-0.279293544818969,-0.19736213558645,0.0250000000000003));
#5866=CARTESIAN_POINT('Origin',(-0.326513085755411,-0.291801217459335,0.0250000000000003));
#5867=CARTESIAN_POINT('',(-0.301862729814386,-0.242500505577284,0.218110236220472));
#5868=CARTESIAN_POINT('',(-0.211265313215563,-0.0613056723796367,0.218110236220472));
#5869=CARTESIAN_POINT('',(-0.301862729814386,-0.242500505577284,0.225));
#5870=CARTESIAN_POINT('',(-0.326513085755411,-0.291801217459335,0.225));
#5871=CARTESIAN_POINT('',(-0.301862729814386,-0.242500505577284,0.0250000000000003));
#5872=CARTESIAN_POINT('Origin',(-0.0158085063936192,-0.525065749685361,
0.0250000000000003));
#5873=CARTESIAN_POINT('',(-0.301862729814386,-0.310307715688615,0.225));
#5874=CARTESIAN_POINT('',(-0.301862729814386,-0.310307715688615,0.218110236220472));
#5875=CARTESIAN_POINT('',(-0.301862729814386,-0.310307715688615,0.0250000000000003));
#5876=CARTESIAN_POINT('',(-0.0158085063936192,-0.525065749685361,0.225));
#5877=CARTESIAN_POINT('',(-0.0158085063936192,-0.525065749685361,0.225));
#5878=CARTESIAN_POINT('',(-0.0158085063936192,-0.525065749685361,0.218110236220472));
#5879=CARTESIAN_POINT('',(-0.0158085063936192,-0.525065749685361,0.0250000000000003));
#5880=CARTESIAN_POINT('',(-0.0779365105218012,-0.478422536859644,0.218110236220472));
#5881=CARTESIAN_POINT('Origin',(-0.30829929253615,-0.76061869375924,0.0250000000000003));
#5882=CARTESIAN_POINT('',(-0.301862729814386,-0.755435107230505,0.218110236220472));
#5883=CARTESIAN_POINT('',(0.0368222348234062,-0.482680393873095,0.218110236220472));
#5884=CARTESIAN_POINT('',(-0.301862729814386,-0.755435107230504,0.225));
#5885=CARTESIAN_POINT('',(-0.30829929253615,-0.76061869375924,0.225));
#5886=CARTESIAN_POINT('',(-0.301862729814386,-0.755435107230504,0.0250000000000003));
#5887=CARTESIAN_POINT('Origin',(0.202140719268345,-0.530015983104825,0.225));
#5888=CARTESIAN_POINT('',(-0.301862729814386,-0.736670285504362,0.225));
#5889=CARTESIAN_POINT('',(0.319999996132738,-0.339999995891034,0.225));
#5890=CARTESIAN_POINT('',(0.249999996978702,0.0599999992748884,0.225));
#5891=CARTESIAN_POINT('',(0.688707044378104,-0.200195308042636,0.225));
#5892=CARTESIAN_POINT('',(0.319999996132738,-0.339999995891034,0.225));
#5893=CARTESIAN_POINT('',(0.728371458764716,-0.286134872546962,0.225));
#5894=CARTESIAN_POINT('',(0.688707044378104,-0.200195308042636,0.225));
#5895=CARTESIAN_POINT('',(0.422388833496568,-0.546786738516125,0.225));
#5896=CARTESIAN_POINT('',(0.728371458764716,-0.286134872546962,0.225));
#5897=CARTESIAN_POINT('',(0.730794524292102,-0.784773224835795,0.225));
#5898=CARTESIAN_POINT('',(0.422388833496568,-0.546786738516125,0.225));
#5899=CARTESIAN_POINT('',(0.669499711432434,-0.864204916082234,0.225));
#5900=CARTESIAN_POINT('',(0.730794524292102,-0.784773224835795,0.225));
#5901=CARTESIAN_POINT('',(0.292062900511987,-0.716777085887318,0.225));
#5902=CARTESIAN_POINT('',(0.669499711432434,-0.864204916082234,0.225));
#5903=CARTESIAN_POINT('',(0.241065796300629,-1.12003196548454,0.225));
#5904=CARTESIAN_POINT('',(0.292062900511987,-0.716777085887318,0.225));
#5905=CARTESIAN_POINT('',(0.150000004787145,-1.12003196548454,0.225));
#5906=CARTESIAN_POINT('',(0.241065796300629,-1.12003196548454,0.225));
#5907=CARTESIAN_POINT('',(0.0606871499234178,-0.70733317770003,0.225));
#5908=CARTESIAN_POINT('',(0.150000004787145,-1.12003196548454,0.225));
#5909=CARTESIAN_POINT('',(-0.285904280550071,-0.864102053609019,0.225));
#5910=CARTESIAN_POINT('',(0.0606871499234178,-0.70733317770003,0.225));
#5911=CARTESIAN_POINT('',(-0.301862729814386,-0.790360903173817,0.225));
#5912=CARTESIAN_POINT('',(-0.285904280550071,-0.864102053609019,0.225));
#5913=CARTESIAN_POINT('',(-0.301862729814386,-0.736670285504362,0.225));
#5914=CARTESIAN_POINT('Origin',(-0.285904280550071,-0.864102053609019,0.0250000000000003));
#5915=CARTESIAN_POINT('',(-0.301862729814386,-0.790360903173817,0.218110236220472));
#5916=CARTESIAN_POINT('',(-0.301862729814386,-0.790360903173817,0.0250000000000003));
#5917=CARTESIAN_POINT('',(-0.285904280550071,-0.864102053609019,0.218110236220472));
#5918=CARTESIAN_POINT('',(-0.285904280550071,-0.864102053609019,0.0250000000000003));
#5919=CARTESIAN_POINT('',(-0.366542084085126,-0.491489132218257,0.218110236220472));
#5920=CARTESIAN_POINT('Origin',(0.249999996978702,0.0599999992748884,0.0250000000000003));
#5921=CARTESIAN_POINT('',(0.319999996132738,-0.339999995891034,0.218110236220472));
#5922=CARTESIAN_POINT('',(0.252552844548015,0.0454122988788128,0.218110236220472));
#5923=CARTESIAN_POINT('',(0.319999996132738,-0.339999995891034,0.0250000000000003));
#5924=CARTESIAN_POINT('Origin',(0.0606871499234178,-0.70733317770003,0.0250000000000003));
#5925=CARTESIAN_POINT('',(0.0606871499234178,-0.70733317770003,0.218110236220472));
#5926=CARTESIAN_POINT('',(0.25528931157375,-0.619311491503967,0.218110236220472));
#5927=CARTESIAN_POINT('',(0.0606871499234178,-0.70733317770003,0.0250000000000003));
#5928=CARTESIAN_POINT('Origin',(0.150000004787145,-1.12003196548454,0.0250000000000003));
#5929=CARTESIAN_POINT('',(0.150000004787145,-1.12003196548454,0.218110236220472));
#5930=CARTESIAN_POINT('',(0.0331571363044863,-0.580121890304061,0.218110236220472));
#5931=CARTESIAN_POINT('',(0.150000004787145,-1.12003196548454,0.0250000000000003));
#5932=CARTESIAN_POINT('Origin',(0.241065796300629,-1.12003196548454,0.0250000000000003));
#5933=CARTESIAN_POINT('',(0.241065796300629,-1.12003196548454,0.218110236220472));
#5934=CARTESIAN_POINT('',(0.220532898150314,-1.12003196548454,0.218110236220472));
#5935=CARTESIAN_POINT('',(0.241065796300629,-1.12003196548454,0.0250000000000003));
#5936=CARTESIAN_POINT('Origin',(0.292062900511987,-0.716777085887318,0.0250000000000003));
#5937=CARTESIAN_POINT('',(0.292062900511987,-0.716777085887318,0.218110236220472));
#5938=CARTESIAN_POINT('',(0.337266237948259,-0.359335880604202,0.218110236220472));
#5939=CARTESIAN_POINT('',(0.292062900511987,-0.716777085887318,0.0250000000000003));
#5940=CARTESIAN_POINT('Origin',(0.669499711432434,-0.864204916082234,0.0250000000000003));
#5941=CARTESIAN_POINT('',(0.669499711432434,-0.864204916082234,0.218110236220472));
#5942=CARTESIAN_POINT('',(0.315797314850381,-0.726047811756169,0.218110236220472));
#5943=CARTESIAN_POINT('',(0.669499711432434,-0.864204916082234,0.0250000000000003));
#5944=CARTESIAN_POINT('Origin',(0.730794524292102,-0.784773224835795,0.0250000000000003));
#5945=CARTESIAN_POINT('',(0.730794524292102,-0.784773224835795,0.218110236220472));
#5946=CARTESIAN_POINT('',(0.826645959927203,-0.660559750877952,0.218110236220472));
#5947=CARTESIAN_POINT('',(0.730794524292102,-0.784773224835795,0.0250000000000003));
#5948=CARTESIAN_POINT('Origin',(0.422388833496568,-0.546786738516125,0.0250000000000003));
#5949=CARTESIAN_POINT('',(0.422388833496568,-0.546786738516125,0.218110236220472));
#5950=CARTESIAN_POINT('',(0.215342981113183,-0.387016292034803,0.218110236220472));
#5951=CARTESIAN_POINT('',(0.422388833496568,-0.546786738516125,0.0250000000000003));
#5952=CARTESIAN_POINT('Origin',(0.728371458764716,-0.286134872546962,0.0250000000000003));
#5953=CARTESIAN_POINT('',(0.728371458764716,-0.286134872546962,0.218110236220472));
#5954=CARTESIAN_POINT('',(0.651129975052123,-0.351933173487319,0.218110236220472));
#5955=CARTESIAN_POINT('',(0.728371458764716,-0.286134872546962,0.0250000000000003));
#5956=CARTESIAN_POINT('Origin',(0.688707044378104,-0.200195308042636,0.0250000000000003));
#5957=CARTESIAN_POINT('',(0.688707044378104,-0.200195308042636,0.218110236220472));
#5958=CARTESIAN_POINT('',(0.603680669721545,-0.0159714962867574,0.218110236220472));
#5959=CARTESIAN_POINT('',(0.688707044378104,-0.200195308042636,0.0250000000000003));
#5960=CARTESIAN_POINT('Origin',(0.319999996132738,-0.339999995891034,0.0250000000000003));
#5961=CARTESIAN_POINT('',(0.327410128967881,-0.337190254897846,0.218110236220472));
#5962=CARTESIAN_POINT('Origin',(0.2,0.0211811023622047,0.218110236220472));
#5963=CARTESIAN_POINT('',(-0.301862729814386,-0.721025573696148,0.218110236220472));
#5964=CARTESIAN_POINT('',(-0.301862729814386,-0.461071742770847,0.218110236220472));
#5965=CARTESIAN_POINT('',(-0.0952755905511811,-0.530000000000001,0.218110236220472));
#5966=CARTESIAN_POINT('',(-0.330794524292104,-0.747778026234463,0.218110236220472));
#5967=CARTESIAN_POINT('',(-0.301862729814386,-0.338974426303856,0.218110236220472));
#5968=CARTESIAN_POINT('',(-0.330794524292106,-0.312221973765541,0.218110236220472));
#5969=CARTESIAN_POINT('',(-0.301862729814386,-0.461071742770847,0.218110236220472));
#5970=CARTESIAN_POINT('Origin',(-0.301862729814386,-0.943324587903899,0.0250000000000003));
#5971=CARTESIAN_POINT('',(-0.301862729814386,-0.338974426303856,0.0250000000000002));
#5972=CARTESIAN_POINT('',(-0.301862729814386,-0.338974426303856,-0.0284448818897637));
#5973=CARTESIAN_POINT('',(-0.301862729814386,-0.721025573696148,0.0250000000000002));
#5974=CARTESIAN_POINT('',(-0.301862729814386,-0.740849908172473,0.0250000000000002));
#5975=CARTESIAN_POINT('',(-0.301862729814386,-0.721025573696148,-0.0284448818897637));
#5976=CARTESIAN_POINT('',(-0.301862729814386,-0.880413628961396,0.218110236220472));
#5977=CARTESIAN_POINT('',(-0.301862729814386,-0.461071742770847,0.218110236220472));
#5978=CARTESIAN_POINT('',(-0.301862729814386,-0.880413628961396,0.0250000000000002));
#5979=CARTESIAN_POINT('',(-0.301862729814386,-0.880413628961396,-0.0818897637795276));
#5980=CARTESIAN_POINT('',(-0.301862729814386,-0.943324587903899,0.0250000000000003));
#5981=CARTESIAN_POINT('',(-0.301862729814386,-0.740849908172473,0.0250000000000002));
#5982=CARTESIAN_POINT('',(-0.301862729814386,-0.943324587903899,0.36));
#5983=CARTESIAN_POINT('',(-0.301862729814386,-0.943324587903899,0.0250000000000003));
#5984=CARTESIAN_POINT('',(-0.301862729814386,-0.10000000319143,0.36));
#5985=CARTESIAN_POINT('',(-0.301862729814386,-0.740849908172473,0.36));
#5986=CARTESIAN_POINT('',(-0.301862729814386,-0.10000000319143,0.0250000000000003));
#5987=CARTESIAN_POINT('',(-0.301862729814386,-0.10000000319143,0.0250000000000003));
#5988=CARTESIAN_POINT('',(-0.301862729814386,-0.179586371038607,0.0250000000000002));
#5989=CARTESIAN_POINT('',(-0.301862729814386,-0.740849908172473,0.0250000000000002));
#5990=CARTESIAN_POINT('',(-0.301862729814386,-0.179586371038607,0.218110236220472));
#5991=CARTESIAN_POINT('',(-0.301862729814386,-0.179586371038607,-0.0818897637795276));
#5992=CARTESIAN_POINT('',(-0.301862729814386,-0.461071742770847,0.218110236220472));
#5993=CARTESIAN_POINT('Origin',(0.0523622047244097,-0.785716162534776,-0.0818897637795276));
#5994=CARTESIAN_POINT('',(-0.253998565251128,-0.880792529109411,0.0250000000000002));
#5995=CARTESIAN_POINT('',(0.0523622047244092,-0.785716162534775,0.0250000000000002));
#5996=CARTESIAN_POINT('',(0.156081075982525,-0.753527924382642,0.0250000000000002));
#5997=CARTESIAN_POINT('',(-0.253998565251128,-0.880792529109411,0.218110236220472));
#5998=CARTESIAN_POINT('',(-0.253998565251128,-0.880792529109411,-0.0818897637795276));
#5999=CARTESIAN_POINT('',(0.0523622047244092,-0.785716162534775,0.218110236220472));
#6000=CARTESIAN_POINT('',(-0.253998565251128,-0.880792529109411,0.218110236220472));
#6001=CARTESIAN_POINT('',(0.0523622047244092,-0.785716162534775,-0.0818897637795276));
#6002=CARTESIAN_POINT('Origin',(0.123204040959024,-1.09857055534387,-0.0818897637795276));
#6003=CARTESIAN_POINT('',(0.123204040959024,-1.09857055534387,0.0250000000000003));
#6004=CARTESIAN_POINT('',(0.0648193401221251,-0.840729834372502,0.0250000000000003));
#6005=CARTESIAN_POINT('',(0.123204040959024,-1.09857055534387,0.218110236220472));
#6006=CARTESIAN_POINT('',(0.123204040959024,-1.09857055534387,0.218110236220472));
#6007=CARTESIAN_POINT('',(0.123204040959024,-1.09857055534387,-0.0818897637795276));
#6008=CARTESIAN_POINT('Origin',(0.2,-1.0811811023622,-0.0818897637795276));
#6009=CARTESIAN_POINT('',(0.276795959040976,-1.09857055534387,0.0250000000000003));
#6010=CARTESIAN_POINT('Origin',(0.2,-1.0811811023622,0.0250000000000002));
#6011=CARTESIAN_POINT('',(0.276795959040976,-1.09857055534387,0.218110236220472));
#6012=CARTESIAN_POINT('Origin',(0.2,-1.0811811023622,0.218110236220472));
#6013=CARTESIAN_POINT('',(0.276795959040976,-1.09857055534387,-0.0818897637795276));
#6014=CARTESIAN_POINT('Origin',(0.347637795275591,-0.785716162534774,-0.0818897637795276));
#6015=CARTESIAN_POINT('',(0.347637795275593,-0.785716162534774,0.0250000000000003));
#6016=CARTESIAN_POINT('',(0.370748801148967,-0.683652465515731,0.0250000000000002));
#6017=CARTESIAN_POINT('',(0.347637795275593,-0.785716162534774,0.218110236220472));
#6018=CARTESIAN_POINT('',(0.276795959040976,-1.09857055534387,0.218110236220472));
#6019=CARTESIAN_POINT('',(0.347637795275593,-0.785716162534774,-0.0818897637795276));
#6020=CARTESIAN_POINT('Origin',(0.653998565251132,-0.880792529109405,-0.0818897637795276));
#6021=CARTESIAN_POINT('',(0.653998565251132,-0.880792529109405,0.0250000000000003));
#6022=CARTESIAN_POINT('',(0.399852667759096,-0.801920588307974,0.0250000000000003));
#6023=CARTESIAN_POINT('',(0.653998565251132,-0.880792529109405,0.218110236220472));
#6024=CARTESIAN_POINT('',(0.653998565251132,-0.880792529109405,0.218110236220472));
#6025=CARTESIAN_POINT('',(0.653998565251132,-0.880792529109405,-0.0818897637795276));
#6026=CARTESIAN_POINT('Origin',(0.677336836731583,-0.805590551181098,-0.0818897637795276));
#6027=CARTESIAN_POINT('',(0.730794524292107,-0.747778026234455,0.0250000000000003));
#6028=CARTESIAN_POINT('Origin',(0.677336836731583,-0.805590551181098,0.0250000000000002));
#6029=CARTESIAN_POINT('',(0.730794524292107,-0.747778026234455,0.218110236220472));
#6030=CARTESIAN_POINT('Origin',(0.677336836731583,-0.805590551181098,0.218110236220472));
#6031=CARTESIAN_POINT('',(0.730794524292107,-0.747778026234455,-0.0818897637795276));
#6032=CARTESIAN_POINT('Origin',(0.495275590551181,-0.529999999999997,-0.0818897637795276));
#6033=CARTESIAN_POINT('',(0.495275590551181,-0.529999999999997,0.0250000000000002));
#6034=CARTESIAN_POINT('',(0.418588372667773,-0.459089391316486,0.0250000000000002));
#6035=CARTESIAN_POINT('',(0.495275590551181,-0.529999999999997,0.218110236220472));
#6036=CARTESIAN_POINT('',(0.730794524292107,-0.747778026234455,0.218110236220472));
#6037=CARTESIAN_POINT('',(0.495275590551181,-0.529999999999997,-0.0818897637795276));
#6038=CARTESIAN_POINT('Origin',(0.730794524292102,-0.312221973765534,-0.0818897637795276));
#6039=CARTESIAN_POINT('',(0.730794524292102,-0.312221973765534,0.0250000000000002));
#6040=CARTESIAN_POINT('',(0.532173034399337,-0.495881925640899,0.0250000000000002));
#6041=CARTESIAN_POINT('',(0.730794524292102,-0.312221973765534,0.218110236220472));
#6042=CARTESIAN_POINT('',(0.730794524292102,-0.312221973765534,0.218110236220472));
#6043=CARTESIAN_POINT('',(0.730794524292102,-0.312221973765534,-0.0818897637795276));
#6044=CARTESIAN_POINT('Origin',(0.677336836731577,-0.254409448818892,-0.0818897637795276));
#6045=CARTESIAN_POINT('',(0.653998565251125,-0.179207470890585,0.0250000000000002));
#6046=CARTESIAN_POINT('Origin',(0.677336836731577,-0.254409448818892,0.0250000000000002));
#6047=CARTESIAN_POINT('',(0.653998565251125,-0.179207470890585,0.218110236220472));
#6048=CARTESIAN_POINT('Origin',(0.677336836731577,-0.254409448818892,0.218110236220472));
#6049=CARTESIAN_POINT('',(0.653998565251125,-0.179207470890585,-0.0818897637795276));
#6050=CARTESIAN_POINT('Origin',(0.347637795275587,-0.274283837465223,-0.0818897637795276));
#6051=CARTESIAN_POINT('',(0.347637795275587,-0.274283837465223,0.0250000000000002));
#6052=CARTESIAN_POINT('',(0.244301443817264,-0.306353363966679,0.0250000000000002));
#6053=CARTESIAN_POINT('',(0.347637795275587,-0.274283837465223,0.218110236220472));
#6054=CARTESIAN_POINT('',(0.653998565251125,-0.179207470890585,0.218110236220472));
#6055=CARTESIAN_POINT('',(0.347637795275587,-0.274283837465223,-0.0818897637795276));
#6056=CARTESIAN_POINT('Origin',(0.276795959040976,0.0385705553438695,-0.0818897637795276));
#6057=CARTESIAN_POINT('',(0.276795959040976,0.0385705553438695,0.0250000000000002));
#6058=CARTESIAN_POINT('',(0.337131849216501,-0.227887081679332,0.0250000000000002));
#6059=CARTESIAN_POINT('',(0.276795959040976,0.0385705553438695,0.218110236220472));
#6060=CARTESIAN_POINT('',(0.276795959040976,0.0385705553438695,0.218110236220472));
#6061=CARTESIAN_POINT('',(0.276795959040976,0.0385705553438695,-0.0818897637795276));
#6062=CARTESIAN_POINT('Origin',(0.2,0.0211811023622047,0.218110236220472));
#6063=CARTESIAN_POINT('',(-0.25399856525113,-0.179207470890592,0.218110236220472));
#6064=CARTESIAN_POINT('Origin',(-0.277336836731581,-0.254409448818899,0.218110236220472));
#6065=CARTESIAN_POINT('',(0.0523622047244092,-0.274283837465225,0.218110236220472));
#6066=CARTESIAN_POINT('',(-0.25399856525113,-0.179207470890592,0.218110236220472));
#6067=CARTESIAN_POINT('',(0.123204040959024,0.0385705553438695,0.218110236220472));
#6068=CARTESIAN_POINT('',(0.123204040959024,0.0385705553438695,0.218110236220472));
#6069=CARTESIAN_POINT('Origin',(0.2,0.0211811023622047,0.218110236220472));
#6070=CARTESIAN_POINT('Origin',(-0.277336836731579,-0.805590551181105,0.218110236220472));
#6071=CARTESIAN_POINT('Origin',(0.2,0.0211811023622047,-0.0818897637795276));
#6072=CARTESIAN_POINT('',(0.123204040959024,0.0385705553438695,0.0250000000000002));
#6073=CARTESIAN_POINT('Origin',(0.2,0.0211811023622047,0.0250000000000002));
#6074=CARTESIAN_POINT('',(0.123204040959024,0.0385705553438695,-0.0818897637795276));
#6075=CARTESIAN_POINT('Origin',(0.0523622047244091,-0.274283837465225,-0.0818897637795276));
#6076=CARTESIAN_POINT('',(0.0523622047244092,-0.274283837465225,0.0250000000000002));
#6077=CARTESIAN_POINT('',(0.027594455819976,-0.383664105631656,0.0250000000000002));
#6078=CARTESIAN_POINT('',(0.0523622047244092,-0.274283837465225,-0.0818897637795276));
#6079=CARTESIAN_POINT('Origin',(-0.25399856525113,-0.179207470890592,-0.0818897637795276));
#6080=CARTESIAN_POINT('',(-0.25399856525113,-0.179207470890592,0.0250000000000002));
#6081=CARTESIAN_POINT('',(0.00527152994881103,-0.259669661317381,0.0250000000000002));
#6082=CARTESIAN_POINT('',(-0.25399856525113,-0.179207470890592,-0.0818897637795276));
#6083=CARTESIAN_POINT('Origin',(-0.277336836731581,-0.254409448818899,-0.0818897637795276));
#6084=CARTESIAN_POINT('Origin',(-0.277336836731581,-0.254409448818899,0.0250000000000002));
#6085=CARTESIAN_POINT('Origin',(-0.0952755905511811,-0.530000000000001,
-0.0818897637795276));
#6086=CARTESIAN_POINT('',(-0.0952755905511811,-0.530000000000001,0.0250000000000002));
#6087=CARTESIAN_POINT('',(-0.0127863404959597,-0.606275591848375,0.0250000000000002));
#6088=CARTESIAN_POINT('',(-0.0952755905511811,-0.530000000000001,-0.0818897637795276));
#6089=CARTESIAN_POINT('Origin',(-0.330794524292104,-0.747778026234463,-0.0818897637795276));
#6090=CARTESIAN_POINT('',(-0.13472061250532,-0.566473751343479,0.0250000000000002));
#6091=CARTESIAN_POINT('Origin',(-0.277336836731579,-0.805590551181105,-0.0818897637795276));
#6092=CARTESIAN_POINT('Origin',(-0.277336836731579,-0.805590551181105,0.0250000000000002));
#6093=CARTESIAN_POINT('Origin',(0.203018539293698,-0.538375228441047,0.0250000000000002));
#6094=CARTESIAN_POINT('Origin',(0.203018539293698,-0.538375228441047,0.0250000000000002));
#6095=CARTESIAN_POINT('',(-1.51678518742343,-2.05045166221345,0.0250000000000003));
#6096=CARTESIAN_POINT('Origin',(0.203018539293698,-0.538375228441047,0.0250000000000002));
#6097=CARTESIAN_POINT('',(-0.549204815942488,-0.10000000319143,0.0250000000000003));
#6098=CARTESIAN_POINT('',(-0.0494220952603439,-0.10000000319143,0.0250000000000002));
#6099=CARTESIAN_POINT('',(-0.549204815942488,-0.943324587903899,0.0250000000000003));
#6100=CARTESIAN_POINT('',(-0.549204815942488,-0.319187615816239,0.0250000000000002));
#6101=CARTESIAN_POINT('',(-0.148490738331725,-0.943324587903899,0.0250000000000003));
#6102=CARTESIAN_POINT('Origin',(-0.549204815942488,-0.10000000319143,0.0250000000000003));
#6103=CARTESIAN_POINT('',(-0.549204815942488,-0.943324587903899,0.36));
#6104=CARTESIAN_POINT('',(-0.549204815942488,-0.10000000319143,0.36));
#6105=CARTESIAN_POINT('',(-0.549204815942488,-0.319187615816239,0.36));
#6106=CARTESIAN_POINT('',(-0.549204815942488,-0.943324587903899,0.0250000000000003));
#6107=CARTESIAN_POINT('',(-0.549204815942488,-0.10000000319143,0.0250000000000003));
#6108=CARTESIAN_POINT('Origin',(0.203018539293698,-0.538375228441047,0.36));
#6109=CARTESIAN_POINT('',(-1.51678518742343,-2.05045166221345,0.36));
#6110=CARTESIAN_POINT('Origin',(0.203018539293698,-0.538375228441047,0.36));
#6111=CARTESIAN_POINT('',(-0.148490738331725,-0.943324587903899,0.36));
#6112=CARTESIAN_POINT('',(-0.0494220952603439,-0.10000000319143,0.36));
#6113=CARTESIAN_POINT('Origin',(-0.301862729814386,-0.10000000319143,0.0250000000000003));
#6114=CARTESIAN_POINT('Origin',(-0.500000015957149,-0.943324587903899,0.0250000000000003));
#6115=CARTESIAN_POINT('Origin',(0.203018539293698,-0.538375228441047,0.36));
#6116=CARTESIAN_POINT('',(-1.51678518742343,-2.05045166221345,0.36));
#6117=CARTESIAN_POINT('Origin',(0.203018539293698,-0.538375228441047,0.26));
#6118=CARTESIAN_POINT('',(-2.1369814607063,-0.538375228441047,0.26));
#6119=CARTESIAN_POINT('Origin',(0.203018539293698,-0.538375228441047,0.26));
#6120=CARTESIAN_POINT('',(-2.1369814607063,-0.538375228441047,0.31));
#6121=CARTESIAN_POINT('',(-2.1369814607063,-0.538375228441048,0.26));
#6122=CARTESIAN_POINT('Origin',(0.203018539293698,-0.538375228441047,0.31));
#6123=CARTESIAN_POINT('Origin',(0.203018539293698,-0.538375228441047,0.26));
#6124=CARTESIAN_POINT('',(-2.2219814607063,-0.538375228441047,0.26));
#6125=CARTESIAN_POINT('Origin',(0.203018539293698,-0.538375228441047,0.26));
#6126=CARTESIAN_POINT('',(-2.2219814607063,-0.538375228441047,0.31));
#6127=CARTESIAN_POINT('',(-2.2219814607063,-0.538375228441048,0.26));
#6128=CARTESIAN_POINT('Origin',(0.203018539293698,-0.538375228441047,0.31));
#6129=CARTESIAN_POINT('Origin',(0.203018539293699,-0.538375228441047,0.31));
#6130=CARTESIAN_POINT('Origin',(0.203018539293698,-0.538375228441047,0.26));
#6131=CARTESIAN_POINT('',(-1.69477360804874,-2.2069416686781,0.26));
#6132=CARTESIAN_POINT('Origin',(0.203018539293698,-0.538375228441047,0.26));
#6133=CARTESIAN_POINT('Origin',(0.203018539293698,-0.538375228441047,0.31));
#6134=CARTESIAN_POINT('',(-2.2739814607063,-0.538375228441048,0.36));
#6135=CARTESIAN_POINT('Origin',(0.203018539293698,-0.538375228441047,0.36));
#6136=CARTESIAN_POINT('',(-2.3239814607063,-0.538375228441048,0.31));
#6137=CARTESIAN_POINT('Origin',(-2.2739814607063,-0.538375228441048,0.31));
#6138=CARTESIAN_POINT('',(-1.69477360804874,-2.2069416686781,0.31));
#6139=CARTESIAN_POINT('Origin',(0.203018539293698,-0.538375228441047,0.31));
#6140=CARTESIAN_POINT('Origin',(0.203018539293698,-0.538375228441047,0.31));
#6141=CARTESIAN_POINT('Origin',(0.203018539293698,-0.538375228441047,0.36));
#6142=CARTESIAN_POINT('',(-1.69477360804874,-2.2069416686781,0.36));
#6143=CARTESIAN_POINT('Origin',(0.203018539293698,-0.538375228441047,0.36));
#6144=CARTESIAN_POINT('',(-1.49962986895856,-2.03536845686762,0.36));
#6145=CARTESIAN_POINT('Origin',(0.203018539293698,-0.538375228441047,0.36));
#6146=CARTESIAN_POINT('Origin',(0.203018539293698,-0.538375228441047,0.36));
#6147=CARTESIAN_POINT('',(-1.49962986895856,-2.03536845686762,0.26));
#6148=CARTESIAN_POINT('Origin',(0.203018539293698,-0.538375228441047,0.26));
#6149=CARTESIAN_POINT('',(-1.49962986895856,-2.03536845686762,0.36));
#6150=CARTESIAN_POINT('Origin',(0.203018539293698,-0.538375228441047,0.26));
#6151=CARTESIAN_POINT('Origin',(0.730794524292102,-0.312221973765534,-0.0818897637795276));
#6152=CARTESIAN_POINT('',(0.730794524292102,-0.312221973765534,0.185113514403893));
#6153=CARTESIAN_POINT('',(0.628685238627938,-0.406639685067736,0.185113514403893));
#6154=CARTESIAN_POINT('',(0.831363104108672,-0.219228911739582,0.185113514403893));
#6155=CARTESIAN_POINT('',(0.730794524292102,-0.312221973765534,0.0851135144038934));
#6156=CARTESIAN_POINT('',(0.730794524292102,-0.312221973765534,-0.0818897637795276));
#6157=CARTESIAN_POINT('',(0.628685238627938,-0.406639685067736,0.0851135144038934));
#6158=CARTESIAN_POINT('',(0.831363104108672,-0.219228911739582,0.0851135144038934));
#6159=CARTESIAN_POINT('',(0.628685238627938,-0.406639685067736,0.00161187531218291));
#6160=CARTESIAN_POINT('Origin',(0.677336836731577,-0.254409448818892,-0.0818897637795276));
#6161=CARTESIAN_POINT('',(0.653998565251125,-0.179207470890585,0.185113514403893));
#6162=CARTESIAN_POINT('Origin',(0.677336836731577,-0.254409448818892,0.185113514403893));
#6163=CARTESIAN_POINT('',(0.653998565251125,-0.179207470890585,0.0851135144038934));
#6164=CARTESIAN_POINT('',(0.653998565251125,-0.179207470890585,-0.0818897637795276));
#6165=CARTESIAN_POINT('Origin',(0.677336836731577,-0.254409448818892,0.0851135144038934));
#6166=CARTESIAN_POINT('Origin',(0.347637795275587,-0.274283837465223,-0.0818897637795276));
#6167=CARTESIAN_POINT('',(0.398137270185614,-0.258611770219943,0.185113514403893));
#6168=CARTESIAN_POINT('',(0.564797352662983,-0.206890281544213,0.185113514403893));
#6169=CARTESIAN_POINT('',(0.398137270185614,-0.258611770219943,0.0851135144038934));
#6170=CARTESIAN_POINT('',(0.398137270185614,-0.258611770219943,-0.128388124687817));
#6171=CARTESIAN_POINT('',(0.564797352662983,-0.206890281544213,0.0851135144038934));
#6172=CARTESIAN_POINT('Origin',(0.550778507615384,-0.200042522799211,0.0851135144038934));
#6173=CARTESIAN_POINT('',(0.642517252952634,-0.443320147343573,0.0851135144038934));
#6174=CARTESIAN_POINT('',(0.550778507615384,-0.200042522799211,0.0851135144038934));
#6175=CARTESIAN_POINT('',(0.642517252952634,-0.443320147343573,0.185113514403893));
#6176=CARTESIAN_POINT('',(0.642517252952634,-0.443320147343573,0.0851135144038934));
#6177=CARTESIAN_POINT('',(0.506479024798412,-0.0825668269126161,0.185113514403893));
#6178=CARTESIAN_POINT('Origin',(0.7,0.124589744784135,0.0851135144038934));
#6179=CARTESIAN_POINT('',(0.398137270185614,-0.0932625796454809,0.0851135144038934));
#6180=CARTESIAN_POINT('',(0.398137270185614,-0.405998709786907,0.0851135144038934));
#6181=CARTESIAN_POINT('',(0.34317164400811,-0.0932625796454809,0.0851135144038934));
#6182=CARTESIAN_POINT('',(0.549068635092807,-0.0932625796454809,0.0851135144038934));
#6183=CARTESIAN_POINT('',(0.424934789837422,0.00649456771440578,0.0851135144038934));
#6184=CARTESIAN_POINT('',(0.4463125672796,0.0325770535690725,0.0851135144038934));
#6185=CARTESIAN_POINT('',(0.279647865081146,0.180454494841273,0.0851135144038934));
#6186=CARTESIAN_POINT('',(0.4463125672796,-0.0191022064771739,0.0851135144038934));
#6187=CARTESIAN_POINT('',(0.338980083967841,0.281547728213044,0.0851135144038934));
#6188=CARTESIAN_POINT('Origin',(0.328788019508912,0.219571678902566,0.0851135144038934));
#6189=CARTESIAN_POINT('',(0.562257075599138,0.244829455328274,0.0851135144038934));
#6190=CARTESIAN_POINT('',(0.595534059664216,0.239356999914233,0.0851135144038934));
#6191=CARTESIAN_POINT('',(0.640267329353356,0.457631586568363,0.0851135144038934));
#6192=CARTESIAN_POINT('',(0.550778507615384,0.21351736989111,0.0851135144038934));
#6193=CARTESIAN_POINT('',(0.757482747047366,0.456794994435471,0.0851135144038934));
#6194=CARTESIAN_POINT('Origin',(0.69871388168883,0.434633556518673,0.0851135144038934));
#6195=CARTESIAN_POINT('',(0.837322285761715,0.245072311159818,0.0851135144038934));
#6196=CARTESIAN_POINT('',(0.849221492384616,0.213517369891109,0.0851135144038934));
#6197=CARTESIAN_POINT('',(1.06061946427221,0.283914515273039,0.0851135144038934));
#6198=CARTESIAN_POINT('',(0.804465940335785,0.239356999914233,0.0851135144038934));
#6199=CARTESIAN_POINT('',(1.11850266307953,0.181984689768376,0.0851135144038934));
#6200=CARTESIAN_POINT('Origin',(1.06992586217992,0.221799301162057,0.0851135144038934));
#6201=CARTESIAN_POINT('',(0.975065210162578,0.00698027937749229,0.0851135144038934));
#6202=CARTESIAN_POINT('',(0.9536874327204,-0.0191022064771746,0.0851135144038934));
#6203=CARTESIAN_POINT('',(1.12035213491885,-0.166979647749375,0.0851135144038934));
#6204=CARTESIAN_POINT('',(0.9536874327204,0.0325770535690725,0.0851135144038934));
#6205=CARTESIAN_POINT('',(1.06101991603216,-0.268072881121146,0.0851135144038934));
#6206=CARTESIAN_POINT('Origin',(1.07121198049109,-0.206096831810668,0.0851135144038934));
#6207=CARTESIAN_POINT('',(0.837742924400862,-0.231354608236377,0.0851135144038934));
#6208=CARTESIAN_POINT('',(0.804465940335783,-0.225882152822335,0.0851135144038934));
#6209=CARTESIAN_POINT('',(0.759732670646644,-0.444156739476465,0.0851135144038934));
#6210=CARTESIAN_POINT('',(0.849221492384616,-0.200042522799212,0.0851135144038934));
#6211=CARTESIAN_POINT('Origin',(0.70128611831117,-0.421158709426775,0.0851135144038934));
#6212=CARTESIAN_POINT('Origin',(0.7,0.124589744784135,0.185113514403893));
#6213=CARTESIAN_POINT('',(0.759732670646644,-0.444156739476465,0.185113514403893));
#6214=CARTESIAN_POINT('Origin',(0.70128611831117,-0.421158709426775,0.185113514403893));
#6215=CARTESIAN_POINT('',(0.837742924400862,-0.231354608236377,0.185113514403893));
#6216=CARTESIAN_POINT('',(0.848092090619996,-0.203123388338949,0.185113514403893));
#6217=CARTESIAN_POINT('',(1.06101991603216,-0.268072881121146,0.185113514403893));
#6218=CARTESIAN_POINT('',(0.725549373967644,-0.212904192138328,0.185113514403893));
#6219=CARTESIAN_POINT('',(1.12035213491885,-0.166979647749375,0.185113514403893));
#6220=CARTESIAN_POINT('Origin',(1.07121198049109,-0.206096831810668,0.185113514403893));
#6221=CARTESIAN_POINT('',(0.975065210162578,0.00698027937749227,0.185113514403893));
#6222=CARTESIAN_POINT('',(0.962264144294616,0.0223076909065915,0.185113514403893));
#6223=CARTESIAN_POINT('',(1.11850266307953,0.181984689768376,0.185113514403893));
#6224=CARTESIAN_POINT('',(0.937941014663715,-0.0383140130990774,0.185113514403893));
#6225=CARTESIAN_POINT('',(1.06061946427221,0.283914515273039,0.185113514403893));
#6226=CARTESIAN_POINT('Origin',(1.06992586217992,0.221799301162057,0.185113514403893));
#6227=CARTESIAN_POINT('',(0.837322285761715,0.245072311159818,0.185113514403893));
#6228=CARTESIAN_POINT('',(0.872155148507548,0.251131434582902,0.185113514403893));
#6229=CARTESIAN_POINT('',(0.757482747047366,0.456794994435471,0.185113514403893));
#6230=CARTESIAN_POINT('',(0.854612303234418,0.199221734463716,0.185113514403893));
#6231=CARTESIAN_POINT('',(0.640267329353356,0.457631586568363,0.185113514403893));
#6232=CARTESIAN_POINT('Origin',(0.69871388168883,0.434633556518673,0.185113514403893));
#6233=CARTESIAN_POINT('',(0.562257075599138,0.244829455328274,0.185113514403893));
#6234=CARTESIAN_POINT('',(0.589992852156682,0.320489154906231,0.185113514403893));
#6235=CARTESIAN_POINT('',(0.338980083967841,0.281547728213044,0.185113514403893));
#6236=CARTESIAN_POINT('',(0.655579960537874,0.22948235157818,0.185113514403893));
#6237=CARTESIAN_POINT('',(0.279647865081146,0.180454494841273,0.185113514403893));
#6238=CARTESIAN_POINT('Origin',(0.328788019508912,0.219571678902566,0.185113514403893));
#6239=CARTESIAN_POINT('',(0.424934789837422,0.00649456771440578,0.185113514403893));
#6240=CARTESIAN_POINT('',(0.379752760872456,0.060593465322534,0.185113514403893));
#6241=CARTESIAN_POINT('',(0.34317164400811,-0.0932625796454809,0.185113514403893));
#6242=CARTESIAN_POINT('',(0.519838322797937,0.122283969241098,0.185113514403893));
#6243=CARTESIAN_POINT('',(0.398137270185614,-0.0932625796454809,0.185113514403893));
#6244=CARTESIAN_POINT('',(0.549068635092807,-0.0932625796454809,0.185113514403893));
#6245=CARTESIAN_POINT('',(0.398137270185614,-0.405998709786907,0.185113514403893));
#6246=CARTESIAN_POINT('Origin',(0.398137270185614,-0.0932625796454809,-0.174886485596106));
#6247=CARTESIAN_POINT('',(0.398137270185614,-0.0932625796454809,-0.174886485596106));
#6248=CARTESIAN_POINT('',(0.34317164400811,-0.0932625796454809,-0.0448864855961065));
#6249=CARTESIAN_POINT('Origin',(0.398137270185614,-0.93658716435795,-0.174886485596106));
#6250=CARTESIAN_POINT('Origin',(0.4463125672796,0.0325770535690725,0.0851135144038934));
#6251=CARTESIAN_POINT('',(0.424934789837423,0.00649456771440525,0.0851135144038934));
#6252=CARTESIAN_POINT('Origin',(0.70128611831117,-0.421158709426775,0.0851135144038934));
#6253=CARTESIAN_POINT('',(0.759732670646644,-0.444156739476465,0.0851135144038934));
#6254=CARTESIAN_POINT('Origin',(0.279647865081146,0.180454494841273,0.0851135144038934));
#6255=CARTESIAN_POINT('',(0.279647865081146,0.180454494841273,0.0851135144038934));
#6256=CARTESIAN_POINT('Origin',(0.328788019508912,0.219571678902566,0.0851135144038934));
#6257=CARTESIAN_POINT('',(0.338980083967841,0.281547728213044,0.0851135144038934));
#6258=CARTESIAN_POINT('Origin',(0.595534059664216,0.239356999914233,0.0851135144038934));
#6259=CARTESIAN_POINT('',(0.562257075599138,0.244829455328275,0.0851135144038934));
#6260=CARTESIAN_POINT('Origin',(0.640267329353356,0.457631586568362,0.0851135144038934));
#6261=CARTESIAN_POINT('',(0.640267329353356,0.457631586568363,0.0851135144038934));
#6262=CARTESIAN_POINT('Origin',(0.69871388168883,0.434633556518673,0.0851135144038934));
#6263=CARTESIAN_POINT('',(0.757482747047366,0.456794994435471,0.0851135144038934));
#6264=CARTESIAN_POINT('Origin',(0.849221492384616,0.213517369891109,0.0851135144038934));
#6265=CARTESIAN_POINT('',(0.837322285761715,0.245072311159818,0.0851135144038934));
#6266=CARTESIAN_POINT('Origin',(0.9536874327204,-0.0191022064771746,0.0851135144038934));
#6267=CARTESIAN_POINT('',(0.975065210162578,0.00698027937749238,0.0851135144038934));
#6268=CARTESIAN_POINT('',(1.11850266307953,0.181984689768376,0.0851135144038934));
#6269=CARTESIAN_POINT('Origin',(1.06061946427221,0.283914515273038,0.0851135144038934));
#6270=CARTESIAN_POINT('',(1.06061946427221,0.283914515273039,0.0851135144038934));
#6271=CARTESIAN_POINT('Origin',(1.06992586217992,0.221799301162057,0.0851135144038934));
#6272=CARTESIAN_POINT('Origin',(0.759732670646644,-0.444156739476464,0.0851135144038934));
#6273=CARTESIAN_POINT('',(0.837742924400862,-0.231354608236377,0.0851135144038934));
#6274=CARTESIAN_POINT('Origin',(0.804465940335783,-0.225882152822335,0.0851135144038934));
#6275=CARTESIAN_POINT('',(1.06101991603216,-0.268072881121146,0.0851135144038934));
#6276=CARTESIAN_POINT('Origin',(1.12035213491885,-0.166979647749375,0.0851135144038934));
#6277=CARTESIAN_POINT('',(1.12035213491885,-0.166979647749375,0.0851135144038934));
#6278=CARTESIAN_POINT('Origin',(1.07121198049109,-0.206096831810668,0.0851135144038934));
#6279=CARTESIAN_POINT('Origin',(0.7,-0.526074972868319,1.42758770884688));
#6280=CARTESIAN_POINT('',(0.7,-0.601074972868319,1.42758770884688));
#6281=CARTESIAN_POINT('Origin',(0.7,-0.526074972868319,1.42758770884688));
#6282=CARTESIAN_POINT('',(0.5,-0.601074972868319,1.42758770884688));
#6283=CARTESIAN_POINT('',(0.7,-0.601074972868319,1.42758770884688));
#6284=CARTESIAN_POINT('Origin',(0.5,-0.526074972868319,1.42758770884688));
#6285=CARTESIAN_POINT('Origin',(0.5,-0.526074972868319,1.42758770884688));
#6286=CARTESIAN_POINT('Origin',(0.7,-0.87293687168829,1.42758770884688));
#6287=CARTESIAN_POINT('',(0.7,-0.947936871688291,1.42758770884688));
#6288=CARTESIAN_POINT('Origin',(0.7,-0.87293687168829,1.42758770884688));
#6289=CARTESIAN_POINT('',(0.5,-0.947936871688291,1.42758770884688));
#6290=CARTESIAN_POINT('',(0.7,-0.947936871688291,1.42758770884688));
#6291=CARTESIAN_POINT('Origin',(0.5,-0.87293687168829,1.42758770884688));
#6292=CARTESIAN_POINT('Origin',(0.5,-0.87293687168829,1.42758770884688));
#6293=CARTESIAN_POINT('Origin',(1.,-0.287350235939288,1.60000005106288));
#6294=CARTESIAN_POINT('',(0.7,-1.10000003510573,1.60000005106288));
#6295=CARTESIAN_POINT('',(0.7,-0.287350235939288,1.60000005106288));
#6296=CARTESIAN_POINT('',(0.7,-1.10000003510573,1.60000005106288));
#6297=CARTESIAN_POINT('',(-0.301862729814386,-0.287350235939288,1.60000005106288));
#6298=CARTESIAN_POINT('',(1.,-0.287350235939288,1.60000005106288));
#6299=CARTESIAN_POINT('',(-0.301862729814386,-0.300000009574289,1.60000005106288));
#6300=CARTESIAN_POINT('',(-0.301862729814386,-0.615337411921593,1.60000005106288));
#6301=CARTESIAN_POINT('',(-0.201862729814386,-0.300000009574289,1.60000005106288));
#6302=CARTESIAN_POINT('',(0.65,-0.300000009574289,1.60000005106288));
#6303=CARTESIAN_POINT('',(-0.201862729814387,-1.0000000319143,1.60000005106288));
#6304=CARTESIAN_POINT('',(-0.201862729814387,-0.46867512834179,1.60000005106288));
#6305=CARTESIAN_POINT('',(-0.5,-1.0000000319143,1.60000005106288));
#6306=CARTESIAN_POINT('',(0.349068635092806,-1.0000000319143,1.60000005106288));
#6307=CARTESIAN_POINT('',(-0.5,-1.10000003510573,1.60000005106288));
#6308=CARTESIAN_POINT('',(-0.5,-0.468675128341791,1.60000005106288));
#6309=CARTESIAN_POINT('',(1.,-1.10000003510573,1.60000005106288));
#6310=CARTESIAN_POINT('Origin',(-0.301862729814386,-0.943324587903899,0.0250000000000003));
#6311=CARTESIAN_POINT('',(-0.301862729814386,-0.287350235939288,1.9862015729808));
#6312=CARTESIAN_POINT('',(-0.301862729814386,-0.287350235939288,1.0056007864904));
#6313=CARTESIAN_POINT('',(-0.301862729814386,-0.29326258602834,1.98359844509711));
#6314=CARTESIAN_POINT('Origin',(-0.301862729814386,-0.69326259879406,2.90011361333822));
#6315=CARTESIAN_POINT('',(-0.301862729814386,-0.29326258602834,2.00000007340289));
#6316=CARTESIAN_POINT('',(-0.301862729814386,-0.29326258602834,1.66249998005943));
#6317=CARTESIAN_POINT('',(-0.301862729814386,-0.10000000319143,2.00000007340289));
#6318=CARTESIAN_POINT('',(-0.301862729814386,-0.47166229395195,2.00000007340289));
#6319=CARTESIAN_POINT('',(-0.301862729814386,-0.10000000319143,1.30000004148859));
#6320=CARTESIAN_POINT('',(-0.301862729814386,-0.10000000319143,0.0250000000000003));
#6321=CARTESIAN_POINT('',(-0.301862729814386,-0.10000000319143,0.300000009574289));
#6322=CARTESIAN_POINT('',(-0.301862729814386,-0.10000000319143,0.0250000000000003));
#6323=CARTESIAN_POINT('',(-0.301862729814386,-0.943324587903899,0.300000009574289));
#6324=CARTESIAN_POINT('',(-0.301862729814386,-0.971662309909099,0.300000009574289));
#6325=CARTESIAN_POINT('',(-0.301862729814386,-0.943324587903899,0.400000012765719));
#6326=CARTESIAN_POINT('',(-0.301862729814386,-0.943324587903899,0.0250000000000003));
#6327=CARTESIAN_POINT('',(-0.301862729814386,-0.300000009574289,0.400000012765719));
#6328=CARTESIAN_POINT('',(-0.301862729814386,-0.621662298739094,0.400000012765719));
#6329=CARTESIAN_POINT('',(-0.301862729814386,-0.300000009574289,0.662500020744294));
#6330=CARTESIAN_POINT('Origin',(0.7,-0.282357979560826,1.34000005106288));
#6331=CARTESIAN_POINT('',(1.,-0.282357979560826,1.60000005106288));
#6332=CARTESIAN_POINT('',(1.,-0.282357979560826,1.34000005106288));
#6333=CARTESIAN_POINT('',(1.,-0.282357979560826,1.32000004627573));
#6334=CARTESIAN_POINT('',(0.7,-0.282357979560826,1.60000005106288));
#6335=CARTESIAN_POINT('',(0.7,-0.282357979560826,1.60000005106288));
#6336=CARTESIAN_POINT('',(0.7,-0.282357979560826,1.34000005106288));
#6337=CARTESIAN_POINT('',(0.7,-0.282357979560826,1.60000005106288));
#6338=CARTESIAN_POINT('',(0.7,-0.282357979560826,1.34000005106288));
#6339=CARTESIAN_POINT('Origin',(0.7,-1.10000003510573,1.34000005106288));
#6340=CARTESIAN_POINT('',(1.,-1.10000003510573,1.34000005106288));
#6341=CARTESIAN_POINT('',(1.,-0.875000027925011,1.34000005106288));
#6342=CARTESIAN_POINT('',(0.7,-1.10000003510573,1.34000005106288));
#6343=CARTESIAN_POINT('',(0.7,-0.282357979560826,1.34000005106288));
#6344=CARTESIAN_POINT('',(0.7,-1.10000003510573,1.34000005106288));
#6345=CARTESIAN_POINT('Origin',(0.7,-1.10000003510573,1.60000005106288));
#6346=CARTESIAN_POINT('',(1.,-1.10000003510573,2.0000000638286));
#6347=CARTESIAN_POINT('',(1.,-1.10000003510573,1.45000004627573));
#6348=CARTESIAN_POINT('',(0.7,-1.10000003510573,1.34000005106288));
#6349=CARTESIAN_POINT('',(-0.5,-1.10000003510573,2.00000007340289));
#6350=CARTESIAN_POINT('',(-0.5,-1.10000003510573,2.40000007659431));
#6351=CARTESIAN_POINT('',(0.15,-1.10000003510573,2.00000007340289));
#6352=CARTESIAN_POINT('Origin',(0.7,-0.282357979560826,1.60000005106288));
#6353=CARTESIAN_POINT('',(1.,-0.287350235939288,1.60000005106288));
#6354=CARTESIAN_POINT('',(0.85,-0.287350235939288,1.60000005106288));
#6355=CARTESIAN_POINT('',(0.7,-1.10000003510573,1.60000005106288));
#6356=CARTESIAN_POINT('',(1.,-0.46617900015256,1.60000005106288));
#6357=CARTESIAN_POINT('Origin',(0.7,-0.691179007333277,1.47000005106288));
#6358=CARTESIAN_POINT('Origin',(1.,-0.287350235939288,1.9862015729808));
#6359=CARTESIAN_POINT('',(1.,-0.287350235939288,1.9862015729808));
#6360=CARTESIAN_POINT('',(1.,-0.287350235939288,1.64310080723469));
#6361=CARTESIAN_POINT('',(1.,-0.287350235939288,1.9862015729808));
#6362=CARTESIAN_POINT('Origin',(1.,-0.69326259879406,2.90011361333822));
#6363=CARTESIAN_POINT('',(1.,-0.29326258602834,1.98359844509711));
#6364=CARTESIAN_POINT('Origin',(1.,-0.69326259879406,2.90011361333822));
#6365=CARTESIAN_POINT('',(1.,-0.29326258602834,1.98359844509711));
#6366=CARTESIAN_POINT('Origin',(1.,-0.29326258602834,3.29999996011886));
#6367=CARTESIAN_POINT('',(1.,-0.29326258602834,2.00000007340289));
#6368=CARTESIAN_POINT('',(1.,-0.29326258602834,2.30000000080372));
#6369=CARTESIAN_POINT('',(0.5,-0.29326258602834,2.00000007340289));
#6370=CARTESIAN_POINT('Origin',(-0.201862729814387,-0.650000020744294,2.05000006542431));
#6371=CARTESIAN_POINT('',(-0.201862729814387,-0.300000009574289,1.30000004148859));
#6372=CARTESIAN_POINT('',(-0.201862729814387,-0.300000009574289,3.7000001180829));
#6373=CARTESIAN_POINT('',(-0.201862729814387,-1.0000000319143,1.30000004148859));
#6374=CARTESIAN_POINT('',(-0.201862729814387,-0.87500002792501,1.30000004148859));
#6375=CARTESIAN_POINT('',(-0.201862729814387,-1.0000000319143,0.400000012765719));
#6376=CARTESIAN_POINT('Origin',(0.3,-0.300000009574289,1.90000006063717));
#6377=CARTESIAN_POINT('',(0.2,-0.300000009574289,0.400000012765719));
#6378=CARTESIAN_POINT('',(1.,-0.300000009574289,0.400000012765719));
#6379=CARTESIAN_POINT('',(0.2,-0.300000009574289,1.30000004148859));
#6380=CARTESIAN_POINT('',(0.2,-0.300000009574289,1.07500003430787));
#6381=CARTESIAN_POINT('',(1.,-0.300000009574289,1.30000004148859));
#6382=CARTESIAN_POINT('Origin',(0.,0.,2.00000007340289));
#6383=CARTESIAN_POINT('',(1.,-0.0507976701142182,2.00000007340289));
#6384=CARTESIAN_POINT('',(1.,-0.325000010372147,2.00000007340289));
#6385=CARTESIAN_POINT('',(0.9,0.0594051551940516,2.00000007340289));
#6386=CARTESIAN_POINT('Ctrl Pts',(0.9,0.059405155194052,2.00000007340289));
#6387=CARTESIAN_POINT('Ctrl Pts',(0.91195002184629,0.059405155194052,2.00000007340289));
#6388=CARTESIAN_POINT('Ctrl Pts',(0.925969607392017,0.0563905950290054,
2.00000007340289));
#6389=CARTESIAN_POINT('Ctrl Pts',(0.948447596898095,0.0464979049644028,
2.00000007340289));
#6390=CARTESIAN_POINT('Ctrl Pts',(0.960714030228789,0.0376400965843916,
2.00000007340289));
#6391=CARTESIAN_POINT('Ctrl Pts',(0.978515111843106,0.018704148395267,2.00000007340289));
#6392=CARTESIAN_POINT('Ctrl Pts',(0.986981066099093,0.00506032800232407,
2.00000007340289));
#6393=CARTESIAN_POINT('Ctrl Pts',(0.996935330986333,-0.0203923965840781,
2.00000007340289));
#6394=CARTESIAN_POINT('Ctrl Pts',(1.,-0.0368484825369929,2.00000007340289));
#6395=CARTESIAN_POINT('Ctrl Pts',(1.,-0.0507976701142182,2.00000007340289));
#6396=CARTESIAN_POINT('',(-0.4,0.0594051551940516,2.00000007340289));
#6397=CARTESIAN_POINT('',(0.,0.0594051551940516,2.00000007340289));
#6398=CARTESIAN_POINT('',(-0.5,-0.0507976701142182,2.00000007340289));
#6399=CARTESIAN_POINT('Ctrl Pts',(-0.5,-0.0507976701142183,2.00000007340289));
#6400=CARTESIAN_POINT('Ctrl Pts',(-0.5,-0.0368484825369929,2.00000007340289));
#6401=CARTESIAN_POINT('Ctrl Pts',(-0.496935330986333,-0.0203923965840781,
2.00000007340289));
#6402=CARTESIAN_POINT('Ctrl Pts',(-0.486981066099093,0.00506032800232408,
2.00000007340289));
#6403=CARTESIAN_POINT('Ctrl Pts',(-0.478515111843106,0.018704148395267,
2.00000007340289));
#6404=CARTESIAN_POINT('Ctrl Pts',(-0.460714030228789,0.0376400965843916,
2.00000007340289));
#6405=CARTESIAN_POINT('Ctrl Pts',(-0.448447596898095,0.0464979049644028,
2.00000007340289));
#6406=CARTESIAN_POINT('Ctrl Pts',(-0.425969607392017,0.0563905950290054,
2.00000007340289));
#6407=CARTESIAN_POINT('Ctrl Pts',(-0.411950021846291,0.0594051551940517,
2.00000007340289));
#6408=CARTESIAN_POINT('Ctrl Pts',(-0.4,0.0594051551940517,2.00000007340289));
#6409=CARTESIAN_POINT('',(-0.5,-0.10000000319143,2.00000007340289));
#6410=CARTESIAN_POINT('',(-0.5,-0.325000010372147,2.00000007340289));
#6411=CARTESIAN_POINT('',(-0.150931364907193,-0.10000000319143,2.00000007340289));
#6412=CARTESIAN_POINT('Origin',(-0.301862729814386,-0.10000000319143,0.0250000000000003));
#6413=CARTESIAN_POINT('',(-0.5,-0.10000000319143,1.87735033859319));
#6414=CARTESIAN_POINT('',(-0.5,-0.10000000319143,0.662500020744294));
#6415=CARTESIAN_POINT('',(-0.4,-0.10000000319143,1.30000004148859));
#6416=CARTESIAN_POINT('Ctrl Pts',(-0.4,-0.10000000319143,1.30000004148859));
#6417=CARTESIAN_POINT('Ctrl Pts',(-0.42224534632705,-0.10000000319143,1.38944367229716));
#6418=CARTESIAN_POINT('Ctrl Pts',(-0.446940761621129,-0.10000000319143,
1.48775668119953));
#6419=CARTESIAN_POINT('Ctrl Pts',(-0.485850419066233,-0.10000000319143,
1.68561944689857));
#6420=CARTESIAN_POINT('Ctrl Pts',(-0.5,-0.10000000319143,1.78518191381859));
#6421=CARTESIAN_POINT('Ctrl Pts',(-0.5,-0.10000000319143,1.87735033859319));
#6422=CARTESIAN_POINT('',(0.,-0.10000000319143,1.30000004148859));
#6423=CARTESIAN_POINT('Origin',(-0.4,1.51666671507002,1.30000004148859));
#6424=CARTESIAN_POINT('',(-0.418566824690424,-0.10000000319143,1.225));
#6425=CARTESIAN_POINT('Ctrl Pts',(-0.418566824690424,-0.10000000319143,
1.225));
#6426=CARTESIAN_POINT('Ctrl Pts',(-0.412300923686216,-0.10000000319143,
1.25054845970838));
#6427=CARTESIAN_POINT('Ctrl Pts',(-0.406066994821242,-0.10000000319143,
1.27560599354118));
#6428=CARTESIAN_POINT('Ctrl Pts',(-0.4,-0.10000000319143,1.30000004148859));
#6429=CARTESIAN_POINT('',(-0.4,0.246386732253806,0.300000009574289));
#6430=CARTESIAN_POINT('Origin',(-0.4,1.51666671507002,1.30000004148859));
#6431=CARTESIAN_POINT('',(-0.5,0.121337155549251,0.300000009574289));
#6432=CARTESIAN_POINT('Ctrl Pts',(-0.4,0.246386732253806,0.300000009574289));
#6433=CARTESIAN_POINT('Ctrl Pts',(-0.411445617105189,0.246386732253806,
0.300000009574289));
#6434=CARTESIAN_POINT('Ctrl Pts',(-0.424806536872323,0.243204135782531,
0.300000009574289));
#6435=CARTESIAN_POINT('Ctrl Pts',(-0.446870855342798,0.232690173726707,
0.300000009574289));
#6436=CARTESIAN_POINT('Ctrl Pts',(-0.459045784500111,0.222944928618402,
0.300000009574289));
#6437=CARTESIAN_POINT('Ctrl Pts',(-0.477304280421235,0.201861355463643,
0.300000009574289));
#6438=CARTESIAN_POINT('Ctrl Pts',(-0.486070885712246,0.186284905304522,
0.300000009574289));
#6439=CARTESIAN_POINT('Ctrl Pts',(-0.496698684005437,0.156943300260708,
0.300000009574289));
#6440=CARTESIAN_POINT('Ctrl Pts',(-0.5,0.137649220668871,0.300000009574289));
#6441=CARTESIAN_POINT('Ctrl Pts',(-0.5,0.121337155549251,0.300000009574289));
#6442=CARTESIAN_POINT('',(-0.500000015957149,-0.10000000319143,0.722649744383983));
#6443=CARTESIAN_POINT('Origin',(-0.5,1.51666671507002,1.30000004148859));
#6444=CARTESIAN_POINT('Ctrl Pts',(-0.5,-0.10000000319143,0.722649744383983));
#6445=CARTESIAN_POINT('Ctrl Pts',(-0.5,-0.10000000319143,0.814818169158584));
#6446=CARTESIAN_POINT('Ctrl Pts',(-0.485850419066233,-0.10000000319143,
0.914380636078605));
#6447=CARTESIAN_POINT('Ctrl Pts',(-0.452246695876886,-0.10000000319143,
1.0852617500388));
#6448=CARTESIAN_POINT('Ctrl Pts',(-0.435275582804368,-0.10000000319143,
1.15687204311647));
#6449=CARTESIAN_POINT('Ctrl Pts',(-0.418566824690424,-0.10000000319143,
1.225));
#6450=CARTESIAN_POINT('Origin',(0.,0.,2.00000007340289));
#6451=CARTESIAN_POINT('',(-0.5,-1.267601034615,2.00000007340289));
#6452=CARTESIAN_POINT('',(-0.5,-0.325000010372147,2.00000007340289));
#6453=CARTESIAN_POINT('',(-0.4,-1.37461453168452,2.00000007340289));
#6454=CARTESIAN_POINT('Ctrl Pts',(-0.4,-1.37461453168452,2.00000007340289));
#6455=CARTESIAN_POINT('Ctrl Pts',(-0.412080275012084,-1.37461453168452,
2.00000007340289));
#6456=CARTESIAN_POINT('Ctrl Pts',(-0.426271796719879,-1.37165745618557,
2.00000007340289));
#6457=CARTESIAN_POINT('Ctrl Pts',(-0.448842368178507,-1.36195625002443,
2.00000007340289));
#6458=CARTESIAN_POINT('Ctrl Pts',(-0.461110417365425,-1.3533526368922,2.00000007340289));
#6459=CARTESIAN_POINT('Ctrl Pts',(-0.478788256024874,-1.33496161289518,
2.00000007340289));
#6460=CARTESIAN_POINT('Ctrl Pts',(-0.487168089659606,-1.32177117562928,
2.00000007340289));
#6461=CARTESIAN_POINT('Ctrl Pts',(-0.496992786133862,-1.29709748097085,
2.00000007340289));
#6462=CARTESIAN_POINT('Ctrl Pts',(-0.5,-1.28113615507418,2.00000007340289));
#6463=CARTESIAN_POINT('Ctrl Pts',(-0.5,-1.267601034615,2.00000007340289));
#6464=CARTESIAN_POINT('',(0.9,-1.37461453168452,2.00000007340289));
#6465=CARTESIAN_POINT('',(0.,-1.37461453168452,2.00000007340289));
#6466=CARTESIAN_POINT('',(1.,-1.267601034615,2.00000007340289));
#6467=CARTESIAN_POINT('Ctrl Pts',(1.,-1.267601034615,2.00000007340289));
#6468=CARTESIAN_POINT('Ctrl Pts',(1.,-1.28113615507418,2.00000007340289));
#6469=CARTESIAN_POINT('Ctrl Pts',(0.996992786133862,-1.29709748097085,2.00000007340289));
#6470=CARTESIAN_POINT('Ctrl Pts',(0.987168089659606,-1.32177117562928,2.00000007340289));
#6471=CARTESIAN_POINT('Ctrl Pts',(0.978788256024874,-1.33496161289518,2.00000007340289));
#6472=CARTESIAN_POINT('Ctrl Pts',(0.961110417365425,-1.3533526368922,2.00000007340289));
#6473=CARTESIAN_POINT('Ctrl Pts',(0.948842368178507,-1.36195625002443,2.00000007340289));
#6474=CARTESIAN_POINT('Ctrl Pts',(0.926271796719879,-1.37165745618557,2.00000007340289));
#6475=CARTESIAN_POINT('Ctrl Pts',(0.912080275012084,-1.37461453168452,2.00000007340289));
#6476=CARTESIAN_POINT('Ctrl Pts',(0.9,-1.37461453168452,2.00000007340289));
#6477=CARTESIAN_POINT('',(1.,-0.325000010372147,2.00000007340289));
#6478=CARTESIAN_POINT('Origin',(-0.301862729814387,-1.0000000319143,0.400000012765719));
#6479=CARTESIAN_POINT('',(-0.4,-1.0000000319143,1.30000004148859));
#6480=CARTESIAN_POINT('',(0.349068635092807,-1.0000000319143,1.30000004148859));
#6481=CARTESIAN_POINT('',(-0.4,-1.0000000319143,0.400000012765719));
#6482=CARTESIAN_POINT('',(-0.4,-1.0000000319143,0.625000019946436));
#6483=CARTESIAN_POINT('',(-0.5,-1.0000000319143,0.400000012765719));
#6484=CARTESIAN_POINT('',(-0.301862729814387,-1.0000000319143,0.400000012765719));
#6485=CARTESIAN_POINT('',(-0.5,-1.0000000319143,0.850000027127153));
#6486=CARTESIAN_POINT('Origin',(1.,-1.10000003510573,1.30000004148859));
#6487=CARTESIAN_POINT('',(0.2,-1.10000003510573,1.30000004148859));
#6488=CARTESIAN_POINT('',(0.2,-0.900000028722868,1.30000004148859));
#6489=CARTESIAN_POINT('',(-0.4,-1.10000003510573,1.30000004148859));
#6490=CARTESIAN_POINT('',(1.,-1.10000003510573,1.30000004148859));
#6491=CARTESIAN_POINT('',(-0.4,-1.10000003510573,1.30000004148859));
#6492=CARTESIAN_POINT('Origin',(-0.500000015957149,-0.943324587903899,0.0250000000000003));
#6493=CARTESIAN_POINT('',(-0.5,-0.943324587903899,0.400000012765719));
#6494=CARTESIAN_POINT('',(-0.400931372885768,-0.943324587903899,0.400000012765719));
#6495=CARTESIAN_POINT('',(-0.5,-0.943324587903899,0.300000009574289));
#6496=CARTESIAN_POINT('',(-0.250000007978574,-0.943324587903899,0.300000009574289));
#6497=CARTESIAN_POINT('',(-0.5,-0.943324587903899,0.662500020744294));
#6498=CARTESIAN_POINT('Origin',(-0.5,-0.650000020744294,1.30000004148859));
#6499=CARTESIAN_POINT('Origin',(-0.5,1.51666671507002,1.30000004148859));
#6500=CARTESIAN_POINT('Origin',(-0.5,-0.650000020744294,1.30000004148859));
#6501=CARTESIAN_POINT('',(-0.5,-0.475000015159292,0.400000012765719));
#6502=CARTESIAN_POINT('',(-0.5,-1.11845143781602,0.300000009574289));
#6503=CARTESIAN_POINT('',(-0.5,-1.0000000319143,0.300000009574289));
#6504=CARTESIAN_POINT('Origin',(-0.5,0.516666683155721,1.30000004148859));
#6505=CARTESIAN_POINT('Origin',(-0.301862729814386,-0.10000000319143,0.0250000000000003));
#6506=CARTESIAN_POINT('',(-0.500000015957149,-0.10000000319143,0.300000009574289));
#6507=CARTESIAN_POINT('',(-0.150931364907193,-0.10000000319143,0.300000009574289));
#6508=CARTESIAN_POINT('',(0.,-0.10000000319143,1.30000004148859));
#6509=CARTESIAN_POINT('',(-0.5,-0.10000000319143,0.662500020744294));
#6510=CARTESIAN_POINT('Origin',(-0.4,-0.700000022340009,0.850000027127153));
#6511=CARTESIAN_POINT('',(-0.4,-1.10000003510573,0.400000012765719));
#6512=CARTESIAN_POINT('',(-0.4,-1.10000003510573,0.400000012765719));
#6513=CARTESIAN_POINT('',(-0.4,-0.300000009574289,0.400000012765719));
#6514=CARTESIAN_POINT('Origin',(0.2,-0.700000022340009,0.850000027127153));
#6515=CARTESIAN_POINT('',(0.2,-1.10000003510573,0.400000012765719));
#6516=CARTESIAN_POINT('',(0.2,-0.500000015957149,0.400000012765719));
#6517=CARTESIAN_POINT('',(0.2,-1.10000003510573,0.625000019946436));
#6518=CARTESIAN_POINT('Origin',(1.,-0.300000009574289,0.400000012765719));
#6519=CARTESIAN_POINT('',(1.,-1.10000003510573,0.400000012765719));
#6520=CARTESIAN_POINT('Origin',(1.,-1.10000003510573,0.400000012765719));
#6521=CARTESIAN_POINT('Origin',(0.,-1.0000000319143,0.300000009574289));
#6522=CARTESIAN_POINT('',(-0.5,-1.0000000319143,0.300000009574289));
#6523=CARTESIAN_POINT('',(0.9,0.246386732253806,0.300000009574289));
#6524=CARTESIAN_POINT('',(0.,0.246386732253806,0.300000009574289));
#6525=CARTESIAN_POINT('',(1.,0.121337155549251,0.300000009574289));
#6526=CARTESIAN_POINT('Ctrl Pts',(1.,0.121337155549251,0.300000009574289));
#6527=CARTESIAN_POINT('Ctrl Pts',(1.,0.137649220668871,0.300000009574289));
#6528=CARTESIAN_POINT('Ctrl Pts',(0.996698684005437,0.156943300260707,0.300000009574289));
#6529=CARTESIAN_POINT('Ctrl Pts',(0.986070885712246,0.186284905304521,0.300000009574289));
#6530=CARTESIAN_POINT('Ctrl Pts',(0.977304280421234,0.201861355463643,0.300000009574289));
#6531=CARTESIAN_POINT('Ctrl Pts',(0.959045784500111,0.222944928618402,0.300000009574289));
#6532=CARTESIAN_POINT('Ctrl Pts',(0.946870855342797,0.232690173726707,0.300000009574289));
#6533=CARTESIAN_POINT('Ctrl Pts',(0.924806536872323,0.243204135782531,0.300000009574289));
#6534=CARTESIAN_POINT('Ctrl Pts',(0.911445617105189,0.246386732253806,0.300000009574289));
#6535=CARTESIAN_POINT('Ctrl Pts',(0.9,0.246386732253806,0.300000009574289));
#6536=CARTESIAN_POINT('',(1.,-1.11845143781602,0.300000009574289));
#6537=CARTESIAN_POINT('',(1.,-1.0000000319143,0.300000009574289));
#6538=CARTESIAN_POINT('',(0.9,-1.23460274627511,0.300000009574289));
#6539=CARTESIAN_POINT('Ctrl Pts',(0.9,-1.23460274627511,0.300000009574289));
#6540=CARTESIAN_POINT('Ctrl Pts',(0.911767831293787,-1.23460274627511,0.300000009574289));
#6541=CARTESIAN_POINT('Ctrl Pts',(0.925558978763465,-1.23156661052277,0.300000009574289));
#6542=CARTESIAN_POINT('Ctrl Pts',(0.947847944446236,-1.22155826643566,0.300000009574289));
#6543=CARTESIAN_POINT('Ctrl Pts',(0.960047058216034,-1.21249393555339,0.300000009574289));
#6544=CARTESIAN_POINT('Ctrl Pts',(0.977994789404193,-1.19291675434161,0.300000009574289));
#6545=CARTESIAN_POINT('Ctrl Pts',(0.986549688934084,-1.17860593556022,0.300000009574289));
#6546=CARTESIAN_POINT('Ctrl Pts',(0.996849549734571,-1.15146800335288,0.300000009574289));
#6547=CARTESIAN_POINT('Ctrl Pts',(1.,-1.13358413764006,0.300000009574289));
#6548=CARTESIAN_POINT('Ctrl Pts',(1.,-1.11845143781602,0.300000009574289));
#6549=CARTESIAN_POINT('',(-0.4,-1.23460274627511,0.300000009574289));
#6550=CARTESIAN_POINT('',(0.,-1.23460274627511,0.300000009574289));
#6551=CARTESIAN_POINT('Ctrl Pts',(-0.5,-1.11845143781602,0.300000009574289));
#6552=CARTESIAN_POINT('Ctrl Pts',(-0.5,-1.13358413764006,0.300000009574289));
#6553=CARTESIAN_POINT('Ctrl Pts',(-0.496849549734571,-1.15146800335288,
0.300000009574289));
#6554=CARTESIAN_POINT('Ctrl Pts',(-0.486549688934084,-1.17860593556022,
0.300000009574289));
#6555=CARTESIAN_POINT('Ctrl Pts',(-0.477994789404192,-1.19291675434161,
0.300000009574289));
#6556=CARTESIAN_POINT('Ctrl Pts',(-0.460047058216034,-1.21249393555339,
0.300000009574289));
#6557=CARTESIAN_POINT('Ctrl Pts',(-0.447847944446236,-1.22155826643566,
0.300000009574289));
#6558=CARTESIAN_POINT('Ctrl Pts',(-0.425558978763465,-1.23156661052277,
0.300000009574289));
#6559=CARTESIAN_POINT('Ctrl Pts',(-0.411767831293788,-1.23460274627511,
0.300000009574289));
#6560=CARTESIAN_POINT('Ctrl Pts',(-0.4,-1.23460274627511,0.300000009574289));
#6561=CARTESIAN_POINT('Origin',(-0.5,-0.650000020744294,1.30000004148859));
#6562=CARTESIAN_POINT('Origin',(0.9,1.51666671507002,1.30000004148859));
#6563=CARTESIAN_POINT('Origin',(0.9,1.51666671507002,1.30000004148859));
#6564=CARTESIAN_POINT('Origin',(1.,1.51666671507002,1.30000004148859));
#6565=CARTESIAN_POINT('Origin',(0.,1.51666671507002,1.30000004148859));
#6566=CARTESIAN_POINT('Origin',(-0.4,1.51666671507002,1.30000004148859));
#6567=CARTESIAN_POINT('Origin',(-0.4,1.51666671507002,1.30000004148859));
#6568=CARTESIAN_POINT('Origin',(1.,-0.650000020744294,1.30000004148859));
#6569=CARTESIAN_POINT('Origin',(1.,0.516666683155721,1.30000004148859));
#6570=CARTESIAN_POINT('Origin',(-0.4,0.516666683155721,1.30000004148859));
#6571=CARTESIAN_POINT('Origin',(-0.4,0.516666683155721,1.30000004148859));
#6572=CARTESIAN_POINT('Origin',(0.,0.516666683155721,1.30000004148859));
#6573=CARTESIAN_POINT('Origin',(0.9,0.516666683155721,1.30000004148859));
#6574=CARTESIAN_POINT('Origin',(0.9,0.516666683155721,1.30000004148859));
#6575=CARTESIAN_POINT('Origin',(0.7,-0.526074972868319,3.39586895387957));
#6576=CARTESIAN_POINT('',(0.7,-0.601074972868318,3.39586895387957));
#6577=CARTESIAN_POINT('Origin',(0.7,-0.526074972868319,3.39586895387957));
#6578=CARTESIAN_POINT('',(0.5,-0.601074972868318,3.39586895387957));
#6579=CARTESIAN_POINT('',(0.7,-0.601074972868318,3.39586895387957));
#6580=CARTESIAN_POINT('Origin',(0.5,-0.526074972868319,3.39586895387957));
#6581=CARTESIAN_POINT('Origin',(0.5,-0.526074972868319,3.39586895387957));
#6582=CARTESIAN_POINT('Origin',(0.7,-0.87293687168829,3.39757486886633));
#6583=CARTESIAN_POINT('',(0.7,-0.947936871688291,3.39757486886633));
#6584=CARTESIAN_POINT('Origin',(0.7,-0.87293687168829,3.39757486886633));
#6585=CARTESIAN_POINT('',(0.5,-0.947936871688291,3.39757486886633));
#6586=CARTESIAN_POINT('',(0.7,-0.947936871688291,3.39757486886633));
#6587=CARTESIAN_POINT('Origin',(0.5,-0.87293687168829,3.39757486886633));
#6588=CARTESIAN_POINT('Origin',(0.5,-0.87293687168829,3.39757486886633));
#6589=CARTESIAN_POINT('Origin',(0.7,-0.29326258602834,3.25056524950869));
#6590=CARTESIAN_POINT('',(0.7,-1.09326261155978,3.25056524950869));
#6591=CARTESIAN_POINT('',(0.7,-0.29326258602834,3.25056524950869));
#6592=CARTESIAN_POINT('',(0.7,-1.09326261155978,3.25056524950869));
#6593=CARTESIAN_POINT('',(0.45,-1.09326261155978,3.25056524950869));
#6594=CARTESIAN_POINT('',(0.85,-1.09326261155978,3.25056524950869));
#6595=CARTESIAN_POINT('',(0.45,-0.29326258602834,3.25056524950869));
#6596=CARTESIAN_POINT('',(0.45,-1.09326261155978,3.25056524950869));
#6597=CARTESIAN_POINT('',(0.85,-0.29326258602834,3.25056524950869));
#6598=CARTESIAN_POINT('Origin',(0.45,-0.693262598794059,3.27533943780631));
#6599=CARTESIAN_POINT('',(0.45,-1.09326261155978,3.30011362610394));
#6600=CARTESIAN_POINT('',(0.45,-1.09326261155978,3.28772653195513));
#6601=CARTESIAN_POINT('',(0.45,-0.29326258602834,3.30011362610394));
#6602=CARTESIAN_POINT('',(0.45,-0.4932625924112,3.30011362610394));
#6603=CARTESIAN_POINT('',(0.45,-0.29326258602834,2.48772650642369));
#6604=CARTESIAN_POINT('Origin',(1.,-0.29326258602834,3.30011362610394));
#6605=CARTESIAN_POINT('',(-0.5,-1.09326261155978,3.30011362610394));
#6606=CARTESIAN_POINT('',(1.,-1.09326261155978,3.30011362610394));
#6607=CARTESIAN_POINT('',(-0.5,-1.0000000319143,3.30011362610394));
#6608=CARTESIAN_POINT('',(-0.5,-1.09326261155978,3.30011362610394));
#6609=CARTESIAN_POINT('',(-0.201862729814387,-1.0000000319143,3.30011362610394));
#6610=CARTESIAN_POINT('',(0.349068635092806,-1.0000000319143,3.30011362610394));
#6611=CARTESIAN_POINT('',(-0.201862729814387,-0.843262603581204,3.30011362610394));
#6612=CARTESIAN_POINT('',(-0.201862729814387,-0.471631303386317,3.30011362610394));
#6613=CARTESIAN_POINT('',(0.4,-0.843262603581204,3.30011362610394));
#6614=CARTESIAN_POINT('',(0.25,-0.843262603581204,3.30011362610394));
#6615=CARTESIAN_POINT('',(0.4,-0.543262594006915,3.30011362610394));
#6616=CARTESIAN_POINT('',(0.4,-0.4932625924112,3.30011362610394));
#6617=CARTESIAN_POINT('',(-0.201862729814387,-0.543262594006915,3.30011362610394));
#6618=CARTESIAN_POINT('',(0.25,-0.543262594006915,3.30011362610394));
#6619=CARTESIAN_POINT('',(-0.201862729814387,-0.300000009574289,3.30011362610394));
#6620=CARTESIAN_POINT('',(-0.201862729814387,-0.471631303386317,3.30011362610394));
#6621=CARTESIAN_POINT('',(-0.5,-0.300000009574289,3.30011362610394));
#6622=CARTESIAN_POINT('',(0.349068635092807,-0.30000000957429,3.30011362610394));
#6623=CARTESIAN_POINT('',(-0.5,-0.29326258602834,3.30011362610394));
#6624=CARTESIAN_POINT('',(-0.5,-1.09326261155978,3.30011362610394));
#6625=CARTESIAN_POINT('',(1.,-0.29326258602834,3.30011362610394));
#6626=CARTESIAN_POINT('Origin',(1.,-1.09326261155978,3.30011362610394));
#6627=CARTESIAN_POINT('',(0.7,-1.09326261155978,3.5001136324868));
#6628=CARTESIAN_POINT('',(0.7,-1.09326261155978,3.5001136324868));
#6629=CARTESIAN_POINT('',(1.,-1.09326261155978,3.5001136324868));
#6630=CARTESIAN_POINT('',(1.,-1.09326261155978,3.5001136324868));
#6631=CARTESIAN_POINT('',(1.,-1.09326261155978,2.0000000638286));
#6632=CARTESIAN_POINT('',(1.,-1.09326261155978,3.10011361972108));
#6633=CARTESIAN_POINT('',(-0.5,-1.09326261155978,2.0000000638286));
#6634=CARTESIAN_POINT('',(1.,-1.09326261155978,2.0000000638286));
#6635=CARTESIAN_POINT('',(-0.5,-1.09326261155978,1.70011357504106));
#6636=CARTESIAN_POINT('Origin',(-0.5,-0.69326259879406,2.5001136005725));
#6637=CARTESIAN_POINT('',(-0.5,-0.29326258602834,2.925));
#6638=CARTESIAN_POINT('',(-0.5,-0.29326258602834,3.30011362610394));
#6639=CARTESIAN_POINT('',(-0.5,-0.300000009574289,2.925));
#6640=CARTESIAN_POINT('',(-0.5,-0.300000009574289,3.1000568593277));
#6641=CARTESIAN_POINT('',(-0.5,-0.607462447170862,2.925));
#6642=CARTESIAN_POINT('Origin',(1.,-0.29326258602834,1.70011357504106));
#6643=CARTESIAN_POINT('',(-0.301862729814386,-0.29326258602834,2.925));
#6644=CARTESIAN_POINT('',(0.287233113560781,-0.29326258602834,2.925));
#6645=CARTESIAN_POINT('',(-0.301862729814386,-0.29326258602834,1.98359844509711));
#6646=CARTESIAN_POINT('',(-0.301862729814386,-0.29326258602834,0.86255678752053));
#6647=CARTESIAN_POINT('',(1.,-0.29326258602834,1.98359844509711));
#6648=CARTESIAN_POINT('',(0.7,-0.29326258602834,1.98359844509711));
#6649=CARTESIAN_POINT('',(1.,-0.29326258602834,3.49954164670855));
#6650=CARTESIAN_POINT('',(1.,-0.29326258602834,3.10011361972108));
#6651=CARTESIAN_POINT('',(0.7,-0.29326258602834,3.49954164670855));
#6652=CARTESIAN_POINT('',(1.,-0.29326258602834,3.49954164670855));
#6653=CARTESIAN_POINT('',(0.7,-0.29326258602834,2.48772650642369));
#6654=CARTESIAN_POINT('Origin',(-0.5,-0.69326259879406,2.5001136005725));
#6655=CARTESIAN_POINT('',(-0.5,-1.0000000319143,1.94831940714057));
#6656=CARTESIAN_POINT('',(-0.5,-1.0000000319143,1.45005680666911));
#6657=CARTESIAN_POINT('',(-0.5,-1.09999998670629,2.0000000638286));
#6658=CARTESIAN_POINT('',(-0.5,-1.10000003510573,2.0000000638286));
#6659=CARTESIAN_POINT('',(-0.5,-1.09999998670629,1.98656845238396));
#6660=CARTESIAN_POINT('',(-0.5,-1.09999998670629,1.64649257674008));
#6661=CARTESIAN_POINT('Origin',(-0.5,-0.69326259879406,2.90011361333822));
#6662=CARTESIAN_POINT('Origin',(1.,-0.700000022340009,3.02500009654075));
#6663=CARTESIAN_POINT('',(-0.5,-1.0000000319143,3.57329291902566));
#6664=CARTESIAN_POINT('',(-0.201862729814387,-1.0000000319143,3.57329291902566));
#6665=CARTESIAN_POINT('',(1.,-1.0000000319143,3.57329291902566));
#6666=CARTESIAN_POINT('',(-0.5,-1.20000003829716,3.40000010850861));
#6667=CARTESIAN_POINT('Origin',(-0.5,-0.700000022340009,3.02500009654075));
#6668=CARTESIAN_POINT('',(1.,-1.20000003829716,3.40000010850861));
#6669=CARTESIAN_POINT('',(1.,-1.20000003829716,3.40000010850861));
#6670=CARTESIAN_POINT('',(1.,-0.293930874418263,3.5001136324868));
#6671=CARTESIAN_POINT('Origin',(1.,-0.700000022340009,3.02500009654075));
#6672=CARTESIAN_POINT('',(0.7,-0.293930874418263,3.5001136324868));
#6673=CARTESIAN_POINT('',(1.,-0.293930874418263,3.5001136324868));
#6674=CARTESIAN_POINT('',(-0.5,-0.293930874418263,3.5001136324868));
#6675=CARTESIAN_POINT('',(1.,-0.293930874418263,3.5001136324868));
#6676=CARTESIAN_POINT('',(-0.5,-0.300000009574289,3.50523442967456));
#6677=CARTESIAN_POINT('Origin',(-0.5,-0.700000022340009,3.02500009654075));
#6678=CARTESIAN_POINT('',(-0.201862729814387,-0.300000009574289,3.50523442967456));
#6679=CARTESIAN_POINT('',(1.,-0.30000000957429,3.50523442967456));
#6680=CARTESIAN_POINT('',(-0.201862729814387,-0.543262594006915,3.63002770210315));
#6681=CARTESIAN_POINT('Origin',(-0.201862729814387,-0.700000022340009,3.02500009654075));
#6682=CARTESIAN_POINT('',(0.4,-0.543262594006915,3.63002770210315));
#6683=CARTESIAN_POINT('',(1.,-0.543262594006915,3.63002770210315));
#6684=CARTESIAN_POINT('',(0.4,-0.843262603581204,3.63335924848075));
#6685=CARTESIAN_POINT('Origin',(0.4,-0.700000022340009,3.02500009654075));
#6686=CARTESIAN_POINT('',(-0.201862729814387,-0.843262603581204,3.63335924848075));
#6687=CARTESIAN_POINT('',(1.,-0.843262603581204,3.63335924848075));
#6688=CARTESIAN_POINT('Origin',(-0.201862729814387,-0.700000022340009,3.02500009654075));
#6689=CARTESIAN_POINT('Origin',(1.,0.0500000015957149,3.25000010372147));
#6690=CARTESIAN_POINT('',(1.,0.0500000015957149,3.25000010372147));
#6691=CARTESIAN_POINT('',(1.,-0.20000000638286,3.25000010372147));
#6692=CARTESIAN_POINT('',(1.,-0.321631298599172,3.25000010372147));
#6693=CARTESIAN_POINT('',(-0.5,0.0500000015957149,3.25000010372147));
#6694=CARTESIAN_POINT('',(1.,0.0500000015957149,3.25000010372147));
#6695=CARTESIAN_POINT('',(-0.5,-0.20000000638286,3.25000010372147));
#6696=CARTESIAN_POINT('',(-0.5,-0.20000000638286,3.25000010372147));
#6697=CARTESIAN_POINT('',(1.,-0.20000000638286,3.25000010372147));
#6698=CARTESIAN_POINT('Origin',(1.,0.0500000015957149,3.40000010850861));
#6699=CARTESIAN_POINT('',(1.,0.0500000015957149,3.40000010850861));
#6700=CARTESIAN_POINT('',(1.,0.0500000015957149,3.15005686092341));
#6701=CARTESIAN_POINT('',(-0.5,0.0500000015957149,3.40000010850861));
#6702=CARTESIAN_POINT('',(1.,0.0500000015957149,3.40000010850861));
#6703=CARTESIAN_POINT('',(-0.5,0.0500000015957149,3.25000010372147));
#6704=CARTESIAN_POINT('Origin',(1.,-0.700000022340009,3.00000009574289));
#6705=CARTESIAN_POINT('',(1.,-1.45000004627573,3.40000010850861));
#6706=CARTESIAN_POINT('Origin',(1.,-0.700000022340009,3.00000009574289));
#6707=CARTESIAN_POINT('',(-0.5,-1.45000004627573,3.40000010850861));
#6708=CARTESIAN_POINT('',(1.,-1.45000004627573,3.40000010850861));
#6709=CARTESIAN_POINT('Origin',(-0.5,-0.700000022340009,3.00000009574289));
#6710=CARTESIAN_POINT('Origin',(1.,-1.45000004627573,3.25000010372147));
#6711=CARTESIAN_POINT('',(1.,-1.45000004627573,3.25000010372147));
#6712=CARTESIAN_POINT('',(1.,-1.45000004627573,3.07505685852984));
#6713=CARTESIAN_POINT('',(-0.5,-1.45000004627573,3.25000010372147));
#6714=CARTESIAN_POINT('',(1.,-1.45000004627573,3.25000010372147));
#6715=CARTESIAN_POINT('',(-0.5,-1.45000004627573,3.40000010850861));
#6716=CARTESIAN_POINT('Origin',(1.,-1.20000003829716,3.25000010372147));
#6717=CARTESIAN_POINT('',(1.,-1.20000003829716,3.25000010372147));
#6718=CARTESIAN_POINT('',(1.,-0.946631318545608,3.25000010372147));
#6719=CARTESIAN_POINT('',(-0.5,-1.20000003829716,3.25000010372147));
#6720=CARTESIAN_POINT('',(1.,-1.20000003829716,3.25000010372147));
#6721=CARTESIAN_POINT('',(-0.5,-1.45000004627573,3.25000010372147));
#6722=CARTESIAN_POINT('Origin',(1.,-1.20000003829716,3.40000010850861));
#6723=CARTESIAN_POINT('',(1.,-1.20000003829716,3.15005686092341));
#6724=CARTESIAN_POINT('',(-0.5,-1.20000003829716,3.25000010372147));
#6725=CARTESIAN_POINT('Origin',(1.,-0.29326258602834,3.5001136324868));
#6726=CARTESIAN_POINT('',(0.7,-0.29326258602834,3.5001136324868));
#6727=CARTESIAN_POINT('',(0.7,-0.29326258602834,3.5001136324868));
#6728=CARTESIAN_POINT('',(-0.5,-0.29326258602834,3.5001136324868));
#6729=CARTESIAN_POINT('',(1.,-0.29326258602834,3.5001136324868));
#6730=CARTESIAN_POINT('',(-0.5,-1.09326261155978,3.5001136324868));
#6731=CARTESIAN_POINT('Origin',(1.,-0.29326258602834,3.49954164670855));
#6732=CARTESIAN_POINT('',(0.7,-0.29326258602834,3.30011362610394));
#6733=CARTESIAN_POINT('',(-0.5,-0.29326258602834,3.49954164670855));
#6734=CARTESIAN_POINT('',(1.,-0.29326258602834,3.49954164670855));
#6735=CARTESIAN_POINT('',(-0.5,-0.29326258602834,3.5001136324868));
#6736=CARTESIAN_POINT('Origin',(1.,-0.700000022340009,3.02500009654075));
#6737=CARTESIAN_POINT('',(1.,-0.20000000638286,3.40000010850861));
#6738=CARTESIAN_POINT('Origin',(1.,-0.700000022340009,3.02500009654075));
#6739=CARTESIAN_POINT('',(-0.5,-0.20000000638286,3.40000010850861));
#6740=CARTESIAN_POINT('',(1.,-0.20000000638286,3.40000010850861));
#6741=CARTESIAN_POINT('Origin',(-0.5,-0.700000022340009,3.02500009654075));
#6742=CARTESIAN_POINT('Origin',(1.,-0.20000000638286,3.25000010372147));
#6743=CARTESIAN_POINT('',(1.,-0.20000000638286,3.07505685852984));
#6744=CARTESIAN_POINT('',(-0.5,-0.20000000638286,3.40000010850861));
#6745=CARTESIAN_POINT('Origin',(1.,-0.29326258602834,3.5001136324868));
#6746=CARTESIAN_POINT('',(1.,-0.4932625924112,3.5001136324868));
#6747=CARTESIAN_POINT('',(0.7,-0.29326258602834,3.5001136324868));
#6748=CARTESIAN_POINT('Origin',(1.,-0.69326259879406,2.90011361333822));
#6749=CARTESIAN_POINT('',(1.,-1.69326263070836,2.90011361333822));
#6750=CARTESIAN_POINT('Origin',(1.,-0.69326259879406,2.90011361333822));
#6751=CARTESIAN_POINT('',(1.,-1.10000003510573,1.98656847393283));
#6752=CARTESIAN_POINT('Origin',(1.,-0.69326259879406,2.90011361333822));
#6753=CARTESIAN_POINT('',(1.,-1.10000003510573,2.0000000638286));
#6754=CARTESIAN_POINT('',(1.,-1.10000003510573,2.30005683379626));
#6755=CARTESIAN_POINT('',(1.,-0.896631316949894,2.0000000638286));
#6756=CARTESIAN_POINT('Origin',(-0.5,-0.843262603581204,3.75011364046537));
#6757=CARTESIAN_POINT('',(0.4,-0.843262603581204,3.05011361812536));
#6758=CARTESIAN_POINT('',(-0.201862729814387,-0.843262603581204,2.90005685294484));
#6759=CARTESIAN_POINT('Origin',(0.4,-0.69326259879406,3.40011362929537));
#6760=CARTESIAN_POINT('',(0.4,-0.543262594006915,3.75011364046537));
#6761=CARTESIAN_POINT('Origin',(-0.5,-0.543262594006915,3.05011361812536));
#6762=CARTESIAN_POINT('',(-0.201862729814387,-0.543262594006915,2.55005684177484));
#6763=CARTESIAN_POINT('Origin',(-0.201862729814387,-0.650000020744294,2.05000006542431));
#6764=CARTESIAN_POINT('',(-0.201862729814387,-0.300000009574289,3.7000001180829));
#6765=CARTESIAN_POINT('Origin',(-0.301862729814387,-0.300000009574289,3.7000001180829));
#6766=CARTESIAN_POINT('',(-0.5,-0.300000009574289,3.7000001180829));
#6767=CARTESIAN_POINT('',(-0.5,-0.300000009574289,3.62500011568933));
#6768=CARTESIAN_POINT('',(-0.501862729814387,-0.300000009574289,3.7000001180829));
#6769=CARTESIAN_POINT('',(-0.301862729814387,-0.300000009574289,3.7000001180829));
#6770=CARTESIAN_POINT('',(-0.501862729814387,-0.300000009574289,2.925));
#6771=CARTESIAN_POINT('',(-0.501862729814387,-0.300000009574289,3.7000001180829));
#6772=CARTESIAN_POINT('',(-0.363698251346412,-0.300000009574289,2.925));
#6773=CARTESIAN_POINT('Origin',(-0.301862729814386,-0.10000000319143,0.0250000000000003));
#6774=CARTESIAN_POINT('',(-0.301862729814386,-0.10000000319143,2.09510457209245));
#6775=CARTESIAN_POINT('',(-0.549204815942488,-0.10000000319143,2.09510457209245));
#6776=CARTESIAN_POINT('',(0.7,-0.10000000319143,2.09510457209245));
#6777=CARTESIAN_POINT('',(-0.301862729814386,-0.10000000319143,2.925));
#6778=CARTESIAN_POINT('',(-0.301862729814386,-0.10000000319143,0.0250000000000003));
#6779=CARTESIAN_POINT('',(-0.549204815942488,-0.10000000319143,2.925));
#6780=CARTESIAN_POINT('',(-0.301862729814386,-0.10000000319143,2.925));
#6781=CARTESIAN_POINT('',(-0.549204815942488,-0.10000000319143,0.0250000000000003));
#6782=CARTESIAN_POINT('Origin',(-0.549204815942488,-0.10000000319143,0.0250000000000003));
#6783=CARTESIAN_POINT('',(-0.549204815942488,-0.943324587903899,1.93188375146087));
#6784=CARTESIAN_POINT('Origin',(-0.549204815942488,-0.69326259879406,2.90011361333822));
#6785=CARTESIAN_POINT('',(-0.549204815942488,-0.943324587903899,2.925));
#6786=CARTESIAN_POINT('',(-0.549204815942488,-0.10000000319143,2.925));
#6787=CARTESIAN_POINT('',(-0.549204815942488,-0.943324587903899,0.0250000000000003));
#6788=CARTESIAN_POINT('Origin',(-0.549204815942488,-0.943324587903899,0.0250000000000003));
#6789=CARTESIAN_POINT('',(-0.501862729814387,-0.943324587903899,1.93188375146087));
#6790=CARTESIAN_POINT('',(0.7,-0.943324587903899,1.93188375146087));
#6791=CARTESIAN_POINT('',(-0.501862729814387,-0.943324587903899,2.925));
#6792=CARTESIAN_POINT('',(-0.549204815942488,-0.943324587903899,2.925));
#6793=CARTESIAN_POINT('',(-0.501862729814387,-0.943324587903899,1.03750003271216));
#6794=CARTESIAN_POINT('Origin',(-0.301862729814386,-0.943324587903899,0.0250000000000003));
#6795=CARTESIAN_POINT('Origin',(-0.301862729814386,-0.69326259879406,2.90011361333822));
#6796=CARTESIAN_POINT('',(-0.301862729814386,-0.943324587903899,2.925));
#6797=CARTESIAN_POINT('Origin',(-0.425533772878437,-0.521662295547664,2.925));
#6798=CARTESIAN_POINT('',(-0.501862729814387,-0.585831158145979,2.925));
#6799=CARTESIAN_POINT('Origin',(0.7,-0.69326259879406,2.90011361333822));
#6800=CARTESIAN_POINT('',(-0.501862729814387,-1.0000000319143,1.94831940714057));
#6801=CARTESIAN_POINT('Origin',(-0.501862729814387,-0.69326259879406,2.90011361333822));
#6802=CARTESIAN_POINT('',(0.7,-1.0000000319143,1.94831940714057));
#6803=CARTESIAN_POINT('',(0.7,-1.10000003510573,1.98656847393283));
#6804=CARTESIAN_POINT('',(-0.6,-1.69326263070836,2.90011361333822));
#6805=CARTESIAN_POINT('',(0.7,-1.69326263070836,2.90011361333822));
#6806=CARTESIAN_POINT('Origin',(-0.6,-0.69326259879406,2.90011361333822));
#6807=CARTESIAN_POINT('Origin',(-0.501862729814387,-0.650000020744293,2.05000006542431));
#6808=CARTESIAN_POINT('',(-0.501862729814387,-1.0000000319143,3.7000001180829));
#6809=CARTESIAN_POINT('',(-0.501862729814387,-1.0000000319143,3.7000001180829));
#6810=CARTESIAN_POINT('',(-0.501862729814387,-1.0000000319143,0.400000012765719));
#6811=CARTESIAN_POINT('Origin',(1.,-1.10000003510573,1.70000005425431));
#6812=CARTESIAN_POINT('',(1.,-1.10000003510573,2.0000000638286));
#6813=CARTESIAN_POINT('Origin',(1.,-1.10000003510573,2.0000000638286));
#6814=CARTESIAN_POINT('Origin',(-0.301862729814387,-1.0000000319143,0.400000012765719));
#6815=CARTESIAN_POINT('',(-0.201862729814387,-1.0000000319143,0.400000012765719));
#6816=CARTESIAN_POINT('',(-0.5,-1.0000000319143,3.7000001180829));
#6817=CARTESIAN_POINT('',(-0.301862729814387,-1.0000000319143,3.7000001180829));
#6818=CARTESIAN_POINT('',(-0.5,-1.0000000319143,1.97500006303074));
#6819=CARTESIAN_POINT('Origin',(-0.301862729814387,-1.0000000319143,3.7000001180829));
#6820=CARTESIAN_POINT('',(-0.5,-0.850000027127153,3.7000001180829));
#6821=CARTESIAN_POINT('Origin',(-0.201862729814387,-0.650000020744294,2.05000006542431));
#6822=CARTESIAN_POINT('Origin',(-0.5,-0.69326259879406,2.5001136005725));
#6823=CARTESIAN_POINT('Origin',(0.7,-0.69326259879406,3.40011362929537));
#6824=CARTESIAN_POINT('Origin',(-0.6,-0.69326259879406,2.90011361333822));
#6825=CARTESIAN_POINT('Origin',(1.,-0.287350235939288,1.60000005106288));
#6826=CARTESIAN_POINT('',(-0.4,-0.943324587903899,1.60000005106288));
#6827=CARTESIAN_POINT('',(-0.4,-1.10000003510573,1.60000005106288));
#6828=CARTESIAN_POINT('',(-0.4,-0.468133225721539,1.60000005106288));
#6829=CARTESIAN_POINT('',(-0.5,-0.943324587903899,1.60000005106288));
#6830=CARTESIAN_POINT('',(0.225397592028756,-0.943324587903899,1.60000005106288));
#6831=CARTESIAN_POINT('',(-0.5,-1.10000003510573,1.60000005106288));
#6832=CARTESIAN_POINT('',(-0.5,-1.10000003510573,1.60000005106288));
#6833=CARTESIAN_POINT('',(1.,-1.10000003510573,1.60000005106288));
#6834=CARTESIAN_POINT('Origin',(-0.4,-0.64891621550379,1.18000003452611));
#6835=CARTESIAN_POINT('',(-0.4,-1.09999998670629,1.98774957767665));
#6836=CARTESIAN_POINT('',(-0.4,-1.09999998670629,1.4132463056331));
#6837=CARTESIAN_POINT('',(-0.4,-1.12620841044127,2.00000007340289));
#6838=CARTESIAN_POINT('Origin',(-0.4,-0.691052920477456,2.89680144838225));
#6839=CARTESIAN_POINT('',(-0.4,-1.37463604370982,1.99999997582961));
#6840=CARTESIAN_POINT('',(-0.4,-1.37463604370982,1.99999997582961));
#6841=CARTESIAN_POINT('',(-0.4,-1.26750000791925,0.360000002249254));
#6842=CARTESIAN_POINT('Origin',(-0.4,0.542558519904723,1.30174484484364));
#6843=CARTESIAN_POINT('',(-0.4,-0.943324587903899,0.36000000079131));
#6844=CARTESIAN_POINT('',(-0.4,0.199999997582961,0.35999999564933));
#6845=CARTESIAN_POINT('',(-0.4,-0.943324587903899,0.602500017263054));
#6846=CARTESIAN_POINT('Origin',(-0.5,-0.693675135522508,2.47324626842947));
#6847=CARTESIAN_POINT('',(-0.5,-1.09999998670629,1.98774957767665));
#6848=CARTESIAN_POINT('',(-0.5,-0.943324587903899,1.9324508832741));
#6849=CARTESIAN_POINT('Origin',(-0.5,-0.691052920477456,2.89680144838225));
#6850=CARTESIAN_POINT('',(-0.5,-1.09999998670629,1.64649257674008));
#6851=CARTESIAN_POINT('',(-0.5,-0.943324587903899,0.82412315695074));
#6852=CARTESIAN_POINT('Origin',(1.,-1.09999998670629,1.64649257674008));
#6853=CARTESIAN_POINT('',(-0.5,-1.09999998670629,1.98774957767665));
#6854=CARTESIAN_POINT('Origin',(-0.5,-0.691052920477456,2.89680144838225));
#6855=CARTESIAN_POINT('',(-0.549204815942488,-0.943324587903899,1.9324508832741));
#6856=CARTESIAN_POINT('',(-0.5,-0.943324587903899,1.9324508832741));
#6857=CARTESIAN_POINT('',(-0.549204815942488,-0.255897631600088,1.99999997582961));
#6858=CARTESIAN_POINT('Origin',(-0.549204815942488,-0.691052920477456,2.89680144838225));
#6859=CARTESIAN_POINT('',(-0.6,-0.255897631600088,1.99999997582961));
#6860=CARTESIAN_POINT('',(-0.5,-0.255897631600088,1.99999997582961));
#6861=CARTESIAN_POINT('',(-0.6,-1.12620841044127,2.00000007340289));
#6862=CARTESIAN_POINT('Origin',(-0.6,-0.691052920477456,2.89680144838225));
#6863=CARTESIAN_POINT('',(-0.5,-1.12620841044127,2.00000007340289));
#6864=CARTESIAN_POINT('Origin',(-0.549204815942488,-0.943324587903899,0.0250000000000003));
#6865=CARTESIAN_POINT('',(-0.549204815942488,-0.943324587903899,0.36000000079131));
#6866=CARTESIAN_POINT('',(-0.524602407971244,-0.943324587903899,0.36000000079131));
#6867=CARTESIAN_POINT('',(-0.549204815942488,-0.943324587903899,0.0250000000000003));
#6868=CARTESIAN_POINT('Origin',(-0.549204815942488,-0.10000000319143,0.0250000000000003));
#6869=CARTESIAN_POINT('',(-0.549204815942488,-0.10000000319143,0.359999996998548));
#6870=CARTESIAN_POINT('',(-0.549204815942488,0.049999997949079,0.359999996323939));
#6871=CARTESIAN_POINT('',(-0.549204815942488,-0.10000000319143,1.99999997582961));
#6872=CARTESIAN_POINT('',(-0.549204815942488,-0.10000000319143,0.0250000000000003));
#6873=CARTESIAN_POINT('',(-0.549204815942488,-0.177948817395759,1.99999997582961));
#6874=CARTESIAN_POINT('Origin',(-0.301862729814386,-0.10000000319143,0.0250000000000003));
#6875=CARTESIAN_POINT('',(-0.4,-0.10000000319143,0.359999996998548));
#6876=CARTESIAN_POINT('',(-0.400931364907193,-0.10000000319143,0.359999996998548));
#6877=CARTESIAN_POINT('',(-0.4,-0.10000000319143,1.99999997582961));
#6878=CARTESIAN_POINT('',(-0.4,-0.10000000319143,0.602500017263054));
#6879=CARTESIAN_POINT('',(-0.400931364907193,-0.10000000319143,1.99999997582961));
#6880=CARTESIAN_POINT('Origin',(-0.5,-0.255897631600088,1.99999997582961));
#6881=CARTESIAN_POINT('',(-0.4,0.0599999992748884,1.99999997582961));
#6882=CARTESIAN_POINT('',(-0.4,0.0599999992748884,1.99999997582961));
#6883=CARTESIAN_POINT('',(-0.6,0.0599999992748884,1.99999997582961));
#6884=CARTESIAN_POINT('',(-0.5,0.0599999992748884,1.99999997582961));
#6885=CARTESIAN_POINT('',(-0.6,0.0599999992748884,1.99999997582961));
#6886=CARTESIAN_POINT('Origin',(-0.4,-0.64891621550379,1.18000003452611));
#6887=CARTESIAN_POINT('',(-0.4,0.199999997582961,0.35999999564933));
#6888=CARTESIAN_POINT('',(-0.4,0.199999997582961,0.35999999564933));
#6889=CARTESIAN_POINT('Origin',(-0.4,1.53105845440767,1.29960253685961));
#6890=CARTESIAN_POINT('Origin',(-0.5,-1.37463604370982,1.99999997582961));
#6891=CARTESIAN_POINT('',(-0.6,-1.37463604370982,1.99999997582961));
#6892=CARTESIAN_POINT('',(-0.6,-1.37463604370982,1.99999997582961));
#6893=CARTESIAN_POINT('',(-0.5,-1.37463604370982,1.99999997582961));
#6894=CARTESIAN_POINT('Origin',(-0.5,0.542558519904723,1.30174484484364));
#6895=CARTESIAN_POINT('',(-0.6,-1.26750000791925,0.360000002249254));
#6896=CARTESIAN_POINT('Origin',(-0.6,0.542558519904723,1.30174484484364));
#6897=CARTESIAN_POINT('',(-0.5,-1.26750000791925,0.360000002249254));
#6898=CARTESIAN_POINT('Origin',(-0.5,0.199999997582961,0.35999999564933));
#6899=CARTESIAN_POINT('',(-0.6,0.199999997582961,0.35999999564933));
#6900=CARTESIAN_POINT('',(-0.6,0.199999997582961,0.35999999564933));
#6901=CARTESIAN_POINT('',(-0.5,0.199999997582961,0.35999999564933));
#6902=CARTESIAN_POINT('Origin',(-0.5,1.53105845440767,1.29960253685961));
#6903=CARTESIAN_POINT('Origin',(-0.6,1.53105845440767,1.29960253685961));
#6904=CARTESIAN_POINT('Origin',(-0.6,-0.64891621550379,1.18000003452611));
#6905=CARTESIAN_POINT('Origin',(-0.6,-1.37375822182224,1.9976920009499));
#6906=CARTESIAN_POINT('',(-0.6,-1.11389183037252,1.99288094562265));
#6907=CARTESIAN_POINT('',(-0.6,-1.37375822182224,1.9976920009499));
#6908=CARTESIAN_POINT('',(-0.6,-1.11389183037252,1.99288094562265));
#6909=CARTESIAN_POINT('',(1.,-1.11389183037252,1.99288094562265));
#6910=CARTESIAN_POINT('',(-0.6,-1.11389183037252,1.99288094562265));
#6911=CARTESIAN_POINT('',(1.,-1.37375822182224,1.9976920009499));
#6912=CARTESIAN_POINT('',(1.,-1.11389183037252,1.99288094562265));
#6913=CARTESIAN_POINT('',(-0.6,-1.37375822182224,1.9976920009499));
#6914=CARTESIAN_POINT('Origin',(-0.6,-1.5655253810591,2.4110760866556));
#6915=CARTESIAN_POINT('',(-0.6,-1.56552538105911,2.41107608665563));
#6916=CARTESIAN_POINT('',(-0.6,-1.62996269137787,2.54998078085591));
#6917=CARTESIAN_POINT('',(1.,-1.56552538105911,2.41107608665563));
#6918=CARTESIAN_POINT('',(1.,-1.62996269137787,2.54998078085591));
#6919=CARTESIAN_POINT('',(-0.6,-1.56552538105911,2.41107608665563));
#6920=CARTESIAN_POINT('Origin',(-0.6,-0.693262598794059,2.90011361333822));
#6921=CARTESIAN_POINT('Origin',(-0.6,-0.693262598794059,2.90011361333822));
#6922=CARTESIAN_POINT('Origin',(1.,-0.693262598794059,2.90011361333822));
#6923=CARTESIAN_POINT('Origin',(-0.6,-1.33970860571582,2.20197851613914));
#6924=CARTESIAN_POINT('Origin',(1.,-1.33970860571582,2.20197851613914));
#6925=CARTESIAN_POINT('Origin',(1.,-1.59774403621848,2.48052843375576));
#6926=CARTESIAN_POINT('',(1.,-1.56552538105911,2.41107608665563));
#6927=CARTESIAN_POINT('',(1.,-1.62996269137787,2.54998078085591));
#6928=CARTESIAN_POINT('',(1.,-1.62996269137787,2.54998078085591));
#6929=CARTESIAN_POINT('Origin',(1.,-0.693262598794059,2.90011361333822));
#6930=CARTESIAN_POINT('Origin',(-0.6,-1.59774403621848,2.48052843375576));
#6931=CARTESIAN_POINT('',(-0.6,-1.62996269137787,2.54998078085591));
#6932=CARTESIAN_POINT('',(-0.6,-1.56552538105911,2.41107608665563));
#6933=CARTESIAN_POINT('',(-0.6,-1.62996269137787,2.54998078085591));
#6934=CARTESIAN_POINT('Origin',(-0.6,-0.693262598794059,2.90011361333822));
#6935=CARTESIAN_POINT('Origin',(-0.6,-1.56552538105911,2.41107608665563));
#6936=CARTESIAN_POINT('',(-0.6,-1.62996269137787,2.54998078085591));
#6937=CARTESIAN_POINT('',(-0.6,-1.56552538105911,2.41107608665563));
#6938=CARTESIAN_POINT('Origin',(-0.6,-0.693262598794059,2.90011361333822));
#6939=CARTESIAN_POINT('Origin',(-0.301862729814386,-0.943324587903899,0.0250000000000003));
#6940=CARTESIAN_POINT('',(-0.301862729814386,-0.10000000319143,2.09510457209245));
#6941=CARTESIAN_POINT('',(-0.301862729814386,-0.264053129109709,1.99690860064073));
#6942=CARTESIAN_POINT('Origin',(-0.301862729814386,-0.693262598794064,2.90011361333822));
#6943=CARTESIAN_POINT('',(-0.301862729814386,-0.10000000319143,1.99852350000025));
#6944=CARTESIAN_POINT('',(-0.301862729814386,-0.10000000319143,0.0250000000000003));
#6945=CARTESIAN_POINT('',(-0.301862729814386,-0.613360506833155,1.99347010315765));
#6946=CARTESIAN_POINT('Origin',(-0.549204815942488,-0.10000000319143,0.0250000000000003));
#6947=CARTESIAN_POINT('',(-0.549204815942488,-0.264053129109709,1.99690860064073));
#6948=CARTESIAN_POINT('',(-0.549204815942488,-0.10000000319143,2.09510457209245));
#6949=CARTESIAN_POINT('Origin',(-0.549204815942488,-0.693262598794064,2.90011361333822));
#6950=CARTESIAN_POINT('',(-0.549204815942488,-0.10000000319143,1.99852350000025));
#6951=CARTESIAN_POINT('',(-0.549204815942488,-0.191739069418063,1.99762044278349));
#6952=CARTESIAN_POINT('',(-0.549204815942488,-0.10000000319143,0.0250000000000003));
#6953=CARTESIAN_POINT('Origin',(-0.301862729814386,-0.10000000319143,0.0250000000000003));
#6954=CARTESIAN_POINT('',(-0.6,-0.10000000319143,2.09510457209245));
#6955=CARTESIAN_POINT('',(-0.450931364907193,-0.10000000319143,1.99852350000025));
#6956=CARTESIAN_POINT('Origin',(-0.6,-0.264053129109709,1.99690860064073));
#6957=CARTESIAN_POINT('',(-0.6,-0.264053129109709,1.99690860064073));
#6958=CARTESIAN_POINT('',(-0.6,-0.264053129109709,1.99690860064073));
#6959=CARTESIAN_POINT('',(-0.6,0.0500000015957149,2.0000000638286));
#6960=CARTESIAN_POINT('',(-0.6,0.0500000015957149,2.0000000638286));
#6961=CARTESIAN_POINT('',(1.,0.0500000015957149,2.0000000638286));
#6962=CARTESIAN_POINT('',(-0.6,0.0500000015957149,2.0000000638286));
#6963=CARTESIAN_POINT('',(1.,-0.264053129109709,1.99690860064073));
#6964=CARTESIAN_POINT('',(1.,0.0500000015957149,2.0000000638286));
#6965=CARTESIAN_POINT('',(-0.6,-0.264053129109709,1.99690860064073));
#6966=CARTESIAN_POINT('Origin',(-0.6,-0.693262598794064,2.90011361333822));
#6967=CARTESIAN_POINT('',(1.,0.24343749378975,2.54998078085591));
#6968=CARTESIAN_POINT('Origin',(1.,-0.693262598794064,2.90011361333822));
#6969=CARTESIAN_POINT('',(-0.6,0.24343749378975,2.54998078085591));
#6970=CARTESIAN_POINT('',(-0.6,0.24343749378975,2.54998078085591));
#6971=CARTESIAN_POINT('Origin',(-0.6,-0.693262598794064,2.90011361333822));
#6972=CARTESIAN_POINT('Origin',(-0.6,0.0500000015957149,2.0000000638286));
#6973=CARTESIAN_POINT('',(-0.6,0.0500000015957149,2.0000000638286));
#6974=CARTESIAN_POINT('',(1.,0.0500000015957149,2.0000000638286));
#6975=CARTESIAN_POINT('Origin',(-0.6,-0.0103078176599798,2.27344469074832));
#6976=CARTESIAN_POINT('Origin',(1.,-0.0103078176599798,2.27344469074832));
#6977=CARTESIAN_POINT('Origin',(0.203018539293698,-0.538375228441047,0.26));
#6978=CARTESIAN_POINT('',(-0.966981460706301,1.48812421641454,0.26));
#6979=CARTESIAN_POINT('Origin',(0.203018539293698,-0.538375228441047,0.26));
#6980=CARTESIAN_POINT('',(-0.966981460706301,1.48812421641454,0.31));
#6981=CARTESIAN_POINT('',(-0.966981460706302,1.48812421641454,0.26));
#6982=CARTESIAN_POINT('Origin',(0.203018539293698,-0.538375228441047,0.31));
#6983=CARTESIAN_POINT('Origin',(0.203018539293698,-0.538375228441047,0.26));
#6984=CARTESIAN_POINT('',(-1.0094814607063,1.56173637573622,0.26));
#6985=CARTESIAN_POINT('Origin',(0.203018539293698,-0.538375228441047,0.26));
#6986=CARTESIAN_POINT('',(-1.0094814607063,1.56173637573622,0.31));
#6987=CARTESIAN_POINT('',(-1.0094814607063,1.56173637573622,0.26));
#6988=CARTESIAN_POINT('Origin',(0.203018539293698,-0.538375228441047,0.31));
#6989=CARTESIAN_POINT('Origin',(0.203018539293698,-0.538375228441047,0.31));
#6990=CARTESIAN_POINT('Origin',(0.203018539293698,-0.538375228441047,0.26));
#6991=CARTESIAN_POINT('',(-2.19089845952498,0.2708777621416,0.26));
#6992=CARTESIAN_POINT('Origin',(0.203018539293698,-0.538375228441047,0.26));
#6993=CARTESIAN_POINT('Origin',(0.203018539293698,-0.538375228441047,0.31));
#6994=CARTESIAN_POINT('',(-1.0354814607063,1.60676969673301,0.36));
#6995=CARTESIAN_POINT('Origin',(0.203018539293698,-0.538375228441047,0.36));
#6996=CARTESIAN_POINT('',(-1.0604814607063,1.65007096692223,0.31));
#6997=CARTESIAN_POINT('Origin',(-1.0354814607063,1.60676969673301,0.31));
#6998=CARTESIAN_POINT('',(-2.19089845952498,0.2708777621416,0.31));
#6999=CARTESIAN_POINT('Origin',(0.203018539293698,-0.538375228441047,0.31));
#7000=CARTESIAN_POINT('Origin',(0.203018539293698,-0.538375228441047,0.31));
#7001=CARTESIAN_POINT('Origin',(0.203018539293698,-0.538375228441047,0.36));
#7002=CARTESIAN_POINT('',(-2.19089845952498,0.270877762141601,0.36));
#7003=CARTESIAN_POINT('Origin',(0.203018539293698,-0.538375228441047,0.36));
#7004=CARTESIAN_POINT('',(-1.94473982994313,0.187664932605262,0.36));
#7005=CARTESIAN_POINT('Origin',(0.203018539293698,-0.538375228441047,0.36));
#7006=CARTESIAN_POINT('Origin',(0.203018539293698,-0.538375228441047,0.36));
#7007=CARTESIAN_POINT('',(-1.94473982994313,0.187664932605262,0.26));
#7008=CARTESIAN_POINT('Origin',(0.203018539293698,-0.538375228441047,0.26));
#7009=CARTESIAN_POINT('',(-1.94473982994313,0.187664932605263,0.36));
#7010=CARTESIAN_POINT('Origin',(0.203018539293698,-0.538375228441047,0.26));
#7011=CARTESIAN_POINT('Origin',(0.203018539293698,-0.538375228441047,0.26));
#7012=CARTESIAN_POINT('',(1.3730185392937,1.48812421641454,0.26));
#7013=CARTESIAN_POINT('Origin',(0.203018539293698,-0.538375228441047,0.26));
#7014=CARTESIAN_POINT('',(1.3730185392937,1.48812421641454,0.31));
#7015=CARTESIAN_POINT('',(1.3730185392937,1.48812421641454,0.26));
#7016=CARTESIAN_POINT('Origin',(0.203018539293698,-0.538375228441047,0.31));
#7017=CARTESIAN_POINT('Origin',(0.203018539293698,-0.538375228441047,0.26));
#7018=CARTESIAN_POINT('',(1.4155185392937,1.56173637573622,0.26));
#7019=CARTESIAN_POINT('Origin',(0.203018539293698,-0.538375228441047,0.26));
#7020=CARTESIAN_POINT('',(1.4155185392937,1.56173637573622,0.31));
#7021=CARTESIAN_POINT('',(1.4155185392937,1.56173637573622,0.26));
#7022=CARTESIAN_POINT('Origin',(0.203018539293698,-0.538375228441047,0.31));
#7023=CARTESIAN_POINT('Origin',(0.203018539293698,-0.538375228441047,0.31));
#7024=CARTESIAN_POINT('Origin',(0.203018539293698,-0.538375228441047,0.26));
#7025=CARTESIAN_POINT('',(-0.293106312182541,1.93944420237866,0.259999999999999));
#7026=CARTESIAN_POINT('Origin',(0.203018539293698,-0.538375228441047,0.26));
#7027=CARTESIAN_POINT('Origin',(0.203018539293698,-0.538375228441047,0.31));
#7028=CARTESIAN_POINT('',(1.4415185392937,1.60676969673301,0.36));
#7029=CARTESIAN_POINT('Origin',(0.203018539293698,-0.538375228441047,0.36));
#7030=CARTESIAN_POINT('',(1.4665185392937,1.65007096692223,0.31));
#7031=CARTESIAN_POINT('Origin',(1.4415185392937,1.60676969673301,0.31));
#7032=CARTESIAN_POINT('',(-0.293106312182541,1.93944420237866,0.309999999999999));
#7033=CARTESIAN_POINT('Origin',(0.203018539293698,-0.538375228441047,0.31));
#7034=CARTESIAN_POINT('Origin',(0.203018539293698,-0.538375228441047,0.31));
#7035=CARTESIAN_POINT('Origin',(0.203018539293698,-0.538375228441047,0.36));
#7036=CARTESIAN_POINT('',(-0.29310631218254,1.93944420237866,0.359999999999999));
#7037=CARTESIAN_POINT('Origin',(0.203018539293698,-0.538375228441047,0.36));
#7038=CARTESIAN_POINT('',(-0.242091421690866,1.68465816103184,0.359999999999999));
#7039=CARTESIAN_POINT('Origin',(0.203018539293698,-0.538375228441047,0.36));
#7040=CARTESIAN_POINT('Origin',(0.203018539293698,-0.538375228441047,0.36));
#7041=CARTESIAN_POINT('',(-0.242091421690866,1.68465816103184,0.259999999999999));
#7042=CARTESIAN_POINT('Origin',(0.203018539293698,-0.538375228441047,0.26));
#7043=CARTESIAN_POINT('',(-0.242091421690866,1.68465816103184,0.359999999999999));
#7044=CARTESIAN_POINT('Origin',(0.203018539293698,-0.538375228441047,0.26));
#7045=CARTESIAN_POINT('Origin',(0.203018539293698,-0.538375228441047,0.26));
#7046=CARTESIAN_POINT('',(2.5430185392937,-0.538375228441047,0.26));
#7047=CARTESIAN_POINT('Origin',(0.203018539293698,-0.538375228441047,0.26));
#7048=CARTESIAN_POINT('',(2.5430185392937,-0.538375228441047,0.31));
#7049=CARTESIAN_POINT('',(2.5430185392937,-0.538375228441047,0.26));
#7050=CARTESIAN_POINT('Origin',(0.203018539293698,-0.538375228441047,0.31));
#7051=CARTESIAN_POINT('Origin',(0.203018539293698,-0.538375228441047,0.26));
#7052=CARTESIAN_POINT('',(2.6280185392937,-0.538375228441047,0.26));
#7053=CARTESIAN_POINT('Origin',(0.203018539293698,-0.538375228441047,0.26));
#7054=CARTESIAN_POINT('',(2.6280185392937,-0.538375228441047,0.31));
#7055=CARTESIAN_POINT('',(2.6280185392937,-0.538375228441047,0.26));
#7056=CARTESIAN_POINT('Origin',(0.203018539293698,-0.538375228441047,0.31));
#7057=CARTESIAN_POINT('Origin',(0.203018539293698,-0.538375228441047,0.31));
#7058=CARTESIAN_POINT('Origin',(0.203018539293698,-0.538375228441047,0.26));
#7059=CARTESIAN_POINT('',(2.10081068663614,1.13019121179601,0.26));
#7060=CARTESIAN_POINT('Origin',(0.203018539293698,-0.538375228441047,0.26));
#7061=CARTESIAN_POINT('Origin',(0.203018539293698,-0.538375228441047,0.31));
#7062=CARTESIAN_POINT('',(2.6800185392937,-0.538375228441047,0.36));
#7063=CARTESIAN_POINT('Origin',(0.203018539293698,-0.538375228441047,0.36));
#7064=CARTESIAN_POINT('',(2.7300185392937,-0.538375228441047,0.31));
#7065=CARTESIAN_POINT('Origin',(2.6800185392937,-0.538375228441047,0.31));
#7066=CARTESIAN_POINT('',(2.10081068663614,1.13019121179601,0.31));
#7067=CARTESIAN_POINT('Origin',(0.203018539293698,-0.538375228441047,0.31));
#7068=CARTESIAN_POINT('Origin',(0.203018539293698,-0.538375228441047,0.31));
#7069=CARTESIAN_POINT('Origin',(0.203018539293698,-0.538375228441047,0.36));
#7070=CARTESIAN_POINT('',(2.10081068663614,1.13019121179601,0.36));
#7071=CARTESIAN_POINT('Origin',(0.203018539293698,-0.538375228441047,0.36));
#7072=CARTESIAN_POINT('',(1.90566694754596,0.958617999985529,0.36));
#7073=CARTESIAN_POINT('Origin',(0.203018539293698,-0.538375228441047,0.36));
#7074=CARTESIAN_POINT('Origin',(0.203018539293698,-0.538375228441047,0.36));
#7075=CARTESIAN_POINT('',(1.90566694754596,0.958617999985529,0.26));
#7076=CARTESIAN_POINT('Origin',(0.203018539293698,-0.538375228441047,0.26));
#7077=CARTESIAN_POINT('',(1.90566694754596,0.958617999985529,0.36));
#7078=CARTESIAN_POINT('Origin',(0.203018539293698,-0.538375228441047,0.26));
#7079=CARTESIAN_POINT('Origin',(0.203018539293698,-0.538375228441047,0.26));
#7080=CARTESIAN_POINT('',(1.3730185392937,-2.56487467329663,0.260000000000001));
#7081=CARTESIAN_POINT('Origin',(0.203018539293698,-0.538375228441047,0.26));
#7082=CARTESIAN_POINT('',(1.3730185392937,-2.56487467329663,0.31));
#7083=CARTESIAN_POINT('',(1.3730185392937,-2.56487467329663,0.260000000000001));
#7084=CARTESIAN_POINT('Origin',(0.203018539293698,-0.538375228441047,0.31));
#7085=CARTESIAN_POINT('Origin',(0.203018539293698,-0.538375228441047,0.26));
#7086=CARTESIAN_POINT('',(1.4155185392937,-2.63848683261831,0.260000000000001));
#7087=CARTESIAN_POINT('Origin',(0.203018539293698,-0.538375228441047,0.26));
#7088=CARTESIAN_POINT('',(1.4155185392937,-2.63848683261831,0.310000000000001));
#7089=CARTESIAN_POINT('',(1.4155185392937,-2.63848683261831,0.260000000000001));
#7090=CARTESIAN_POINT('Origin',(0.203018539293698,-0.538375228441047,0.31));
#7091=CARTESIAN_POINT('Origin',(0.203018539293698,-0.538375228441047,0.31));
#7092=CARTESIAN_POINT('Origin',(0.203018539293698,-0.538375228441047,0.26));
#7093=CARTESIAN_POINT('',(2.59693553811238,-1.34762821902369,0.26));
#7094=CARTESIAN_POINT('Origin',(0.203018539293698,-0.538375228441047,0.26));
#7095=CARTESIAN_POINT('Origin',(0.203018539293698,-0.538375228441047,0.31));
#7096=CARTESIAN_POINT('',(1.4415185392937,-2.6835201536151,0.36));
#7097=CARTESIAN_POINT('Origin',(0.203018539293698,-0.538375228441047,0.36));
#7098=CARTESIAN_POINT('',(1.4665185392937,-2.72682142380432,0.310000000000001));
#7099=CARTESIAN_POINT('Origin',(1.4415185392937,-2.6835201536151,0.310000000000001));
#7100=CARTESIAN_POINT('',(2.59693553811238,-1.34762821902369,0.31));
#7101=CARTESIAN_POINT('Origin',(0.203018539293698,-0.538375228441047,0.31));
#7102=CARTESIAN_POINT('Origin',(0.203018539293698,-0.538375228441047,0.31));
#7103=CARTESIAN_POINT('Origin',(0.203018539293698,-0.538375228441047,0.36));
#7104=CARTESIAN_POINT('',(2.59693553811238,-1.34762821902369,0.36));
#7105=CARTESIAN_POINT('Origin',(0.203018539293698,-0.538375228441047,0.36));
#7106=CARTESIAN_POINT('',(2.35077690853053,-1.26441538948736,0.36));
#7107=CARTESIAN_POINT('Origin',(0.203018539293698,-0.538375228441047,0.36));
#7108=CARTESIAN_POINT('Origin',(0.203018539293698,-0.538375228441047,0.36));
#7109=CARTESIAN_POINT('',(2.35077690853053,-1.26441538948736,0.26));
#7110=CARTESIAN_POINT('Origin',(0.203018539293698,-0.538375228441047,0.26));
#7111=CARTESIAN_POINT('',(2.35077690853053,-1.26441538948736,0.36));
#7112=CARTESIAN_POINT('Origin',(0.203018539293698,-0.538375228441047,0.26));
#7113=CARTESIAN_POINT('Origin',(0.203018539293698,-0.538375228441047,0.26));
#7114=CARTESIAN_POINT('',(-0.9669814607063,-2.56487467329663,0.260000000000001));
#7115=CARTESIAN_POINT('Origin',(0.203018539293698,-0.538375228441047,0.26));
#7116=CARTESIAN_POINT('',(-0.9669814607063,-2.56487467329663,0.310000000000001));
#7117=CARTESIAN_POINT('',(-0.9669814607063,-2.56487467329663,0.260000000000001));
#7118=CARTESIAN_POINT('Origin',(0.203018539293698,-0.538375228441047,0.31));
#7119=CARTESIAN_POINT('Origin',(0.203018539293698,-0.538375228441047,0.26));
#7120=CARTESIAN_POINT('',(-1.0094814607063,-2.63848683261831,0.260000000000001));
#7121=CARTESIAN_POINT('Origin',(0.203018539293698,-0.538375228441047,0.26));
#7122=CARTESIAN_POINT('',(-1.0094814607063,-2.63848683261831,0.310000000000001));
#7123=CARTESIAN_POINT('',(-1.0094814607063,-2.63848683261831,0.260000000000001));
#7124=CARTESIAN_POINT('Origin',(0.203018539293698,-0.538375228441047,0.31));
#7125=CARTESIAN_POINT('Origin',(0.203018539293698,-0.538375228441047,0.31));
#7126=CARTESIAN_POINT('Origin',(0.203018539293698,-0.538375228441047,0.26));
#7127=CARTESIAN_POINT('',(0.699143390769939,-3.01619465926075,0.26));
#7128=CARTESIAN_POINT('Origin',(0.203018539293698,-0.538375228441047,0.26));
#7129=CARTESIAN_POINT('Origin',(0.203018539293698,-0.538375228441047,0.31));
#7130=CARTESIAN_POINT('',(-1.0354814607063,-2.6835201536151,0.360000000000001));
#7131=CARTESIAN_POINT('Origin',(0.203018539293698,-0.538375228441047,0.36));
#7132=CARTESIAN_POINT('',(-1.0604814607063,-2.72682142380432,0.310000000000001));
#7133=CARTESIAN_POINT('Origin',(-1.0354814607063,-2.6835201536151,0.310000000000001));
#7134=CARTESIAN_POINT('',(0.699143390769939,-3.01619465926075,0.31));
#7135=CARTESIAN_POINT('Origin',(0.203018539293698,-0.538375228441047,0.31));
#7136=CARTESIAN_POINT('Origin',(0.203018539293698,-0.538375228441047,0.31));
#7137=CARTESIAN_POINT('Origin',(0.203018539293698,-0.538375228441047,0.36));
#7138=CARTESIAN_POINT('',(0.699143390769938,-3.01619465926075,0.36));
#7139=CARTESIAN_POINT('Origin',(0.203018539293698,-0.538375228441047,0.36));
#7140=CARTESIAN_POINT('',(0.648128500278264,-2.76140861791393,0.36));
#7141=CARTESIAN_POINT('Origin',(0.203018539293698,-0.538375228441047,0.36));
#7142=CARTESIAN_POINT('Origin',(0.203018539293698,-0.538375228441047,0.36));
#7143=CARTESIAN_POINT('',(0.648128500278264,-2.76140861791393,0.26));
#7144=CARTESIAN_POINT('Origin',(0.203018539293698,-0.538375228441047,0.26));
#7145=CARTESIAN_POINT('',(0.648128500278264,-2.76140861791393,0.36));
#7146=CARTESIAN_POINT('Origin',(0.203018539293698,-0.538375228441047,0.26));
#7147=UNCERTAINTY_MEASURE_WITH_UNIT(LENGTH_MEASURE(0.000393700787401575),
#7152,'DISTANCE_ACCURACY_VALUE',
'Maximum model space distance between geometric entities at asserted c
onnectivities');
#7148=UNCERTAINTY_MEASURE_WITH_UNIT(LENGTH_MEASURE(0.000393700787401575),
#7152,'DISTANCE_ACCURACY_VALUE',
'Maximum model space distance between geometric entities at asserted c
onnectivities');
#7149=(
GEOMETRIC_REPRESENTATION_CONTEXT(3)
GLOBAL_UNCERTAINTY_ASSIGNED_CONTEXT((#7147))
GLOBAL_UNIT_ASSIGNED_CONTEXT((#7152,#7156,#7157))
REPRESENTATION_CONTEXT('','3D')
);
#7150=(
GEOMETRIC_REPRESENTATION_CONTEXT(3)
GLOBAL_UNCERTAINTY_ASSIGNED_CONTEXT((#7148))
GLOBAL_UNIT_ASSIGNED_CONTEXT((#7152,#7156,#7157))
REPRESENTATION_CONTEXT('','3D')
);
#7151=DIMENSIONAL_EXPONENTS(1.,0.,0.,0.,0.,0.,0.);
#7152=(
CONVERSION_BASED_UNIT('inch',#7155)
LENGTH_UNIT()
NAMED_UNIT(#7151)
);
#7153=(
LENGTH_UNIT()
NAMED_UNIT(*)
SI_UNIT(.MILLI.,.METRE.)
);
#7154=(
LENGTH_UNIT()
NAMED_UNIT(*)
SI_UNIT($,.METRE.)
);
#7155=LENGTH_MEASURE_WITH_UNIT(LENGTH_MEASURE(25.4),#7153);
#7156=(
NAMED_UNIT(*)
PLANE_ANGLE_UNIT()
SI_UNIT($,.RADIAN.)
);
#7157=(
NAMED_UNIT(*)
SI_UNIT($,.STERADIAN.)
SOLID_ANGLE_UNIT()
);
#7158=SHAPE_DEFINITION_REPRESENTATION(#7159,#7160);
#7159=PRODUCT_DEFINITION_SHAPE('',$,#7162);
#7160=SHAPE_REPRESENTATION('',(#4257),#7149);
#7161=PRODUCT_DEFINITION_CONTEXT('part definition',#7166,'design');
#7162=PRODUCT_DEFINITION('2026-03-16-15-46-08-051','base_top',#7163,#7161);
#7163=PRODUCT_DEFINITION_FORMATION('',$,#7168);
#7164=PRODUCT_RELATED_PRODUCT_CATEGORY('base_top','base_top',(#7168));
#7165=APPLICATION_PROTOCOL_DEFINITION('international standard',
'automotive_design',2009,#7166);
#7166=APPLICATION_CONTEXT(
'Core Data for Automotive Mechanical Design Process');
#7167=PRODUCT_CONTEXT('part definition',#7166,'mechanical');
#7168=PRODUCT('2026-03-16-15-46-08-051','base_top',$,(#7167));
#7169=PRESENTATION_STYLE_ASSIGNMENT((#7170));
#7170=SURFACE_STYLE_USAGE(.BOTH.,#7171);
#7171=SURFACE_SIDE_STYLE('',(#7172));
#7172=SURFACE_STYLE_FILL_AREA(#7173);
#7173=FILL_AREA_STYLE('Steel - Satin',(#7174));
#7174=FILL_AREA_STYLE_COLOUR('Steel - Satin',#7175);
#7175=COLOUR_RGB('Steel - Satin',0.627450980392157,0.627450980392157,0.627450980392157);
ENDSEC;
END-ISO-10303-21;
