ISO-10303-21;
HEADER;
/* Generated by software containing ST-Developer
 * from STEP Tools, Inc. (www.steptools.com) 
 */

FILE_DESCRIPTION(
/* description */ (''),
/* implementation_level */ '2;1');

FILE_NAME(
/* name */ 'Fingers.step',
/* time_stamp */ '2026-08-19T17:05:52-05:00',
/* author */ (''),
/* organization */ (''),
/* preprocessor_version */ 'ST-DEVELOPER v20.1',
/* originating_system */ 'Autodesk Translation Framework v15.8.0.0',
/* authorisation */ '');

FILE_SCHEMA (('AUTOMOTIVE_DESIGN { 1 0 10303 214 3 1 1 }'));
ENDSEC;

DATA;
#10=MECHANICAL_DESIGN_GEOMETRIC_PRESENTATION_REPRESENTATION('',(#184,#185,
#186,#187,#188,#189,#190,#191,#192),#8336);
#11=SHAPE_REPRESENTATION_RELATIONSHIP('SRR','None',#8346,#12);
#12=ADVANCED_BREP_SHAPE_REPRESENTATION('',(#193,#194,#195,#196,#197,#198,
#199,#200,#201),#8335);
#13=CIRCLE('',#5125,0.75);
#14=CIRCLE('',#5126,0.75);
#15=CIRCLE('',#5131,0.75);
#16=CIRCLE('',#5132,0.75);
#17=CIRCLE('',#5137,0.75);
#18=CIRCLE('',#5138,0.75);
#19=CIRCLE('',#5143,0.75);
#20=CIRCLE('',#5144,0.75);
#21=CIRCLE('',#5149,0.75);
#22=CIRCLE('',#5150,0.75);
#23=CIRCLE('',#5155,0.75);
#24=CIRCLE('',#5156,0.75);
#25=CIRCLE('',#5161,0.75);
#26=CIRCLE('',#5162,0.75);
#27=CIRCLE('',#5167,0.75);
#28=CIRCLE('',#5168,0.75);
#29=CIRCLE('',#5173,0.75);
#30=CIRCLE('',#5174,0.75);
#31=CIRCLE('',#5179,0.75);
#32=CIRCLE('',#5180,0.75);
#33=CIRCLE('',#5185,0.75);
#34=CIRCLE('',#5186,0.75);
#35=CIRCLE('',#5191,0.75);
#36=CIRCLE('',#5192,0.75);
#37=CIRCLE('',#5197,0.75);
#38=CIRCLE('',#5198,0.75);
#39=CIRCLE('',#5203,0.75);
#40=CIRCLE('',#5204,0.75);
#41=CIRCLE('',#5209,0.75);
#42=CIRCLE('',#5210,0.75);
#43=CIRCLE('',#5215,0.75);
#44=CIRCLE('',#5216,0.75);
#45=CIRCLE('',#5221,0.75);
#46=CIRCLE('',#5222,0.75);
#47=CIRCLE('',#5227,0.75);
#48=CIRCLE('',#5228,0.75);
#49=CIRCLE('',#5235,0.15);
#50=CIRCLE('',#5237,0.15);
#51=CIRCLE('',#5240,0.15);
#52=CIRCLE('',#5242,0.15);
#53=CIRCLE('',#5255,0.75);
#54=CIRCLE('',#5256,0.75);
#55=CIRCLE('',#5261,0.75);
#56=CIRCLE('',#5262,0.75);
#57=CIRCLE('',#5267,0.75);
#58=CIRCLE('',#5268,0.75);
#59=CIRCLE('',#5273,0.75);
#60=CIRCLE('',#5274,0.75);
#61=CIRCLE('',#5279,0.75);
#62=CIRCLE('',#5280,0.75);
#63=CIRCLE('',#5285,0.75);
#64=CIRCLE('',#5286,0.75);
#65=CIRCLE('',#5291,0.75);
#66=CIRCLE('',#5292,0.75);
#67=CIRCLE('',#5297,0.75);
#68=CIRCLE('',#5298,0.75);
#69=CIRCLE('',#5303,0.75);
#70=CIRCLE('',#5304,0.75);
#71=CIRCLE('',#5309,0.75);
#72=CIRCLE('',#5310,0.75);
#73=CIRCLE('',#5315,0.75);
#74=CIRCLE('',#5316,0.75);
#75=CIRCLE('',#5321,0.75);
#76=CIRCLE('',#5322,0.75);
#77=CIRCLE('',#5327,0.75);
#78=CIRCLE('',#5328,0.75);
#79=CIRCLE('',#5333,0.75);
#80=CIRCLE('',#5334,0.75);
#81=CIRCLE('',#5339,0.75);
#82=CIRCLE('',#5340,0.75);
#83=CIRCLE('',#5345,0.75);
#84=CIRCLE('',#5346,0.75);
#85=CIRCLE('',#5351,0.75);
#86=CIRCLE('',#5352,0.75);
#87=CIRCLE('',#5357,0.75);
#88=CIRCLE('',#5358,0.75);
#89=CIRCLE('',#5375,0.75);
#90=CIRCLE('',#5376,0.75);
#91=CIRCLE('',#5381,0.75);
#92=CIRCLE('',#5382,0.75);
#93=CIRCLE('',#5387,0.75);
#94=CIRCLE('',#5388,0.75);
#95=CIRCLE('',#5393,0.75);
#96=CIRCLE('',#5394,0.75);
#97=CIRCLE('',#5399,0.75);
#98=CIRCLE('',#5400,0.75);
#99=CIRCLE('',#5405,0.75);
#100=CIRCLE('',#5406,0.75);
#101=CIRCLE('',#5411,0.75);
#102=CIRCLE('',#5412,0.75);
#103=CIRCLE('',#5417,0.75);
#104=CIRCLE('',#5418,0.75);
#105=CIRCLE('',#5423,0.75);
#106=CIRCLE('',#5424,0.75);
#107=CIRCLE('',#5429,0.75);
#108=CIRCLE('',#5430,0.75);
#109=CIRCLE('',#5435,0.75);
#110=CIRCLE('',#5436,0.75);
#111=CIRCLE('',#5441,0.75);
#112=CIRCLE('',#5442,0.75);
#113=CIRCLE('',#5447,0.75);
#114=CIRCLE('',#5448,0.75);
#115=CIRCLE('',#5453,0.75);
#116=CIRCLE('',#5454,0.75);
#117=CIRCLE('',#5459,0.75);
#118=CIRCLE('',#5460,0.75);
#119=CIRCLE('',#5465,0.75);
#120=CIRCLE('',#5466,0.75);
#121=CIRCLE('',#5471,0.75);
#122=CIRCLE('',#5472,0.75);
#123=CIRCLE('',#5477,0.75);
#124=CIRCLE('',#5478,0.75);
#125=CIRCLE('',#5485,0.15);
#126=CIRCLE('',#5487,0.15);
#127=CYLINDRICAL_SURFACE('',#5124,0.75);
#128=CYLINDRICAL_SURFACE('',#5130,0.75);
#129=CYLINDRICAL_SURFACE('',#5136,0.75);
#130=CYLINDRICAL_SURFACE('',#5142,0.75);
#131=CYLINDRICAL_SURFACE('',#5148,0.75);
#132=CYLINDRICAL_SURFACE('',#5154,0.75);
#133=CYLINDRICAL_SURFACE('',#5160,0.75);
#134=CYLINDRICAL_SURFACE('',#5166,0.75);
#135=CYLINDRICAL_SURFACE('',#5172,0.75);
#136=CYLINDRICAL_SURFACE('',#5178,0.75);
#137=CYLINDRICAL_SURFACE('',#5184,0.75);
#138=CYLINDRICAL_SURFACE('',#5190,0.75);
#139=CYLINDRICAL_SURFACE('',#5196,0.75);
#140=CYLINDRICAL_SURFACE('',#5202,0.75);
#141=CYLINDRICAL_SURFACE('',#5208,0.75);
#142=CYLINDRICAL_SURFACE('',#5214,0.75);
#143=CYLINDRICAL_SURFACE('',#5220,0.75);
#144=CYLINDRICAL_SURFACE('',#5226,0.75);
#145=CYLINDRICAL_SURFACE('',#5238,0.15);
#146=CYLINDRICAL_SURFACE('',#5243,0.15);
#147=CYLINDRICAL_SURFACE('',#5254,0.75);
#148=CYLINDRICAL_SURFACE('',#5260,0.75);
#149=CYLINDRICAL_SURFACE('',#5266,0.75);
#150=CYLINDRICAL_SURFACE('',#5272,0.75);
#151=CYLINDRICAL_SURFACE('',#5278,0.75);
#152=CYLINDRICAL_SURFACE('',#5284,0.75);
#153=CYLINDRICAL_SURFACE('',#5290,0.75);
#154=CYLINDRICAL_SURFACE('',#5296,0.75);
#155=CYLINDRICAL_SURFACE('',#5302,0.75);
#156=CYLINDRICAL_SURFACE('',#5308,0.75);
#157=CYLINDRICAL_SURFACE('',#5314,0.75);
#158=CYLINDRICAL_SURFACE('',#5320,0.75);
#159=CYLINDRICAL_SURFACE('',#5326,0.75);
#160=CYLINDRICAL_SURFACE('',#5332,0.75);
#161=CYLINDRICAL_SURFACE('',#5338,0.75);
#162=CYLINDRICAL_SURFACE('',#5344,0.75);
#163=CYLINDRICAL_SURFACE('',#5350,0.75);
#164=CYLINDRICAL_SURFACE('',#5356,0.75);
#165=CYLINDRICAL_SURFACE('',#5374,0.75);
#166=CYLINDRICAL_SURFACE('',#5380,0.75);
#167=CYLINDRICAL_SURFACE('',#5386,0.75);
#168=CYLINDRICAL_SURFACE('',#5392,0.75);
#169=CYLINDRICAL_SURFACE('',#5398,0.75);
#170=CYLINDRICAL_SURFACE('',#5404,0.75);
#171=CYLINDRICAL_SURFACE('',#5410,0.75);
#172=CYLINDRICAL_SURFACE('',#5416,0.75);
#173=CYLINDRICAL_SURFACE('',#5422,0.75);
#174=CYLINDRICAL_SURFACE('',#5428,0.75);
#175=CYLINDRICAL_SURFACE('',#5434,0.75);
#176=CYLINDRICAL_SURFACE('',#5440,0.75);
#177=CYLINDRICAL_SURFACE('',#5446,0.75);
#178=CYLINDRICAL_SURFACE('',#5452,0.75);
#179=CYLINDRICAL_SURFACE('',#5458,0.75);
#180=CYLINDRICAL_SURFACE('',#5464,0.75);
#181=CYLINDRICAL_SURFACE('',#5470,0.75);
#182=CYLINDRICAL_SURFACE('',#5476,0.75);
#183=CYLINDRICAL_SURFACE('',#5488,0.15);
#184=STYLED_ITEM('',(#8355),#193);
#185=STYLED_ITEM('',(#8355),#194);
#186=STYLED_ITEM('',(#8355),#195);
#187=STYLED_ITEM('',(#8355),#196);
#188=STYLED_ITEM('',(#8355),#197);
#189=STYLED_ITEM('',(#8355),#198);
#190=STYLED_ITEM('',(#8355),#199);
#191=STYLED_ITEM('',(#8355),#200);
#192=STYLED_ITEM('',(#8355),#201);
#193=MANIFOLD_SOLID_BREP('Body9',#5092);
#194=MANIFOLD_SOLID_BREP('Body10',#5093);
#195=MANIFOLD_SOLID_BREP('Body11',#5094);
#196=MANIFOLD_SOLID_BREP('Body16',#5095);
#197=MANIFOLD_SOLID_BREP('Body17',#5096);
#198=MANIFOLD_SOLID_BREP('Body18',#5097);
#199=MANIFOLD_SOLID_BREP('Body19',#5098);
#200=MANIFOLD_SOLID_BREP('Body20',#5099);
#201=MANIFOLD_SOLID_BREP('Body21',#5100);
#202=FACE_OUTER_BOUND('',#463,.T.);
#203=FACE_OUTER_BOUND('',#464,.T.);
#204=FACE_OUTER_BOUND('',#465,.T.);
#205=FACE_OUTER_BOUND('',#466,.T.);
#206=FACE_OUTER_BOUND('',#467,.T.);
#207=FACE_OUTER_BOUND('',#468,.T.);
#208=FACE_OUTER_BOUND('',#469,.T.);
#209=FACE_OUTER_BOUND('',#470,.T.);
#210=FACE_OUTER_BOUND('',#471,.T.);
#211=FACE_OUTER_BOUND('',#472,.T.);
#212=FACE_OUTER_BOUND('',#473,.T.);
#213=FACE_OUTER_BOUND('',#474,.T.);
#214=FACE_OUTER_BOUND('',#475,.T.);
#215=FACE_OUTER_BOUND('',#476,.T.);
#216=FACE_OUTER_BOUND('',#477,.T.);
#217=FACE_OUTER_BOUND('',#478,.T.);
#218=FACE_OUTER_BOUND('',#479,.T.);
#219=FACE_OUTER_BOUND('',#480,.T.);
#220=FACE_OUTER_BOUND('',#481,.T.);
#221=FACE_OUTER_BOUND('',#482,.T.);
#222=FACE_OUTER_BOUND('',#483,.T.);
#223=FACE_OUTER_BOUND('',#484,.T.);
#224=FACE_OUTER_BOUND('',#485,.T.);
#225=FACE_OUTER_BOUND('',#486,.T.);
#226=FACE_OUTER_BOUND('',#487,.T.);
#227=FACE_OUTER_BOUND('',#488,.T.);
#228=FACE_OUTER_BOUND('',#489,.T.);
#229=FACE_OUTER_BOUND('',#490,.T.);
#230=FACE_OUTER_BOUND('',#491,.T.);
#231=FACE_OUTER_BOUND('',#492,.T.);
#232=FACE_OUTER_BOUND('',#493,.T.);
#233=FACE_OUTER_BOUND('',#494,.T.);
#234=FACE_OUTER_BOUND('',#495,.T.);
#235=FACE_OUTER_BOUND('',#496,.T.);
#236=FACE_OUTER_BOUND('',#497,.T.);
#237=FACE_OUTER_BOUND('',#498,.T.);
#238=FACE_OUTER_BOUND('',#499,.T.);
#239=FACE_OUTER_BOUND('',#500,.T.);
#240=FACE_OUTER_BOUND('',#501,.T.);
#241=FACE_OUTER_BOUND('',#502,.T.);
#242=FACE_OUTER_BOUND('',#503,.T.);
#243=FACE_OUTER_BOUND('',#504,.T.);
#244=FACE_OUTER_BOUND('',#505,.T.);
#245=FACE_OUTER_BOUND('',#506,.T.);
#246=FACE_OUTER_BOUND('',#507,.T.);
#247=FACE_OUTER_BOUND('',#508,.T.);
#248=FACE_OUTER_BOUND('',#509,.T.);
#249=FACE_OUTER_BOUND('',#510,.T.);
#250=FACE_OUTER_BOUND('',#511,.T.);
#251=FACE_OUTER_BOUND('',#512,.T.);
#252=FACE_OUTER_BOUND('',#513,.T.);
#253=FACE_OUTER_BOUND('',#514,.T.);
#254=FACE_OUTER_BOUND('',#515,.T.);
#255=FACE_OUTER_BOUND('',#516,.T.);
#256=FACE_OUTER_BOUND('',#517,.T.);
#257=FACE_OUTER_BOUND('',#518,.T.);
#258=FACE_OUTER_BOUND('',#519,.T.);
#259=FACE_OUTER_BOUND('',#520,.T.);
#260=FACE_OUTER_BOUND('',#521,.T.);
#261=FACE_OUTER_BOUND('',#522,.T.);
#262=FACE_OUTER_BOUND('',#523,.T.);
#263=FACE_OUTER_BOUND('',#524,.T.);
#264=FACE_OUTER_BOUND('',#525,.T.);
#265=FACE_OUTER_BOUND('',#526,.T.);
#266=FACE_OUTER_BOUND('',#527,.T.);
#267=FACE_OUTER_BOUND('',#528,.T.);
#268=FACE_OUTER_BOUND('',#529,.T.);
#269=FACE_OUTER_BOUND('',#530,.T.);
#270=FACE_OUTER_BOUND('',#531,.T.);
#271=FACE_OUTER_BOUND('',#532,.T.);
#272=FACE_OUTER_BOUND('',#533,.T.);
#273=FACE_OUTER_BOUND('',#534,.T.);
#274=FACE_OUTER_BOUND('',#535,.T.);
#275=FACE_OUTER_BOUND('',#536,.T.);
#276=FACE_OUTER_BOUND('',#537,.T.);
#277=FACE_OUTER_BOUND('',#538,.T.);
#278=FACE_OUTER_BOUND('',#539,.T.);
#279=FACE_OUTER_BOUND('',#540,.T.);
#280=FACE_OUTER_BOUND('',#541,.T.);
#281=FACE_OUTER_BOUND('',#542,.T.);
#282=FACE_OUTER_BOUND('',#543,.T.);
#283=FACE_OUTER_BOUND('',#544,.T.);
#284=FACE_OUTER_BOUND('',#545,.T.);
#285=FACE_OUTER_BOUND('',#546,.T.);
#286=FACE_OUTER_BOUND('',#547,.T.);
#287=FACE_OUTER_BOUND('',#548,.T.);
#288=FACE_OUTER_BOUND('',#549,.T.);
#289=FACE_OUTER_BOUND('',#550,.T.);
#290=FACE_OUTER_BOUND('',#551,.T.);
#291=FACE_OUTER_BOUND('',#552,.T.);
#292=FACE_OUTER_BOUND('',#553,.T.);
#293=FACE_OUTER_BOUND('',#554,.T.);
#294=FACE_OUTER_BOUND('',#555,.T.);
#295=FACE_OUTER_BOUND('',#556,.T.);
#296=FACE_OUTER_BOUND('',#557,.T.);
#297=FACE_OUTER_BOUND('',#558,.T.);
#298=FACE_OUTER_BOUND('',#559,.T.);
#299=FACE_OUTER_BOUND('',#560,.T.);
#300=FACE_OUTER_BOUND('',#561,.T.);
#301=FACE_OUTER_BOUND('',#562,.T.);
#302=FACE_OUTER_BOUND('',#563,.T.);
#303=FACE_OUTER_BOUND('',#564,.T.);
#304=FACE_OUTER_BOUND('',#565,.T.);
#305=FACE_OUTER_BOUND('',#566,.T.);
#306=FACE_OUTER_BOUND('',#567,.T.);
#307=FACE_OUTER_BOUND('',#568,.T.);
#308=FACE_OUTER_BOUND('',#569,.T.);
#309=FACE_OUTER_BOUND('',#570,.T.);
#310=FACE_OUTER_BOUND('',#571,.T.);
#311=FACE_OUTER_BOUND('',#572,.T.);
#312=FACE_OUTER_BOUND('',#573,.T.);
#313=FACE_OUTER_BOUND('',#574,.T.);
#314=FACE_OUTER_BOUND('',#575,.T.);
#315=FACE_OUTER_BOUND('',#576,.T.);
#316=FACE_OUTER_BOUND('',#577,.T.);
#317=FACE_OUTER_BOUND('',#578,.T.);
#318=FACE_OUTER_BOUND('',#579,.T.);
#319=FACE_OUTER_BOUND('',#580,.T.);
#320=FACE_OUTER_BOUND('',#581,.T.);
#321=FACE_OUTER_BOUND('',#582,.T.);
#322=FACE_OUTER_BOUND('',#583,.T.);
#323=FACE_OUTER_BOUND('',#584,.T.);
#324=FACE_OUTER_BOUND('',#585,.T.);
#325=FACE_OUTER_BOUND('',#586,.T.);
#326=FACE_OUTER_BOUND('',#587,.T.);
#327=FACE_OUTER_BOUND('',#588,.T.);
#328=FACE_OUTER_BOUND('',#589,.T.);
#329=FACE_OUTER_BOUND('',#590,.T.);
#330=FACE_OUTER_BOUND('',#591,.T.);
#331=FACE_OUTER_BOUND('',#592,.T.);
#332=FACE_OUTER_BOUND('',#593,.T.);
#333=FACE_OUTER_BOUND('',#594,.T.);
#334=FACE_OUTER_BOUND('',#595,.T.);
#335=FACE_OUTER_BOUND('',#596,.T.);
#336=FACE_OUTER_BOUND('',#597,.T.);
#337=FACE_OUTER_BOUND('',#598,.T.);
#338=FACE_OUTER_BOUND('',#599,.T.);
#339=FACE_OUTER_BOUND('',#600,.T.);
#340=FACE_OUTER_BOUND('',#601,.T.);
#341=FACE_OUTER_BOUND('',#602,.T.);
#342=FACE_OUTER_BOUND('',#603,.T.);
#343=FACE_OUTER_BOUND('',#604,.T.);
#344=FACE_OUTER_BOUND('',#605,.T.);
#345=FACE_OUTER_BOUND('',#606,.T.);
#346=FACE_OUTER_BOUND('',#607,.T.);
#347=FACE_OUTER_BOUND('',#608,.T.);
#348=FACE_OUTER_BOUND('',#609,.T.);
#349=FACE_OUTER_BOUND('',#610,.T.);
#350=FACE_OUTER_BOUND('',#611,.T.);
#351=FACE_OUTER_BOUND('',#612,.T.);
#352=FACE_OUTER_BOUND('',#613,.T.);
#353=FACE_OUTER_BOUND('',#614,.T.);
#354=FACE_OUTER_BOUND('',#615,.T.);
#355=FACE_OUTER_BOUND('',#616,.T.);
#356=FACE_OUTER_BOUND('',#617,.T.);
#357=FACE_OUTER_BOUND('',#618,.T.);
#358=FACE_OUTER_BOUND('',#619,.T.);
#359=FACE_OUTER_BOUND('',#620,.T.);
#360=FACE_OUTER_BOUND('',#621,.T.);
#361=FACE_OUTER_BOUND('',#622,.T.);
#362=FACE_OUTER_BOUND('',#623,.T.);
#363=FACE_OUTER_BOUND('',#624,.T.);
#364=FACE_OUTER_BOUND('',#625,.T.);
#365=FACE_OUTER_BOUND('',#626,.T.);
#366=FACE_OUTER_BOUND('',#627,.T.);
#367=FACE_OUTER_BOUND('',#628,.T.);
#368=FACE_OUTER_BOUND('',#629,.T.);
#369=FACE_OUTER_BOUND('',#630,.T.);
#370=FACE_OUTER_BOUND('',#631,.T.);
#371=FACE_OUTER_BOUND('',#632,.T.);
#372=FACE_OUTER_BOUND('',#633,.T.);
#373=FACE_OUTER_BOUND('',#634,.T.);
#374=FACE_OUTER_BOUND('',#635,.T.);
#375=FACE_OUTER_BOUND('',#636,.T.);
#376=FACE_OUTER_BOUND('',#637,.T.);
#377=FACE_OUTER_BOUND('',#638,.T.);
#378=FACE_OUTER_BOUND('',#639,.T.);
#379=FACE_OUTER_BOUND('',#640,.T.);
#380=FACE_OUTER_BOUND('',#641,.T.);
#381=FACE_OUTER_BOUND('',#642,.T.);
#382=FACE_OUTER_BOUND('',#643,.T.);
#383=FACE_OUTER_BOUND('',#644,.T.);
#384=FACE_OUTER_BOUND('',#645,.T.);
#385=FACE_OUTER_BOUND('',#646,.T.);
#386=FACE_OUTER_BOUND('',#647,.T.);
#387=FACE_OUTER_BOUND('',#648,.T.);
#388=FACE_OUTER_BOUND('',#649,.T.);
#389=FACE_OUTER_BOUND('',#650,.T.);
#390=FACE_OUTER_BOUND('',#651,.T.);
#391=FACE_OUTER_BOUND('',#652,.T.);
#392=FACE_OUTER_BOUND('',#653,.T.);
#393=FACE_OUTER_BOUND('',#654,.T.);
#394=FACE_OUTER_BOUND('',#655,.T.);
#395=FACE_OUTER_BOUND('',#656,.T.);
#396=FACE_OUTER_BOUND('',#657,.T.);
#397=FACE_OUTER_BOUND('',#658,.T.);
#398=FACE_OUTER_BOUND('',#659,.T.);
#399=FACE_OUTER_BOUND('',#660,.T.);
#400=FACE_OUTER_BOUND('',#661,.T.);
#401=FACE_OUTER_BOUND('',#662,.T.);
#402=FACE_OUTER_BOUND('',#663,.T.);
#403=FACE_OUTER_BOUND('',#664,.T.);
#404=FACE_OUTER_BOUND('',#665,.T.);
#405=FACE_OUTER_BOUND('',#666,.T.);
#406=FACE_OUTER_BOUND('',#667,.T.);
#407=FACE_OUTER_BOUND('',#668,.T.);
#408=FACE_OUTER_BOUND('',#669,.T.);
#409=FACE_OUTER_BOUND('',#670,.T.);
#410=FACE_OUTER_BOUND('',#671,.T.);
#411=FACE_OUTER_BOUND('',#672,.T.);
#412=FACE_OUTER_BOUND('',#673,.T.);
#413=FACE_OUTER_BOUND('',#674,.T.);
#414=FACE_OUTER_BOUND('',#675,.T.);
#415=FACE_OUTER_BOUND('',#676,.T.);
#416=FACE_OUTER_BOUND('',#677,.T.);
#417=FACE_OUTER_BOUND('',#678,.T.);
#418=FACE_OUTER_BOUND('',#679,.T.);
#419=FACE_OUTER_BOUND('',#680,.T.);
#420=FACE_OUTER_BOUND('',#681,.T.);
#421=FACE_OUTER_BOUND('',#682,.T.);
#422=FACE_OUTER_BOUND('',#683,.T.);
#423=FACE_OUTER_BOUND('',#684,.T.);
#424=FACE_OUTER_BOUND('',#685,.T.);
#425=FACE_OUTER_BOUND('',#686,.T.);
#426=FACE_OUTER_BOUND('',#687,.T.);
#427=FACE_OUTER_BOUND('',#688,.T.);
#428=FACE_OUTER_BOUND('',#689,.T.);
#429=FACE_OUTER_BOUND('',#690,.T.);
#430=FACE_OUTER_BOUND('',#691,.T.);
#431=FACE_OUTER_BOUND('',#692,.T.);
#432=FACE_OUTER_BOUND('',#693,.T.);
#433=FACE_OUTER_BOUND('',#694,.T.);
#434=FACE_OUTER_BOUND('',#695,.T.);
#435=FACE_OUTER_BOUND('',#696,.T.);
#436=FACE_OUTER_BOUND('',#697,.T.);
#437=FACE_OUTER_BOUND('',#698,.T.);
#438=FACE_OUTER_BOUND('',#699,.T.);
#439=FACE_OUTER_BOUND('',#700,.T.);
#440=FACE_OUTER_BOUND('',#701,.T.);
#441=FACE_OUTER_BOUND('',#702,.T.);
#442=FACE_OUTER_BOUND('',#703,.T.);
#443=FACE_OUTER_BOUND('',#704,.T.);
#444=FACE_OUTER_BOUND('',#705,.T.);
#445=FACE_OUTER_BOUND('',#706,.T.);
#446=FACE_OUTER_BOUND('',#707,.T.);
#447=FACE_OUTER_BOUND('',#708,.T.);
#448=FACE_OUTER_BOUND('',#709,.T.);
#449=FACE_OUTER_BOUND('',#710,.T.);
#450=FACE_OUTER_BOUND('',#711,.T.);
#451=FACE_OUTER_BOUND('',#712,.T.);
#452=FACE_OUTER_BOUND('',#713,.T.);
#453=FACE_OUTER_BOUND('',#714,.T.);
#454=FACE_OUTER_BOUND('',#715,.T.);
#455=FACE_OUTER_BOUND('',#716,.T.);
#456=FACE_OUTER_BOUND('',#717,.T.);
#457=FACE_OUTER_BOUND('',#718,.T.);
#458=FACE_OUTER_BOUND('',#719,.T.);
#459=FACE_OUTER_BOUND('',#720,.T.);
#460=FACE_OUTER_BOUND('',#721,.T.);
#461=FACE_OUTER_BOUND('',#722,.T.);
#462=FACE_OUTER_BOUND('',#723,.T.);
#463=EDGE_LOOP('',(#3169,#3170,#3171,#3172));
#464=EDGE_LOOP('',(#3173,#3174,#3175,#3176));
#465=EDGE_LOOP('',(#3177,#3178,#3179,#3180));
#466=EDGE_LOOP('',(#3181,#3182,#3183,#3184));
#467=EDGE_LOOP('',(#3185,#3186,#3187,#3188));
#468=EDGE_LOOP('',(#3189,#3190,#3191,#3192));
#469=EDGE_LOOP('',(#3193,#3194,#3195,#3196));
#470=EDGE_LOOP('',(#3197,#3198,#3199,#3200));
#471=EDGE_LOOP('',(#3201,#3202,#3203,#3204,#3205,#3206,#3207,#3208));
#472=EDGE_LOOP('',(#3209,#3210,#3211,#3212,#3213,#3214,#3215,#3216));
#473=EDGE_LOOP('',(#3217,#3218,#3219,#3220));
#474=EDGE_LOOP('',(#3221,#3222,#3223,#3224));
#475=EDGE_LOOP('',(#3225,#3226,#3227,#3228));
#476=EDGE_LOOP('',(#3229,#3230,#3231,#3232));
#477=EDGE_LOOP('',(#3233,#3234,#3235,#3236));
#478=EDGE_LOOP('',(#3237,#3238,#3239,#3240));
#479=EDGE_LOOP('',(#3241,#3242,#3243,#3244));
#480=EDGE_LOOP('',(#3245,#3246,#3247,#3248));
#481=EDGE_LOOP('',(#3249,#3250,#3251,#3252));
#482=EDGE_LOOP('',(#3253,#3254,#3255,#3256));
#483=EDGE_LOOP('',(#3257,#3258,#3259,#3260));
#484=EDGE_LOOP('',(#3261,#3262,#3263,#3264));
#485=EDGE_LOOP('',(#3265,#3266,#3267,#3268));
#486=EDGE_LOOP('',(#3269,#3270,#3271,#3272));
#487=EDGE_LOOP('',(#3273,#3274,#3275,#3276));
#488=EDGE_LOOP('',(#3277,#3278,#3279,#3280));
#489=EDGE_LOOP('',(#3281,#3282,#3283,#3284));
#490=EDGE_LOOP('',(#3285,#3286,#3287,#3288));
#491=EDGE_LOOP('',(#3289,#3290,#3291,#3292));
#492=EDGE_LOOP('',(#3293,#3294,#3295,#3296));
#493=EDGE_LOOP('',(#3297,#3298,#3299,#3300));
#494=EDGE_LOOP('',(#3301,#3302,#3303,#3304));
#495=EDGE_LOOP('',(#3305,#3306,#3307,#3308));
#496=EDGE_LOOP('',(#3309,#3310,#3311,#3312));
#497=EDGE_LOOP('',(#3313,#3314,#3315,#3316));
#498=EDGE_LOOP('',(#3317,#3318,#3319,#3320));
#499=EDGE_LOOP('',(#3321,#3322,#3323,#3324));
#500=EDGE_LOOP('',(#3325,#3326,#3327,#3328));
#501=EDGE_LOOP('',(#3329,#3330,#3331,#3332));
#502=EDGE_LOOP('',(#3333,#3334,#3335,#3336));
#503=EDGE_LOOP('',(#3337,#3338,#3339,#3340));
#504=EDGE_LOOP('',(#3341,#3342,#3343,#3344));
#505=EDGE_LOOP('',(#3345,#3346,#3347,#3348));
#506=EDGE_LOOP('',(#3349,#3350,#3351,#3352));
#507=EDGE_LOOP('',(#3353,#3354,#3355,#3356));
#508=EDGE_LOOP('',(#3357,#3358,#3359,#3360));
#509=EDGE_LOOP('',(#3361,#3362,#3363,#3364));
#510=EDGE_LOOP('',(#3365,#3366,#3367,#3368));
#511=EDGE_LOOP('',(#3369,#3370,#3371,#3372));
#512=EDGE_LOOP('',(#3373,#3374,#3375,#3376));
#513=EDGE_LOOP('',(#3377,#3378,#3379,#3380));
#514=EDGE_LOOP('',(#3381,#3382,#3383,#3384));
#515=EDGE_LOOP('',(#3385,#3386,#3387,#3388));
#516=EDGE_LOOP('',(#3389,#3390,#3391,#3392));
#517=EDGE_LOOP('',(#3393,#3394,#3395,#3396));
#518=EDGE_LOOP('',(#3397,#3398,#3399,#3400));
#519=EDGE_LOOP('',(#3401,#3402,#3403,#3404));
#520=EDGE_LOOP('',(#3405,#3406,#3407,#3408));
#521=EDGE_LOOP('',(#3409,#3410,#3411,#3412));
#522=EDGE_LOOP('',(#3413,#3414,#3415,#3416));
#523=EDGE_LOOP('',(#3417,#3418,#3419,#3420));
#524=EDGE_LOOP('',(#3421,#3422,#3423,#3424));
#525=EDGE_LOOP('',(#3425,#3426,#3427,#3428));
#526=EDGE_LOOP('',(#3429,#3430,#3431,#3432));
#527=EDGE_LOOP('',(#3433,#3434,#3435,#3436));
#528=EDGE_LOOP('',(#3437,#3438,#3439,#3440));
#529=EDGE_LOOP('',(#3441,#3442,#3443,#3444));
#530=EDGE_LOOP('',(#3445,#3446,#3447,#3448));
#531=EDGE_LOOP('',(#3449,#3450,#3451,#3452));
#532=EDGE_LOOP('',(#3453,#3454,#3455,#3456));
#533=EDGE_LOOP('',(#3457,#3458,#3459,#3460));
#534=EDGE_LOOP('',(#3461,#3462,#3463,#3464));
#535=EDGE_LOOP('',(#3465,#3466,#3467,#3468));
#536=EDGE_LOOP('',(#3469,#3470,#3471,#3472));
#537=EDGE_LOOP('',(#3473,#3474,#3475,#3476));
#538=EDGE_LOOP('',(#3477,#3478,#3479,#3480));
#539=EDGE_LOOP('',(#3481,#3482,#3483,#3484));
#540=EDGE_LOOP('',(#3485,#3486,#3487,#3488));
#541=EDGE_LOOP('',(#3489,#3490,#3491,#3492));
#542=EDGE_LOOP('',(#3493,#3494,#3495,#3496));
#543=EDGE_LOOP('',(#3497,#3498,#3499,#3500));
#544=EDGE_LOOP('',(#3501,#3502,#3503,#3504));
#545=EDGE_LOOP('',(#3505,#3506,#3507,#3508,#3509,#3510,#3511,#3512,#3513,
#3514,#3515,#3516,#3517,#3518,#3519,#3520,#3521,#3522,#3523,#3524,#3525,
#3526,#3527,#3528,#3529,#3530,#3531,#3532,#3533,#3534,#3535,#3536,#3537,
#3538,#3539,#3540,#3541,#3542,#3543,#3544,#3545,#3546,#3547,#3548,#3549,
#3550,#3551,#3552,#3553,#3554,#3555,#3556,#3557,#3558,#3559,#3560,#3561,
#3562,#3563,#3564,#3565,#3566,#3567,#3568,#3569,#3570,#3571,#3572,#3573,
#3574,#3575,#3576));
#546=EDGE_LOOP('',(#3577,#3578,#3579,#3580,#3581,#3582,#3583,#3584,#3585,
#3586,#3587,#3588,#3589,#3590,#3591,#3592,#3593,#3594,#3595,#3596,#3597,
#3598,#3599,#3600,#3601,#3602,#3603,#3604,#3605,#3606,#3607,#3608,#3609,
#3610,#3611,#3612,#3613,#3614,#3615,#3616,#3617,#3618,#3619,#3620,#3621,
#3622,#3623,#3624,#3625,#3626,#3627,#3628,#3629,#3630,#3631,#3632,#3633,
#3634,#3635,#3636,#3637,#3638,#3639,#3640,#3641,#3642,#3643,#3644,#3645,
#3646,#3647,#3648));
#547=EDGE_LOOP('',(#3649));
#548=EDGE_LOOP('',(#3650));
#549=EDGE_LOOP('',(#3651,#3652,#3653,#3654));
#550=EDGE_LOOP('',(#3655));
#551=EDGE_LOOP('',(#3656));
#552=EDGE_LOOP('',(#3657,#3658,#3659,#3660));
#553=EDGE_LOOP('',(#3661,#3662,#3663,#3664));
#554=EDGE_LOOP('',(#3665,#3666,#3667,#3668));
#555=EDGE_LOOP('',(#3669,#3670,#3671,#3672));
#556=EDGE_LOOP('',(#3673,#3674,#3675,#3676));
#557=EDGE_LOOP('',(#3677,#3678,#3679,#3680));
#558=EDGE_LOOP('',(#3681,#3682,#3683,#3684));
#559=EDGE_LOOP('',(#3685,#3686,#3687,#3688));
#560=EDGE_LOOP('',(#3689,#3690,#3691,#3692));
#561=EDGE_LOOP('',(#3693,#3694,#3695,#3696,#3697,#3698,#3699,#3700));
#562=EDGE_LOOP('',(#3701,#3702,#3703,#3704,#3705,#3706,#3707,#3708));
#563=EDGE_LOOP('',(#3709,#3710,#3711,#3712));
#564=EDGE_LOOP('',(#3713,#3714,#3715,#3716));
#565=EDGE_LOOP('',(#3717,#3718,#3719,#3720));
#566=EDGE_LOOP('',(#3721,#3722,#3723,#3724));
#567=EDGE_LOOP('',(#3725,#3726,#3727,#3728));
#568=EDGE_LOOP('',(#3729,#3730,#3731,#3732));
#569=EDGE_LOOP('',(#3733,#3734,#3735,#3736));
#570=EDGE_LOOP('',(#3737,#3738,#3739,#3740));
#571=EDGE_LOOP('',(#3741,#3742,#3743,#3744));
#572=EDGE_LOOP('',(#3745,#3746,#3747,#3748));
#573=EDGE_LOOP('',(#3749,#3750,#3751,#3752));
#574=EDGE_LOOP('',(#3753,#3754,#3755,#3756));
#575=EDGE_LOOP('',(#3757,#3758,#3759,#3760));
#576=EDGE_LOOP('',(#3761,#3762,#3763,#3764));
#577=EDGE_LOOP('',(#3765,#3766,#3767,#3768));
#578=EDGE_LOOP('',(#3769,#3770,#3771,#3772));
#579=EDGE_LOOP('',(#3773,#3774,#3775,#3776));
#580=EDGE_LOOP('',(#3777,#3778,#3779,#3780));
#581=EDGE_LOOP('',(#3781,#3782,#3783,#3784));
#582=EDGE_LOOP('',(#3785,#3786,#3787,#3788));
#583=EDGE_LOOP('',(#3789,#3790,#3791,#3792));
#584=EDGE_LOOP('',(#3793,#3794,#3795,#3796));
#585=EDGE_LOOP('',(#3797,#3798,#3799,#3800));
#586=EDGE_LOOP('',(#3801,#3802,#3803,#3804));
#587=EDGE_LOOP('',(#3805,#3806,#3807,#3808));
#588=EDGE_LOOP('',(#3809,#3810,#3811,#3812));
#589=EDGE_LOOP('',(#3813,#3814,#3815,#3816));
#590=EDGE_LOOP('',(#3817,#3818,#3819,#3820));
#591=EDGE_LOOP('',(#3821,#3822,#3823,#3824));
#592=EDGE_LOOP('',(#3825,#3826,#3827,#3828));
#593=EDGE_LOOP('',(#3829,#3830,#3831,#3832));
#594=EDGE_LOOP('',(#3833,#3834,#3835,#3836));
#595=EDGE_LOOP('',(#3837,#3838,#3839,#3840));
#596=EDGE_LOOP('',(#3841,#3842,#3843,#3844));
#597=EDGE_LOOP('',(#3845,#3846,#3847,#3848));
#598=EDGE_LOOP('',(#3849,#3850,#3851,#3852));
#599=EDGE_LOOP('',(#3853,#3854,#3855,#3856));
#600=EDGE_LOOP('',(#3857,#3858,#3859,#3860));
#601=EDGE_LOOP('',(#3861,#3862,#3863,#3864));
#602=EDGE_LOOP('',(#3865,#3866,#3867,#3868));
#603=EDGE_LOOP('',(#3869,#3870,#3871,#3872));
#604=EDGE_LOOP('',(#3873,#3874,#3875,#3876));
#605=EDGE_LOOP('',(#3877,#3878,#3879,#3880));
#606=EDGE_LOOP('',(#3881,#3882,#3883,#3884));
#607=EDGE_LOOP('',(#3885,#3886,#3887,#3888));
#608=EDGE_LOOP('',(#3889,#3890,#3891,#3892));
#609=EDGE_LOOP('',(#3893,#3894,#3895,#3896));
#610=EDGE_LOOP('',(#3897,#3898,#3899,#3900));
#611=EDGE_LOOP('',(#3901,#3902,#3903,#3904));
#612=EDGE_LOOP('',(#3905,#3906,#3907,#3908));
#613=EDGE_LOOP('',(#3909,#3910,#3911,#3912));
#614=EDGE_LOOP('',(#3913,#3914,#3915,#3916));
#615=EDGE_LOOP('',(#3917,#3918,#3919,#3920));
#616=EDGE_LOOP('',(#3921,#3922,#3923,#3924));
#617=EDGE_LOOP('',(#3925,#3926,#3927,#3928));
#618=EDGE_LOOP('',(#3929,#3930,#3931,#3932));
#619=EDGE_LOOP('',(#3933,#3934,#3935,#3936));
#620=EDGE_LOOP('',(#3937,#3938,#3939,#3940));
#621=EDGE_LOOP('',(#3941,#3942,#3943,#3944));
#622=EDGE_LOOP('',(#3945,#3946,#3947,#3948));
#623=EDGE_LOOP('',(#3949,#3950,#3951,#3952));
#624=EDGE_LOOP('',(#3953,#3954,#3955,#3956));
#625=EDGE_LOOP('',(#3957,#3958,#3959,#3960));
#626=EDGE_LOOP('',(#3961,#3962,#3963,#3964));
#627=EDGE_LOOP('',(#3965,#3966,#3967,#3968));
#628=EDGE_LOOP('',(#3969,#3970,#3971,#3972));
#629=EDGE_LOOP('',(#3973,#3974,#3975,#3976));
#630=EDGE_LOOP('',(#3977,#3978,#3979,#3980));
#631=EDGE_LOOP('',(#3981,#3982,#3983,#3984));
#632=EDGE_LOOP('',(#3985,#3986,#3987,#3988));
#633=EDGE_LOOP('',(#3989,#3990,#3991,#3992));
#634=EDGE_LOOP('',(#3993,#3994,#3995,#3996));
#635=EDGE_LOOP('',(#3997,#3998,#3999,#4000,#4001,#4002,#4003,#4004,#4005,
#4006,#4007,#4008,#4009,#4010,#4011,#4012,#4013,#4014,#4015,#4016,#4017,
#4018,#4019,#4020,#4021,#4022,#4023,#4024,#4025,#4026,#4027,#4028,#4029,
#4030,#4031,#4032,#4033,#4034,#4035,#4036,#4037,#4038,#4039,#4040,#4041,
#4042,#4043,#4044,#4045,#4046,#4047,#4048,#4049,#4050,#4051,#4052,#4053,
#4054,#4055,#4056,#4057,#4058,#4059,#4060,#4061,#4062,#4063,#4064,#4065,
#4066,#4067,#4068));
#636=EDGE_LOOP('',(#4069,#4070,#4071,#4072,#4073,#4074,#4075,#4076,#4077,
#4078,#4079,#4080,#4081,#4082,#4083,#4084,#4085,#4086,#4087,#4088,#4089,
#4090,#4091,#4092,#4093,#4094,#4095,#4096,#4097,#4098,#4099,#4100,#4101,
#4102,#4103,#4104,#4105,#4106,#4107,#4108,#4109,#4110,#4111,#4112,#4113,
#4114,#4115,#4116,#4117,#4118,#4119,#4120,#4121,#4122,#4123,#4124,#4125,
#4126,#4127,#4128,#4129,#4130,#4131,#4132,#4133,#4134,#4135,#4136,#4137,
#4138,#4139,#4140));
#637=EDGE_LOOP('',(#4141,#4142,#4143,#4144));
#638=EDGE_LOOP('',(#4145,#4146,#4147,#4148));
#639=EDGE_LOOP('',(#4149,#4150,#4151,#4152));
#640=EDGE_LOOP('',(#4153,#4154,#4155,#4156));
#641=EDGE_LOOP('',(#4157,#4158,#4159,#4160));
#642=EDGE_LOOP('',(#4161,#4162,#4163,#4164));
#643=EDGE_LOOP('',(#4165,#4166,#4167,#4168));
#644=EDGE_LOOP('',(#4169,#4170,#4171,#4172));
#645=EDGE_LOOP('',(#4173,#4174,#4175,#4176,#4177,#4178,#4179,#4180));
#646=EDGE_LOOP('',(#4181,#4182,#4183,#4184,#4185,#4186,#4187,#4188));
#647=EDGE_LOOP('',(#4189,#4190,#4191,#4192));
#648=EDGE_LOOP('',(#4193,#4194,#4195,#4196));
#649=EDGE_LOOP('',(#4197,#4198,#4199,#4200));
#650=EDGE_LOOP('',(#4201,#4202,#4203,#4204));
#651=EDGE_LOOP('',(#4205,#4206,#4207,#4208));
#652=EDGE_LOOP('',(#4209,#4210,#4211,#4212));
#653=EDGE_LOOP('',(#4213,#4214,#4215,#4216));
#654=EDGE_LOOP('',(#4217,#4218,#4219,#4220));
#655=EDGE_LOOP('',(#4221,#4222,#4223,#4224));
#656=EDGE_LOOP('',(#4225,#4226,#4227,#4228));
#657=EDGE_LOOP('',(#4229,#4230,#4231,#4232));
#658=EDGE_LOOP('',(#4233,#4234,#4235,#4236));
#659=EDGE_LOOP('',(#4237,#4238,#4239,#4240));
#660=EDGE_LOOP('',(#4241,#4242,#4243,#4244));
#661=EDGE_LOOP('',(#4245,#4246,#4247,#4248));
#662=EDGE_LOOP('',(#4249,#4250,#4251,#4252));
#663=EDGE_LOOP('',(#4253,#4254,#4255,#4256));
#664=EDGE_LOOP('',(#4257,#4258,#4259,#4260));
#665=EDGE_LOOP('',(#4261,#4262,#4263,#4264));
#666=EDGE_LOOP('',(#4265,#4266,#4267,#4268));
#667=EDGE_LOOP('',(#4269,#4270,#4271,#4272));
#668=EDGE_LOOP('',(#4273,#4274,#4275,#4276));
#669=EDGE_LOOP('',(#4277,#4278,#4279,#4280));
#670=EDGE_LOOP('',(#4281,#4282,#4283,#4284));
#671=EDGE_LOOP('',(#4285,#4286,#4287,#4288));
#672=EDGE_LOOP('',(#4289,#4290,#4291,#4292));
#673=EDGE_LOOP('',(#4293,#4294,#4295,#4296));
#674=EDGE_LOOP('',(#4297,#4298,#4299,#4300));
#675=EDGE_LOOP('',(#4301,#4302,#4303,#4304));
#676=EDGE_LOOP('',(#4305,#4306,#4307,#4308));
#677=EDGE_LOOP('',(#4309,#4310,#4311,#4312));
#678=EDGE_LOOP('',(#4313,#4314,#4315,#4316));
#679=EDGE_LOOP('',(#4317,#4318,#4319,#4320));
#680=EDGE_LOOP('',(#4321,#4322,#4323,#4324));
#681=EDGE_LOOP('',(#4325,#4326,#4327,#4328));
#682=EDGE_LOOP('',(#4329,#4330,#4331,#4332));
#683=EDGE_LOOP('',(#4333,#4334,#4335,#4336));
#684=EDGE_LOOP('',(#4337,#4338,#4339,#4340));
#685=EDGE_LOOP('',(#4341,#4342,#4343,#4344));
#686=EDGE_LOOP('',(#4345,#4346,#4347,#4348));
#687=EDGE_LOOP('',(#4349,#4350,#4351,#4352));
#688=EDGE_LOOP('',(#4353,#4354,#4355,#4356));
#689=EDGE_LOOP('',(#4357,#4358,#4359,#4360));
#690=EDGE_LOOP('',(#4361,#4362,#4363,#4364));
#691=EDGE_LOOP('',(#4365,#4366,#4367,#4368));
#692=EDGE_LOOP('',(#4369,#4370,#4371,#4372));
#693=EDGE_LOOP('',(#4373,#4374,#4375,#4376));
#694=EDGE_LOOP('',(#4377,#4378,#4379,#4380));
#695=EDGE_LOOP('',(#4381,#4382,#4383,#4384));
#696=EDGE_LOOP('',(#4385,#4386,#4387,#4388));
#697=EDGE_LOOP('',(#4389,#4390,#4391,#4392));
#698=EDGE_LOOP('',(#4393,#4394,#4395,#4396));
#699=EDGE_LOOP('',(#4397,#4398,#4399,#4400));
#700=EDGE_LOOP('',(#4401,#4402,#4403,#4404));
#701=EDGE_LOOP('',(#4405,#4406,#4407,#4408));
#702=EDGE_LOOP('',(#4409,#4410,#4411,#4412));
#703=EDGE_LOOP('',(#4413,#4414,#4415,#4416));
#704=EDGE_LOOP('',(#4417,#4418,#4419,#4420));
#705=EDGE_LOOP('',(#4421,#4422,#4423,#4424));
#706=EDGE_LOOP('',(#4425,#4426,#4427,#4428));
#707=EDGE_LOOP('',(#4429,#4430,#4431,#4432));
#708=EDGE_LOOP('',(#4433,#4434,#4435,#4436));
#709=EDGE_LOOP('',(#4437,#4438,#4439,#4440));
#710=EDGE_LOOP('',(#4441,#4442,#4443,#4444));
#711=EDGE_LOOP('',(#4445,#4446,#4447,#4448));
#712=EDGE_LOOP('',(#4449,#4450,#4451,#4452));
#713=EDGE_LOOP('',(#4453,#4454,#4455,#4456));
#714=EDGE_LOOP('',(#4457,#4458,#4459,#4460));
#715=EDGE_LOOP('',(#4461,#4462,#4463,#4464));
#716=EDGE_LOOP('',(#4465,#4466,#4467,#4468));
#717=EDGE_LOOP('',(#4469,#4470,#4471,#4472));
#718=EDGE_LOOP('',(#4473,#4474,#4475,#4476));
#719=EDGE_LOOP('',(#4477,#4478,#4479,#4480,#4481,#4482,#4483,#4484,#4485,
#4486,#4487,#4488,#4489,#4490,#4491,#4492,#4493,#4494,#4495,#4496,#4497,
#4498,#4499,#4500,#4501,#4502,#4503,#4504,#4505,#4506,#4507,#4508,#4509,
#4510,#4511,#4512,#4513,#4514,#4515,#4516,#4517,#4518,#4519,#4520,#4521,
#4522,#4523,#4524,#4525,#4526,#4527,#4528,#4529,#4530,#4531,#4532,#4533,
#4534,#4535,#4536,#4537,#4538,#4539,#4540,#4541,#4542,#4543,#4544,#4545,
#4546,#4547,#4548));
#720=EDGE_LOOP('',(#4549,#4550,#4551,#4552,#4553,#4554,#4555,#4556,#4557,
#4558,#4559,#4560,#4561,#4562,#4563,#4564,#4565,#4566,#4567,#4568,#4569,
#4570,#4571,#4572,#4573,#4574,#4575,#4576,#4577,#4578,#4579,#4580,#4581,
#4582,#4583,#4584,#4585,#4586,#4587,#4588,#4589,#4590,#4591,#4592,#4593,
#4594,#4595,#4596,#4597,#4598,#4599,#4600,#4601,#4602,#4603,#4604,#4605,
#4606,#4607,#4608,#4609,#4610,#4611,#4612,#4613,#4614,#4615,#4616,#4617,
#4618,#4619,#4620));
#721=EDGE_LOOP('',(#4621));
#722=EDGE_LOOP('',(#4622));
#723=EDGE_LOOP('',(#4623,#4624,#4625,#4626));
#724=LINE('',#6860,#1339);
#725=LINE('',#6862,#1340);
#726=LINE('',#6864,#1341);
#727=LINE('',#6865,#1342);
#728=LINE('',#6869,#1343);
#729=LINE('',#6871,#1344);
#730=LINE('',#6873,#1345);
#731=LINE('',#6874,#1346);
#732=LINE('',#6876,#1347);
#733=LINE('',#6877,#1348);
#734=LINE('',#6880,#1349);
#735=LINE('',#6882,#1350);
#736=LINE('',#6883,#1351);
#737=LINE('',#6886,#1352);
#738=LINE('',#6888,#1353);
#739=LINE('',#6889,#1354);
#740=LINE('',#6892,#1355);
#741=LINE('',#6894,#1356);
#742=LINE('',#6895,#1357);
#743=LINE('',#6898,#1358);
#744=LINE('',#6900,#1359);
#745=LINE('',#6901,#1360);
#746=LINE('',#6903,#1361);
#747=LINE('',#6904,#1362);
#748=LINE('',#6912,#1363);
#749=LINE('',#6915,#1364);
#750=LINE('',#6918,#1365);
#751=LINE('',#6920,#1366);
#752=LINE('',#6921,#1367);
#753=LINE('',#6924,#1368);
#754=LINE('',#6926,#1369);
#755=LINE('',#6927,#1370);
#756=LINE('',#6930,#1371);
#757=LINE('',#6932,#1372);
#758=LINE('',#6933,#1373);
#759=LINE('',#6939,#1374);
#760=LINE('',#6942,#1375);
#761=LINE('',#6944,#1376);
#762=LINE('',#6945,#1377);
#763=LINE('',#6948,#1378);
#764=LINE('',#6950,#1379);
#765=LINE('',#6951,#1380);
#766=LINE('',#6954,#1381);
#767=LINE('',#6956,#1382);
#768=LINE('',#6957,#1383);
#769=LINE('',#6963,#1384);
#770=LINE('',#6966,#1385);
#771=LINE('',#6968,#1386);
#772=LINE('',#6969,#1387);
#773=LINE('',#6972,#1388);
#774=LINE('',#6974,#1389);
#775=LINE('',#6975,#1390);
#776=LINE('',#6978,#1391);
#777=LINE('',#6980,#1392);
#778=LINE('',#6981,#1393);
#779=LINE('',#6987,#1394);
#780=LINE('',#6990,#1395);
#781=LINE('',#6992,#1396);
#782=LINE('',#6993,#1397);
#783=LINE('',#6996,#1398);
#784=LINE('',#6998,#1399);
#785=LINE('',#6999,#1400);
#786=LINE('',#7002,#1401);
#787=LINE('',#7004,#1402);
#788=LINE('',#7005,#1403);
#789=LINE('',#7011,#1404);
#790=LINE('',#7014,#1405);
#791=LINE('',#7016,#1406);
#792=LINE('',#7017,#1407);
#793=LINE('',#7020,#1408);
#794=LINE('',#7022,#1409);
#795=LINE('',#7023,#1410);
#796=LINE('',#7026,#1411);
#797=LINE('',#7028,#1412);
#798=LINE('',#7029,#1413);
#799=LINE('',#7035,#1414);
#800=LINE('',#7038,#1415);
#801=LINE('',#7040,#1416);
#802=LINE('',#7041,#1417);
#803=LINE('',#7044,#1418);
#804=LINE('',#7046,#1419);
#805=LINE('',#7047,#1420);
#806=LINE('',#7050,#1421);
#807=LINE('',#7052,#1422);
#808=LINE('',#7053,#1423);
#809=LINE('',#7059,#1424);
#810=LINE('',#7062,#1425);
#811=LINE('',#7064,#1426);
#812=LINE('',#7065,#1427);
#813=LINE('',#7068,#1428);
#814=LINE('',#7070,#1429);
#815=LINE('',#7071,#1430);
#816=LINE('',#7074,#1431);
#817=LINE('',#7076,#1432);
#818=LINE('',#7077,#1433);
#819=LINE('',#7083,#1434);
#820=LINE('',#7086,#1435);
#821=LINE('',#7088,#1436);
#822=LINE('',#7089,#1437);
#823=LINE('',#7092,#1438);
#824=LINE('',#7094,#1439);
#825=LINE('',#7095,#1440);
#826=LINE('',#7098,#1441);
#827=LINE('',#7100,#1442);
#828=LINE('',#7101,#1443);
#829=LINE('',#7107,#1444);
#830=LINE('',#7110,#1445);
#831=LINE('',#7112,#1446);
#832=LINE('',#7113,#1447);
#833=LINE('',#7116,#1448);
#834=LINE('',#7118,#1449);
#835=LINE('',#7119,#1450);
#836=LINE('',#7122,#1451);
#837=LINE('',#7124,#1452);
#838=LINE('',#7125,#1453);
#839=LINE('',#7131,#1454);
#840=LINE('',#7134,#1455);
#841=LINE('',#7136,#1456);
#842=LINE('',#7137,#1457);
#843=LINE('',#7140,#1458);
#844=LINE('',#7142,#1459);
#845=LINE('',#7143,#1460);
#846=LINE('',#7146,#1461);
#847=LINE('',#7148,#1462);
#848=LINE('',#7149,#1463);
#849=LINE('',#7155,#1464);
#850=LINE('',#7158,#1465);
#851=LINE('',#7160,#1466);
#852=LINE('',#7161,#1467);
#853=LINE('',#7164,#1468);
#854=LINE('',#7166,#1469);
#855=LINE('',#7167,#1470);
#856=LINE('',#7170,#1471);
#857=LINE('',#7172,#1472);
#858=LINE('',#7173,#1473);
#859=LINE('',#7179,#1474);
#860=LINE('',#7182,#1475);
#861=LINE('',#7184,#1476);
#862=LINE('',#7185,#1477);
#863=LINE('',#7188,#1478);
#864=LINE('',#7190,#1479);
#865=LINE('',#7191,#1480);
#866=LINE('',#7194,#1481);
#867=LINE('',#7196,#1482);
#868=LINE('',#7197,#1483);
#869=LINE('',#7203,#1484);
#870=LINE('',#7206,#1485);
#871=LINE('',#7208,#1486);
#872=LINE('',#7209,#1487);
#873=LINE('',#7212,#1488);
#874=LINE('',#7214,#1489);
#875=LINE('',#7215,#1490);
#876=LINE('',#7218,#1491);
#877=LINE('',#7220,#1492);
#878=LINE('',#7221,#1493);
#879=LINE('',#7227,#1494);
#880=LINE('',#7230,#1495);
#881=LINE('',#7232,#1496);
#882=LINE('',#7233,#1497);
#883=LINE('',#7236,#1498);
#884=LINE('',#7238,#1499);
#885=LINE('',#7239,#1500);
#886=LINE('',#7242,#1501);
#887=LINE('',#7244,#1502);
#888=LINE('',#7245,#1503);
#889=LINE('',#7251,#1504);
#890=LINE('',#7254,#1505);
#891=LINE('',#7256,#1506);
#892=LINE('',#7257,#1507);
#893=LINE('',#7260,#1508);
#894=LINE('',#7262,#1509);
#895=LINE('',#7263,#1510);
#896=LINE('',#7266,#1511);
#897=LINE('',#7268,#1512);
#898=LINE('',#7269,#1513);
#899=LINE('',#7275,#1514);
#900=LINE('',#7278,#1515);
#901=LINE('',#7280,#1516);
#902=LINE('',#7281,#1517);
#903=LINE('',#7284,#1518);
#904=LINE('',#7286,#1519);
#905=LINE('',#7287,#1520);
#906=LINE('',#7290,#1521);
#907=LINE('',#7292,#1522);
#908=LINE('',#7293,#1523);
#909=LINE('',#7299,#1524);
#910=LINE('',#7302,#1525);
#911=LINE('',#7304,#1526);
#912=LINE('',#7305,#1527);
#913=LINE('',#7308,#1528);
#914=LINE('',#7310,#1529);
#915=LINE('',#7311,#1530);
#916=LINE('',#7314,#1531);
#917=LINE('',#7316,#1532);
#918=LINE('',#7317,#1533);
#919=LINE('',#7323,#1534);
#920=LINE('',#7326,#1535);
#921=LINE('',#7328,#1536);
#922=LINE('',#7329,#1537);
#923=LINE('',#7332,#1538);
#924=LINE('',#7334,#1539);
#925=LINE('',#7335,#1540);
#926=LINE('',#7337,#1541);
#927=LINE('',#7338,#1542);
#928=LINE('',#7348,#1543);
#929=LINE('',#7356,#1544);
#930=LINE('',#7360,#1545);
#931=LINE('',#7362,#1546);
#932=LINE('',#7364,#1547);
#933=LINE('',#7365,#1548);
#934=LINE('',#7369,#1549);
#935=LINE('',#7371,#1550);
#936=LINE('',#7373,#1551);
#937=LINE('',#7374,#1552);
#938=LINE('',#7376,#1553);
#939=LINE('',#7377,#1554);
#940=LINE('',#7380,#1555);
#941=LINE('',#7382,#1556);
#942=LINE('',#7383,#1557);
#943=LINE('',#7386,#1558);
#944=LINE('',#7388,#1559);
#945=LINE('',#7389,#1560);
#946=LINE('',#7392,#1561);
#947=LINE('',#7394,#1562);
#948=LINE('',#7395,#1563);
#949=LINE('',#7398,#1564);
#950=LINE('',#7400,#1565);
#951=LINE('',#7401,#1566);
#952=LINE('',#7403,#1567);
#953=LINE('',#7404,#1568);
#954=LINE('',#7412,#1569);
#955=LINE('',#7415,#1570);
#956=LINE('',#7418,#1571);
#957=LINE('',#7420,#1572);
#958=LINE('',#7421,#1573);
#959=LINE('',#7424,#1574);
#960=LINE('',#7426,#1575);
#961=LINE('',#7427,#1576);
#962=LINE('',#7430,#1577);
#963=LINE('',#7432,#1578);
#964=LINE('',#7433,#1579);
#965=LINE('',#7439,#1580);
#966=LINE('',#7442,#1581);
#967=LINE('',#7444,#1582);
#968=LINE('',#7445,#1583);
#969=LINE('',#7448,#1584);
#970=LINE('',#7450,#1585);
#971=LINE('',#7451,#1586);
#972=LINE('',#7454,#1587);
#973=LINE('',#7456,#1588);
#974=LINE('',#7457,#1589);
#975=LINE('',#7463,#1590);
#976=LINE('',#7466,#1591);
#977=LINE('',#7468,#1592);
#978=LINE('',#7469,#1593);
#979=LINE('',#7472,#1594);
#980=LINE('',#7474,#1595);
#981=LINE('',#7475,#1596);
#982=LINE('',#7478,#1597);
#983=LINE('',#7480,#1598);
#984=LINE('',#7481,#1599);
#985=LINE('',#7487,#1600);
#986=LINE('',#7490,#1601);
#987=LINE('',#7492,#1602);
#988=LINE('',#7493,#1603);
#989=LINE('',#7496,#1604);
#990=LINE('',#7498,#1605);
#991=LINE('',#7499,#1606);
#992=LINE('',#7502,#1607);
#993=LINE('',#7504,#1608);
#994=LINE('',#7505,#1609);
#995=LINE('',#7511,#1610);
#996=LINE('',#7514,#1611);
#997=LINE('',#7516,#1612);
#998=LINE('',#7517,#1613);
#999=LINE('',#7520,#1614);
#1000=LINE('',#7522,#1615);
#1001=LINE('',#7523,#1616);
#1002=LINE('',#7526,#1617);
#1003=LINE('',#7528,#1618);
#1004=LINE('',#7529,#1619);
#1005=LINE('',#7535,#1620);
#1006=LINE('',#7538,#1621);
#1007=LINE('',#7540,#1622);
#1008=LINE('',#7541,#1623);
#1009=LINE('',#7544,#1624);
#1010=LINE('',#7546,#1625);
#1011=LINE('',#7547,#1626);
#1012=LINE('',#7550,#1627);
#1013=LINE('',#7552,#1628);
#1014=LINE('',#7553,#1629);
#1015=LINE('',#7559,#1630);
#1016=LINE('',#7562,#1631);
#1017=LINE('',#7564,#1632);
#1018=LINE('',#7565,#1633);
#1019=LINE('',#7568,#1634);
#1020=LINE('',#7570,#1635);
#1021=LINE('',#7571,#1636);
#1022=LINE('',#7574,#1637);
#1023=LINE('',#7576,#1638);
#1024=LINE('',#7577,#1639);
#1025=LINE('',#7583,#1640);
#1026=LINE('',#7586,#1641);
#1027=LINE('',#7588,#1642);
#1028=LINE('',#7589,#1643);
#1029=LINE('',#7592,#1644);
#1030=LINE('',#7594,#1645);
#1031=LINE('',#7595,#1646);
#1032=LINE('',#7598,#1647);
#1033=LINE('',#7600,#1648);
#1034=LINE('',#7601,#1649);
#1035=LINE('',#7607,#1650);
#1036=LINE('',#7610,#1651);
#1037=LINE('',#7612,#1652);
#1038=LINE('',#7613,#1653);
#1039=LINE('',#7616,#1654);
#1040=LINE('',#7618,#1655);
#1041=LINE('',#7619,#1656);
#1042=LINE('',#7622,#1657);
#1043=LINE('',#7624,#1658);
#1044=LINE('',#7625,#1659);
#1045=LINE('',#7631,#1660);
#1046=LINE('',#7634,#1661);
#1047=LINE('',#7636,#1662);
#1048=LINE('',#7637,#1663);
#1049=LINE('',#7640,#1664);
#1050=LINE('',#7642,#1665);
#1051=LINE('',#7643,#1666);
#1052=LINE('',#7646,#1667);
#1053=LINE('',#7648,#1668);
#1054=LINE('',#7649,#1669);
#1055=LINE('',#7655,#1670);
#1056=LINE('',#7658,#1671);
#1057=LINE('',#7660,#1672);
#1058=LINE('',#7661,#1673);
#1059=LINE('',#7664,#1674);
#1060=LINE('',#7666,#1675);
#1061=LINE('',#7667,#1676);
#1062=LINE('',#7670,#1677);
#1063=LINE('',#7672,#1678);
#1064=LINE('',#7673,#1679);
#1065=LINE('',#7679,#1680);
#1066=LINE('',#7682,#1681);
#1067=LINE('',#7684,#1682);
#1068=LINE('',#7685,#1683);
#1069=LINE('',#7688,#1684);
#1070=LINE('',#7690,#1685);
#1071=LINE('',#7691,#1686);
#1072=LINE('',#7694,#1687);
#1073=LINE('',#7696,#1688);
#1074=LINE('',#7697,#1689);
#1075=LINE('',#7703,#1690);
#1076=LINE('',#7706,#1691);
#1077=LINE('',#7708,#1692);
#1078=LINE('',#7709,#1693);
#1079=LINE('',#7712,#1694);
#1080=LINE('',#7714,#1695);
#1081=LINE('',#7715,#1696);
#1082=LINE('',#7718,#1697);
#1083=LINE('',#7720,#1698);
#1084=LINE('',#7721,#1699);
#1085=LINE('',#7727,#1700);
#1086=LINE('',#7730,#1701);
#1087=LINE('',#7732,#1702);
#1088=LINE('',#7733,#1703);
#1089=LINE('',#7736,#1704);
#1090=LINE('',#7738,#1705);
#1091=LINE('',#7739,#1706);
#1092=LINE('',#7742,#1707);
#1093=LINE('',#7744,#1708);
#1094=LINE('',#7745,#1709);
#1095=LINE('',#7751,#1710);
#1096=LINE('',#7754,#1711);
#1097=LINE('',#7756,#1712);
#1098=LINE('',#7757,#1713);
#1099=LINE('',#7760,#1714);
#1100=LINE('',#7762,#1715);
#1101=LINE('',#7763,#1716);
#1102=LINE('',#7766,#1717);
#1103=LINE('',#7768,#1718);
#1104=LINE('',#7769,#1719);
#1105=LINE('',#7775,#1720);
#1106=LINE('',#7778,#1721);
#1107=LINE('',#7780,#1722);
#1108=LINE('',#7781,#1723);
#1109=LINE('',#7784,#1724);
#1110=LINE('',#7786,#1725);
#1111=LINE('',#7787,#1726);
#1112=LINE('',#7790,#1727);
#1113=LINE('',#7792,#1728);
#1114=LINE('',#7793,#1729);
#1115=LINE('',#7799,#1730);
#1116=LINE('',#7802,#1731);
#1117=LINE('',#7804,#1732);
#1118=LINE('',#7805,#1733);
#1119=LINE('',#7808,#1734);
#1120=LINE('',#7810,#1735);
#1121=LINE('',#7811,#1736);
#1122=LINE('',#7814,#1737);
#1123=LINE('',#7816,#1738);
#1124=LINE('',#7817,#1739);
#1125=LINE('',#7823,#1740);
#1126=LINE('',#7826,#1741);
#1127=LINE('',#7828,#1742);
#1128=LINE('',#7829,#1743);
#1129=LINE('',#7832,#1744);
#1130=LINE('',#7834,#1745);
#1131=LINE('',#7835,#1746);
#1132=LINE('',#7837,#1747);
#1133=LINE('',#7838,#1748);
#1134=LINE('',#7844,#1749);
#1135=LINE('',#7846,#1750);
#1136=LINE('',#7848,#1751);
#1137=LINE('',#7849,#1752);
#1138=LINE('',#7853,#1753);
#1139=LINE('',#7855,#1754);
#1140=LINE('',#7857,#1755);
#1141=LINE('',#7858,#1756);
#1142=LINE('',#7860,#1757);
#1143=LINE('',#7861,#1758);
#1144=LINE('',#7864,#1759);
#1145=LINE('',#7866,#1760);
#1146=LINE('',#7867,#1761);
#1147=LINE('',#7870,#1762);
#1148=LINE('',#7872,#1763);
#1149=LINE('',#7873,#1764);
#1150=LINE('',#7876,#1765);
#1151=LINE('',#7878,#1766);
#1152=LINE('',#7879,#1767);
#1153=LINE('',#7882,#1768);
#1154=LINE('',#7884,#1769);
#1155=LINE('',#7885,#1770);
#1156=LINE('',#7887,#1771);
#1157=LINE('',#7888,#1772);
#1158=LINE('',#7896,#1773);
#1159=LINE('',#7899,#1774);
#1160=LINE('',#7902,#1775);
#1161=LINE('',#7904,#1776);
#1162=LINE('',#7905,#1777);
#1163=LINE('',#7908,#1778);
#1164=LINE('',#7910,#1779);
#1165=LINE('',#7911,#1780);
#1166=LINE('',#7914,#1781);
#1167=LINE('',#7916,#1782);
#1168=LINE('',#7917,#1783);
#1169=LINE('',#7923,#1784);
#1170=LINE('',#7926,#1785);
#1171=LINE('',#7928,#1786);
#1172=LINE('',#7929,#1787);
#1173=LINE('',#7932,#1788);
#1174=LINE('',#7934,#1789);
#1175=LINE('',#7935,#1790);
#1176=LINE('',#7938,#1791);
#1177=LINE('',#7940,#1792);
#1178=LINE('',#7941,#1793);
#1179=LINE('',#7947,#1794);
#1180=LINE('',#7950,#1795);
#1181=LINE('',#7952,#1796);
#1182=LINE('',#7953,#1797);
#1183=LINE('',#7956,#1798);
#1184=LINE('',#7958,#1799);
#1185=LINE('',#7959,#1800);
#1186=LINE('',#7962,#1801);
#1187=LINE('',#7964,#1802);
#1188=LINE('',#7965,#1803);
#1189=LINE('',#7971,#1804);
#1190=LINE('',#7974,#1805);
#1191=LINE('',#7976,#1806);
#1192=LINE('',#7977,#1807);
#1193=LINE('',#7980,#1808);
#1194=LINE('',#7982,#1809);
#1195=LINE('',#7983,#1810);
#1196=LINE('',#7986,#1811);
#1197=LINE('',#7988,#1812);
#1198=LINE('',#7989,#1813);
#1199=LINE('',#7995,#1814);
#1200=LINE('',#7998,#1815);
#1201=LINE('',#8000,#1816);
#1202=LINE('',#8001,#1817);
#1203=LINE('',#8004,#1818);
#1204=LINE('',#8006,#1819);
#1205=LINE('',#8007,#1820);
#1206=LINE('',#8010,#1821);
#1207=LINE('',#8012,#1822);
#1208=LINE('',#8013,#1823);
#1209=LINE('',#8019,#1824);
#1210=LINE('',#8022,#1825);
#1211=LINE('',#8024,#1826);
#1212=LINE('',#8025,#1827);
#1213=LINE('',#8028,#1828);
#1214=LINE('',#8030,#1829);
#1215=LINE('',#8031,#1830);
#1216=LINE('',#8034,#1831);
#1217=LINE('',#8036,#1832);
#1218=LINE('',#8037,#1833);
#1219=LINE('',#8043,#1834);
#1220=LINE('',#8046,#1835);
#1221=LINE('',#8048,#1836);
#1222=LINE('',#8049,#1837);
#1223=LINE('',#8052,#1838);
#1224=LINE('',#8054,#1839);
#1225=LINE('',#8055,#1840);
#1226=LINE('',#8058,#1841);
#1227=LINE('',#8060,#1842);
#1228=LINE('',#8061,#1843);
#1229=LINE('',#8067,#1844);
#1230=LINE('',#8070,#1845);
#1231=LINE('',#8072,#1846);
#1232=LINE('',#8073,#1847);
#1233=LINE('',#8076,#1848);
#1234=LINE('',#8078,#1849);
#1235=LINE('',#8079,#1850);
#1236=LINE('',#8082,#1851);
#1237=LINE('',#8084,#1852);
#1238=LINE('',#8085,#1853);
#1239=LINE('',#8091,#1854);
#1240=LINE('',#8094,#1855);
#1241=LINE('',#8096,#1856);
#1242=LINE('',#8097,#1857);
#1243=LINE('',#8100,#1858);
#1244=LINE('',#8102,#1859);
#1245=LINE('',#8103,#1860);
#1246=LINE('',#8106,#1861);
#1247=LINE('',#8108,#1862);
#1248=LINE('',#8109,#1863);
#1249=LINE('',#8115,#1864);
#1250=LINE('',#8118,#1865);
#1251=LINE('',#8120,#1866);
#1252=LINE('',#8121,#1867);
#1253=LINE('',#8124,#1868);
#1254=LINE('',#8126,#1869);
#1255=LINE('',#8127,#1870);
#1256=LINE('',#8130,#1871);
#1257=LINE('',#8132,#1872);
#1258=LINE('',#8133,#1873);
#1259=LINE('',#8139,#1874);
#1260=LINE('',#8142,#1875);
#1261=LINE('',#8144,#1876);
#1262=LINE('',#8145,#1877);
#1263=LINE('',#8148,#1878);
#1264=LINE('',#8150,#1879);
#1265=LINE('',#8151,#1880);
#1266=LINE('',#8154,#1881);
#1267=LINE('',#8156,#1882);
#1268=LINE('',#8157,#1883);
#1269=LINE('',#8163,#1884);
#1270=LINE('',#8166,#1885);
#1271=LINE('',#8168,#1886);
#1272=LINE('',#8169,#1887);
#1273=LINE('',#8172,#1888);
#1274=LINE('',#8174,#1889);
#1275=LINE('',#8175,#1890);
#1276=LINE('',#8178,#1891);
#1277=LINE('',#8180,#1892);
#1278=LINE('',#8181,#1893);
#1279=LINE('',#8187,#1894);
#1280=LINE('',#8190,#1895);
#1281=LINE('',#8192,#1896);
#1282=LINE('',#8193,#1897);
#1283=LINE('',#8196,#1898);
#1284=LINE('',#8198,#1899);
#1285=LINE('',#8199,#1900);
#1286=LINE('',#8202,#1901);
#1287=LINE('',#8204,#1902);
#1288=LINE('',#8205,#1903);
#1289=LINE('',#8211,#1904);
#1290=LINE('',#8214,#1905);
#1291=LINE('',#8216,#1906);
#1292=LINE('',#8217,#1907);
#1293=LINE('',#8220,#1908);
#1294=LINE('',#8222,#1909);
#1295=LINE('',#8223,#1910);
#1296=LINE('',#8226,#1911);
#1297=LINE('',#8228,#1912);
#1298=LINE('',#8229,#1913);
#1299=LINE('',#8235,#1914);
#1300=LINE('',#8238,#1915);
#1301=LINE('',#8240,#1916);
#1302=LINE('',#8241,#1917);
#1303=LINE('',#8244,#1918);
#1304=LINE('',#8246,#1919);
#1305=LINE('',#8247,#1920);
#1306=LINE('',#8250,#1921);
#1307=LINE('',#8252,#1922);
#1308=LINE('',#8253,#1923);
#1309=LINE('',#8259,#1924);
#1310=LINE('',#8262,#1925);
#1311=LINE('',#8264,#1926);
#1312=LINE('',#8265,#1927);
#1313=LINE('',#8268,#1928);
#1314=LINE('',#8270,#1929);
#1315=LINE('',#8271,#1930);
#1316=LINE('',#8274,#1931);
#1317=LINE('',#8276,#1932);
#1318=LINE('',#8277,#1933);
#1319=LINE('',#8283,#1934);
#1320=LINE('',#8286,#1935);
#1321=LINE('',#8288,#1936);
#1322=LINE('',#8289,#1937);
#1323=LINE('',#8292,#1938);
#1324=LINE('',#8294,#1939);
#1325=LINE('',#8295,#1940);
#1326=LINE('',#8298,#1941);
#1327=LINE('',#8300,#1942);
#1328=LINE('',#8301,#1943);
#1329=LINE('',#8307,#1944);
#1330=LINE('',#8310,#1945);
#1331=LINE('',#8312,#1946);
#1332=LINE('',#8313,#1947);
#1333=LINE('',#8316,#1948);
#1334=LINE('',#8318,#1949);
#1335=LINE('',#8319,#1950);
#1336=LINE('',#8321,#1951);
#1337=LINE('',#8322,#1952);
#1338=LINE('',#8332,#1953);
#1339=VECTOR('',#5493,0.393700787401575);
#1340=VECTOR('',#5494,0.393700787401575);
#1341=VECTOR('',#5495,0.393700787401575);
#1342=VECTOR('',#5496,0.393700787401575);
#1343=VECTOR('',#5499,0.393700787401575);
#1344=VECTOR('',#5500,0.393700787401575);
#1345=VECTOR('',#5501,0.393700787401575);
#1346=VECTOR('',#5502,0.393700787401575);
#1347=VECTOR('',#5505,0.393700787401575);
#1348=VECTOR('',#5506,0.393700787401575);
#1349=VECTOR('',#5509,0.393700787401575);
#1350=VECTOR('',#5510,0.393700787401575);
#1351=VECTOR('',#5511,0.393700787401575);
#1352=VECTOR('',#5514,0.393700787401575);
#1353=VECTOR('',#5515,0.393700787401575);
#1354=VECTOR('',#5516,0.393700787401575);
#1355=VECTOR('',#5519,0.393700787401575);
#1356=VECTOR('',#5520,0.393700787401575);
#1357=VECTOR('',#5521,0.393700787401575);
#1358=VECTOR('',#5524,0.393700787401575);
#1359=VECTOR('',#5525,0.393700787401575);
#1360=VECTOR('',#5526,0.393700787401575);
#1361=VECTOR('',#5529,0.393700787401575);
#1362=VECTOR('',#5530,0.393700787401575);
#1363=VECTOR('',#5539,0.393700787401575);
#1364=VECTOR('',#5542,0.393700787401575);
#1365=VECTOR('',#5545,0.393700787401575);
#1366=VECTOR('',#5546,0.393700787401575);
#1367=VECTOR('',#5547,0.393700787401575);
#1368=VECTOR('',#5550,0.393700787401575);
#1369=VECTOR('',#5551,0.393700787401575);
#1370=VECTOR('',#5552,0.393700787401575);
#1371=VECTOR('',#5555,0.393700787401575);
#1372=VECTOR('',#5556,0.393700787401575);
#1373=VECTOR('',#5557,0.393700787401575);
#1374=VECTOR('',#5564,0.393700787401575);
#1375=VECTOR('',#5567,0.393700787401575);
#1376=VECTOR('',#5568,0.393700787401575);
#1377=VECTOR('',#5569,0.393700787401575);
#1378=VECTOR('',#5572,0.393700787401575);
#1379=VECTOR('',#5573,0.393700787401575);
#1380=VECTOR('',#5574,0.393700787401575);
#1381=VECTOR('',#5577,0.393700787401575);
#1382=VECTOR('',#5578,0.393700787401575);
#1383=VECTOR('',#5579,0.393700787401575);
#1384=VECTOR('',#5586,0.393700787401575);
#1385=VECTOR('',#5589,0.393700787401575);
#1386=VECTOR('',#5590,0.393700787401575);
#1387=VECTOR('',#5591,0.393700787401575);
#1388=VECTOR('',#5594,0.393700787401575);
#1389=VECTOR('',#5595,0.393700787401575);
#1390=VECTOR('',#5596,0.393700787401575);
#1391=VECTOR('',#5599,0.393700787401575);
#1392=VECTOR('',#5600,0.393700787401575);
#1393=VECTOR('',#5601,0.393700787401575);
#1394=VECTOR('',#5608,0.393700787401575);
#1395=VECTOR('',#5611,0.393700787401575);
#1396=VECTOR('',#5612,0.393700787401575);
#1397=VECTOR('',#5613,0.393700787401575);
#1398=VECTOR('',#5616,0.393700787401575);
#1399=VECTOR('',#5617,0.393700787401575);
#1400=VECTOR('',#5618,0.393700787401575);
#1401=VECTOR('',#5621,0.393700787401575);
#1402=VECTOR('',#5622,0.393700787401575);
#1403=VECTOR('',#5623,0.393700787401575);
#1404=VECTOR('',#5630,0.393700787401575);
#1405=VECTOR('',#5633,0.393700787401575);
#1406=VECTOR('',#5634,0.393700787401575);
#1407=VECTOR('',#5635,0.393700787401575);
#1408=VECTOR('',#5638,0.393700787401575);
#1409=VECTOR('',#5639,0.393700787401575);
#1410=VECTOR('',#5640,0.393700787401575);
#1411=VECTOR('',#5643,0.393700787401575);
#1412=VECTOR('',#5644,0.393700787401575);
#1413=VECTOR('',#5645,0.393700787401575);
#1414=VECTOR('',#5652,0.393700787401575);
#1415=VECTOR('',#5655,0.393700787401575);
#1416=VECTOR('',#5656,0.393700787401575);
#1417=VECTOR('',#5657,0.393700787401575);
#1418=VECTOR('',#5660,0.393700787401575);
#1419=VECTOR('',#5661,0.393700787401575);
#1420=VECTOR('',#5662,0.393700787401575);
#1421=VECTOR('',#5665,0.393700787401575);
#1422=VECTOR('',#5666,0.393700787401575);
#1423=VECTOR('',#5667,0.393700787401575);
#1424=VECTOR('',#5674,0.393700787401575);
#1425=VECTOR('',#5677,0.393700787401575);
#1426=VECTOR('',#5678,0.393700787401575);
#1427=VECTOR('',#5679,0.393700787401575);
#1428=VECTOR('',#5682,0.393700787401575);
#1429=VECTOR('',#5683,0.393700787401575);
#1430=VECTOR('',#5684,0.393700787401575);
#1431=VECTOR('',#5687,0.393700787401575);
#1432=VECTOR('',#5688,0.393700787401575);
#1433=VECTOR('',#5689,0.393700787401575);
#1434=VECTOR('',#5696,0.393700787401575);
#1435=VECTOR('',#5699,0.393700787401575);
#1436=VECTOR('',#5700,0.393700787401575);
#1437=VECTOR('',#5701,0.393700787401575);
#1438=VECTOR('',#5704,0.393700787401575);
#1439=VECTOR('',#5705,0.393700787401575);
#1440=VECTOR('',#5706,0.393700787401575);
#1441=VECTOR('',#5709,0.393700787401575);
#1442=VECTOR('',#5710,0.393700787401575);
#1443=VECTOR('',#5711,0.393700787401575);
#1444=VECTOR('',#5718,0.393700787401575);
#1445=VECTOR('',#5721,0.393700787401575);
#1446=VECTOR('',#5722,0.393700787401575);
#1447=VECTOR('',#5723,0.393700787401575);
#1448=VECTOR('',#5726,0.393700787401575);
#1449=VECTOR('',#5727,0.393700787401575);
#1450=VECTOR('',#5728,0.393700787401575);
#1451=VECTOR('',#5731,0.393700787401575);
#1452=VECTOR('',#5732,0.393700787401575);
#1453=VECTOR('',#5733,0.393700787401575);
#1454=VECTOR('',#5740,0.393700787401575);
#1455=VECTOR('',#5743,0.393700787401575);
#1456=VECTOR('',#5744,0.393700787401575);
#1457=VECTOR('',#5745,0.393700787401575);
#1458=VECTOR('',#5748,0.393700787401575);
#1459=VECTOR('',#5749,0.393700787401575);
#1460=VECTOR('',#5750,0.393700787401575);
#1461=VECTOR('',#5753,0.393700787401575);
#1462=VECTOR('',#5754,0.393700787401575);
#1463=VECTOR('',#5755,0.393700787401575);
#1464=VECTOR('',#5762,0.393700787401575);
#1465=VECTOR('',#5765,0.393700787401575);
#1466=VECTOR('',#5766,0.393700787401575);
#1467=VECTOR('',#5767,0.393700787401575);
#1468=VECTOR('',#5770,0.393700787401575);
#1469=VECTOR('',#5771,0.393700787401575);
#1470=VECTOR('',#5772,0.393700787401575);
#1471=VECTOR('',#5775,0.393700787401575);
#1472=VECTOR('',#5776,0.393700787401575);
#1473=VECTOR('',#5777,0.393700787401575);
#1474=VECTOR('',#5784,0.393700787401575);
#1475=VECTOR('',#5787,0.393700787401575);
#1476=VECTOR('',#5788,0.393700787401575);
#1477=VECTOR('',#5789,0.393700787401575);
#1478=VECTOR('',#5792,0.393700787401575);
#1479=VECTOR('',#5793,0.393700787401575);
#1480=VECTOR('',#5794,0.393700787401575);
#1481=VECTOR('',#5797,0.393700787401575);
#1482=VECTOR('',#5798,0.393700787401575);
#1483=VECTOR('',#5799,0.393700787401575);
#1484=VECTOR('',#5806,0.393700787401575);
#1485=VECTOR('',#5809,0.393700787401575);
#1486=VECTOR('',#5810,0.393700787401575);
#1487=VECTOR('',#5811,0.393700787401575);
#1488=VECTOR('',#5814,0.393700787401575);
#1489=VECTOR('',#5815,0.393700787401575);
#1490=VECTOR('',#5816,0.393700787401575);
#1491=VECTOR('',#5819,0.393700787401575);
#1492=VECTOR('',#5820,0.393700787401575);
#1493=VECTOR('',#5821,0.393700787401575);
#1494=VECTOR('',#5828,0.393700787401575);
#1495=VECTOR('',#5831,0.393700787401575);
#1496=VECTOR('',#5832,0.393700787401575);
#1497=VECTOR('',#5833,0.393700787401575);
#1498=VECTOR('',#5836,0.393700787401575);
#1499=VECTOR('',#5837,0.393700787401575);
#1500=VECTOR('',#5838,0.393700787401575);
#1501=VECTOR('',#5841,0.393700787401575);
#1502=VECTOR('',#5842,0.393700787401575);
#1503=VECTOR('',#5843,0.393700787401575);
#1504=VECTOR('',#5850,0.393700787401575);
#1505=VECTOR('',#5853,0.393700787401575);
#1506=VECTOR('',#5854,0.393700787401575);
#1507=VECTOR('',#5855,0.393700787401575);
#1508=VECTOR('',#5858,0.393700787401575);
#1509=VECTOR('',#5859,0.393700787401575);
#1510=VECTOR('',#5860,0.393700787401575);
#1511=VECTOR('',#5863,0.393700787401575);
#1512=VECTOR('',#5864,0.393700787401575);
#1513=VECTOR('',#5865,0.393700787401575);
#1514=VECTOR('',#5872,0.393700787401575);
#1515=VECTOR('',#5875,0.393700787401575);
#1516=VECTOR('',#5876,0.393700787401575);
#1517=VECTOR('',#5877,0.393700787401575);
#1518=VECTOR('',#5880,0.393700787401575);
#1519=VECTOR('',#5881,0.393700787401575);
#1520=VECTOR('',#5882,0.393700787401575);
#1521=VECTOR('',#5885,0.393700787401575);
#1522=VECTOR('',#5886,0.393700787401575);
#1523=VECTOR('',#5887,0.393700787401575);
#1524=VECTOR('',#5894,0.393700787401575);
#1525=VECTOR('',#5897,0.393700787401575);
#1526=VECTOR('',#5898,0.393700787401575);
#1527=VECTOR('',#5899,0.393700787401575);
#1528=VECTOR('',#5902,0.393700787401575);
#1529=VECTOR('',#5903,0.393700787401575);
#1530=VECTOR('',#5904,0.393700787401575);
#1531=VECTOR('',#5907,0.393700787401575);
#1532=VECTOR('',#5908,0.393700787401575);
#1533=VECTOR('',#5909,0.393700787401575);
#1534=VECTOR('',#5916,0.393700787401575);
#1535=VECTOR('',#5919,0.393700787401575);
#1536=VECTOR('',#5920,0.393700787401575);
#1537=VECTOR('',#5921,0.393700787401575);
#1538=VECTOR('',#5924,0.393700787401575);
#1539=VECTOR('',#5925,0.393700787401575);
#1540=VECTOR('',#5926,0.393700787401575);
#1541=VECTOR('',#5929,0.393700787401575);
#1542=VECTOR('',#5930,0.393700787401575);
#1543=VECTOR('',#5945,0.15);
#1544=VECTOR('',#5956,0.15);
#1545=VECTOR('',#5959,0.393700787401575);
#1546=VECTOR('',#5960,0.393700787401575);
#1547=VECTOR('',#5961,0.393700787401575);
#1548=VECTOR('',#5962,0.393700787401575);
#1549=VECTOR('',#5965,0.393700787401575);
#1550=VECTOR('',#5966,0.393700787401575);
#1551=VECTOR('',#5967,0.393700787401575);
#1552=VECTOR('',#5968,0.393700787401575);
#1553=VECTOR('',#5971,0.393700787401575);
#1554=VECTOR('',#5972,0.393700787401575);
#1555=VECTOR('',#5975,0.393700787401575);
#1556=VECTOR('',#5976,0.393700787401575);
#1557=VECTOR('',#5977,0.393700787401575);
#1558=VECTOR('',#5980,0.393700787401575);
#1559=VECTOR('',#5981,0.393700787401575);
#1560=VECTOR('',#5982,0.393700787401575);
#1561=VECTOR('',#5985,0.393700787401575);
#1562=VECTOR('',#5986,0.393700787401575);
#1563=VECTOR('',#5987,0.393700787401575);
#1564=VECTOR('',#5990,0.393700787401575);
#1565=VECTOR('',#5991,0.393700787401575);
#1566=VECTOR('',#5992,0.393700787401575);
#1567=VECTOR('',#5995,0.393700787401575);
#1568=VECTOR('',#5996,0.393700787401575);
#1569=VECTOR('',#6005,0.393700787401575);
#1570=VECTOR('',#6008,0.393700787401575);
#1571=VECTOR('',#6011,0.393700787401575);
#1572=VECTOR('',#6012,0.393700787401575);
#1573=VECTOR('',#6013,0.393700787401575);
#1574=VECTOR('',#6016,0.393700787401575);
#1575=VECTOR('',#6017,0.393700787401575);
#1576=VECTOR('',#6018,0.393700787401575);
#1577=VECTOR('',#6021,0.393700787401575);
#1578=VECTOR('',#6022,0.393700787401575);
#1579=VECTOR('',#6023,0.393700787401575);
#1580=VECTOR('',#6030,0.393700787401575);
#1581=VECTOR('',#6033,0.393700787401575);
#1582=VECTOR('',#6034,0.393700787401575);
#1583=VECTOR('',#6035,0.393700787401575);
#1584=VECTOR('',#6038,0.393700787401575);
#1585=VECTOR('',#6039,0.393700787401575);
#1586=VECTOR('',#6040,0.393700787401575);
#1587=VECTOR('',#6043,0.393700787401575);
#1588=VECTOR('',#6044,0.393700787401575);
#1589=VECTOR('',#6045,0.393700787401575);
#1590=VECTOR('',#6052,0.393700787401575);
#1591=VECTOR('',#6055,0.393700787401575);
#1592=VECTOR('',#6056,0.393700787401575);
#1593=VECTOR('',#6057,0.393700787401575);
#1594=VECTOR('',#6060,0.393700787401575);
#1595=VECTOR('',#6061,0.393700787401575);
#1596=VECTOR('',#6062,0.393700787401575);
#1597=VECTOR('',#6065,0.393700787401575);
#1598=VECTOR('',#6066,0.393700787401575);
#1599=VECTOR('',#6067,0.393700787401575);
#1600=VECTOR('',#6074,0.393700787401575);
#1601=VECTOR('',#6077,0.393700787401575);
#1602=VECTOR('',#6078,0.393700787401575);
#1603=VECTOR('',#6079,0.393700787401575);
#1604=VECTOR('',#6082,0.393700787401575);
#1605=VECTOR('',#6083,0.393700787401575);
#1606=VECTOR('',#6084,0.393700787401575);
#1607=VECTOR('',#6087,0.393700787401575);
#1608=VECTOR('',#6088,0.393700787401575);
#1609=VECTOR('',#6089,0.393700787401575);
#1610=VECTOR('',#6096,0.393700787401575);
#1611=VECTOR('',#6099,0.393700787401575);
#1612=VECTOR('',#6100,0.393700787401575);
#1613=VECTOR('',#6101,0.393700787401575);
#1614=VECTOR('',#6104,0.393700787401575);
#1615=VECTOR('',#6105,0.393700787401575);
#1616=VECTOR('',#6106,0.393700787401575);
#1617=VECTOR('',#6109,0.393700787401575);
#1618=VECTOR('',#6110,0.393700787401575);
#1619=VECTOR('',#6111,0.393700787401575);
#1620=VECTOR('',#6118,0.393700787401575);
#1621=VECTOR('',#6121,0.393700787401575);
#1622=VECTOR('',#6122,0.393700787401575);
#1623=VECTOR('',#6123,0.393700787401575);
#1624=VECTOR('',#6126,0.393700787401575);
#1625=VECTOR('',#6127,0.393700787401575);
#1626=VECTOR('',#6128,0.393700787401575);
#1627=VECTOR('',#6131,0.393700787401575);
#1628=VECTOR('',#6132,0.393700787401575);
#1629=VECTOR('',#6133,0.393700787401575);
#1630=VECTOR('',#6140,0.393700787401575);
#1631=VECTOR('',#6143,0.393700787401575);
#1632=VECTOR('',#6144,0.393700787401575);
#1633=VECTOR('',#6145,0.393700787401575);
#1634=VECTOR('',#6148,0.393700787401575);
#1635=VECTOR('',#6149,0.393700787401575);
#1636=VECTOR('',#6150,0.393700787401575);
#1637=VECTOR('',#6153,0.393700787401575);
#1638=VECTOR('',#6154,0.393700787401575);
#1639=VECTOR('',#6155,0.393700787401575);
#1640=VECTOR('',#6162,0.393700787401575);
#1641=VECTOR('',#6165,0.393700787401575);
#1642=VECTOR('',#6166,0.393700787401575);
#1643=VECTOR('',#6167,0.393700787401575);
#1644=VECTOR('',#6170,0.393700787401575);
#1645=VECTOR('',#6171,0.393700787401575);
#1646=VECTOR('',#6172,0.393700787401575);
#1647=VECTOR('',#6175,0.393700787401575);
#1648=VECTOR('',#6176,0.393700787401575);
#1649=VECTOR('',#6177,0.393700787401575);
#1650=VECTOR('',#6184,0.393700787401575);
#1651=VECTOR('',#6187,0.393700787401575);
#1652=VECTOR('',#6188,0.393700787401575);
#1653=VECTOR('',#6189,0.393700787401575);
#1654=VECTOR('',#6192,0.393700787401575);
#1655=VECTOR('',#6193,0.393700787401575);
#1656=VECTOR('',#6194,0.393700787401575);
#1657=VECTOR('',#6197,0.393700787401575);
#1658=VECTOR('',#6198,0.393700787401575);
#1659=VECTOR('',#6199,0.393700787401575);
#1660=VECTOR('',#6206,0.393700787401575);
#1661=VECTOR('',#6209,0.393700787401575);
#1662=VECTOR('',#6210,0.393700787401575);
#1663=VECTOR('',#6211,0.393700787401575);
#1664=VECTOR('',#6214,0.393700787401575);
#1665=VECTOR('',#6215,0.393700787401575);
#1666=VECTOR('',#6216,0.393700787401575);
#1667=VECTOR('',#6219,0.393700787401575);
#1668=VECTOR('',#6220,0.393700787401575);
#1669=VECTOR('',#6221,0.393700787401575);
#1670=VECTOR('',#6228,0.393700787401575);
#1671=VECTOR('',#6231,0.393700787401575);
#1672=VECTOR('',#6232,0.393700787401575);
#1673=VECTOR('',#6233,0.393700787401575);
#1674=VECTOR('',#6236,0.393700787401575);
#1675=VECTOR('',#6237,0.393700787401575);
#1676=VECTOR('',#6238,0.393700787401575);
#1677=VECTOR('',#6241,0.393700787401575);
#1678=VECTOR('',#6242,0.393700787401575);
#1679=VECTOR('',#6243,0.393700787401575);
#1680=VECTOR('',#6250,0.393700787401575);
#1681=VECTOR('',#6253,0.393700787401575);
#1682=VECTOR('',#6254,0.393700787401575);
#1683=VECTOR('',#6255,0.393700787401575);
#1684=VECTOR('',#6258,0.393700787401575);
#1685=VECTOR('',#6259,0.393700787401575);
#1686=VECTOR('',#6260,0.393700787401575);
#1687=VECTOR('',#6263,0.393700787401575);
#1688=VECTOR('',#6264,0.393700787401575);
#1689=VECTOR('',#6265,0.393700787401575);
#1690=VECTOR('',#6272,0.393700787401575);
#1691=VECTOR('',#6275,0.393700787401575);
#1692=VECTOR('',#6276,0.393700787401575);
#1693=VECTOR('',#6277,0.393700787401575);
#1694=VECTOR('',#6280,0.393700787401575);
#1695=VECTOR('',#6281,0.393700787401575);
#1696=VECTOR('',#6282,0.393700787401575);
#1697=VECTOR('',#6285,0.393700787401575);
#1698=VECTOR('',#6286,0.393700787401575);
#1699=VECTOR('',#6287,0.393700787401575);
#1700=VECTOR('',#6294,0.393700787401575);
#1701=VECTOR('',#6297,0.393700787401575);
#1702=VECTOR('',#6298,0.393700787401575);
#1703=VECTOR('',#6299,0.393700787401575);
#1704=VECTOR('',#6302,0.393700787401575);
#1705=VECTOR('',#6303,0.393700787401575);
#1706=VECTOR('',#6304,0.393700787401575);
#1707=VECTOR('',#6307,0.393700787401575);
#1708=VECTOR('',#6308,0.393700787401575);
#1709=VECTOR('',#6309,0.393700787401575);
#1710=VECTOR('',#6316,0.393700787401575);
#1711=VECTOR('',#6319,0.393700787401575);
#1712=VECTOR('',#6320,0.393700787401575);
#1713=VECTOR('',#6321,0.393700787401575);
#1714=VECTOR('',#6324,0.393700787401575);
#1715=VECTOR('',#6325,0.393700787401575);
#1716=VECTOR('',#6326,0.393700787401575);
#1717=VECTOR('',#6329,0.393700787401575);
#1718=VECTOR('',#6330,0.393700787401575);
#1719=VECTOR('',#6331,0.393700787401575);
#1720=VECTOR('',#6338,0.393700787401575);
#1721=VECTOR('',#6341,0.393700787401575);
#1722=VECTOR('',#6342,0.393700787401575);
#1723=VECTOR('',#6343,0.393700787401575);
#1724=VECTOR('',#6346,0.393700787401575);
#1725=VECTOR('',#6347,0.393700787401575);
#1726=VECTOR('',#6348,0.393700787401575);
#1727=VECTOR('',#6351,0.393700787401575);
#1728=VECTOR('',#6352,0.393700787401575);
#1729=VECTOR('',#6353,0.393700787401575);
#1730=VECTOR('',#6360,0.393700787401575);
#1731=VECTOR('',#6363,0.393700787401575);
#1732=VECTOR('',#6364,0.393700787401575);
#1733=VECTOR('',#6365,0.393700787401575);
#1734=VECTOR('',#6368,0.393700787401575);
#1735=VECTOR('',#6369,0.393700787401575);
#1736=VECTOR('',#6370,0.393700787401575);
#1737=VECTOR('',#6373,0.393700787401575);
#1738=VECTOR('',#6374,0.393700787401575);
#1739=VECTOR('',#6375,0.393700787401575);
#1740=VECTOR('',#6382,0.393700787401575);
#1741=VECTOR('',#6385,0.393700787401575);
#1742=VECTOR('',#6386,0.393700787401575);
#1743=VECTOR('',#6387,0.393700787401575);
#1744=VECTOR('',#6390,0.393700787401575);
#1745=VECTOR('',#6391,0.393700787401575);
#1746=VECTOR('',#6392,0.393700787401575);
#1747=VECTOR('',#6395,0.393700787401575);
#1748=VECTOR('',#6396,0.393700787401575);
#1749=VECTOR('',#6403,0.393700787401575);
#1750=VECTOR('',#6404,0.393700787401575);
#1751=VECTOR('',#6405,0.393700787401575);
#1752=VECTOR('',#6406,0.393700787401575);
#1753=VECTOR('',#6409,0.393700787401575);
#1754=VECTOR('',#6410,0.393700787401575);
#1755=VECTOR('',#6411,0.393700787401575);
#1756=VECTOR('',#6412,0.393700787401575);
#1757=VECTOR('',#6415,0.393700787401575);
#1758=VECTOR('',#6416,0.393700787401575);
#1759=VECTOR('',#6419,0.393700787401575);
#1760=VECTOR('',#6420,0.393700787401575);
#1761=VECTOR('',#6421,0.393700787401575);
#1762=VECTOR('',#6424,0.393700787401575);
#1763=VECTOR('',#6425,0.393700787401575);
#1764=VECTOR('',#6426,0.393700787401575);
#1765=VECTOR('',#6429,0.393700787401575);
#1766=VECTOR('',#6430,0.393700787401575);
#1767=VECTOR('',#6431,0.393700787401575);
#1768=VECTOR('',#6434,0.393700787401575);
#1769=VECTOR('',#6435,0.393700787401575);
#1770=VECTOR('',#6436,0.393700787401575);
#1771=VECTOR('',#6439,0.393700787401575);
#1772=VECTOR('',#6440,0.393700787401575);
#1773=VECTOR('',#6449,0.393700787401575);
#1774=VECTOR('',#6452,0.393700787401575);
#1775=VECTOR('',#6455,0.393700787401575);
#1776=VECTOR('',#6456,0.393700787401575);
#1777=VECTOR('',#6457,0.393700787401575);
#1778=VECTOR('',#6460,0.393700787401575);
#1779=VECTOR('',#6461,0.393700787401575);
#1780=VECTOR('',#6462,0.393700787401575);
#1781=VECTOR('',#6465,0.393700787401575);
#1782=VECTOR('',#6466,0.393700787401575);
#1783=VECTOR('',#6467,0.393700787401575);
#1784=VECTOR('',#6474,0.393700787401575);
#1785=VECTOR('',#6477,0.393700787401575);
#1786=VECTOR('',#6478,0.393700787401575);
#1787=VECTOR('',#6479,0.393700787401575);
#1788=VECTOR('',#6482,0.393700787401575);
#1789=VECTOR('',#6483,0.393700787401575);
#1790=VECTOR('',#6484,0.393700787401575);
#1791=VECTOR('',#6487,0.393700787401575);
#1792=VECTOR('',#6488,0.393700787401575);
#1793=VECTOR('',#6489,0.393700787401575);
#1794=VECTOR('',#6496,0.393700787401575);
#1795=VECTOR('',#6499,0.393700787401575);
#1796=VECTOR('',#6500,0.393700787401575);
#1797=VECTOR('',#6501,0.393700787401575);
#1798=VECTOR('',#6504,0.393700787401575);
#1799=VECTOR('',#6505,0.393700787401575);
#1800=VECTOR('',#6506,0.393700787401575);
#1801=VECTOR('',#6509,0.393700787401575);
#1802=VECTOR('',#6510,0.393700787401575);
#1803=VECTOR('',#6511,0.393700787401575);
#1804=VECTOR('',#6518,0.393700787401575);
#1805=VECTOR('',#6521,0.393700787401575);
#1806=VECTOR('',#6522,0.393700787401575);
#1807=VECTOR('',#6523,0.393700787401575);
#1808=VECTOR('',#6526,0.393700787401575);
#1809=VECTOR('',#6527,0.393700787401575);
#1810=VECTOR('',#6528,0.393700787401575);
#1811=VECTOR('',#6531,0.393700787401575);
#1812=VECTOR('',#6532,0.393700787401575);
#1813=VECTOR('',#6533,0.393700787401575);
#1814=VECTOR('',#6540,0.393700787401575);
#1815=VECTOR('',#6543,0.393700787401575);
#1816=VECTOR('',#6544,0.393700787401575);
#1817=VECTOR('',#6545,0.393700787401575);
#1818=VECTOR('',#6548,0.393700787401575);
#1819=VECTOR('',#6549,0.393700787401575);
#1820=VECTOR('',#6550,0.393700787401575);
#1821=VECTOR('',#6553,0.393700787401575);
#1822=VECTOR('',#6554,0.393700787401575);
#1823=VECTOR('',#6555,0.393700787401575);
#1824=VECTOR('',#6562,0.393700787401575);
#1825=VECTOR('',#6565,0.393700787401575);
#1826=VECTOR('',#6566,0.393700787401575);
#1827=VECTOR('',#6567,0.393700787401575);
#1828=VECTOR('',#6570,0.393700787401575);
#1829=VECTOR('',#6571,0.393700787401575);
#1830=VECTOR('',#6572,0.393700787401575);
#1831=VECTOR('',#6575,0.393700787401575);
#1832=VECTOR('',#6576,0.393700787401575);
#1833=VECTOR('',#6577,0.393700787401575);
#1834=VECTOR('',#6584,0.393700787401575);
#1835=VECTOR('',#6587,0.393700787401575);
#1836=VECTOR('',#6588,0.393700787401575);
#1837=VECTOR('',#6589,0.393700787401575);
#1838=VECTOR('',#6592,0.393700787401575);
#1839=VECTOR('',#6593,0.393700787401575);
#1840=VECTOR('',#6594,0.393700787401575);
#1841=VECTOR('',#6597,0.393700787401575);
#1842=VECTOR('',#6598,0.393700787401575);
#1843=VECTOR('',#6599,0.393700787401575);
#1844=VECTOR('',#6606,0.393700787401575);
#1845=VECTOR('',#6609,0.393700787401575);
#1846=VECTOR('',#6610,0.393700787401575);
#1847=VECTOR('',#6611,0.393700787401575);
#1848=VECTOR('',#6614,0.393700787401575);
#1849=VECTOR('',#6615,0.393700787401575);
#1850=VECTOR('',#6616,0.393700787401575);
#1851=VECTOR('',#6619,0.393700787401575);
#1852=VECTOR('',#6620,0.393700787401575);
#1853=VECTOR('',#6621,0.393700787401575);
#1854=VECTOR('',#6628,0.393700787401575);
#1855=VECTOR('',#6631,0.393700787401575);
#1856=VECTOR('',#6632,0.393700787401575);
#1857=VECTOR('',#6633,0.393700787401575);
#1858=VECTOR('',#6636,0.393700787401575);
#1859=VECTOR('',#6637,0.393700787401575);
#1860=VECTOR('',#6638,0.393700787401575);
#1861=VECTOR('',#6641,0.393700787401575);
#1862=VECTOR('',#6642,0.393700787401575);
#1863=VECTOR('',#6643,0.393700787401575);
#1864=VECTOR('',#6650,0.393700787401575);
#1865=VECTOR('',#6653,0.393700787401575);
#1866=VECTOR('',#6654,0.393700787401575);
#1867=VECTOR('',#6655,0.393700787401575);
#1868=VECTOR('',#6658,0.393700787401575);
#1869=VECTOR('',#6659,0.393700787401575);
#1870=VECTOR('',#6660,0.393700787401575);
#1871=VECTOR('',#6663,0.393700787401575);
#1872=VECTOR('',#6664,0.393700787401575);
#1873=VECTOR('',#6665,0.393700787401575);
#1874=VECTOR('',#6672,0.393700787401575);
#1875=VECTOR('',#6675,0.393700787401575);
#1876=VECTOR('',#6676,0.393700787401575);
#1877=VECTOR('',#6677,0.393700787401575);
#1878=VECTOR('',#6680,0.393700787401575);
#1879=VECTOR('',#6681,0.393700787401575);
#1880=VECTOR('',#6682,0.393700787401575);
#1881=VECTOR('',#6685,0.393700787401575);
#1882=VECTOR('',#6686,0.393700787401575);
#1883=VECTOR('',#6687,0.393700787401575);
#1884=VECTOR('',#6694,0.393700787401575);
#1885=VECTOR('',#6697,0.393700787401575);
#1886=VECTOR('',#6698,0.393700787401575);
#1887=VECTOR('',#6699,0.393700787401575);
#1888=VECTOR('',#6702,0.393700787401575);
#1889=VECTOR('',#6703,0.393700787401575);
#1890=VECTOR('',#6704,0.393700787401575);
#1891=VECTOR('',#6707,0.393700787401575);
#1892=VECTOR('',#6708,0.393700787401575);
#1893=VECTOR('',#6709,0.393700787401575);
#1894=VECTOR('',#6716,0.393700787401575);
#1895=VECTOR('',#6719,0.393700787401575);
#1896=VECTOR('',#6720,0.393700787401575);
#1897=VECTOR('',#6721,0.393700787401575);
#1898=VECTOR('',#6724,0.393700787401575);
#1899=VECTOR('',#6725,0.393700787401575);
#1900=VECTOR('',#6726,0.393700787401575);
#1901=VECTOR('',#6729,0.393700787401575);
#1902=VECTOR('',#6730,0.393700787401575);
#1903=VECTOR('',#6731,0.393700787401575);
#1904=VECTOR('',#6738,0.393700787401575);
#1905=VECTOR('',#6741,0.393700787401575);
#1906=VECTOR('',#6742,0.393700787401575);
#1907=VECTOR('',#6743,0.393700787401575);
#1908=VECTOR('',#6746,0.393700787401575);
#1909=VECTOR('',#6747,0.393700787401575);
#1910=VECTOR('',#6748,0.393700787401575);
#1911=VECTOR('',#6751,0.393700787401575);
#1912=VECTOR('',#6752,0.393700787401575);
#1913=VECTOR('',#6753,0.393700787401575);
#1914=VECTOR('',#6760,0.393700787401575);
#1915=VECTOR('',#6763,0.393700787401575);
#1916=VECTOR('',#6764,0.393700787401575);
#1917=VECTOR('',#6765,0.393700787401575);
#1918=VECTOR('',#6768,0.393700787401575);
#1919=VECTOR('',#6769,0.393700787401575);
#1920=VECTOR('',#6770,0.393700787401575);
#1921=VECTOR('',#6773,0.393700787401575);
#1922=VECTOR('',#6774,0.393700787401575);
#1923=VECTOR('',#6775,0.393700787401575);
#1924=VECTOR('',#6782,0.393700787401575);
#1925=VECTOR('',#6785,0.393700787401575);
#1926=VECTOR('',#6786,0.393700787401575);
#1927=VECTOR('',#6787,0.393700787401575);
#1928=VECTOR('',#6790,0.393700787401575);
#1929=VECTOR('',#6791,0.393700787401575);
#1930=VECTOR('',#6792,0.393700787401575);
#1931=VECTOR('',#6795,0.393700787401575);
#1932=VECTOR('',#6796,0.393700787401575);
#1933=VECTOR('',#6797,0.393700787401575);
#1934=VECTOR('',#6804,0.393700787401575);
#1935=VECTOR('',#6807,0.393700787401575);
#1936=VECTOR('',#6808,0.393700787401575);
#1937=VECTOR('',#6809,0.393700787401575);
#1938=VECTOR('',#6812,0.393700787401575);
#1939=VECTOR('',#6813,0.393700787401575);
#1940=VECTOR('',#6814,0.393700787401575);
#1941=VECTOR('',#6817,0.393700787401575);
#1942=VECTOR('',#6818,0.393700787401575);
#1943=VECTOR('',#6819,0.393700787401575);
#1944=VECTOR('',#6826,0.393700787401575);
#1945=VECTOR('',#6829,0.393700787401575);
#1946=VECTOR('',#6830,0.393700787401575);
#1947=VECTOR('',#6831,0.393700787401575);
#1948=VECTOR('',#6834,0.393700787401575);
#1949=VECTOR('',#6835,0.393700787401575);
#1950=VECTOR('',#6836,0.393700787401575);
#1951=VECTOR('',#6839,0.393700787401575);
#1952=VECTOR('',#6840,0.393700787401575);
#1953=VECTOR('',#6855,0.15);
#1954=VERTEX_POINT('',#6858);
#1955=VERTEX_POINT('',#6859);
#1956=VERTEX_POINT('',#6861);
#1957=VERTEX_POINT('',#6863);
#1958=VERTEX_POINT('',#6867);
#1959=VERTEX_POINT('',#6868);
#1960=VERTEX_POINT('',#6870);
#1961=VERTEX_POINT('',#6872);
#1962=VERTEX_POINT('',#6879);
#1963=VERTEX_POINT('',#6881);
#1964=VERTEX_POINT('',#6885);
#1965=VERTEX_POINT('',#6887);
#1966=VERTEX_POINT('',#6891);
#1967=VERTEX_POINT('',#6893);
#1968=VERTEX_POINT('',#6897);
#1969=VERTEX_POINT('',#6899);
#1970=VERTEX_POINT('',#6908);
#1971=VERTEX_POINT('',#6909);
#1972=VERTEX_POINT('',#6911);
#1973=VERTEX_POINT('',#6913);
#1974=VERTEX_POINT('',#6917);
#1975=VERTEX_POINT('',#6919);
#1976=VERTEX_POINT('',#6923);
#1977=VERTEX_POINT('',#6925);
#1978=VERTEX_POINT('',#6929);
#1979=VERTEX_POINT('',#6931);
#1980=VERTEX_POINT('',#6935);
#1981=VERTEX_POINT('',#6937);
#1982=VERTEX_POINT('',#6941);
#1983=VERTEX_POINT('',#6943);
#1984=VERTEX_POINT('',#6947);
#1985=VERTEX_POINT('',#6949);
#1986=VERTEX_POINT('',#6953);
#1987=VERTEX_POINT('',#6955);
#1988=VERTEX_POINT('',#6959);
#1989=VERTEX_POINT('',#6961);
#1990=VERTEX_POINT('',#6965);
#1991=VERTEX_POINT('',#6967);
#1992=VERTEX_POINT('',#6971);
#1993=VERTEX_POINT('',#6973);
#1994=VERTEX_POINT('',#6977);
#1995=VERTEX_POINT('',#6979);
#1996=VERTEX_POINT('',#6983);
#1997=VERTEX_POINT('',#6985);
#1998=VERTEX_POINT('',#6989);
#1999=VERTEX_POINT('',#6991);
#2000=VERTEX_POINT('',#6995);
#2001=VERTEX_POINT('',#6997);
#2002=VERTEX_POINT('',#7001);
#2003=VERTEX_POINT('',#7003);
#2004=VERTEX_POINT('',#7007);
#2005=VERTEX_POINT('',#7009);
#2006=VERTEX_POINT('',#7013);
#2007=VERTEX_POINT('',#7015);
#2008=VERTEX_POINT('',#7019);
#2009=VERTEX_POINT('',#7021);
#2010=VERTEX_POINT('',#7025);
#2011=VERTEX_POINT('',#7027);
#2012=VERTEX_POINT('',#7031);
#2013=VERTEX_POINT('',#7033);
#2014=VERTEX_POINT('',#7037);
#2015=VERTEX_POINT('',#7039);
#2016=VERTEX_POINT('',#7043);
#2017=VERTEX_POINT('',#7045);
#2018=VERTEX_POINT('',#7049);
#2019=VERTEX_POINT('',#7051);
#2020=VERTEX_POINT('',#7055);
#2021=VERTEX_POINT('',#7057);
#2022=VERTEX_POINT('',#7061);
#2023=VERTEX_POINT('',#7063);
#2024=VERTEX_POINT('',#7067);
#2025=VERTEX_POINT('',#7069);
#2026=VERTEX_POINT('',#7073);
#2027=VERTEX_POINT('',#7075);
#2028=VERTEX_POINT('',#7079);
#2029=VERTEX_POINT('',#7081);
#2030=VERTEX_POINT('',#7085);
#2031=VERTEX_POINT('',#7087);
#2032=VERTEX_POINT('',#7091);
#2033=VERTEX_POINT('',#7093);
#2034=VERTEX_POINT('',#7097);
#2035=VERTEX_POINT('',#7099);
#2036=VERTEX_POINT('',#7103);
#2037=VERTEX_POINT('',#7105);
#2038=VERTEX_POINT('',#7109);
#2039=VERTEX_POINT('',#7111);
#2040=VERTEX_POINT('',#7115);
#2041=VERTEX_POINT('',#7117);
#2042=VERTEX_POINT('',#7121);
#2043=VERTEX_POINT('',#7123);
#2044=VERTEX_POINT('',#7127);
#2045=VERTEX_POINT('',#7129);
#2046=VERTEX_POINT('',#7133);
#2047=VERTEX_POINT('',#7135);
#2048=VERTEX_POINT('',#7139);
#2049=VERTEX_POINT('',#7141);
#2050=VERTEX_POINT('',#7145);
#2051=VERTEX_POINT('',#7147);
#2052=VERTEX_POINT('',#7151);
#2053=VERTEX_POINT('',#7153);
#2054=VERTEX_POINT('',#7157);
#2055=VERTEX_POINT('',#7159);
#2056=VERTEX_POINT('',#7163);
#2057=VERTEX_POINT('',#7165);
#2058=VERTEX_POINT('',#7169);
#2059=VERTEX_POINT('',#7171);
#2060=VERTEX_POINT('',#7175);
#2061=VERTEX_POINT('',#7177);
#2062=VERTEX_POINT('',#7181);
#2063=VERTEX_POINT('',#7183);
#2064=VERTEX_POINT('',#7187);
#2065=VERTEX_POINT('',#7189);
#2066=VERTEX_POINT('',#7193);
#2067=VERTEX_POINT('',#7195);
#2068=VERTEX_POINT('',#7199);
#2069=VERTEX_POINT('',#7201);
#2070=VERTEX_POINT('',#7205);
#2071=VERTEX_POINT('',#7207);
#2072=VERTEX_POINT('',#7211);
#2073=VERTEX_POINT('',#7213);
#2074=VERTEX_POINT('',#7217);
#2075=VERTEX_POINT('',#7219);
#2076=VERTEX_POINT('',#7223);
#2077=VERTEX_POINT('',#7225);
#2078=VERTEX_POINT('',#7229);
#2079=VERTEX_POINT('',#7231);
#2080=VERTEX_POINT('',#7235);
#2081=VERTEX_POINT('',#7237);
#2082=VERTEX_POINT('',#7241);
#2083=VERTEX_POINT('',#7243);
#2084=VERTEX_POINT('',#7247);
#2085=VERTEX_POINT('',#7249);
#2086=VERTEX_POINT('',#7253);
#2087=VERTEX_POINT('',#7255);
#2088=VERTEX_POINT('',#7259);
#2089=VERTEX_POINT('',#7261);
#2090=VERTEX_POINT('',#7265);
#2091=VERTEX_POINT('',#7267);
#2092=VERTEX_POINT('',#7271);
#2093=VERTEX_POINT('',#7273);
#2094=VERTEX_POINT('',#7277);
#2095=VERTEX_POINT('',#7279);
#2096=VERTEX_POINT('',#7283);
#2097=VERTEX_POINT('',#7285);
#2098=VERTEX_POINT('',#7289);
#2099=VERTEX_POINT('',#7291);
#2100=VERTEX_POINT('',#7295);
#2101=VERTEX_POINT('',#7297);
#2102=VERTEX_POINT('',#7301);
#2103=VERTEX_POINT('',#7303);
#2104=VERTEX_POINT('',#7307);
#2105=VERTEX_POINT('',#7309);
#2106=VERTEX_POINT('',#7313);
#2107=VERTEX_POINT('',#7315);
#2108=VERTEX_POINT('',#7319);
#2109=VERTEX_POINT('',#7321);
#2110=VERTEX_POINT('',#7325);
#2111=VERTEX_POINT('',#7327);
#2112=VERTEX_POINT('',#7331);
#2113=VERTEX_POINT('',#7333);
#2114=VERTEX_POINT('',#7342);
#2115=VERTEX_POINT('',#7345);
#2116=VERTEX_POINT('',#7350);
#2117=VERTEX_POINT('',#7353);
#2118=VERTEX_POINT('',#7358);
#2119=VERTEX_POINT('',#7359);
#2120=VERTEX_POINT('',#7361);
#2121=VERTEX_POINT('',#7363);
#2122=VERTEX_POINT('',#7367);
#2123=VERTEX_POINT('',#7368);
#2124=VERTEX_POINT('',#7370);
#2125=VERTEX_POINT('',#7372);
#2126=VERTEX_POINT('',#7379);
#2127=VERTEX_POINT('',#7381);
#2128=VERTEX_POINT('',#7385);
#2129=VERTEX_POINT('',#7387);
#2130=VERTEX_POINT('',#7391);
#2131=VERTEX_POINT('',#7393);
#2132=VERTEX_POINT('',#7397);
#2133=VERTEX_POINT('',#7399);
#2134=VERTEX_POINT('',#7408);
#2135=VERTEX_POINT('',#7409);
#2136=VERTEX_POINT('',#7411);
#2137=VERTEX_POINT('',#7413);
#2138=VERTEX_POINT('',#7417);
#2139=VERTEX_POINT('',#7419);
#2140=VERTEX_POINT('',#7423);
#2141=VERTEX_POINT('',#7425);
#2142=VERTEX_POINT('',#7429);
#2143=VERTEX_POINT('',#7431);
#2144=VERTEX_POINT('',#7435);
#2145=VERTEX_POINT('',#7437);
#2146=VERTEX_POINT('',#7441);
#2147=VERTEX_POINT('',#7443);
#2148=VERTEX_POINT('',#7447);
#2149=VERTEX_POINT('',#7449);
#2150=VERTEX_POINT('',#7453);
#2151=VERTEX_POINT('',#7455);
#2152=VERTEX_POINT('',#7459);
#2153=VERTEX_POINT('',#7461);
#2154=VERTEX_POINT('',#7465);
#2155=VERTEX_POINT('',#7467);
#2156=VERTEX_POINT('',#7471);
#2157=VERTEX_POINT('',#7473);
#2158=VERTEX_POINT('',#7477);
#2159=VERTEX_POINT('',#7479);
#2160=VERTEX_POINT('',#7483);
#2161=VERTEX_POINT('',#7485);
#2162=VERTEX_POINT('',#7489);
#2163=VERTEX_POINT('',#7491);
#2164=VERTEX_POINT('',#7495);
#2165=VERTEX_POINT('',#7497);
#2166=VERTEX_POINT('',#7501);
#2167=VERTEX_POINT('',#7503);
#2168=VERTEX_POINT('',#7507);
#2169=VERTEX_POINT('',#7509);
#2170=VERTEX_POINT('',#7513);
#2171=VERTEX_POINT('',#7515);
#2172=VERTEX_POINT('',#7519);
#2173=VERTEX_POINT('',#7521);
#2174=VERTEX_POINT('',#7525);
#2175=VERTEX_POINT('',#7527);
#2176=VERTEX_POINT('',#7531);
#2177=VERTEX_POINT('',#7533);
#2178=VERTEX_POINT('',#7537);
#2179=VERTEX_POINT('',#7539);
#2180=VERTEX_POINT('',#7543);
#2181=VERTEX_POINT('',#7545);
#2182=VERTEX_POINT('',#7549);
#2183=VERTEX_POINT('',#7551);
#2184=VERTEX_POINT('',#7555);
#2185=VERTEX_POINT('',#7557);
#2186=VERTEX_POINT('',#7561);
#2187=VERTEX_POINT('',#7563);
#2188=VERTEX_POINT('',#7567);
#2189=VERTEX_POINT('',#7569);
#2190=VERTEX_POINT('',#7573);
#2191=VERTEX_POINT('',#7575);
#2192=VERTEX_POINT('',#7579);
#2193=VERTEX_POINT('',#7581);
#2194=VERTEX_POINT('',#7585);
#2195=VERTEX_POINT('',#7587);
#2196=VERTEX_POINT('',#7591);
#2197=VERTEX_POINT('',#7593);
#2198=VERTEX_POINT('',#7597);
#2199=VERTEX_POINT('',#7599);
#2200=VERTEX_POINT('',#7603);
#2201=VERTEX_POINT('',#7605);
#2202=VERTEX_POINT('',#7609);
#2203=VERTEX_POINT('',#7611);
#2204=VERTEX_POINT('',#7615);
#2205=VERTEX_POINT('',#7617);
#2206=VERTEX_POINT('',#7621);
#2207=VERTEX_POINT('',#7623);
#2208=VERTEX_POINT('',#7627);
#2209=VERTEX_POINT('',#7629);
#2210=VERTEX_POINT('',#7633);
#2211=VERTEX_POINT('',#7635);
#2212=VERTEX_POINT('',#7639);
#2213=VERTEX_POINT('',#7641);
#2214=VERTEX_POINT('',#7645);
#2215=VERTEX_POINT('',#7647);
#2216=VERTEX_POINT('',#7651);
#2217=VERTEX_POINT('',#7653);
#2218=VERTEX_POINT('',#7657);
#2219=VERTEX_POINT('',#7659);
#2220=VERTEX_POINT('',#7663);
#2221=VERTEX_POINT('',#7665);
#2222=VERTEX_POINT('',#7669);
#2223=VERTEX_POINT('',#7671);
#2224=VERTEX_POINT('',#7675);
#2225=VERTEX_POINT('',#7677);
#2226=VERTEX_POINT('',#7681);
#2227=VERTEX_POINT('',#7683);
#2228=VERTEX_POINT('',#7687);
#2229=VERTEX_POINT('',#7689);
#2230=VERTEX_POINT('',#7693);
#2231=VERTEX_POINT('',#7695);
#2232=VERTEX_POINT('',#7699);
#2233=VERTEX_POINT('',#7701);
#2234=VERTEX_POINT('',#7705);
#2235=VERTEX_POINT('',#7707);
#2236=VERTEX_POINT('',#7711);
#2237=VERTEX_POINT('',#7713);
#2238=VERTEX_POINT('',#7717);
#2239=VERTEX_POINT('',#7719);
#2240=VERTEX_POINT('',#7723);
#2241=VERTEX_POINT('',#7725);
#2242=VERTEX_POINT('',#7729);
#2243=VERTEX_POINT('',#7731);
#2244=VERTEX_POINT('',#7735);
#2245=VERTEX_POINT('',#7737);
#2246=VERTEX_POINT('',#7741);
#2247=VERTEX_POINT('',#7743);
#2248=VERTEX_POINT('',#7747);
#2249=VERTEX_POINT('',#7749);
#2250=VERTEX_POINT('',#7753);
#2251=VERTEX_POINT('',#7755);
#2252=VERTEX_POINT('',#7759);
#2253=VERTEX_POINT('',#7761);
#2254=VERTEX_POINT('',#7765);
#2255=VERTEX_POINT('',#7767);
#2256=VERTEX_POINT('',#7771);
#2257=VERTEX_POINT('',#7773);
#2258=VERTEX_POINT('',#7777);
#2259=VERTEX_POINT('',#7779);
#2260=VERTEX_POINT('',#7783);
#2261=VERTEX_POINT('',#7785);
#2262=VERTEX_POINT('',#7789);
#2263=VERTEX_POINT('',#7791);
#2264=VERTEX_POINT('',#7795);
#2265=VERTEX_POINT('',#7797);
#2266=VERTEX_POINT('',#7801);
#2267=VERTEX_POINT('',#7803);
#2268=VERTEX_POINT('',#7807);
#2269=VERTEX_POINT('',#7809);
#2270=VERTEX_POINT('',#7813);
#2271=VERTEX_POINT('',#7815);
#2272=VERTEX_POINT('',#7819);
#2273=VERTEX_POINT('',#7821);
#2274=VERTEX_POINT('',#7825);
#2275=VERTEX_POINT('',#7827);
#2276=VERTEX_POINT('',#7831);
#2277=VERTEX_POINT('',#7833);
#2278=VERTEX_POINT('',#7842);
#2279=VERTEX_POINT('',#7843);
#2280=VERTEX_POINT('',#7845);
#2281=VERTEX_POINT('',#7847);
#2282=VERTEX_POINT('',#7851);
#2283=VERTEX_POINT('',#7852);
#2284=VERTEX_POINT('',#7854);
#2285=VERTEX_POINT('',#7856);
#2286=VERTEX_POINT('',#7863);
#2287=VERTEX_POINT('',#7865);
#2288=VERTEX_POINT('',#7869);
#2289=VERTEX_POINT('',#7871);
#2290=VERTEX_POINT('',#7875);
#2291=VERTEX_POINT('',#7877);
#2292=VERTEX_POINT('',#7881);
#2293=VERTEX_POINT('',#7883);
#2294=VERTEX_POINT('',#7892);
#2295=VERTEX_POINT('',#7893);
#2296=VERTEX_POINT('',#7895);
#2297=VERTEX_POINT('',#7897);
#2298=VERTEX_POINT('',#7901);
#2299=VERTEX_POINT('',#7903);
#2300=VERTEX_POINT('',#7907);
#2301=VERTEX_POINT('',#7909);
#2302=VERTEX_POINT('',#7913);
#2303=VERTEX_POINT('',#7915);
#2304=VERTEX_POINT('',#7919);
#2305=VERTEX_POINT('',#7921);
#2306=VERTEX_POINT('',#7925);
#2307=VERTEX_POINT('',#7927);
#2308=VERTEX_POINT('',#7931);
#2309=VERTEX_POINT('',#7933);
#2310=VERTEX_POINT('',#7937);
#2311=VERTEX_POINT('',#7939);
#2312=VERTEX_POINT('',#7943);
#2313=VERTEX_POINT('',#7945);
#2314=VERTEX_POINT('',#7949);
#2315=VERTEX_POINT('',#7951);
#2316=VERTEX_POINT('',#7955);
#2317=VERTEX_POINT('',#7957);
#2318=VERTEX_POINT('',#7961);
#2319=VERTEX_POINT('',#7963);
#2320=VERTEX_POINT('',#7967);
#2321=VERTEX_POINT('',#7969);
#2322=VERTEX_POINT('',#7973);
#2323=VERTEX_POINT('',#7975);
#2324=VERTEX_POINT('',#7979);
#2325=VERTEX_POINT('',#7981);
#2326=VERTEX_POINT('',#7985);
#2327=VERTEX_POINT('',#7987);
#2328=VERTEX_POINT('',#7991);
#2329=VERTEX_POINT('',#7993);
#2330=VERTEX_POINT('',#7997);
#2331=VERTEX_POINT('',#7999);
#2332=VERTEX_POINT('',#8003);
#2333=VERTEX_POINT('',#8005);
#2334=VERTEX_POINT('',#8009);
#2335=VERTEX_POINT('',#8011);
#2336=VERTEX_POINT('',#8015);
#2337=VERTEX_POINT('',#8017);
#2338=VERTEX_POINT('',#8021);
#2339=VERTEX_POINT('',#8023);
#2340=VERTEX_POINT('',#8027);
#2341=VERTEX_POINT('',#8029);
#2342=VERTEX_POINT('',#8033);
#2343=VERTEX_POINT('',#8035);
#2344=VERTEX_POINT('',#8039);
#2345=VERTEX_POINT('',#8041);
#2346=VERTEX_POINT('',#8045);
#2347=VERTEX_POINT('',#8047);
#2348=VERTEX_POINT('',#8051);
#2349=VERTEX_POINT('',#8053);
#2350=VERTEX_POINT('',#8057);
#2351=VERTEX_POINT('',#8059);
#2352=VERTEX_POINT('',#8063);
#2353=VERTEX_POINT('',#8065);
#2354=VERTEX_POINT('',#8069);
#2355=VERTEX_POINT('',#8071);
#2356=VERTEX_POINT('',#8075);
#2357=VERTEX_POINT('',#8077);
#2358=VERTEX_POINT('',#8081);
#2359=VERTEX_POINT('',#8083);
#2360=VERTEX_POINT('',#8087);
#2361=VERTEX_POINT('',#8089);
#2362=VERTEX_POINT('',#8093);
#2363=VERTEX_POINT('',#8095);
#2364=VERTEX_POINT('',#8099);
#2365=VERTEX_POINT('',#8101);
#2366=VERTEX_POINT('',#8105);
#2367=VERTEX_POINT('',#8107);
#2368=VERTEX_POINT('',#8111);
#2369=VERTEX_POINT('',#8113);
#2370=VERTEX_POINT('',#8117);
#2371=VERTEX_POINT('',#8119);
#2372=VERTEX_POINT('',#8123);
#2373=VERTEX_POINT('',#8125);
#2374=VERTEX_POINT('',#8129);
#2375=VERTEX_POINT('',#8131);
#2376=VERTEX_POINT('',#8135);
#2377=VERTEX_POINT('',#8137);
#2378=VERTEX_POINT('',#8141);
#2379=VERTEX_POINT('',#8143);
#2380=VERTEX_POINT('',#8147);
#2381=VERTEX_POINT('',#8149);
#2382=VERTEX_POINT('',#8153);
#2383=VERTEX_POINT('',#8155);
#2384=VERTEX_POINT('',#8159);
#2385=VERTEX_POINT('',#8161);
#2386=VERTEX_POINT('',#8165);
#2387=VERTEX_POINT('',#8167);
#2388=VERTEX_POINT('',#8171);
#2389=VERTEX_POINT('',#8173);
#2390=VERTEX_POINT('',#8177);
#2391=VERTEX_POINT('',#8179);
#2392=VERTEX_POINT('',#8183);
#2393=VERTEX_POINT('',#8185);
#2394=VERTEX_POINT('',#8189);
#2395=VERTEX_POINT('',#8191);
#2396=VERTEX_POINT('',#8195);
#2397=VERTEX_POINT('',#8197);
#2398=VERTEX_POINT('',#8201);
#2399=VERTEX_POINT('',#8203);
#2400=VERTEX_POINT('',#8207);
#2401=VERTEX_POINT('',#8209);
#2402=VERTEX_POINT('',#8213);
#2403=VERTEX_POINT('',#8215);
#2404=VERTEX_POINT('',#8219);
#2405=VERTEX_POINT('',#8221);
#2406=VERTEX_POINT('',#8225);
#2407=VERTEX_POINT('',#8227);
#2408=VERTEX_POINT('',#8231);
#2409=VERTEX_POINT('',#8233);
#2410=VERTEX_POINT('',#8237);
#2411=VERTEX_POINT('',#8239);
#2412=VERTEX_POINT('',#8243);
#2413=VERTEX_POINT('',#8245);
#2414=VERTEX_POINT('',#8249);
#2415=VERTEX_POINT('',#8251);
#2416=VERTEX_POINT('',#8255);
#2417=VERTEX_POINT('',#8257);
#2418=VERTEX_POINT('',#8261);
#2419=VERTEX_POINT('',#8263);
#2420=VERTEX_POINT('',#8267);
#2421=VERTEX_POINT('',#8269);
#2422=VERTEX_POINT('',#8273);
#2423=VERTEX_POINT('',#8275);
#2424=VERTEX_POINT('',#8279);
#2425=VERTEX_POINT('',#8281);
#2426=VERTEX_POINT('',#8285);
#2427=VERTEX_POINT('',#8287);
#2428=VERTEX_POINT('',#8291);
#2429=VERTEX_POINT('',#8293);
#2430=VERTEX_POINT('',#8297);
#2431=VERTEX_POINT('',#8299);
#2432=VERTEX_POINT('',#8303);
#2433=VERTEX_POINT('',#8305);
#2434=VERTEX_POINT('',#8309);
#2435=VERTEX_POINT('',#8311);
#2436=VERTEX_POINT('',#8315);
#2437=VERTEX_POINT('',#8317);
#2438=VERTEX_POINT('',#8326);
#2439=VERTEX_POINT('',#8329);
#2440=EDGE_CURVE('',#1954,#1955,#724,.T.);
#2441=EDGE_CURVE('',#1954,#1956,#725,.T.);
#2442=EDGE_CURVE('',#1957,#1956,#726,.T.);
#2443=EDGE_CURVE('',#1955,#1957,#727,.T.);
#2444=EDGE_CURVE('',#1958,#1959,#728,.T.);
#2445=EDGE_CURVE('',#1959,#1960,#729,.T.);
#2446=EDGE_CURVE('',#1961,#1960,#730,.T.);
#2447=EDGE_CURVE('',#1958,#1961,#731,.T.);
#2448=EDGE_CURVE('',#1956,#1961,#732,.T.);
#2449=EDGE_CURVE('',#1960,#1957,#733,.T.);
#2450=EDGE_CURVE('',#1962,#1958,#734,.T.);
#2451=EDGE_CURVE('',#1962,#1963,#735,.T.);
#2452=EDGE_CURVE('',#1959,#1963,#736,.T.);
#2453=EDGE_CURVE('',#1964,#1954,#737,.T.);
#2454=EDGE_CURVE('',#1965,#1955,#738,.T.);
#2455=EDGE_CURVE('',#1964,#1965,#739,.T.);
#2456=EDGE_CURVE('',#1966,#1964,#740,.T.);
#2457=EDGE_CURVE('',#1967,#1965,#741,.T.);
#2458=EDGE_CURVE('',#1966,#1967,#742,.T.);
#2459=EDGE_CURVE('',#1968,#1966,#743,.T.);
#2460=EDGE_CURVE('',#1969,#1967,#744,.T.);
#2461=EDGE_CURVE('',#1968,#1969,#745,.T.);
#2462=EDGE_CURVE('',#1968,#1962,#746,.T.);
#2463=EDGE_CURVE('',#1963,#1969,#747,.T.);
#2464=EDGE_CURVE('',#1970,#1971,#13,.T.);
#2465=EDGE_CURVE('',#1971,#1972,#748,.T.);
#2466=EDGE_CURVE('',#1973,#1972,#14,.T.);
#2467=EDGE_CURVE('',#1970,#1973,#749,.T.);
#2468=EDGE_CURVE('',#1970,#1974,#750,.T.);
#2469=EDGE_CURVE('',#1975,#1973,#751,.T.);
#2470=EDGE_CURVE('',#1974,#1975,#752,.T.);
#2471=EDGE_CURVE('',#1974,#1976,#753,.T.);
#2472=EDGE_CURVE('',#1977,#1975,#754,.T.);
#2473=EDGE_CURVE('',#1976,#1977,#755,.T.);
#2474=EDGE_CURVE('',#1978,#1976,#756,.T.);
#2475=EDGE_CURVE('',#1979,#1977,#757,.T.);
#2476=EDGE_CURVE('',#1978,#1979,#758,.T.);
#2477=EDGE_CURVE('',#1980,#1978,#15,.T.);
#2478=EDGE_CURVE('',#1981,#1979,#16,.T.);
#2479=EDGE_CURVE('',#1980,#1981,#759,.T.);
#2480=EDGE_CURVE('',#1980,#1982,#760,.T.);
#2481=EDGE_CURVE('',#1983,#1981,#761,.T.);
#2482=EDGE_CURVE('',#1982,#1983,#762,.T.);
#2483=EDGE_CURVE('',#1982,#1984,#763,.T.);
#2484=EDGE_CURVE('',#1985,#1983,#764,.T.);
#2485=EDGE_CURVE('',#1984,#1985,#765,.T.);
#2486=EDGE_CURVE('',#1986,#1984,#766,.T.);
#2487=EDGE_CURVE('',#1987,#1985,#767,.T.);
#2488=EDGE_CURVE('',#1986,#1987,#768,.T.);
#2489=EDGE_CURVE('',#1988,#1986,#17,.T.);
#2490=EDGE_CURVE('',#1989,#1987,#18,.T.);
#2491=EDGE_CURVE('',#1988,#1989,#769,.T.);
#2492=EDGE_CURVE('',#1988,#1990,#770,.T.);
#2493=EDGE_CURVE('',#1991,#1989,#771,.T.);
#2494=EDGE_CURVE('',#1990,#1991,#772,.T.);
#2495=EDGE_CURVE('',#1990,#1992,#773,.T.);
#2496=EDGE_CURVE('',#1993,#1991,#774,.T.);
#2497=EDGE_CURVE('',#1992,#1993,#775,.T.);
#2498=EDGE_CURVE('',#1994,#1992,#776,.T.);
#2499=EDGE_CURVE('',#1995,#1993,#777,.T.);
#2500=EDGE_CURVE('',#1994,#1995,#778,.T.);
#2501=EDGE_CURVE('',#1996,#1994,#19,.T.);
#2502=EDGE_CURVE('',#1997,#1995,#20,.T.);
#2503=EDGE_CURVE('',#1996,#1997,#779,.T.);
#2504=EDGE_CURVE('',#1996,#1998,#780,.T.);
#2505=EDGE_CURVE('',#1999,#1997,#781,.T.);
#2506=EDGE_CURVE('',#1998,#1999,#782,.T.);
#2507=EDGE_CURVE('',#1998,#2000,#783,.T.);
#2508=EDGE_CURVE('',#2001,#1999,#784,.T.);
#2509=EDGE_CURVE('',#2000,#2001,#785,.T.);
#2510=EDGE_CURVE('',#2002,#2000,#786,.T.);
#2511=EDGE_CURVE('',#2003,#2001,#787,.T.);
#2512=EDGE_CURVE('',#2002,#2003,#788,.T.);
#2513=EDGE_CURVE('',#2004,#2002,#21,.T.);
#2514=EDGE_CURVE('',#2005,#2003,#22,.T.);
#2515=EDGE_CURVE('',#2004,#2005,#789,.T.);
#2516=EDGE_CURVE('',#2004,#2006,#790,.T.);
#2517=EDGE_CURVE('',#2007,#2005,#791,.T.);
#2518=EDGE_CURVE('',#2006,#2007,#792,.T.);
#2519=EDGE_CURVE('',#2006,#2008,#793,.T.);
#2520=EDGE_CURVE('',#2009,#2007,#794,.T.);
#2521=EDGE_CURVE('',#2008,#2009,#795,.T.);
#2522=EDGE_CURVE('',#2010,#2008,#796,.T.);
#2523=EDGE_CURVE('',#2011,#2009,#797,.T.);
#2524=EDGE_CURVE('',#2010,#2011,#798,.T.);
#2525=EDGE_CURVE('',#2012,#2010,#23,.T.);
#2526=EDGE_CURVE('',#2013,#2011,#24,.T.);
#2527=EDGE_CURVE('',#2012,#2013,#799,.T.);
#2528=EDGE_CURVE('',#2012,#2014,#800,.T.);
#2529=EDGE_CURVE('',#2015,#2013,#801,.T.);
#2530=EDGE_CURVE('',#2014,#2015,#802,.T.);
#2531=EDGE_CURVE('',#2014,#2016,#803,.T.);
#2532=EDGE_CURVE('',#2017,#2015,#804,.T.);
#2533=EDGE_CURVE('',#2016,#2017,#805,.T.);
#2534=EDGE_CURVE('',#2018,#2016,#806,.T.);
#2535=EDGE_CURVE('',#2019,#2017,#807,.T.);
#2536=EDGE_CURVE('',#2018,#2019,#808,.T.);
#2537=EDGE_CURVE('',#2020,#2018,#25,.T.);
#2538=EDGE_CURVE('',#2021,#2019,#26,.T.);
#2539=EDGE_CURVE('',#2020,#2021,#809,.T.);
#2540=EDGE_CURVE('',#2020,#2022,#810,.T.);
#2541=EDGE_CURVE('',#2023,#2021,#811,.T.);
#2542=EDGE_CURVE('',#2022,#2023,#812,.T.);
#2543=EDGE_CURVE('',#2022,#2024,#813,.T.);
#2544=EDGE_CURVE('',#2025,#2023,#814,.T.);
#2545=EDGE_CURVE('',#2024,#2025,#815,.T.);
#2546=EDGE_CURVE('',#2026,#2024,#816,.T.);
#2547=EDGE_CURVE('',#2027,#2025,#817,.T.);
#2548=EDGE_CURVE('',#2026,#2027,#818,.T.);
#2549=EDGE_CURVE('',#2028,#2026,#27,.T.);
#2550=EDGE_CURVE('',#2029,#2027,#28,.T.);
#2551=EDGE_CURVE('',#2028,#2029,#819,.T.);
#2552=EDGE_CURVE('',#2028,#2030,#820,.T.);
#2553=EDGE_CURVE('',#2031,#2029,#821,.T.);
#2554=EDGE_CURVE('',#2030,#2031,#822,.T.);
#2555=EDGE_CURVE('',#2030,#2032,#823,.T.);
#2556=EDGE_CURVE('',#2033,#2031,#824,.T.);
#2557=EDGE_CURVE('',#2032,#2033,#825,.T.);
#2558=EDGE_CURVE('',#2034,#2032,#826,.T.);
#2559=EDGE_CURVE('',#2035,#2033,#827,.T.);
#2560=EDGE_CURVE('',#2034,#2035,#828,.T.);
#2561=EDGE_CURVE('',#2036,#2034,#29,.T.);
#2562=EDGE_CURVE('',#2037,#2035,#30,.T.);
#2563=EDGE_CURVE('',#2036,#2037,#829,.T.);
#2564=EDGE_CURVE('',#2036,#2038,#830,.T.);
#2565=EDGE_CURVE('',#2039,#2037,#831,.T.);
#2566=EDGE_CURVE('',#2038,#2039,#832,.T.);
#2567=EDGE_CURVE('',#2038,#2040,#833,.T.);
#2568=EDGE_CURVE('',#2041,#2039,#834,.T.);
#2569=EDGE_CURVE('',#2040,#2041,#835,.T.);
#2570=EDGE_CURVE('',#2042,#2040,#836,.T.);
#2571=EDGE_CURVE('',#2043,#2041,#837,.T.);
#2572=EDGE_CURVE('',#2042,#2043,#838,.T.);
#2573=EDGE_CURVE('',#2044,#2042,#31,.T.);
#2574=EDGE_CURVE('',#2045,#2043,#32,.T.);
#2575=EDGE_CURVE('',#2044,#2045,#839,.T.);
#2576=EDGE_CURVE('',#2044,#2046,#840,.T.);
#2577=EDGE_CURVE('',#2047,#2045,#841,.T.);
#2578=EDGE_CURVE('',#2046,#2047,#842,.T.);
#2579=EDGE_CURVE('',#2046,#2048,#843,.T.);
#2580=EDGE_CURVE('',#2049,#2047,#844,.T.);
#2581=EDGE_CURVE('',#2048,#2049,#845,.T.);
#2582=EDGE_CURVE('',#2050,#2048,#846,.T.);
#2583=EDGE_CURVE('',#2051,#2049,#847,.T.);
#2584=EDGE_CURVE('',#2050,#2051,#848,.T.);
#2585=EDGE_CURVE('',#2052,#2050,#33,.T.);
#2586=EDGE_CURVE('',#2053,#2051,#34,.T.);
#2587=EDGE_CURVE('',#2052,#2053,#849,.T.);
#2588=EDGE_CURVE('',#2052,#2054,#850,.T.);
#2589=EDGE_CURVE('',#2055,#2053,#851,.T.);
#2590=EDGE_CURVE('',#2054,#2055,#852,.T.);
#2591=EDGE_CURVE('',#2054,#2056,#853,.T.);
#2592=EDGE_CURVE('',#2057,#2055,#854,.T.);
#2593=EDGE_CURVE('',#2056,#2057,#855,.T.);
#2594=EDGE_CURVE('',#2058,#2056,#856,.T.);
#2595=EDGE_CURVE('',#2059,#2057,#857,.T.);
#2596=EDGE_CURVE('',#2058,#2059,#858,.T.);
#2597=EDGE_CURVE('',#2060,#2058,#35,.T.);
#2598=EDGE_CURVE('',#2061,#2059,#36,.T.);
#2599=EDGE_CURVE('',#2060,#2061,#859,.T.);
#2600=EDGE_CURVE('',#2060,#2062,#860,.T.);
#2601=EDGE_CURVE('',#2063,#2061,#861,.T.);
#2602=EDGE_CURVE('',#2062,#2063,#862,.T.);
#2603=EDGE_CURVE('',#2062,#2064,#863,.T.);
#2604=EDGE_CURVE('',#2065,#2063,#864,.T.);
#2605=EDGE_CURVE('',#2064,#2065,#865,.T.);
#2606=EDGE_CURVE('',#2066,#2064,#866,.T.);
#2607=EDGE_CURVE('',#2067,#2065,#867,.T.);
#2608=EDGE_CURVE('',#2066,#2067,#868,.T.);
#2609=EDGE_CURVE('',#2068,#2066,#37,.T.);
#2610=EDGE_CURVE('',#2069,#2067,#38,.T.);
#2611=EDGE_CURVE('',#2068,#2069,#869,.T.);
#2612=EDGE_CURVE('',#2068,#2070,#870,.T.);
#2613=EDGE_CURVE('',#2071,#2069,#871,.T.);
#2614=EDGE_CURVE('',#2070,#2071,#872,.T.);
#2615=EDGE_CURVE('',#2070,#2072,#873,.T.);
#2616=EDGE_CURVE('',#2073,#2071,#874,.T.);
#2617=EDGE_CURVE('',#2072,#2073,#875,.T.);
#2618=EDGE_CURVE('',#2074,#2072,#876,.T.);
#2619=EDGE_CURVE('',#2075,#2073,#877,.T.);
#2620=EDGE_CURVE('',#2074,#2075,#878,.T.);
#2621=EDGE_CURVE('',#2076,#2074,#39,.T.);
#2622=EDGE_CURVE('',#2077,#2075,#40,.T.);
#2623=EDGE_CURVE('',#2076,#2077,#879,.T.);
#2624=EDGE_CURVE('',#2076,#2078,#880,.T.);
#2625=EDGE_CURVE('',#2079,#2077,#881,.T.);
#2626=EDGE_CURVE('',#2078,#2079,#882,.T.);
#2627=EDGE_CURVE('',#2078,#2080,#883,.T.);
#2628=EDGE_CURVE('',#2081,#2079,#884,.T.);
#2629=EDGE_CURVE('',#2080,#2081,#885,.T.);
#2630=EDGE_CURVE('',#2082,#2080,#886,.T.);
#2631=EDGE_CURVE('',#2083,#2081,#887,.T.);
#2632=EDGE_CURVE('',#2082,#2083,#888,.T.);
#2633=EDGE_CURVE('',#2084,#2082,#41,.T.);
#2634=EDGE_CURVE('',#2085,#2083,#42,.T.);
#2635=EDGE_CURVE('',#2084,#2085,#889,.T.);
#2636=EDGE_CURVE('',#2084,#2086,#890,.T.);
#2637=EDGE_CURVE('',#2087,#2085,#891,.T.);
#2638=EDGE_CURVE('',#2086,#2087,#892,.T.);
#2639=EDGE_CURVE('',#2086,#2088,#893,.T.);
#2640=EDGE_CURVE('',#2089,#2087,#894,.T.);
#2641=EDGE_CURVE('',#2088,#2089,#895,.T.);
#2642=EDGE_CURVE('',#2090,#2088,#896,.T.);
#2643=EDGE_CURVE('',#2091,#2089,#897,.T.);
#2644=EDGE_CURVE('',#2090,#2091,#898,.T.);
#2645=EDGE_CURVE('',#2092,#2090,#43,.T.);
#2646=EDGE_CURVE('',#2093,#2091,#44,.T.);
#2647=EDGE_CURVE('',#2092,#2093,#899,.T.);
#2648=EDGE_CURVE('',#2092,#2094,#900,.T.);
#2649=EDGE_CURVE('',#2095,#2093,#901,.T.);
#2650=EDGE_CURVE('',#2094,#2095,#902,.T.);
#2651=EDGE_CURVE('',#2094,#2096,#903,.T.);
#2652=EDGE_CURVE('',#2097,#2095,#904,.T.);
#2653=EDGE_CURVE('',#2096,#2097,#905,.T.);
#2654=EDGE_CURVE('',#2098,#2096,#906,.T.);
#2655=EDGE_CURVE('',#2099,#2097,#907,.T.);
#2656=EDGE_CURVE('',#2098,#2099,#908,.T.);
#2657=EDGE_CURVE('',#2100,#2098,#45,.T.);
#2658=EDGE_CURVE('',#2101,#2099,#46,.T.);
#2659=EDGE_CURVE('',#2100,#2101,#909,.T.);
#2660=EDGE_CURVE('',#2100,#2102,#910,.T.);
#2661=EDGE_CURVE('',#2103,#2101,#911,.T.);
#2662=EDGE_CURVE('',#2102,#2103,#912,.T.);
#2663=EDGE_CURVE('',#2102,#2104,#913,.T.);
#2664=EDGE_CURVE('',#2105,#2103,#914,.T.);
#2665=EDGE_CURVE('',#2104,#2105,#915,.T.);
#2666=EDGE_CURVE('',#2106,#2104,#916,.T.);
#2667=EDGE_CURVE('',#2107,#2105,#917,.T.);
#2668=EDGE_CURVE('',#2106,#2107,#918,.T.);
#2669=EDGE_CURVE('',#2108,#2106,#47,.T.);
#2670=EDGE_CURVE('',#2109,#2107,#48,.T.);
#2671=EDGE_CURVE('',#2108,#2109,#919,.T.);
#2672=EDGE_CURVE('',#2108,#2110,#920,.T.);
#2673=EDGE_CURVE('',#2111,#2109,#921,.T.);
#2674=EDGE_CURVE('',#2110,#2111,#922,.T.);
#2675=EDGE_CURVE('',#2110,#2112,#923,.T.);
#2676=EDGE_CURVE('',#2113,#2111,#924,.T.);
#2677=EDGE_CURVE('',#2112,#2113,#925,.T.);
#2678=EDGE_CURVE('',#1971,#2112,#926,.T.);
#2679=EDGE_CURVE('',#1972,#2113,#927,.T.);
#2680=EDGE_CURVE('',#2114,#2114,#49,.T.);
#2681=EDGE_CURVE('',#2115,#2115,#50,.T.);
#2682=EDGE_CURVE('',#2114,#2115,#928,.T.);
#2683=EDGE_CURVE('',#2116,#2116,#51,.T.);
#2684=EDGE_CURVE('',#2117,#2117,#52,.T.);
#2685=EDGE_CURVE('',#2116,#2117,#929,.T.);
#2686=EDGE_CURVE('',#2118,#2119,#930,.T.);
#2687=EDGE_CURVE('',#2118,#2120,#931,.T.);
#2688=EDGE_CURVE('',#2121,#2120,#932,.T.);
#2689=EDGE_CURVE('',#2119,#2121,#933,.T.);
#2690=EDGE_CURVE('',#2122,#2123,#934,.T.);
#2691=EDGE_CURVE('',#2123,#2124,#935,.T.);
#2692=EDGE_CURVE('',#2125,#2124,#936,.T.);
#2693=EDGE_CURVE('',#2122,#2125,#937,.T.);
#2694=EDGE_CURVE('',#2120,#2125,#938,.T.);
#2695=EDGE_CURVE('',#2124,#2121,#939,.T.);
#2696=EDGE_CURVE('',#2126,#2122,#940,.T.);
#2697=EDGE_CURVE('',#2126,#2127,#941,.T.);
#2698=EDGE_CURVE('',#2123,#2127,#942,.T.);
#2699=EDGE_CURVE('',#2128,#2118,#943,.T.);
#2700=EDGE_CURVE('',#2129,#2119,#944,.T.);
#2701=EDGE_CURVE('',#2128,#2129,#945,.T.);
#2702=EDGE_CURVE('',#2130,#2128,#946,.T.);
#2703=EDGE_CURVE('',#2131,#2129,#947,.T.);
#2704=EDGE_CURVE('',#2130,#2131,#948,.T.);
#2705=EDGE_CURVE('',#2132,#2130,#949,.T.);
#2706=EDGE_CURVE('',#2133,#2131,#950,.T.);
#2707=EDGE_CURVE('',#2132,#2133,#951,.T.);
#2708=EDGE_CURVE('',#2132,#2126,#952,.T.);
#2709=EDGE_CURVE('',#2127,#2133,#953,.T.);
#2710=EDGE_CURVE('',#2134,#2135,#53,.T.);
#2711=EDGE_CURVE('',#2135,#2136,#954,.T.);
#2712=EDGE_CURVE('',#2137,#2136,#54,.T.);
#2713=EDGE_CURVE('',#2134,#2137,#955,.T.);
#2714=EDGE_CURVE('',#2134,#2138,#956,.T.);
#2715=EDGE_CURVE('',#2139,#2137,#957,.T.);
#2716=EDGE_CURVE('',#2138,#2139,#958,.T.);
#2717=EDGE_CURVE('',#2138,#2140,#959,.T.);
#2718=EDGE_CURVE('',#2141,#2139,#960,.T.);
#2719=EDGE_CURVE('',#2140,#2141,#961,.T.);
#2720=EDGE_CURVE('',#2142,#2140,#962,.T.);
#2721=EDGE_CURVE('',#2143,#2141,#963,.T.);
#2722=EDGE_CURVE('',#2142,#2143,#964,.T.);
#2723=EDGE_CURVE('',#2144,#2142,#55,.T.);
#2724=EDGE_CURVE('',#2145,#2143,#56,.T.);
#2725=EDGE_CURVE('',#2144,#2145,#965,.T.);
#2726=EDGE_CURVE('',#2144,#2146,#966,.T.);
#2727=EDGE_CURVE('',#2147,#2145,#967,.T.);
#2728=EDGE_CURVE('',#2146,#2147,#968,.T.);
#2729=EDGE_CURVE('',#2146,#2148,#969,.T.);
#2730=EDGE_CURVE('',#2149,#2147,#970,.T.);
#2731=EDGE_CURVE('',#2148,#2149,#971,.T.);
#2732=EDGE_CURVE('',#2150,#2148,#972,.T.);
#2733=EDGE_CURVE('',#2151,#2149,#973,.T.);
#2734=EDGE_CURVE('',#2150,#2151,#974,.T.);
#2735=EDGE_CURVE('',#2152,#2150,#57,.T.);
#2736=EDGE_CURVE('',#2153,#2151,#58,.T.);
#2737=EDGE_CURVE('',#2152,#2153,#975,.T.);
#2738=EDGE_CURVE('',#2152,#2154,#976,.T.);
#2739=EDGE_CURVE('',#2155,#2153,#977,.T.);
#2740=EDGE_CURVE('',#2154,#2155,#978,.T.);
#2741=EDGE_CURVE('',#2154,#2156,#979,.T.);
#2742=EDGE_CURVE('',#2157,#2155,#980,.T.);
#2743=EDGE_CURVE('',#2156,#2157,#981,.T.);
#2744=EDGE_CURVE('',#2158,#2156,#982,.T.);
#2745=EDGE_CURVE('',#2159,#2157,#983,.T.);
#2746=EDGE_CURVE('',#2158,#2159,#984,.T.);
#2747=EDGE_CURVE('',#2160,#2158,#59,.T.);
#2748=EDGE_CURVE('',#2161,#2159,#60,.T.);
#2749=EDGE_CURVE('',#2160,#2161,#985,.T.);
#2750=EDGE_CURVE('',#2160,#2162,#986,.T.);
#2751=EDGE_CURVE('',#2163,#2161,#987,.T.);
#2752=EDGE_CURVE('',#2162,#2163,#988,.T.);
#2753=EDGE_CURVE('',#2162,#2164,#989,.T.);
#2754=EDGE_CURVE('',#2165,#2163,#990,.T.);
#2755=EDGE_CURVE('',#2164,#2165,#991,.T.);
#2756=EDGE_CURVE('',#2166,#2164,#992,.T.);
#2757=EDGE_CURVE('',#2167,#2165,#993,.T.);
#2758=EDGE_CURVE('',#2166,#2167,#994,.T.);
#2759=EDGE_CURVE('',#2168,#2166,#61,.T.);
#2760=EDGE_CURVE('',#2169,#2167,#62,.T.);
#2761=EDGE_CURVE('',#2168,#2169,#995,.T.);
#2762=EDGE_CURVE('',#2168,#2170,#996,.T.);
#2763=EDGE_CURVE('',#2171,#2169,#997,.T.);
#2764=EDGE_CURVE('',#2170,#2171,#998,.T.);
#2765=EDGE_CURVE('',#2170,#2172,#999,.T.);
#2766=EDGE_CURVE('',#2173,#2171,#1000,.T.);
#2767=EDGE_CURVE('',#2172,#2173,#1001,.T.);
#2768=EDGE_CURVE('',#2174,#2172,#1002,.T.);
#2769=EDGE_CURVE('',#2175,#2173,#1003,.T.);
#2770=EDGE_CURVE('',#2174,#2175,#1004,.T.);
#2771=EDGE_CURVE('',#2176,#2174,#63,.T.);
#2772=EDGE_CURVE('',#2177,#2175,#64,.T.);
#2773=EDGE_CURVE('',#2176,#2177,#1005,.T.);
#2774=EDGE_CURVE('',#2176,#2178,#1006,.T.);
#2775=EDGE_CURVE('',#2179,#2177,#1007,.T.);
#2776=EDGE_CURVE('',#2178,#2179,#1008,.T.);
#2777=EDGE_CURVE('',#2178,#2180,#1009,.T.);
#2778=EDGE_CURVE('',#2181,#2179,#1010,.T.);
#2779=EDGE_CURVE('',#2180,#2181,#1011,.T.);
#2780=EDGE_CURVE('',#2182,#2180,#1012,.T.);
#2781=EDGE_CURVE('',#2183,#2181,#1013,.T.);
#2782=EDGE_CURVE('',#2182,#2183,#1014,.T.);
#2783=EDGE_CURVE('',#2184,#2182,#65,.T.);
#2784=EDGE_CURVE('',#2185,#2183,#66,.T.);
#2785=EDGE_CURVE('',#2184,#2185,#1015,.T.);
#2786=EDGE_CURVE('',#2184,#2186,#1016,.T.);
#2787=EDGE_CURVE('',#2187,#2185,#1017,.T.);
#2788=EDGE_CURVE('',#2186,#2187,#1018,.T.);
#2789=EDGE_CURVE('',#2186,#2188,#1019,.T.);
#2790=EDGE_CURVE('',#2189,#2187,#1020,.T.);
#2791=EDGE_CURVE('',#2188,#2189,#1021,.T.);
#2792=EDGE_CURVE('',#2190,#2188,#1022,.T.);
#2793=EDGE_CURVE('',#2191,#2189,#1023,.T.);
#2794=EDGE_CURVE('',#2190,#2191,#1024,.T.);
#2795=EDGE_CURVE('',#2192,#2190,#67,.T.);
#2796=EDGE_CURVE('',#2193,#2191,#68,.T.);
#2797=EDGE_CURVE('',#2192,#2193,#1025,.T.);
#2798=EDGE_CURVE('',#2192,#2194,#1026,.T.);
#2799=EDGE_CURVE('',#2195,#2193,#1027,.T.);
#2800=EDGE_CURVE('',#2194,#2195,#1028,.T.);
#2801=EDGE_CURVE('',#2194,#2196,#1029,.T.);
#2802=EDGE_CURVE('',#2197,#2195,#1030,.T.);
#2803=EDGE_CURVE('',#2196,#2197,#1031,.T.);
#2804=EDGE_CURVE('',#2198,#2196,#1032,.T.);
#2805=EDGE_CURVE('',#2199,#2197,#1033,.T.);
#2806=EDGE_CURVE('',#2198,#2199,#1034,.T.);
#2807=EDGE_CURVE('',#2200,#2198,#69,.T.);
#2808=EDGE_CURVE('',#2201,#2199,#70,.T.);
#2809=EDGE_CURVE('',#2200,#2201,#1035,.T.);
#2810=EDGE_CURVE('',#2200,#2202,#1036,.T.);
#2811=EDGE_CURVE('',#2203,#2201,#1037,.T.);
#2812=EDGE_CURVE('',#2202,#2203,#1038,.T.);
#2813=EDGE_CURVE('',#2202,#2204,#1039,.T.);
#2814=EDGE_CURVE('',#2205,#2203,#1040,.T.);
#2815=EDGE_CURVE('',#2204,#2205,#1041,.T.);
#2816=EDGE_CURVE('',#2206,#2204,#1042,.T.);
#2817=EDGE_CURVE('',#2207,#2205,#1043,.T.);
#2818=EDGE_CURVE('',#2206,#2207,#1044,.T.);
#2819=EDGE_CURVE('',#2208,#2206,#71,.T.);
#2820=EDGE_CURVE('',#2209,#2207,#72,.T.);
#2821=EDGE_CURVE('',#2208,#2209,#1045,.T.);
#2822=EDGE_CURVE('',#2208,#2210,#1046,.T.);
#2823=EDGE_CURVE('',#2211,#2209,#1047,.T.);
#2824=EDGE_CURVE('',#2210,#2211,#1048,.T.);
#2825=EDGE_CURVE('',#2210,#2212,#1049,.T.);
#2826=EDGE_CURVE('',#2213,#2211,#1050,.T.);
#2827=EDGE_CURVE('',#2212,#2213,#1051,.T.);
#2828=EDGE_CURVE('',#2214,#2212,#1052,.T.);
#2829=EDGE_CURVE('',#2215,#2213,#1053,.T.);
#2830=EDGE_CURVE('',#2214,#2215,#1054,.T.);
#2831=EDGE_CURVE('',#2216,#2214,#73,.T.);
#2832=EDGE_CURVE('',#2217,#2215,#74,.T.);
#2833=EDGE_CURVE('',#2216,#2217,#1055,.T.);
#2834=EDGE_CURVE('',#2216,#2218,#1056,.T.);
#2835=EDGE_CURVE('',#2219,#2217,#1057,.T.);
#2836=EDGE_CURVE('',#2218,#2219,#1058,.T.);
#2837=EDGE_CURVE('',#2218,#2220,#1059,.T.);
#2838=EDGE_CURVE('',#2221,#2219,#1060,.T.);
#2839=EDGE_CURVE('',#2220,#2221,#1061,.T.);
#2840=EDGE_CURVE('',#2222,#2220,#1062,.T.);
#2841=EDGE_CURVE('',#2223,#2221,#1063,.T.);
#2842=EDGE_CURVE('',#2222,#2223,#1064,.T.);
#2843=EDGE_CURVE('',#2224,#2222,#75,.T.);
#2844=EDGE_CURVE('',#2225,#2223,#76,.T.);
#2845=EDGE_CURVE('',#2224,#2225,#1065,.T.);
#2846=EDGE_CURVE('',#2224,#2226,#1066,.T.);
#2847=EDGE_CURVE('',#2227,#2225,#1067,.T.);
#2848=EDGE_CURVE('',#2226,#2227,#1068,.T.);
#2849=EDGE_CURVE('',#2226,#2228,#1069,.T.);
#2850=EDGE_CURVE('',#2229,#2227,#1070,.T.);
#2851=EDGE_CURVE('',#2228,#2229,#1071,.T.);
#2852=EDGE_CURVE('',#2230,#2228,#1072,.T.);
#2853=EDGE_CURVE('',#2231,#2229,#1073,.T.);
#2854=EDGE_CURVE('',#2230,#2231,#1074,.T.);
#2855=EDGE_CURVE('',#2232,#2230,#77,.T.);
#2856=EDGE_CURVE('',#2233,#2231,#78,.T.);
#2857=EDGE_CURVE('',#2232,#2233,#1075,.T.);
#2858=EDGE_CURVE('',#2232,#2234,#1076,.T.);
#2859=EDGE_CURVE('',#2235,#2233,#1077,.T.);
#2860=EDGE_CURVE('',#2234,#2235,#1078,.T.);
#2861=EDGE_CURVE('',#2234,#2236,#1079,.T.);
#2862=EDGE_CURVE('',#2237,#2235,#1080,.T.);
#2863=EDGE_CURVE('',#2236,#2237,#1081,.T.);
#2864=EDGE_CURVE('',#2238,#2236,#1082,.T.);
#2865=EDGE_CURVE('',#2239,#2237,#1083,.T.);
#2866=EDGE_CURVE('',#2238,#2239,#1084,.T.);
#2867=EDGE_CURVE('',#2240,#2238,#79,.T.);
#2868=EDGE_CURVE('',#2241,#2239,#80,.T.);
#2869=EDGE_CURVE('',#2240,#2241,#1085,.T.);
#2870=EDGE_CURVE('',#2240,#2242,#1086,.T.);
#2871=EDGE_CURVE('',#2243,#2241,#1087,.T.);
#2872=EDGE_CURVE('',#2242,#2243,#1088,.T.);
#2873=EDGE_CURVE('',#2242,#2244,#1089,.T.);
#2874=EDGE_CURVE('',#2245,#2243,#1090,.T.);
#2875=EDGE_CURVE('',#2244,#2245,#1091,.T.);
#2876=EDGE_CURVE('',#2246,#2244,#1092,.T.);
#2877=EDGE_CURVE('',#2247,#2245,#1093,.T.);
#2878=EDGE_CURVE('',#2246,#2247,#1094,.T.);
#2879=EDGE_CURVE('',#2248,#2246,#81,.T.);
#2880=EDGE_CURVE('',#2249,#2247,#82,.T.);
#2881=EDGE_CURVE('',#2248,#2249,#1095,.T.);
#2882=EDGE_CURVE('',#2248,#2250,#1096,.T.);
#2883=EDGE_CURVE('',#2251,#2249,#1097,.T.);
#2884=EDGE_CURVE('',#2250,#2251,#1098,.T.);
#2885=EDGE_CURVE('',#2250,#2252,#1099,.T.);
#2886=EDGE_CURVE('',#2253,#2251,#1100,.T.);
#2887=EDGE_CURVE('',#2252,#2253,#1101,.T.);
#2888=EDGE_CURVE('',#2254,#2252,#1102,.T.);
#2889=EDGE_CURVE('',#2255,#2253,#1103,.T.);
#2890=EDGE_CURVE('',#2254,#2255,#1104,.T.);
#2891=EDGE_CURVE('',#2256,#2254,#83,.T.);
#2892=EDGE_CURVE('',#2257,#2255,#84,.T.);
#2893=EDGE_CURVE('',#2256,#2257,#1105,.T.);
#2894=EDGE_CURVE('',#2256,#2258,#1106,.T.);
#2895=EDGE_CURVE('',#2259,#2257,#1107,.T.);
#2896=EDGE_CURVE('',#2258,#2259,#1108,.T.);
#2897=EDGE_CURVE('',#2258,#2260,#1109,.T.);
#2898=EDGE_CURVE('',#2261,#2259,#1110,.T.);
#2899=EDGE_CURVE('',#2260,#2261,#1111,.T.);
#2900=EDGE_CURVE('',#2262,#2260,#1112,.T.);
#2901=EDGE_CURVE('',#2263,#2261,#1113,.T.);
#2902=EDGE_CURVE('',#2262,#2263,#1114,.T.);
#2903=EDGE_CURVE('',#2264,#2262,#85,.T.);
#2904=EDGE_CURVE('',#2265,#2263,#86,.T.);
#2905=EDGE_CURVE('',#2264,#2265,#1115,.T.);
#2906=EDGE_CURVE('',#2264,#2266,#1116,.T.);
#2907=EDGE_CURVE('',#2267,#2265,#1117,.T.);
#2908=EDGE_CURVE('',#2266,#2267,#1118,.T.);
#2909=EDGE_CURVE('',#2266,#2268,#1119,.T.);
#2910=EDGE_CURVE('',#2269,#2267,#1120,.T.);
#2911=EDGE_CURVE('',#2268,#2269,#1121,.T.);
#2912=EDGE_CURVE('',#2270,#2268,#1122,.T.);
#2913=EDGE_CURVE('',#2271,#2269,#1123,.T.);
#2914=EDGE_CURVE('',#2270,#2271,#1124,.T.);
#2915=EDGE_CURVE('',#2272,#2270,#87,.T.);
#2916=EDGE_CURVE('',#2273,#2271,#88,.T.);
#2917=EDGE_CURVE('',#2272,#2273,#1125,.T.);
#2918=EDGE_CURVE('',#2272,#2274,#1126,.T.);
#2919=EDGE_CURVE('',#2275,#2273,#1127,.T.);
#2920=EDGE_CURVE('',#2274,#2275,#1128,.T.);
#2921=EDGE_CURVE('',#2274,#2276,#1129,.T.);
#2922=EDGE_CURVE('',#2277,#2275,#1130,.T.);
#2923=EDGE_CURVE('',#2276,#2277,#1131,.T.);
#2924=EDGE_CURVE('',#2135,#2276,#1132,.T.);
#2925=EDGE_CURVE('',#2136,#2277,#1133,.T.);
#2926=EDGE_CURVE('',#2278,#2279,#1134,.T.);
#2927=EDGE_CURVE('',#2278,#2280,#1135,.T.);
#2928=EDGE_CURVE('',#2281,#2280,#1136,.T.);
#2929=EDGE_CURVE('',#2279,#2281,#1137,.T.);
#2930=EDGE_CURVE('',#2282,#2283,#1138,.T.);
#2931=EDGE_CURVE('',#2283,#2284,#1139,.T.);
#2932=EDGE_CURVE('',#2285,#2284,#1140,.T.);
#2933=EDGE_CURVE('',#2282,#2285,#1141,.T.);
#2934=EDGE_CURVE('',#2280,#2285,#1142,.T.);
#2935=EDGE_CURVE('',#2284,#2281,#1143,.T.);
#2936=EDGE_CURVE('',#2286,#2282,#1144,.T.);
#2937=EDGE_CURVE('',#2286,#2287,#1145,.T.);
#2938=EDGE_CURVE('',#2283,#2287,#1146,.T.);
#2939=EDGE_CURVE('',#2288,#2278,#1147,.T.);
#2940=EDGE_CURVE('',#2289,#2279,#1148,.T.);
#2941=EDGE_CURVE('',#2288,#2289,#1149,.T.);
#2942=EDGE_CURVE('',#2290,#2288,#1150,.T.);
#2943=EDGE_CURVE('',#2291,#2289,#1151,.T.);
#2944=EDGE_CURVE('',#2290,#2291,#1152,.T.);
#2945=EDGE_CURVE('',#2292,#2290,#1153,.T.);
#2946=EDGE_CURVE('',#2293,#2291,#1154,.T.);
#2947=EDGE_CURVE('',#2292,#2293,#1155,.T.);
#2948=EDGE_CURVE('',#2292,#2286,#1156,.T.);
#2949=EDGE_CURVE('',#2287,#2293,#1157,.T.);
#2950=EDGE_CURVE('',#2294,#2295,#89,.T.);
#2951=EDGE_CURVE('',#2295,#2296,#1158,.T.);
#2952=EDGE_CURVE('',#2297,#2296,#90,.T.);
#2953=EDGE_CURVE('',#2294,#2297,#1159,.T.);
#2954=EDGE_CURVE('',#2294,#2298,#1160,.T.);
#2955=EDGE_CURVE('',#2299,#2297,#1161,.T.);
#2956=EDGE_CURVE('',#2298,#2299,#1162,.T.);
#2957=EDGE_CURVE('',#2298,#2300,#1163,.T.);
#2958=EDGE_CURVE('',#2301,#2299,#1164,.T.);
#2959=EDGE_CURVE('',#2300,#2301,#1165,.T.);
#2960=EDGE_CURVE('',#2302,#2300,#1166,.T.);
#2961=EDGE_CURVE('',#2303,#2301,#1167,.T.);
#2962=EDGE_CURVE('',#2302,#2303,#1168,.T.);
#2963=EDGE_CURVE('',#2304,#2302,#91,.T.);
#2964=EDGE_CURVE('',#2305,#2303,#92,.T.);
#2965=EDGE_CURVE('',#2304,#2305,#1169,.T.);
#2966=EDGE_CURVE('',#2304,#2306,#1170,.T.);
#2967=EDGE_CURVE('',#2307,#2305,#1171,.T.);
#2968=EDGE_CURVE('',#2306,#2307,#1172,.T.);
#2969=EDGE_CURVE('',#2306,#2308,#1173,.T.);
#2970=EDGE_CURVE('',#2309,#2307,#1174,.T.);
#2971=EDGE_CURVE('',#2308,#2309,#1175,.T.);
#2972=EDGE_CURVE('',#2310,#2308,#1176,.T.);
#2973=EDGE_CURVE('',#2311,#2309,#1177,.T.);
#2974=EDGE_CURVE('',#2310,#2311,#1178,.T.);
#2975=EDGE_CURVE('',#2312,#2310,#93,.T.);
#2976=EDGE_CURVE('',#2313,#2311,#94,.T.);
#2977=EDGE_CURVE('',#2312,#2313,#1179,.T.);
#2978=EDGE_CURVE('',#2312,#2314,#1180,.T.);
#2979=EDGE_CURVE('',#2315,#2313,#1181,.T.);
#2980=EDGE_CURVE('',#2314,#2315,#1182,.T.);
#2981=EDGE_CURVE('',#2314,#2316,#1183,.T.);
#2982=EDGE_CURVE('',#2317,#2315,#1184,.T.);
#2983=EDGE_CURVE('',#2316,#2317,#1185,.T.);
#2984=EDGE_CURVE('',#2318,#2316,#1186,.T.);
#2985=EDGE_CURVE('',#2319,#2317,#1187,.T.);
#2986=EDGE_CURVE('',#2318,#2319,#1188,.T.);
#2987=EDGE_CURVE('',#2320,#2318,#95,.T.);
#2988=EDGE_CURVE('',#2321,#2319,#96,.T.);
#2989=EDGE_CURVE('',#2320,#2321,#1189,.T.);
#2990=EDGE_CURVE('',#2320,#2322,#1190,.T.);
#2991=EDGE_CURVE('',#2323,#2321,#1191,.T.);
#2992=EDGE_CURVE('',#2322,#2323,#1192,.T.);
#2993=EDGE_CURVE('',#2322,#2324,#1193,.T.);
#2994=EDGE_CURVE('',#2325,#2323,#1194,.T.);
#2995=EDGE_CURVE('',#2324,#2325,#1195,.T.);
#2996=EDGE_CURVE('',#2326,#2324,#1196,.T.);
#2997=EDGE_CURVE('',#2327,#2325,#1197,.T.);
#2998=EDGE_CURVE('',#2326,#2327,#1198,.T.);
#2999=EDGE_CURVE('',#2328,#2326,#97,.T.);
#3000=EDGE_CURVE('',#2329,#2327,#98,.T.);
#3001=EDGE_CURVE('',#2328,#2329,#1199,.T.);
#3002=EDGE_CURVE('',#2328,#2330,#1200,.T.);
#3003=EDGE_CURVE('',#2331,#2329,#1201,.T.);
#3004=EDGE_CURVE('',#2330,#2331,#1202,.T.);
#3005=EDGE_CURVE('',#2330,#2332,#1203,.T.);
#3006=EDGE_CURVE('',#2333,#2331,#1204,.T.);
#3007=EDGE_CURVE('',#2332,#2333,#1205,.T.);
#3008=EDGE_CURVE('',#2334,#2332,#1206,.T.);
#3009=EDGE_CURVE('',#2335,#2333,#1207,.T.);
#3010=EDGE_CURVE('',#2334,#2335,#1208,.T.);
#3011=EDGE_CURVE('',#2336,#2334,#99,.T.);
#3012=EDGE_CURVE('',#2337,#2335,#100,.T.);
#3013=EDGE_CURVE('',#2336,#2337,#1209,.T.);
#3014=EDGE_CURVE('',#2336,#2338,#1210,.T.);
#3015=EDGE_CURVE('',#2339,#2337,#1211,.T.);
#3016=EDGE_CURVE('',#2338,#2339,#1212,.T.);
#3017=EDGE_CURVE('',#2338,#2340,#1213,.T.);
#3018=EDGE_CURVE('',#2341,#2339,#1214,.T.);
#3019=EDGE_CURVE('',#2340,#2341,#1215,.T.);
#3020=EDGE_CURVE('',#2342,#2340,#1216,.T.);
#3021=EDGE_CURVE('',#2343,#2341,#1217,.T.);
#3022=EDGE_CURVE('',#2342,#2343,#1218,.T.);
#3023=EDGE_CURVE('',#2344,#2342,#101,.T.);
#3024=EDGE_CURVE('',#2345,#2343,#102,.T.);
#3025=EDGE_CURVE('',#2344,#2345,#1219,.T.);
#3026=EDGE_CURVE('',#2344,#2346,#1220,.T.);
#3027=EDGE_CURVE('',#2347,#2345,#1221,.T.);
#3028=EDGE_CURVE('',#2346,#2347,#1222,.T.);
#3029=EDGE_CURVE('',#2346,#2348,#1223,.T.);
#3030=EDGE_CURVE('',#2349,#2347,#1224,.T.);
#3031=EDGE_CURVE('',#2348,#2349,#1225,.T.);
#3032=EDGE_CURVE('',#2350,#2348,#1226,.T.);
#3033=EDGE_CURVE('',#2351,#2349,#1227,.T.);
#3034=EDGE_CURVE('',#2350,#2351,#1228,.T.);
#3035=EDGE_CURVE('',#2352,#2350,#103,.T.);
#3036=EDGE_CURVE('',#2353,#2351,#104,.T.);
#3037=EDGE_CURVE('',#2352,#2353,#1229,.T.);
#3038=EDGE_CURVE('',#2352,#2354,#1230,.T.);
#3039=EDGE_CURVE('',#2355,#2353,#1231,.T.);
#3040=EDGE_CURVE('',#2354,#2355,#1232,.T.);
#3041=EDGE_CURVE('',#2354,#2356,#1233,.T.);
#3042=EDGE_CURVE('',#2357,#2355,#1234,.T.);
#3043=EDGE_CURVE('',#2356,#2357,#1235,.T.);
#3044=EDGE_CURVE('',#2358,#2356,#1236,.T.);
#3045=EDGE_CURVE('',#2359,#2357,#1237,.T.);
#3046=EDGE_CURVE('',#2358,#2359,#1238,.T.);
#3047=EDGE_CURVE('',#2360,#2358,#105,.T.);
#3048=EDGE_CURVE('',#2361,#2359,#106,.T.);
#3049=EDGE_CURVE('',#2360,#2361,#1239,.T.);
#3050=EDGE_CURVE('',#2360,#2362,#1240,.T.);
#3051=EDGE_CURVE('',#2363,#2361,#1241,.T.);
#3052=EDGE_CURVE('',#2362,#2363,#1242,.T.);
#3053=EDGE_CURVE('',#2362,#2364,#1243,.T.);
#3054=EDGE_CURVE('',#2365,#2363,#1244,.T.);
#3055=EDGE_CURVE('',#2364,#2365,#1245,.T.);
#3056=EDGE_CURVE('',#2366,#2364,#1246,.T.);
#3057=EDGE_CURVE('',#2367,#2365,#1247,.T.);
#3058=EDGE_CURVE('',#2366,#2367,#1248,.T.);
#3059=EDGE_CURVE('',#2368,#2366,#107,.T.);
#3060=EDGE_CURVE('',#2369,#2367,#108,.T.);
#3061=EDGE_CURVE('',#2368,#2369,#1249,.T.);
#3062=EDGE_CURVE('',#2368,#2370,#1250,.T.);
#3063=EDGE_CURVE('',#2371,#2369,#1251,.T.);
#3064=EDGE_CURVE('',#2370,#2371,#1252,.T.);
#3065=EDGE_CURVE('',#2370,#2372,#1253,.T.);
#3066=EDGE_CURVE('',#2373,#2371,#1254,.T.);
#3067=EDGE_CURVE('',#2372,#2373,#1255,.T.);
#3068=EDGE_CURVE('',#2374,#2372,#1256,.T.);
#3069=EDGE_CURVE('',#2375,#2373,#1257,.T.);
#3070=EDGE_CURVE('',#2374,#2375,#1258,.T.);
#3071=EDGE_CURVE('',#2376,#2374,#109,.T.);
#3072=EDGE_CURVE('',#2377,#2375,#110,.T.);
#3073=EDGE_CURVE('',#2376,#2377,#1259,.T.);
#3074=EDGE_CURVE('',#2376,#2378,#1260,.T.);
#3075=EDGE_CURVE('',#2379,#2377,#1261,.T.);
#3076=EDGE_CURVE('',#2378,#2379,#1262,.T.);
#3077=EDGE_CURVE('',#2378,#2380,#1263,.T.);
#3078=EDGE_CURVE('',#2381,#2379,#1264,.T.);
#3079=EDGE_CURVE('',#2380,#2381,#1265,.T.);
#3080=EDGE_CURVE('',#2382,#2380,#1266,.T.);
#3081=EDGE_CURVE('',#2383,#2381,#1267,.T.);
#3082=EDGE_CURVE('',#2382,#2383,#1268,.T.);
#3083=EDGE_CURVE('',#2384,#2382,#111,.T.);
#3084=EDGE_CURVE('',#2385,#2383,#112,.T.);
#3085=EDGE_CURVE('',#2384,#2385,#1269,.T.);
#3086=EDGE_CURVE('',#2384,#2386,#1270,.T.);
#3087=EDGE_CURVE('',#2387,#2385,#1271,.T.);
#3088=EDGE_CURVE('',#2386,#2387,#1272,.T.);
#3089=EDGE_CURVE('',#2386,#2388,#1273,.T.);
#3090=EDGE_CURVE('',#2389,#2387,#1274,.T.);
#3091=EDGE_CURVE('',#2388,#2389,#1275,.T.);
#3092=EDGE_CURVE('',#2390,#2388,#1276,.T.);
#3093=EDGE_CURVE('',#2391,#2389,#1277,.T.);
#3094=EDGE_CURVE('',#2390,#2391,#1278,.T.);
#3095=EDGE_CURVE('',#2392,#2390,#113,.T.);
#3096=EDGE_CURVE('',#2393,#2391,#114,.T.);
#3097=EDGE_CURVE('',#2392,#2393,#1279,.T.);
#3098=EDGE_CURVE('',#2392,#2394,#1280,.T.);
#3099=EDGE_CURVE('',#2395,#2393,#1281,.T.);
#3100=EDGE_CURVE('',#2394,#2395,#1282,.T.);
#3101=EDGE_CURVE('',#2394,#2396,#1283,.T.);
#3102=EDGE_CURVE('',#2397,#2395,#1284,.T.);
#3103=EDGE_CURVE('',#2396,#2397,#1285,.T.);
#3104=EDGE_CURVE('',#2398,#2396,#1286,.T.);
#3105=EDGE_CURVE('',#2399,#2397,#1287,.T.);
#3106=EDGE_CURVE('',#2398,#2399,#1288,.T.);
#3107=EDGE_CURVE('',#2400,#2398,#115,.T.);
#3108=EDGE_CURVE('',#2401,#2399,#116,.T.);
#3109=EDGE_CURVE('',#2400,#2401,#1289,.T.);
#3110=EDGE_CURVE('',#2400,#2402,#1290,.T.);
#3111=EDGE_CURVE('',#2403,#2401,#1291,.T.);
#3112=EDGE_CURVE('',#2402,#2403,#1292,.T.);
#3113=EDGE_CURVE('',#2402,#2404,#1293,.T.);
#3114=EDGE_CURVE('',#2405,#2403,#1294,.T.);
#3115=EDGE_CURVE('',#2404,#2405,#1295,.T.);
#3116=EDGE_CURVE('',#2406,#2404,#1296,.T.);
#3117=EDGE_CURVE('',#2407,#2405,#1297,.T.);
#3118=EDGE_CURVE('',#2406,#2407,#1298,.T.);
#3119=EDGE_CURVE('',#2408,#2406,#117,.T.);
#3120=EDGE_CURVE('',#2409,#2407,#118,.T.);
#3121=EDGE_CURVE('',#2408,#2409,#1299,.T.);
#3122=EDGE_CURVE('',#2408,#2410,#1300,.T.);
#3123=EDGE_CURVE('',#2411,#2409,#1301,.T.);
#3124=EDGE_CURVE('',#2410,#2411,#1302,.T.);
#3125=EDGE_CURVE('',#2410,#2412,#1303,.T.);
#3126=EDGE_CURVE('',#2413,#2411,#1304,.T.);
#3127=EDGE_CURVE('',#2412,#2413,#1305,.T.);
#3128=EDGE_CURVE('',#2414,#2412,#1306,.T.);
#3129=EDGE_CURVE('',#2415,#2413,#1307,.T.);
#3130=EDGE_CURVE('',#2414,#2415,#1308,.T.);
#3131=EDGE_CURVE('',#2416,#2414,#119,.T.);
#3132=EDGE_CURVE('',#2417,#2415,#120,.T.);
#3133=EDGE_CURVE('',#2416,#2417,#1309,.T.);
#3134=EDGE_CURVE('',#2416,#2418,#1310,.T.);
#3135=EDGE_CURVE('',#2419,#2417,#1311,.T.);
#3136=EDGE_CURVE('',#2418,#2419,#1312,.T.);
#3137=EDGE_CURVE('',#2418,#2420,#1313,.T.);
#3138=EDGE_CURVE('',#2421,#2419,#1314,.T.);
#3139=EDGE_CURVE('',#2420,#2421,#1315,.T.);
#3140=EDGE_CURVE('',#2422,#2420,#1316,.T.);
#3141=EDGE_CURVE('',#2423,#2421,#1317,.T.);
#3142=EDGE_CURVE('',#2422,#2423,#1318,.T.);
#3143=EDGE_CURVE('',#2424,#2422,#121,.T.);
#3144=EDGE_CURVE('',#2425,#2423,#122,.T.);
#3145=EDGE_CURVE('',#2424,#2425,#1319,.T.);
#3146=EDGE_CURVE('',#2424,#2426,#1320,.T.);
#3147=EDGE_CURVE('',#2427,#2425,#1321,.T.);
#3148=EDGE_CURVE('',#2426,#2427,#1322,.T.);
#3149=EDGE_CURVE('',#2426,#2428,#1323,.T.);
#3150=EDGE_CURVE('',#2429,#2427,#1324,.T.);
#3151=EDGE_CURVE('',#2428,#2429,#1325,.T.);
#3152=EDGE_CURVE('',#2430,#2428,#1326,.T.);
#3153=EDGE_CURVE('',#2431,#2429,#1327,.T.);
#3154=EDGE_CURVE('',#2430,#2431,#1328,.T.);
#3155=EDGE_CURVE('',#2432,#2430,#123,.T.);
#3156=EDGE_CURVE('',#2433,#2431,#124,.T.);
#3157=EDGE_CURVE('',#2432,#2433,#1329,.T.);
#3158=EDGE_CURVE('',#2432,#2434,#1330,.T.);
#3159=EDGE_CURVE('',#2435,#2433,#1331,.T.);
#3160=EDGE_CURVE('',#2434,#2435,#1332,.T.);
#3161=EDGE_CURVE('',#2434,#2436,#1333,.T.);
#3162=EDGE_CURVE('',#2437,#2435,#1334,.T.);
#3163=EDGE_CURVE('',#2436,#2437,#1335,.T.);
#3164=EDGE_CURVE('',#2295,#2436,#1336,.T.);
#3165=EDGE_CURVE('',#2296,#2437,#1337,.T.);
#3166=EDGE_CURVE('',#2438,#2438,#125,.T.);
#3167=EDGE_CURVE('',#2439,#2439,#126,.T.);
#3168=EDGE_CURVE('',#2438,#2439,#1338,.T.);
#3169=ORIENTED_EDGE('',*,*,#2440,.F.);
#3170=ORIENTED_EDGE('',*,*,#2441,.T.);
#3171=ORIENTED_EDGE('',*,*,#2442,.F.);
#3172=ORIENTED_EDGE('',*,*,#2443,.F.);
#3173=ORIENTED_EDGE('',*,*,#2444,.T.);
#3174=ORIENTED_EDGE('',*,*,#2445,.T.);
#3175=ORIENTED_EDGE('',*,*,#2446,.F.);
#3176=ORIENTED_EDGE('',*,*,#2447,.F.);
#3177=ORIENTED_EDGE('',*,*,#2448,.T.);
#3178=ORIENTED_EDGE('',*,*,#2446,.T.);
#3179=ORIENTED_EDGE('',*,*,#2449,.T.);
#3180=ORIENTED_EDGE('',*,*,#2442,.T.);
#3181=ORIENTED_EDGE('',*,*,#2450,.F.);
#3182=ORIENTED_EDGE('',*,*,#2451,.T.);
#3183=ORIENTED_EDGE('',*,*,#2452,.F.);
#3184=ORIENTED_EDGE('',*,*,#2444,.F.);
#3185=ORIENTED_EDGE('',*,*,#2453,.T.);
#3186=ORIENTED_EDGE('',*,*,#2440,.T.);
#3187=ORIENTED_EDGE('',*,*,#2454,.F.);
#3188=ORIENTED_EDGE('',*,*,#2455,.F.);
#3189=ORIENTED_EDGE('',*,*,#2456,.T.);
#3190=ORIENTED_EDGE('',*,*,#2455,.T.);
#3191=ORIENTED_EDGE('',*,*,#2457,.F.);
#3192=ORIENTED_EDGE('',*,*,#2458,.F.);
#3193=ORIENTED_EDGE('',*,*,#2459,.T.);
#3194=ORIENTED_EDGE('',*,*,#2458,.T.);
#3195=ORIENTED_EDGE('',*,*,#2460,.F.);
#3196=ORIENTED_EDGE('',*,*,#2461,.F.);
#3197=ORIENTED_EDGE('',*,*,#2462,.F.);
#3198=ORIENTED_EDGE('',*,*,#2461,.T.);
#3199=ORIENTED_EDGE('',*,*,#2463,.F.);
#3200=ORIENTED_EDGE('',*,*,#2451,.F.);
#3201=ORIENTED_EDGE('',*,*,#2463,.T.);
#3202=ORIENTED_EDGE('',*,*,#2460,.T.);
#3203=ORIENTED_EDGE('',*,*,#2457,.T.);
#3204=ORIENTED_EDGE('',*,*,#2454,.T.);
#3205=ORIENTED_EDGE('',*,*,#2443,.T.);
#3206=ORIENTED_EDGE('',*,*,#2449,.F.);
#3207=ORIENTED_EDGE('',*,*,#2445,.F.);
#3208=ORIENTED_EDGE('',*,*,#2452,.T.);
#3209=ORIENTED_EDGE('',*,*,#2462,.T.);
#3210=ORIENTED_EDGE('',*,*,#2450,.T.);
#3211=ORIENTED_EDGE('',*,*,#2447,.T.);
#3212=ORIENTED_EDGE('',*,*,#2448,.F.);
#3213=ORIENTED_EDGE('',*,*,#2441,.F.);
#3214=ORIENTED_EDGE('',*,*,#2453,.F.);
#3215=ORIENTED_EDGE('',*,*,#2456,.F.);
#3216=ORIENTED_EDGE('',*,*,#2459,.F.);
#3217=ORIENTED_EDGE('',*,*,#2464,.T.);
#3218=ORIENTED_EDGE('',*,*,#2465,.T.);
#3219=ORIENTED_EDGE('',*,*,#2466,.F.);
#3220=ORIENTED_EDGE('',*,*,#2467,.F.);
#3221=ORIENTED_EDGE('',*,*,#2468,.F.);
#3222=ORIENTED_EDGE('',*,*,#2467,.T.);
#3223=ORIENTED_EDGE('',*,*,#2469,.F.);
#3224=ORIENTED_EDGE('',*,*,#2470,.F.);
#3225=ORIENTED_EDGE('',*,*,#2471,.F.);
#3226=ORIENTED_EDGE('',*,*,#2470,.T.);
#3227=ORIENTED_EDGE('',*,*,#2472,.F.);
#3228=ORIENTED_EDGE('',*,*,#2473,.F.);
#3229=ORIENTED_EDGE('',*,*,#2474,.T.);
#3230=ORIENTED_EDGE('',*,*,#2473,.T.);
#3231=ORIENTED_EDGE('',*,*,#2475,.F.);
#3232=ORIENTED_EDGE('',*,*,#2476,.F.);
#3233=ORIENTED_EDGE('',*,*,#2477,.T.);
#3234=ORIENTED_EDGE('',*,*,#2476,.T.);
#3235=ORIENTED_EDGE('',*,*,#2478,.F.);
#3236=ORIENTED_EDGE('',*,*,#2479,.F.);
#3237=ORIENTED_EDGE('',*,*,#2480,.F.);
#3238=ORIENTED_EDGE('',*,*,#2479,.T.);
#3239=ORIENTED_EDGE('',*,*,#2481,.F.);
#3240=ORIENTED_EDGE('',*,*,#2482,.F.);
#3241=ORIENTED_EDGE('',*,*,#2483,.F.);
#3242=ORIENTED_EDGE('',*,*,#2482,.T.);
#3243=ORIENTED_EDGE('',*,*,#2484,.F.);
#3244=ORIENTED_EDGE('',*,*,#2485,.F.);
#3245=ORIENTED_EDGE('',*,*,#2486,.T.);
#3246=ORIENTED_EDGE('',*,*,#2485,.T.);
#3247=ORIENTED_EDGE('',*,*,#2487,.F.);
#3248=ORIENTED_EDGE('',*,*,#2488,.F.);
#3249=ORIENTED_EDGE('',*,*,#2489,.T.);
#3250=ORIENTED_EDGE('',*,*,#2488,.T.);
#3251=ORIENTED_EDGE('',*,*,#2490,.F.);
#3252=ORIENTED_EDGE('',*,*,#2491,.F.);
#3253=ORIENTED_EDGE('',*,*,#2492,.F.);
#3254=ORIENTED_EDGE('',*,*,#2491,.T.);
#3255=ORIENTED_EDGE('',*,*,#2493,.F.);
#3256=ORIENTED_EDGE('',*,*,#2494,.F.);
#3257=ORIENTED_EDGE('',*,*,#2495,.F.);
#3258=ORIENTED_EDGE('',*,*,#2494,.T.);
#3259=ORIENTED_EDGE('',*,*,#2496,.F.);
#3260=ORIENTED_EDGE('',*,*,#2497,.F.);
#3261=ORIENTED_EDGE('',*,*,#2498,.T.);
#3262=ORIENTED_EDGE('',*,*,#2497,.T.);
#3263=ORIENTED_EDGE('',*,*,#2499,.F.);
#3264=ORIENTED_EDGE('',*,*,#2500,.F.);
#3265=ORIENTED_EDGE('',*,*,#2501,.T.);
#3266=ORIENTED_EDGE('',*,*,#2500,.T.);
#3267=ORIENTED_EDGE('',*,*,#2502,.F.);
#3268=ORIENTED_EDGE('',*,*,#2503,.F.);
#3269=ORIENTED_EDGE('',*,*,#2504,.F.);
#3270=ORIENTED_EDGE('',*,*,#2503,.T.);
#3271=ORIENTED_EDGE('',*,*,#2505,.F.);
#3272=ORIENTED_EDGE('',*,*,#2506,.F.);
#3273=ORIENTED_EDGE('',*,*,#2507,.F.);
#3274=ORIENTED_EDGE('',*,*,#2506,.T.);
#3275=ORIENTED_EDGE('',*,*,#2508,.F.);
#3276=ORIENTED_EDGE('',*,*,#2509,.F.);
#3277=ORIENTED_EDGE('',*,*,#2510,.T.);
#3278=ORIENTED_EDGE('',*,*,#2509,.T.);
#3279=ORIENTED_EDGE('',*,*,#2511,.F.);
#3280=ORIENTED_EDGE('',*,*,#2512,.F.);
#3281=ORIENTED_EDGE('',*,*,#2513,.T.);
#3282=ORIENTED_EDGE('',*,*,#2512,.T.);
#3283=ORIENTED_EDGE('',*,*,#2514,.F.);
#3284=ORIENTED_EDGE('',*,*,#2515,.F.);
#3285=ORIENTED_EDGE('',*,*,#2516,.F.);
#3286=ORIENTED_EDGE('',*,*,#2515,.T.);
#3287=ORIENTED_EDGE('',*,*,#2517,.F.);
#3288=ORIENTED_EDGE('',*,*,#2518,.F.);
#3289=ORIENTED_EDGE('',*,*,#2519,.F.);
#3290=ORIENTED_EDGE('',*,*,#2518,.T.);
#3291=ORIENTED_EDGE('',*,*,#2520,.F.);
#3292=ORIENTED_EDGE('',*,*,#2521,.F.);
#3293=ORIENTED_EDGE('',*,*,#2522,.T.);
#3294=ORIENTED_EDGE('',*,*,#2521,.T.);
#3295=ORIENTED_EDGE('',*,*,#2523,.F.);
#3296=ORIENTED_EDGE('',*,*,#2524,.F.);
#3297=ORIENTED_EDGE('',*,*,#2525,.T.);
#3298=ORIENTED_EDGE('',*,*,#2524,.T.);
#3299=ORIENTED_EDGE('',*,*,#2526,.F.);
#3300=ORIENTED_EDGE('',*,*,#2527,.F.);
#3301=ORIENTED_EDGE('',*,*,#2528,.F.);
#3302=ORIENTED_EDGE('',*,*,#2527,.T.);
#3303=ORIENTED_EDGE('',*,*,#2529,.F.);
#3304=ORIENTED_EDGE('',*,*,#2530,.F.);
#3305=ORIENTED_EDGE('',*,*,#2531,.F.);
#3306=ORIENTED_EDGE('',*,*,#2530,.T.);
#3307=ORIENTED_EDGE('',*,*,#2532,.F.);
#3308=ORIENTED_EDGE('',*,*,#2533,.F.);
#3309=ORIENTED_EDGE('',*,*,#2534,.T.);
#3310=ORIENTED_EDGE('',*,*,#2533,.T.);
#3311=ORIENTED_EDGE('',*,*,#2535,.F.);
#3312=ORIENTED_EDGE('',*,*,#2536,.F.);
#3313=ORIENTED_EDGE('',*,*,#2537,.T.);
#3314=ORIENTED_EDGE('',*,*,#2536,.T.);
#3315=ORIENTED_EDGE('',*,*,#2538,.F.);
#3316=ORIENTED_EDGE('',*,*,#2539,.F.);
#3317=ORIENTED_EDGE('',*,*,#2540,.F.);
#3318=ORIENTED_EDGE('',*,*,#2539,.T.);
#3319=ORIENTED_EDGE('',*,*,#2541,.F.);
#3320=ORIENTED_EDGE('',*,*,#2542,.F.);
#3321=ORIENTED_EDGE('',*,*,#2543,.F.);
#3322=ORIENTED_EDGE('',*,*,#2542,.T.);
#3323=ORIENTED_EDGE('',*,*,#2544,.F.);
#3324=ORIENTED_EDGE('',*,*,#2545,.F.);
#3325=ORIENTED_EDGE('',*,*,#2546,.T.);
#3326=ORIENTED_EDGE('',*,*,#2545,.T.);
#3327=ORIENTED_EDGE('',*,*,#2547,.F.);
#3328=ORIENTED_EDGE('',*,*,#2548,.F.);
#3329=ORIENTED_EDGE('',*,*,#2549,.T.);
#3330=ORIENTED_EDGE('',*,*,#2548,.T.);
#3331=ORIENTED_EDGE('',*,*,#2550,.F.);
#3332=ORIENTED_EDGE('',*,*,#2551,.F.);
#3333=ORIENTED_EDGE('',*,*,#2552,.F.);
#3334=ORIENTED_EDGE('',*,*,#2551,.T.);
#3335=ORIENTED_EDGE('',*,*,#2553,.F.);
#3336=ORIENTED_EDGE('',*,*,#2554,.F.);
#3337=ORIENTED_EDGE('',*,*,#2555,.F.);
#3338=ORIENTED_EDGE('',*,*,#2554,.T.);
#3339=ORIENTED_EDGE('',*,*,#2556,.F.);
#3340=ORIENTED_EDGE('',*,*,#2557,.F.);
#3341=ORIENTED_EDGE('',*,*,#2558,.T.);
#3342=ORIENTED_EDGE('',*,*,#2557,.T.);
#3343=ORIENTED_EDGE('',*,*,#2559,.F.);
#3344=ORIENTED_EDGE('',*,*,#2560,.F.);
#3345=ORIENTED_EDGE('',*,*,#2561,.T.);
#3346=ORIENTED_EDGE('',*,*,#2560,.T.);
#3347=ORIENTED_EDGE('',*,*,#2562,.F.);
#3348=ORIENTED_EDGE('',*,*,#2563,.F.);
#3349=ORIENTED_EDGE('',*,*,#2564,.F.);
#3350=ORIENTED_EDGE('',*,*,#2563,.T.);
#3351=ORIENTED_EDGE('',*,*,#2565,.F.);
#3352=ORIENTED_EDGE('',*,*,#2566,.F.);
#3353=ORIENTED_EDGE('',*,*,#2567,.F.);
#3354=ORIENTED_EDGE('',*,*,#2566,.T.);
#3355=ORIENTED_EDGE('',*,*,#2568,.F.);
#3356=ORIENTED_EDGE('',*,*,#2569,.F.);
#3357=ORIENTED_EDGE('',*,*,#2570,.T.);
#3358=ORIENTED_EDGE('',*,*,#2569,.T.);
#3359=ORIENTED_EDGE('',*,*,#2571,.F.);
#3360=ORIENTED_EDGE('',*,*,#2572,.F.);
#3361=ORIENTED_EDGE('',*,*,#2573,.T.);
#3362=ORIENTED_EDGE('',*,*,#2572,.T.);
#3363=ORIENTED_EDGE('',*,*,#2574,.F.);
#3364=ORIENTED_EDGE('',*,*,#2575,.F.);
#3365=ORIENTED_EDGE('',*,*,#2576,.F.);
#3366=ORIENTED_EDGE('',*,*,#2575,.T.);
#3367=ORIENTED_EDGE('',*,*,#2577,.F.);
#3368=ORIENTED_EDGE('',*,*,#2578,.F.);
#3369=ORIENTED_EDGE('',*,*,#2579,.F.);
#3370=ORIENTED_EDGE('',*,*,#2578,.T.);
#3371=ORIENTED_EDGE('',*,*,#2580,.F.);
#3372=ORIENTED_EDGE('',*,*,#2581,.F.);
#3373=ORIENTED_EDGE('',*,*,#2582,.T.);
#3374=ORIENTED_EDGE('',*,*,#2581,.T.);
#3375=ORIENTED_EDGE('',*,*,#2583,.F.);
#3376=ORIENTED_EDGE('',*,*,#2584,.F.);
#3377=ORIENTED_EDGE('',*,*,#2585,.T.);
#3378=ORIENTED_EDGE('',*,*,#2584,.T.);
#3379=ORIENTED_EDGE('',*,*,#2586,.F.);
#3380=ORIENTED_EDGE('',*,*,#2587,.F.);
#3381=ORIENTED_EDGE('',*,*,#2588,.F.);
#3382=ORIENTED_EDGE('',*,*,#2587,.T.);
#3383=ORIENTED_EDGE('',*,*,#2589,.F.);
#3384=ORIENTED_EDGE('',*,*,#2590,.F.);
#3385=ORIENTED_EDGE('',*,*,#2591,.F.);
#3386=ORIENTED_EDGE('',*,*,#2590,.T.);
#3387=ORIENTED_EDGE('',*,*,#2592,.F.);
#3388=ORIENTED_EDGE('',*,*,#2593,.F.);
#3389=ORIENTED_EDGE('',*,*,#2594,.T.);
#3390=ORIENTED_EDGE('',*,*,#2593,.T.);
#3391=ORIENTED_EDGE('',*,*,#2595,.F.);
#3392=ORIENTED_EDGE('',*,*,#2596,.F.);
#3393=ORIENTED_EDGE('',*,*,#2597,.T.);
#3394=ORIENTED_EDGE('',*,*,#2596,.T.);
#3395=ORIENTED_EDGE('',*,*,#2598,.F.);
#3396=ORIENTED_EDGE('',*,*,#2599,.F.);
#3397=ORIENTED_EDGE('',*,*,#2600,.F.);
#3398=ORIENTED_EDGE('',*,*,#2599,.T.);
#3399=ORIENTED_EDGE('',*,*,#2601,.F.);
#3400=ORIENTED_EDGE('',*,*,#2602,.F.);
#3401=ORIENTED_EDGE('',*,*,#2603,.F.);
#3402=ORIENTED_EDGE('',*,*,#2602,.T.);
#3403=ORIENTED_EDGE('',*,*,#2604,.F.);
#3404=ORIENTED_EDGE('',*,*,#2605,.F.);
#3405=ORIENTED_EDGE('',*,*,#2606,.T.);
#3406=ORIENTED_EDGE('',*,*,#2605,.T.);
#3407=ORIENTED_EDGE('',*,*,#2607,.F.);
#3408=ORIENTED_EDGE('',*,*,#2608,.F.);
#3409=ORIENTED_EDGE('',*,*,#2609,.T.);
#3410=ORIENTED_EDGE('',*,*,#2608,.T.);
#3411=ORIENTED_EDGE('',*,*,#2610,.F.);
#3412=ORIENTED_EDGE('',*,*,#2611,.F.);
#3413=ORIENTED_EDGE('',*,*,#2612,.F.);
#3414=ORIENTED_EDGE('',*,*,#2611,.T.);
#3415=ORIENTED_EDGE('',*,*,#2613,.F.);
#3416=ORIENTED_EDGE('',*,*,#2614,.F.);
#3417=ORIENTED_EDGE('',*,*,#2615,.F.);
#3418=ORIENTED_EDGE('',*,*,#2614,.T.);
#3419=ORIENTED_EDGE('',*,*,#2616,.F.);
#3420=ORIENTED_EDGE('',*,*,#2617,.F.);
#3421=ORIENTED_EDGE('',*,*,#2618,.T.);
#3422=ORIENTED_EDGE('',*,*,#2617,.T.);
#3423=ORIENTED_EDGE('',*,*,#2619,.F.);
#3424=ORIENTED_EDGE('',*,*,#2620,.F.);
#3425=ORIENTED_EDGE('',*,*,#2621,.T.);
#3426=ORIENTED_EDGE('',*,*,#2620,.T.);
#3427=ORIENTED_EDGE('',*,*,#2622,.F.);
#3428=ORIENTED_EDGE('',*,*,#2623,.F.);
#3429=ORIENTED_EDGE('',*,*,#2624,.F.);
#3430=ORIENTED_EDGE('',*,*,#2623,.T.);
#3431=ORIENTED_EDGE('',*,*,#2625,.F.);
#3432=ORIENTED_EDGE('',*,*,#2626,.F.);
#3433=ORIENTED_EDGE('',*,*,#2627,.F.);
#3434=ORIENTED_EDGE('',*,*,#2626,.T.);
#3435=ORIENTED_EDGE('',*,*,#2628,.F.);
#3436=ORIENTED_EDGE('',*,*,#2629,.F.);
#3437=ORIENTED_EDGE('',*,*,#2630,.T.);
#3438=ORIENTED_EDGE('',*,*,#2629,.T.);
#3439=ORIENTED_EDGE('',*,*,#2631,.F.);
#3440=ORIENTED_EDGE('',*,*,#2632,.F.);
#3441=ORIENTED_EDGE('',*,*,#2633,.T.);
#3442=ORIENTED_EDGE('',*,*,#2632,.T.);
#3443=ORIENTED_EDGE('',*,*,#2634,.F.);
#3444=ORIENTED_EDGE('',*,*,#2635,.F.);
#3445=ORIENTED_EDGE('',*,*,#2636,.F.);
#3446=ORIENTED_EDGE('',*,*,#2635,.T.);
#3447=ORIENTED_EDGE('',*,*,#2637,.F.);
#3448=ORIENTED_EDGE('',*,*,#2638,.F.);
#3449=ORIENTED_EDGE('',*,*,#2639,.F.);
#3450=ORIENTED_EDGE('',*,*,#2638,.T.);
#3451=ORIENTED_EDGE('',*,*,#2640,.F.);
#3452=ORIENTED_EDGE('',*,*,#2641,.F.);
#3453=ORIENTED_EDGE('',*,*,#2642,.T.);
#3454=ORIENTED_EDGE('',*,*,#2641,.T.);
#3455=ORIENTED_EDGE('',*,*,#2643,.F.);
#3456=ORIENTED_EDGE('',*,*,#2644,.F.);
#3457=ORIENTED_EDGE('',*,*,#2645,.T.);
#3458=ORIENTED_EDGE('',*,*,#2644,.T.);
#3459=ORIENTED_EDGE('',*,*,#2646,.F.);
#3460=ORIENTED_EDGE('',*,*,#2647,.F.);
#3461=ORIENTED_EDGE('',*,*,#2648,.F.);
#3462=ORIENTED_EDGE('',*,*,#2647,.T.);
#3463=ORIENTED_EDGE('',*,*,#2649,.F.);
#3464=ORIENTED_EDGE('',*,*,#2650,.F.);
#3465=ORIENTED_EDGE('',*,*,#2651,.F.);
#3466=ORIENTED_EDGE('',*,*,#2650,.T.);
#3467=ORIENTED_EDGE('',*,*,#2652,.F.);
#3468=ORIENTED_EDGE('',*,*,#2653,.F.);
#3469=ORIENTED_EDGE('',*,*,#2654,.T.);
#3470=ORIENTED_EDGE('',*,*,#2653,.T.);
#3471=ORIENTED_EDGE('',*,*,#2655,.F.);
#3472=ORIENTED_EDGE('',*,*,#2656,.F.);
#3473=ORIENTED_EDGE('',*,*,#2657,.T.);
#3474=ORIENTED_EDGE('',*,*,#2656,.T.);
#3475=ORIENTED_EDGE('',*,*,#2658,.F.);
#3476=ORIENTED_EDGE('',*,*,#2659,.F.);
#3477=ORIENTED_EDGE('',*,*,#2660,.F.);
#3478=ORIENTED_EDGE('',*,*,#2659,.T.);
#3479=ORIENTED_EDGE('',*,*,#2661,.F.);
#3480=ORIENTED_EDGE('',*,*,#2662,.F.);
#3481=ORIENTED_EDGE('',*,*,#2663,.F.);
#3482=ORIENTED_EDGE('',*,*,#2662,.T.);
#3483=ORIENTED_EDGE('',*,*,#2664,.F.);
#3484=ORIENTED_EDGE('',*,*,#2665,.F.);
#3485=ORIENTED_EDGE('',*,*,#2666,.T.);
#3486=ORIENTED_EDGE('',*,*,#2665,.T.);
#3487=ORIENTED_EDGE('',*,*,#2667,.F.);
#3488=ORIENTED_EDGE('',*,*,#2668,.F.);
#3489=ORIENTED_EDGE('',*,*,#2669,.T.);
#3490=ORIENTED_EDGE('',*,*,#2668,.T.);
#3491=ORIENTED_EDGE('',*,*,#2670,.F.);
#3492=ORIENTED_EDGE('',*,*,#2671,.F.);
#3493=ORIENTED_EDGE('',*,*,#2672,.F.);
#3494=ORIENTED_EDGE('',*,*,#2671,.T.);
#3495=ORIENTED_EDGE('',*,*,#2673,.F.);
#3496=ORIENTED_EDGE('',*,*,#2674,.F.);
#3497=ORIENTED_EDGE('',*,*,#2675,.F.);
#3498=ORIENTED_EDGE('',*,*,#2674,.T.);
#3499=ORIENTED_EDGE('',*,*,#2676,.F.);
#3500=ORIENTED_EDGE('',*,*,#2677,.F.);
#3501=ORIENTED_EDGE('',*,*,#2678,.T.);
#3502=ORIENTED_EDGE('',*,*,#2677,.T.);
#3503=ORIENTED_EDGE('',*,*,#2679,.F.);
#3504=ORIENTED_EDGE('',*,*,#2465,.F.);
#3505=ORIENTED_EDGE('',*,*,#2679,.T.);
#3506=ORIENTED_EDGE('',*,*,#2676,.T.);
#3507=ORIENTED_EDGE('',*,*,#2673,.T.);
#3508=ORIENTED_EDGE('',*,*,#2670,.T.);
#3509=ORIENTED_EDGE('',*,*,#2667,.T.);
#3510=ORIENTED_EDGE('',*,*,#2664,.T.);
#3511=ORIENTED_EDGE('',*,*,#2661,.T.);
#3512=ORIENTED_EDGE('',*,*,#2658,.T.);
#3513=ORIENTED_EDGE('',*,*,#2655,.T.);
#3514=ORIENTED_EDGE('',*,*,#2652,.T.);
#3515=ORIENTED_EDGE('',*,*,#2649,.T.);
#3516=ORIENTED_EDGE('',*,*,#2646,.T.);
#3517=ORIENTED_EDGE('',*,*,#2643,.T.);
#3518=ORIENTED_EDGE('',*,*,#2640,.T.);
#3519=ORIENTED_EDGE('',*,*,#2637,.T.);
#3520=ORIENTED_EDGE('',*,*,#2634,.T.);
#3521=ORIENTED_EDGE('',*,*,#2631,.T.);
#3522=ORIENTED_EDGE('',*,*,#2628,.T.);
#3523=ORIENTED_EDGE('',*,*,#2625,.T.);
#3524=ORIENTED_EDGE('',*,*,#2622,.T.);
#3525=ORIENTED_EDGE('',*,*,#2619,.T.);
#3526=ORIENTED_EDGE('',*,*,#2616,.T.);
#3527=ORIENTED_EDGE('',*,*,#2613,.T.);
#3528=ORIENTED_EDGE('',*,*,#2610,.T.);
#3529=ORIENTED_EDGE('',*,*,#2607,.T.);
#3530=ORIENTED_EDGE('',*,*,#2604,.T.);
#3531=ORIENTED_EDGE('',*,*,#2601,.T.);
#3532=ORIENTED_EDGE('',*,*,#2598,.T.);
#3533=ORIENTED_EDGE('',*,*,#2595,.T.);
#3534=ORIENTED_EDGE('',*,*,#2592,.T.);
#3535=ORIENTED_EDGE('',*,*,#2589,.T.);
#3536=ORIENTED_EDGE('',*,*,#2586,.T.);
#3537=ORIENTED_EDGE('',*,*,#2583,.T.);
#3538=ORIENTED_EDGE('',*,*,#2580,.T.);
#3539=ORIENTED_EDGE('',*,*,#2577,.T.);
#3540=ORIENTED_EDGE('',*,*,#2574,.T.);
#3541=ORIENTED_EDGE('',*,*,#2571,.T.);
#3542=ORIENTED_EDGE('',*,*,#2568,.T.);
#3543=ORIENTED_EDGE('',*,*,#2565,.T.);
#3544=ORIENTED_EDGE('',*,*,#2562,.T.);
#3545=ORIENTED_EDGE('',*,*,#2559,.T.);
#3546=ORIENTED_EDGE('',*,*,#2556,.T.);
#3547=ORIENTED_EDGE('',*,*,#2553,.T.);
#3548=ORIENTED_EDGE('',*,*,#2550,.T.);
#3549=ORIENTED_EDGE('',*,*,#2547,.T.);
#3550=ORIENTED_EDGE('',*,*,#2544,.T.);
#3551=ORIENTED_EDGE('',*,*,#2541,.T.);
#3552=ORIENTED_EDGE('',*,*,#2538,.T.);
#3553=ORIENTED_EDGE('',*,*,#2535,.T.);
#3554=ORIENTED_EDGE('',*,*,#2532,.T.);
#3555=ORIENTED_EDGE('',*,*,#2529,.T.);
#3556=ORIENTED_EDGE('',*,*,#2526,.T.);
#3557=ORIENTED_EDGE('',*,*,#2523,.T.);
#3558=ORIENTED_EDGE('',*,*,#2520,.T.);
#3559=ORIENTED_EDGE('',*,*,#2517,.T.);
#3560=ORIENTED_EDGE('',*,*,#2514,.T.);
#3561=ORIENTED_EDGE('',*,*,#2511,.T.);
#3562=ORIENTED_EDGE('',*,*,#2508,.T.);
#3563=ORIENTED_EDGE('',*,*,#2505,.T.);
#3564=ORIENTED_EDGE('',*,*,#2502,.T.);
#3565=ORIENTED_EDGE('',*,*,#2499,.T.);
#3566=ORIENTED_EDGE('',*,*,#2496,.T.);
#3567=ORIENTED_EDGE('',*,*,#2493,.T.);
#3568=ORIENTED_EDGE('',*,*,#2490,.T.);
#3569=ORIENTED_EDGE('',*,*,#2487,.T.);
#3570=ORIENTED_EDGE('',*,*,#2484,.T.);
#3571=ORIENTED_EDGE('',*,*,#2481,.T.);
#3572=ORIENTED_EDGE('',*,*,#2478,.T.);
#3573=ORIENTED_EDGE('',*,*,#2475,.T.);
#3574=ORIENTED_EDGE('',*,*,#2472,.T.);
#3575=ORIENTED_EDGE('',*,*,#2469,.T.);
#3576=ORIENTED_EDGE('',*,*,#2466,.T.);
#3577=ORIENTED_EDGE('',*,*,#2678,.F.);
#3578=ORIENTED_EDGE('',*,*,#2464,.F.);
#3579=ORIENTED_EDGE('',*,*,#2468,.T.);
#3580=ORIENTED_EDGE('',*,*,#2471,.T.);
#3581=ORIENTED_EDGE('',*,*,#2474,.F.);
#3582=ORIENTED_EDGE('',*,*,#2477,.F.);
#3583=ORIENTED_EDGE('',*,*,#2480,.T.);
#3584=ORIENTED_EDGE('',*,*,#2483,.T.);
#3585=ORIENTED_EDGE('',*,*,#2486,.F.);
#3586=ORIENTED_EDGE('',*,*,#2489,.F.);
#3587=ORIENTED_EDGE('',*,*,#2492,.T.);
#3588=ORIENTED_EDGE('',*,*,#2495,.T.);
#3589=ORIENTED_EDGE('',*,*,#2498,.F.);
#3590=ORIENTED_EDGE('',*,*,#2501,.F.);
#3591=ORIENTED_EDGE('',*,*,#2504,.T.);
#3592=ORIENTED_EDGE('',*,*,#2507,.T.);
#3593=ORIENTED_EDGE('',*,*,#2510,.F.);
#3594=ORIENTED_EDGE('',*,*,#2513,.F.);
#3595=ORIENTED_EDGE('',*,*,#2516,.T.);
#3596=ORIENTED_EDGE('',*,*,#2519,.T.);
#3597=ORIENTED_EDGE('',*,*,#2522,.F.);
#3598=ORIENTED_EDGE('',*,*,#2525,.F.);
#3599=ORIENTED_EDGE('',*,*,#2528,.T.);
#3600=ORIENTED_EDGE('',*,*,#2531,.T.);
#3601=ORIENTED_EDGE('',*,*,#2534,.F.);
#3602=ORIENTED_EDGE('',*,*,#2537,.F.);
#3603=ORIENTED_EDGE('',*,*,#2540,.T.);
#3604=ORIENTED_EDGE('',*,*,#2543,.T.);
#3605=ORIENTED_EDGE('',*,*,#2546,.F.);
#3606=ORIENTED_EDGE('',*,*,#2549,.F.);
#3607=ORIENTED_EDGE('',*,*,#2552,.T.);
#3608=ORIENTED_EDGE('',*,*,#2555,.T.);
#3609=ORIENTED_EDGE('',*,*,#2558,.F.);
#3610=ORIENTED_EDGE('',*,*,#2561,.F.);
#3611=ORIENTED_EDGE('',*,*,#2564,.T.);
#3612=ORIENTED_EDGE('',*,*,#2567,.T.);
#3613=ORIENTED_EDGE('',*,*,#2570,.F.);
#3614=ORIENTED_EDGE('',*,*,#2573,.F.);
#3615=ORIENTED_EDGE('',*,*,#2576,.T.);
#3616=ORIENTED_EDGE('',*,*,#2579,.T.);
#3617=ORIENTED_EDGE('',*,*,#2582,.F.);
#3618=ORIENTED_EDGE('',*,*,#2585,.F.);
#3619=ORIENTED_EDGE('',*,*,#2588,.T.);
#3620=ORIENTED_EDGE('',*,*,#2591,.T.);
#3621=ORIENTED_EDGE('',*,*,#2594,.F.);
#3622=ORIENTED_EDGE('',*,*,#2597,.F.);
#3623=ORIENTED_EDGE('',*,*,#2600,.T.);
#3624=ORIENTED_EDGE('',*,*,#2603,.T.);
#3625=ORIENTED_EDGE('',*,*,#2606,.F.);
#3626=ORIENTED_EDGE('',*,*,#2609,.F.);
#3627=ORIENTED_EDGE('',*,*,#2612,.T.);
#3628=ORIENTED_EDGE('',*,*,#2615,.T.);
#3629=ORIENTED_EDGE('',*,*,#2618,.F.);
#3630=ORIENTED_EDGE('',*,*,#2621,.F.);
#3631=ORIENTED_EDGE('',*,*,#2624,.T.);
#3632=ORIENTED_EDGE('',*,*,#2627,.T.);
#3633=ORIENTED_EDGE('',*,*,#2630,.F.);
#3634=ORIENTED_EDGE('',*,*,#2633,.F.);
#3635=ORIENTED_EDGE('',*,*,#2636,.T.);
#3636=ORIENTED_EDGE('',*,*,#2639,.T.);
#3637=ORIENTED_EDGE('',*,*,#2642,.F.);
#3638=ORIENTED_EDGE('',*,*,#2645,.F.);
#3639=ORIENTED_EDGE('',*,*,#2648,.T.);
#3640=ORIENTED_EDGE('',*,*,#2651,.T.);
#3641=ORIENTED_EDGE('',*,*,#2654,.F.);
#3642=ORIENTED_EDGE('',*,*,#2657,.F.);
#3643=ORIENTED_EDGE('',*,*,#2660,.T.);
#3644=ORIENTED_EDGE('',*,*,#2663,.T.);
#3645=ORIENTED_EDGE('',*,*,#2666,.F.);
#3646=ORIENTED_EDGE('',*,*,#2669,.F.);
#3647=ORIENTED_EDGE('',*,*,#2672,.T.);
#3648=ORIENTED_EDGE('',*,*,#2675,.T.);
#3649=ORIENTED_EDGE('',*,*,#2680,.T.);
#3650=ORIENTED_EDGE('',*,*,#2681,.T.);
#3651=ORIENTED_EDGE('',*,*,#2680,.F.);
#3652=ORIENTED_EDGE('',*,*,#2682,.T.);
#3653=ORIENTED_EDGE('',*,*,#2681,.F.);
#3654=ORIENTED_EDGE('',*,*,#2682,.F.);
#3655=ORIENTED_EDGE('',*,*,#2683,.T.);
#3656=ORIENTED_EDGE('',*,*,#2684,.T.);
#3657=ORIENTED_EDGE('',*,*,#2683,.F.);
#3658=ORIENTED_EDGE('',*,*,#2685,.T.);
#3659=ORIENTED_EDGE('',*,*,#2684,.F.);
#3660=ORIENTED_EDGE('',*,*,#2685,.F.);
#3661=ORIENTED_EDGE('',*,*,#2686,.F.);
#3662=ORIENTED_EDGE('',*,*,#2687,.T.);
#3663=ORIENTED_EDGE('',*,*,#2688,.F.);
#3664=ORIENTED_EDGE('',*,*,#2689,.F.);
#3665=ORIENTED_EDGE('',*,*,#2690,.T.);
#3666=ORIENTED_EDGE('',*,*,#2691,.T.);
#3667=ORIENTED_EDGE('',*,*,#2692,.F.);
#3668=ORIENTED_EDGE('',*,*,#2693,.F.);
#3669=ORIENTED_EDGE('',*,*,#2694,.T.);
#3670=ORIENTED_EDGE('',*,*,#2692,.T.);
#3671=ORIENTED_EDGE('',*,*,#2695,.T.);
#3672=ORIENTED_EDGE('',*,*,#2688,.T.);
#3673=ORIENTED_EDGE('',*,*,#2696,.F.);
#3674=ORIENTED_EDGE('',*,*,#2697,.T.);
#3675=ORIENTED_EDGE('',*,*,#2698,.F.);
#3676=ORIENTED_EDGE('',*,*,#2690,.F.);
#3677=ORIENTED_EDGE('',*,*,#2699,.T.);
#3678=ORIENTED_EDGE('',*,*,#2686,.T.);
#3679=ORIENTED_EDGE('',*,*,#2700,.F.);
#3680=ORIENTED_EDGE('',*,*,#2701,.F.);
#3681=ORIENTED_EDGE('',*,*,#2702,.T.);
#3682=ORIENTED_EDGE('',*,*,#2701,.T.);
#3683=ORIENTED_EDGE('',*,*,#2703,.F.);
#3684=ORIENTED_EDGE('',*,*,#2704,.F.);
#3685=ORIENTED_EDGE('',*,*,#2705,.T.);
#3686=ORIENTED_EDGE('',*,*,#2704,.T.);
#3687=ORIENTED_EDGE('',*,*,#2706,.F.);
#3688=ORIENTED_EDGE('',*,*,#2707,.F.);
#3689=ORIENTED_EDGE('',*,*,#2708,.F.);
#3690=ORIENTED_EDGE('',*,*,#2707,.T.);
#3691=ORIENTED_EDGE('',*,*,#2709,.F.);
#3692=ORIENTED_EDGE('',*,*,#2697,.F.);
#3693=ORIENTED_EDGE('',*,*,#2709,.T.);
#3694=ORIENTED_EDGE('',*,*,#2706,.T.);
#3695=ORIENTED_EDGE('',*,*,#2703,.T.);
#3696=ORIENTED_EDGE('',*,*,#2700,.T.);
#3697=ORIENTED_EDGE('',*,*,#2689,.T.);
#3698=ORIENTED_EDGE('',*,*,#2695,.F.);
#3699=ORIENTED_EDGE('',*,*,#2691,.F.);
#3700=ORIENTED_EDGE('',*,*,#2698,.T.);
#3701=ORIENTED_EDGE('',*,*,#2708,.T.);
#3702=ORIENTED_EDGE('',*,*,#2696,.T.);
#3703=ORIENTED_EDGE('',*,*,#2693,.T.);
#3704=ORIENTED_EDGE('',*,*,#2694,.F.);
#3705=ORIENTED_EDGE('',*,*,#2687,.F.);
#3706=ORIENTED_EDGE('',*,*,#2699,.F.);
#3707=ORIENTED_EDGE('',*,*,#2702,.F.);
#3708=ORIENTED_EDGE('',*,*,#2705,.F.);
#3709=ORIENTED_EDGE('',*,*,#2710,.T.);
#3710=ORIENTED_EDGE('',*,*,#2711,.T.);
#3711=ORIENTED_EDGE('',*,*,#2712,.F.);
#3712=ORIENTED_EDGE('',*,*,#2713,.F.);
#3713=ORIENTED_EDGE('',*,*,#2714,.F.);
#3714=ORIENTED_EDGE('',*,*,#2713,.T.);
#3715=ORIENTED_EDGE('',*,*,#2715,.F.);
#3716=ORIENTED_EDGE('',*,*,#2716,.F.);
#3717=ORIENTED_EDGE('',*,*,#2717,.F.);
#3718=ORIENTED_EDGE('',*,*,#2716,.T.);
#3719=ORIENTED_EDGE('',*,*,#2718,.F.);
#3720=ORIENTED_EDGE('',*,*,#2719,.F.);
#3721=ORIENTED_EDGE('',*,*,#2720,.T.);
#3722=ORIENTED_EDGE('',*,*,#2719,.T.);
#3723=ORIENTED_EDGE('',*,*,#2721,.F.);
#3724=ORIENTED_EDGE('',*,*,#2722,.F.);
#3725=ORIENTED_EDGE('',*,*,#2723,.T.);
#3726=ORIENTED_EDGE('',*,*,#2722,.T.);
#3727=ORIENTED_EDGE('',*,*,#2724,.F.);
#3728=ORIENTED_EDGE('',*,*,#2725,.F.);
#3729=ORIENTED_EDGE('',*,*,#2726,.F.);
#3730=ORIENTED_EDGE('',*,*,#2725,.T.);
#3731=ORIENTED_EDGE('',*,*,#2727,.F.);
#3732=ORIENTED_EDGE('',*,*,#2728,.F.);
#3733=ORIENTED_EDGE('',*,*,#2729,.F.);
#3734=ORIENTED_EDGE('',*,*,#2728,.T.);
#3735=ORIENTED_EDGE('',*,*,#2730,.F.);
#3736=ORIENTED_EDGE('',*,*,#2731,.F.);
#3737=ORIENTED_EDGE('',*,*,#2732,.T.);
#3738=ORIENTED_EDGE('',*,*,#2731,.T.);
#3739=ORIENTED_EDGE('',*,*,#2733,.F.);
#3740=ORIENTED_EDGE('',*,*,#2734,.F.);
#3741=ORIENTED_EDGE('',*,*,#2735,.T.);
#3742=ORIENTED_EDGE('',*,*,#2734,.T.);
#3743=ORIENTED_EDGE('',*,*,#2736,.F.);
#3744=ORIENTED_EDGE('',*,*,#2737,.F.);
#3745=ORIENTED_EDGE('',*,*,#2738,.F.);
#3746=ORIENTED_EDGE('',*,*,#2737,.T.);
#3747=ORIENTED_EDGE('',*,*,#2739,.F.);
#3748=ORIENTED_EDGE('',*,*,#2740,.F.);
#3749=ORIENTED_EDGE('',*,*,#2741,.F.);
#3750=ORIENTED_EDGE('',*,*,#2740,.T.);
#3751=ORIENTED_EDGE('',*,*,#2742,.F.);
#3752=ORIENTED_EDGE('',*,*,#2743,.F.);
#3753=ORIENTED_EDGE('',*,*,#2744,.T.);
#3754=ORIENTED_EDGE('',*,*,#2743,.T.);
#3755=ORIENTED_EDGE('',*,*,#2745,.F.);
#3756=ORIENTED_EDGE('',*,*,#2746,.F.);
#3757=ORIENTED_EDGE('',*,*,#2747,.T.);
#3758=ORIENTED_EDGE('',*,*,#2746,.T.);
#3759=ORIENTED_EDGE('',*,*,#2748,.F.);
#3760=ORIENTED_EDGE('',*,*,#2749,.F.);
#3761=ORIENTED_EDGE('',*,*,#2750,.F.);
#3762=ORIENTED_EDGE('',*,*,#2749,.T.);
#3763=ORIENTED_EDGE('',*,*,#2751,.F.);
#3764=ORIENTED_EDGE('',*,*,#2752,.F.);
#3765=ORIENTED_EDGE('',*,*,#2753,.F.);
#3766=ORIENTED_EDGE('',*,*,#2752,.T.);
#3767=ORIENTED_EDGE('',*,*,#2754,.F.);
#3768=ORIENTED_EDGE('',*,*,#2755,.F.);
#3769=ORIENTED_EDGE('',*,*,#2756,.T.);
#3770=ORIENTED_EDGE('',*,*,#2755,.T.);
#3771=ORIENTED_EDGE('',*,*,#2757,.F.);
#3772=ORIENTED_EDGE('',*,*,#2758,.F.);
#3773=ORIENTED_EDGE('',*,*,#2759,.T.);
#3774=ORIENTED_EDGE('',*,*,#2758,.T.);
#3775=ORIENTED_EDGE('',*,*,#2760,.F.);
#3776=ORIENTED_EDGE('',*,*,#2761,.F.);
#3777=ORIENTED_EDGE('',*,*,#2762,.F.);
#3778=ORIENTED_EDGE('',*,*,#2761,.T.);
#3779=ORIENTED_EDGE('',*,*,#2763,.F.);
#3780=ORIENTED_EDGE('',*,*,#2764,.F.);
#3781=ORIENTED_EDGE('',*,*,#2765,.F.);
#3782=ORIENTED_EDGE('',*,*,#2764,.T.);
#3783=ORIENTED_EDGE('',*,*,#2766,.F.);
#3784=ORIENTED_EDGE('',*,*,#2767,.F.);
#3785=ORIENTED_EDGE('',*,*,#2768,.T.);
#3786=ORIENTED_EDGE('',*,*,#2767,.T.);
#3787=ORIENTED_EDGE('',*,*,#2769,.F.);
#3788=ORIENTED_EDGE('',*,*,#2770,.F.);
#3789=ORIENTED_EDGE('',*,*,#2771,.T.);
#3790=ORIENTED_EDGE('',*,*,#2770,.T.);
#3791=ORIENTED_EDGE('',*,*,#2772,.F.);
#3792=ORIENTED_EDGE('',*,*,#2773,.F.);
#3793=ORIENTED_EDGE('',*,*,#2774,.F.);
#3794=ORIENTED_EDGE('',*,*,#2773,.T.);
#3795=ORIENTED_EDGE('',*,*,#2775,.F.);
#3796=ORIENTED_EDGE('',*,*,#2776,.F.);
#3797=ORIENTED_EDGE('',*,*,#2777,.F.);
#3798=ORIENTED_EDGE('',*,*,#2776,.T.);
#3799=ORIENTED_EDGE('',*,*,#2778,.F.);
#3800=ORIENTED_EDGE('',*,*,#2779,.F.);
#3801=ORIENTED_EDGE('',*,*,#2780,.T.);
#3802=ORIENTED_EDGE('',*,*,#2779,.T.);
#3803=ORIENTED_EDGE('',*,*,#2781,.F.);
#3804=ORIENTED_EDGE('',*,*,#2782,.F.);
#3805=ORIENTED_EDGE('',*,*,#2783,.T.);
#3806=ORIENTED_EDGE('',*,*,#2782,.T.);
#3807=ORIENTED_EDGE('',*,*,#2784,.F.);
#3808=ORIENTED_EDGE('',*,*,#2785,.F.);
#3809=ORIENTED_EDGE('',*,*,#2786,.F.);
#3810=ORIENTED_EDGE('',*,*,#2785,.T.);
#3811=ORIENTED_EDGE('',*,*,#2787,.F.);
#3812=ORIENTED_EDGE('',*,*,#2788,.F.);
#3813=ORIENTED_EDGE('',*,*,#2789,.F.);
#3814=ORIENTED_EDGE('',*,*,#2788,.T.);
#3815=ORIENTED_EDGE('',*,*,#2790,.F.);
#3816=ORIENTED_EDGE('',*,*,#2791,.F.);
#3817=ORIENTED_EDGE('',*,*,#2792,.T.);
#3818=ORIENTED_EDGE('',*,*,#2791,.T.);
#3819=ORIENTED_EDGE('',*,*,#2793,.F.);
#3820=ORIENTED_EDGE('',*,*,#2794,.F.);
#3821=ORIENTED_EDGE('',*,*,#2795,.T.);
#3822=ORIENTED_EDGE('',*,*,#2794,.T.);
#3823=ORIENTED_EDGE('',*,*,#2796,.F.);
#3824=ORIENTED_EDGE('',*,*,#2797,.F.);
#3825=ORIENTED_EDGE('',*,*,#2798,.F.);
#3826=ORIENTED_EDGE('',*,*,#2797,.T.);
#3827=ORIENTED_EDGE('',*,*,#2799,.F.);
#3828=ORIENTED_EDGE('',*,*,#2800,.F.);
#3829=ORIENTED_EDGE('',*,*,#2801,.F.);
#3830=ORIENTED_EDGE('',*,*,#2800,.T.);
#3831=ORIENTED_EDGE('',*,*,#2802,.F.);
#3832=ORIENTED_EDGE('',*,*,#2803,.F.);
#3833=ORIENTED_EDGE('',*,*,#2804,.T.);
#3834=ORIENTED_EDGE('',*,*,#2803,.T.);
#3835=ORIENTED_EDGE('',*,*,#2805,.F.);
#3836=ORIENTED_EDGE('',*,*,#2806,.F.);
#3837=ORIENTED_EDGE('',*,*,#2807,.T.);
#3838=ORIENTED_EDGE('',*,*,#2806,.T.);
#3839=ORIENTED_EDGE('',*,*,#2808,.F.);
#3840=ORIENTED_EDGE('',*,*,#2809,.F.);
#3841=ORIENTED_EDGE('',*,*,#2810,.F.);
#3842=ORIENTED_EDGE('',*,*,#2809,.T.);
#3843=ORIENTED_EDGE('',*,*,#2811,.F.);
#3844=ORIENTED_EDGE('',*,*,#2812,.F.);
#3845=ORIENTED_EDGE('',*,*,#2813,.F.);
#3846=ORIENTED_EDGE('',*,*,#2812,.T.);
#3847=ORIENTED_EDGE('',*,*,#2814,.F.);
#3848=ORIENTED_EDGE('',*,*,#2815,.F.);
#3849=ORIENTED_EDGE('',*,*,#2816,.T.);
#3850=ORIENTED_EDGE('',*,*,#2815,.T.);
#3851=ORIENTED_EDGE('',*,*,#2817,.F.);
#3852=ORIENTED_EDGE('',*,*,#2818,.F.);
#3853=ORIENTED_EDGE('',*,*,#2819,.T.);
#3854=ORIENTED_EDGE('',*,*,#2818,.T.);
#3855=ORIENTED_EDGE('',*,*,#2820,.F.);
#3856=ORIENTED_EDGE('',*,*,#2821,.F.);
#3857=ORIENTED_EDGE('',*,*,#2822,.F.);
#3858=ORIENTED_EDGE('',*,*,#2821,.T.);
#3859=ORIENTED_EDGE('',*,*,#2823,.F.);
#3860=ORIENTED_EDGE('',*,*,#2824,.F.);
#3861=ORIENTED_EDGE('',*,*,#2825,.F.);
#3862=ORIENTED_EDGE('',*,*,#2824,.T.);
#3863=ORIENTED_EDGE('',*,*,#2826,.F.);
#3864=ORIENTED_EDGE('',*,*,#2827,.F.);
#3865=ORIENTED_EDGE('',*,*,#2828,.T.);
#3866=ORIENTED_EDGE('',*,*,#2827,.T.);
#3867=ORIENTED_EDGE('',*,*,#2829,.F.);
#3868=ORIENTED_EDGE('',*,*,#2830,.F.);
#3869=ORIENTED_EDGE('',*,*,#2831,.T.);
#3870=ORIENTED_EDGE('',*,*,#2830,.T.);
#3871=ORIENTED_EDGE('',*,*,#2832,.F.);
#3872=ORIENTED_EDGE('',*,*,#2833,.F.);
#3873=ORIENTED_EDGE('',*,*,#2834,.F.);
#3874=ORIENTED_EDGE('',*,*,#2833,.T.);
#3875=ORIENTED_EDGE('',*,*,#2835,.F.);
#3876=ORIENTED_EDGE('',*,*,#2836,.F.);
#3877=ORIENTED_EDGE('',*,*,#2837,.F.);
#3878=ORIENTED_EDGE('',*,*,#2836,.T.);
#3879=ORIENTED_EDGE('',*,*,#2838,.F.);
#3880=ORIENTED_EDGE('',*,*,#2839,.F.);
#3881=ORIENTED_EDGE('',*,*,#2840,.T.);
#3882=ORIENTED_EDGE('',*,*,#2839,.T.);
#3883=ORIENTED_EDGE('',*,*,#2841,.F.);
#3884=ORIENTED_EDGE('',*,*,#2842,.F.);
#3885=ORIENTED_EDGE('',*,*,#2843,.T.);
#3886=ORIENTED_EDGE('',*,*,#2842,.T.);
#3887=ORIENTED_EDGE('',*,*,#2844,.F.);
#3888=ORIENTED_EDGE('',*,*,#2845,.F.);
#3889=ORIENTED_EDGE('',*,*,#2846,.F.);
#3890=ORIENTED_EDGE('',*,*,#2845,.T.);
#3891=ORIENTED_EDGE('',*,*,#2847,.F.);
#3892=ORIENTED_EDGE('',*,*,#2848,.F.);
#3893=ORIENTED_EDGE('',*,*,#2849,.F.);
#3894=ORIENTED_EDGE('',*,*,#2848,.T.);
#3895=ORIENTED_EDGE('',*,*,#2850,.F.);
#3896=ORIENTED_EDGE('',*,*,#2851,.F.);
#3897=ORIENTED_EDGE('',*,*,#2852,.T.);
#3898=ORIENTED_EDGE('',*,*,#2851,.T.);
#3899=ORIENTED_EDGE('',*,*,#2853,.F.);
#3900=ORIENTED_EDGE('',*,*,#2854,.F.);
#3901=ORIENTED_EDGE('',*,*,#2855,.T.);
#3902=ORIENTED_EDGE('',*,*,#2854,.T.);
#3903=ORIENTED_EDGE('',*,*,#2856,.F.);
#3904=ORIENTED_EDGE('',*,*,#2857,.F.);
#3905=ORIENTED_EDGE('',*,*,#2858,.F.);
#3906=ORIENTED_EDGE('',*,*,#2857,.T.);
#3907=ORIENTED_EDGE('',*,*,#2859,.F.);
#3908=ORIENTED_EDGE('',*,*,#2860,.F.);
#3909=ORIENTED_EDGE('',*,*,#2861,.F.);
#3910=ORIENTED_EDGE('',*,*,#2860,.T.);
#3911=ORIENTED_EDGE('',*,*,#2862,.F.);
#3912=ORIENTED_EDGE('',*,*,#2863,.F.);
#3913=ORIENTED_EDGE('',*,*,#2864,.T.);
#3914=ORIENTED_EDGE('',*,*,#2863,.T.);
#3915=ORIENTED_EDGE('',*,*,#2865,.F.);
#3916=ORIENTED_EDGE('',*,*,#2866,.F.);
#3917=ORIENTED_EDGE('',*,*,#2867,.T.);
#3918=ORIENTED_EDGE('',*,*,#2866,.T.);
#3919=ORIENTED_EDGE('',*,*,#2868,.F.);
#3920=ORIENTED_EDGE('',*,*,#2869,.F.);
#3921=ORIENTED_EDGE('',*,*,#2870,.F.);
#3922=ORIENTED_EDGE('',*,*,#2869,.T.);
#3923=ORIENTED_EDGE('',*,*,#2871,.F.);
#3924=ORIENTED_EDGE('',*,*,#2872,.F.);
#3925=ORIENTED_EDGE('',*,*,#2873,.F.);
#3926=ORIENTED_EDGE('',*,*,#2872,.T.);
#3927=ORIENTED_EDGE('',*,*,#2874,.F.);
#3928=ORIENTED_EDGE('',*,*,#2875,.F.);
#3929=ORIENTED_EDGE('',*,*,#2876,.T.);
#3930=ORIENTED_EDGE('',*,*,#2875,.T.);
#3931=ORIENTED_EDGE('',*,*,#2877,.F.);
#3932=ORIENTED_EDGE('',*,*,#2878,.F.);
#3933=ORIENTED_EDGE('',*,*,#2879,.T.);
#3934=ORIENTED_EDGE('',*,*,#2878,.T.);
#3935=ORIENTED_EDGE('',*,*,#2880,.F.);
#3936=ORIENTED_EDGE('',*,*,#2881,.F.);
#3937=ORIENTED_EDGE('',*,*,#2882,.F.);
#3938=ORIENTED_EDGE('',*,*,#2881,.T.);
#3939=ORIENTED_EDGE('',*,*,#2883,.F.);
#3940=ORIENTED_EDGE('',*,*,#2884,.F.);
#3941=ORIENTED_EDGE('',*,*,#2885,.F.);
#3942=ORIENTED_EDGE('',*,*,#2884,.T.);
#3943=ORIENTED_EDGE('',*,*,#2886,.F.);
#3944=ORIENTED_EDGE('',*,*,#2887,.F.);
#3945=ORIENTED_EDGE('',*,*,#2888,.T.);
#3946=ORIENTED_EDGE('',*,*,#2887,.T.);
#3947=ORIENTED_EDGE('',*,*,#2889,.F.);
#3948=ORIENTED_EDGE('',*,*,#2890,.F.);
#3949=ORIENTED_EDGE('',*,*,#2891,.T.);
#3950=ORIENTED_EDGE('',*,*,#2890,.T.);
#3951=ORIENTED_EDGE('',*,*,#2892,.F.);
#3952=ORIENTED_EDGE('',*,*,#2893,.F.);
#3953=ORIENTED_EDGE('',*,*,#2894,.F.);
#3954=ORIENTED_EDGE('',*,*,#2893,.T.);
#3955=ORIENTED_EDGE('',*,*,#2895,.F.);
#3956=ORIENTED_EDGE('',*,*,#2896,.F.);
#3957=ORIENTED_EDGE('',*,*,#2897,.F.);
#3958=ORIENTED_EDGE('',*,*,#2896,.T.);
#3959=ORIENTED_EDGE('',*,*,#2898,.F.);
#3960=ORIENTED_EDGE('',*,*,#2899,.F.);
#3961=ORIENTED_EDGE('',*,*,#2900,.T.);
#3962=ORIENTED_EDGE('',*,*,#2899,.T.);
#3963=ORIENTED_EDGE('',*,*,#2901,.F.);
#3964=ORIENTED_EDGE('',*,*,#2902,.F.);
#3965=ORIENTED_EDGE('',*,*,#2903,.T.);
#3966=ORIENTED_EDGE('',*,*,#2902,.T.);
#3967=ORIENTED_EDGE('',*,*,#2904,.F.);
#3968=ORIENTED_EDGE('',*,*,#2905,.F.);
#3969=ORIENTED_EDGE('',*,*,#2906,.F.);
#3970=ORIENTED_EDGE('',*,*,#2905,.T.);
#3971=ORIENTED_EDGE('',*,*,#2907,.F.);
#3972=ORIENTED_EDGE('',*,*,#2908,.F.);
#3973=ORIENTED_EDGE('',*,*,#2909,.F.);
#3974=ORIENTED_EDGE('',*,*,#2908,.T.);
#3975=ORIENTED_EDGE('',*,*,#2910,.F.);
#3976=ORIENTED_EDGE('',*,*,#2911,.F.);
#3977=ORIENTED_EDGE('',*,*,#2912,.T.);
#3978=ORIENTED_EDGE('',*,*,#2911,.T.);
#3979=ORIENTED_EDGE('',*,*,#2913,.F.);
#3980=ORIENTED_EDGE('',*,*,#2914,.F.);
#3981=ORIENTED_EDGE('',*,*,#2915,.T.);
#3982=ORIENTED_EDGE('',*,*,#2914,.T.);
#3983=ORIENTED_EDGE('',*,*,#2916,.F.);
#3984=ORIENTED_EDGE('',*,*,#2917,.F.);
#3985=ORIENTED_EDGE('',*,*,#2918,.F.);
#3986=ORIENTED_EDGE('',*,*,#2917,.T.);
#3987=ORIENTED_EDGE('',*,*,#2919,.F.);
#3988=ORIENTED_EDGE('',*,*,#2920,.F.);
#3989=ORIENTED_EDGE('',*,*,#2921,.F.);
#3990=ORIENTED_EDGE('',*,*,#2920,.T.);
#3991=ORIENTED_EDGE('',*,*,#2922,.F.);
#3992=ORIENTED_EDGE('',*,*,#2923,.F.);
#3993=ORIENTED_EDGE('',*,*,#2924,.T.);
#3994=ORIENTED_EDGE('',*,*,#2923,.T.);
#3995=ORIENTED_EDGE('',*,*,#2925,.F.);
#3996=ORIENTED_EDGE('',*,*,#2711,.F.);
#3997=ORIENTED_EDGE('',*,*,#2925,.T.);
#3998=ORIENTED_EDGE('',*,*,#2922,.T.);
#3999=ORIENTED_EDGE('',*,*,#2919,.T.);
#4000=ORIENTED_EDGE('',*,*,#2916,.T.);
#4001=ORIENTED_EDGE('',*,*,#2913,.T.);
#4002=ORIENTED_EDGE('',*,*,#2910,.T.);
#4003=ORIENTED_EDGE('',*,*,#2907,.T.);
#4004=ORIENTED_EDGE('',*,*,#2904,.T.);
#4005=ORIENTED_EDGE('',*,*,#2901,.T.);
#4006=ORIENTED_EDGE('',*,*,#2898,.T.);
#4007=ORIENTED_EDGE('',*,*,#2895,.T.);
#4008=ORIENTED_EDGE('',*,*,#2892,.T.);
#4009=ORIENTED_EDGE('',*,*,#2889,.T.);
#4010=ORIENTED_EDGE('',*,*,#2886,.T.);
#4011=ORIENTED_EDGE('',*,*,#2883,.T.);
#4012=ORIENTED_EDGE('',*,*,#2880,.T.);
#4013=ORIENTED_EDGE('',*,*,#2877,.T.);
#4014=ORIENTED_EDGE('',*,*,#2874,.T.);
#4015=ORIENTED_EDGE('',*,*,#2871,.T.);
#4016=ORIENTED_EDGE('',*,*,#2868,.T.);
#4017=ORIENTED_EDGE('',*,*,#2865,.T.);
#4018=ORIENTED_EDGE('',*,*,#2862,.T.);
#4019=ORIENTED_EDGE('',*,*,#2859,.T.);
#4020=ORIENTED_EDGE('',*,*,#2856,.T.);
#4021=ORIENTED_EDGE('',*,*,#2853,.T.);
#4022=ORIENTED_EDGE('',*,*,#2850,.T.);
#4023=ORIENTED_EDGE('',*,*,#2847,.T.);
#4024=ORIENTED_EDGE('',*,*,#2844,.T.);
#4025=ORIENTED_EDGE('',*,*,#2841,.T.);
#4026=ORIENTED_EDGE('',*,*,#2838,.T.);
#4027=ORIENTED_EDGE('',*,*,#2835,.T.);
#4028=ORIENTED_EDGE('',*,*,#2832,.T.);
#4029=ORIENTED_EDGE('',*,*,#2829,.T.);
#4030=ORIENTED_EDGE('',*,*,#2826,.T.);
#4031=ORIENTED_EDGE('',*,*,#2823,.T.);
#4032=ORIENTED_EDGE('',*,*,#2820,.T.);
#4033=ORIENTED_EDGE('',*,*,#2817,.T.);
#4034=ORIENTED_EDGE('',*,*,#2814,.T.);
#4035=ORIENTED_EDGE('',*,*,#2811,.T.);
#4036=ORIENTED_EDGE('',*,*,#2808,.T.);
#4037=ORIENTED_EDGE('',*,*,#2805,.T.);
#4038=ORIENTED_EDGE('',*,*,#2802,.T.);
#4039=ORIENTED_EDGE('',*,*,#2799,.T.);
#4040=ORIENTED_EDGE('',*,*,#2796,.T.);
#4041=ORIENTED_EDGE('',*,*,#2793,.T.);
#4042=ORIENTED_EDGE('',*,*,#2790,.T.);
#4043=ORIENTED_EDGE('',*,*,#2787,.T.);
#4044=ORIENTED_EDGE('',*,*,#2784,.T.);
#4045=ORIENTED_EDGE('',*,*,#2781,.T.);
#4046=ORIENTED_EDGE('',*,*,#2778,.T.);
#4047=ORIENTED_EDGE('',*,*,#2775,.T.);
#4048=ORIENTED_EDGE('',*,*,#2772,.T.);
#4049=ORIENTED_EDGE('',*,*,#2769,.T.);
#4050=ORIENTED_EDGE('',*,*,#2766,.T.);
#4051=ORIENTED_EDGE('',*,*,#2763,.T.);
#4052=ORIENTED_EDGE('',*,*,#2760,.T.);
#4053=ORIENTED_EDGE('',*,*,#2757,.T.);
#4054=ORIENTED_EDGE('',*,*,#2754,.T.);
#4055=ORIENTED_EDGE('',*,*,#2751,.T.);
#4056=ORIENTED_EDGE('',*,*,#2748,.T.);
#4057=ORIENTED_EDGE('',*,*,#2745,.T.);
#4058=ORIENTED_EDGE('',*,*,#2742,.T.);
#4059=ORIENTED_EDGE('',*,*,#2739,.T.);
#4060=ORIENTED_EDGE('',*,*,#2736,.T.);
#4061=ORIENTED_EDGE('',*,*,#2733,.T.);
#4062=ORIENTED_EDGE('',*,*,#2730,.T.);
#4063=ORIENTED_EDGE('',*,*,#2727,.T.);
#4064=ORIENTED_EDGE('',*,*,#2724,.T.);
#4065=ORIENTED_EDGE('',*,*,#2721,.T.);
#4066=ORIENTED_EDGE('',*,*,#2718,.T.);
#4067=ORIENTED_EDGE('',*,*,#2715,.T.);
#4068=ORIENTED_EDGE('',*,*,#2712,.T.);
#4069=ORIENTED_EDGE('',*,*,#2924,.F.);
#4070=ORIENTED_EDGE('',*,*,#2710,.F.);
#4071=ORIENTED_EDGE('',*,*,#2714,.T.);
#4072=ORIENTED_EDGE('',*,*,#2717,.T.);
#4073=ORIENTED_EDGE('',*,*,#2720,.F.);
#4074=ORIENTED_EDGE('',*,*,#2723,.F.);
#4075=ORIENTED_EDGE('',*,*,#2726,.T.);
#4076=ORIENTED_EDGE('',*,*,#2729,.T.);
#4077=ORIENTED_EDGE('',*,*,#2732,.F.);
#4078=ORIENTED_EDGE('',*,*,#2735,.F.);
#4079=ORIENTED_EDGE('',*,*,#2738,.T.);
#4080=ORIENTED_EDGE('',*,*,#2741,.T.);
#4081=ORIENTED_EDGE('',*,*,#2744,.F.);
#4082=ORIENTED_EDGE('',*,*,#2747,.F.);
#4083=ORIENTED_EDGE('',*,*,#2750,.T.);
#4084=ORIENTED_EDGE('',*,*,#2753,.T.);
#4085=ORIENTED_EDGE('',*,*,#2756,.F.);
#4086=ORIENTED_EDGE('',*,*,#2759,.F.);
#4087=ORIENTED_EDGE('',*,*,#2762,.T.);
#4088=ORIENTED_EDGE('',*,*,#2765,.T.);
#4089=ORIENTED_EDGE('',*,*,#2768,.F.);
#4090=ORIENTED_EDGE('',*,*,#2771,.F.);
#4091=ORIENTED_EDGE('',*,*,#2774,.T.);
#4092=ORIENTED_EDGE('',*,*,#2777,.T.);
#4093=ORIENTED_EDGE('',*,*,#2780,.F.);
#4094=ORIENTED_EDGE('',*,*,#2783,.F.);
#4095=ORIENTED_EDGE('',*,*,#2786,.T.);
#4096=ORIENTED_EDGE('',*,*,#2789,.T.);
#4097=ORIENTED_EDGE('',*,*,#2792,.F.);
#4098=ORIENTED_EDGE('',*,*,#2795,.F.);
#4099=ORIENTED_EDGE('',*,*,#2798,.T.);
#4100=ORIENTED_EDGE('',*,*,#2801,.T.);
#4101=ORIENTED_EDGE('',*,*,#2804,.F.);
#4102=ORIENTED_EDGE('',*,*,#2807,.F.);
#4103=ORIENTED_EDGE('',*,*,#2810,.T.);
#4104=ORIENTED_EDGE('',*,*,#2813,.T.);
#4105=ORIENTED_EDGE('',*,*,#2816,.F.);
#4106=ORIENTED_EDGE('',*,*,#2819,.F.);
#4107=ORIENTED_EDGE('',*,*,#2822,.T.);
#4108=ORIENTED_EDGE('',*,*,#2825,.T.);
#4109=ORIENTED_EDGE('',*,*,#2828,.F.);
#4110=ORIENTED_EDGE('',*,*,#2831,.F.);
#4111=ORIENTED_EDGE('',*,*,#2834,.T.);
#4112=ORIENTED_EDGE('',*,*,#2837,.T.);
#4113=ORIENTED_EDGE('',*,*,#2840,.F.);
#4114=ORIENTED_EDGE('',*,*,#2843,.F.);
#4115=ORIENTED_EDGE('',*,*,#2846,.T.);
#4116=ORIENTED_EDGE('',*,*,#2849,.T.);
#4117=ORIENTED_EDGE('',*,*,#2852,.F.);
#4118=ORIENTED_EDGE('',*,*,#2855,.F.);
#4119=ORIENTED_EDGE('',*,*,#2858,.T.);
#4120=ORIENTED_EDGE('',*,*,#2861,.T.);
#4121=ORIENTED_EDGE('',*,*,#2864,.F.);
#4122=ORIENTED_EDGE('',*,*,#2867,.F.);
#4123=ORIENTED_EDGE('',*,*,#2870,.T.);
#4124=ORIENTED_EDGE('',*,*,#2873,.T.);
#4125=ORIENTED_EDGE('',*,*,#2876,.F.);
#4126=ORIENTED_EDGE('',*,*,#2879,.F.);
#4127=ORIENTED_EDGE('',*,*,#2882,.T.);
#4128=ORIENTED_EDGE('',*,*,#2885,.T.);
#4129=ORIENTED_EDGE('',*,*,#2888,.F.);
#4130=ORIENTED_EDGE('',*,*,#2891,.F.);
#4131=ORIENTED_EDGE('',*,*,#2894,.T.);
#4132=ORIENTED_EDGE('',*,*,#2897,.T.);
#4133=ORIENTED_EDGE('',*,*,#2900,.F.);
#4134=ORIENTED_EDGE('',*,*,#2903,.F.);
#4135=ORIENTED_EDGE('',*,*,#2906,.T.);
#4136=ORIENTED_EDGE('',*,*,#2909,.T.);
#4137=ORIENTED_EDGE('',*,*,#2912,.F.);
#4138=ORIENTED_EDGE('',*,*,#2915,.F.);
#4139=ORIENTED_EDGE('',*,*,#2918,.T.);
#4140=ORIENTED_EDGE('',*,*,#2921,.T.);
#4141=ORIENTED_EDGE('',*,*,#2926,.F.);
#4142=ORIENTED_EDGE('',*,*,#2927,.T.);
#4143=ORIENTED_EDGE('',*,*,#2928,.F.);
#4144=ORIENTED_EDGE('',*,*,#2929,.F.);
#4145=ORIENTED_EDGE('',*,*,#2930,.T.);
#4146=ORIENTED_EDGE('',*,*,#2931,.T.);
#4147=ORIENTED_EDGE('',*,*,#2932,.F.);
#4148=ORIENTED_EDGE('',*,*,#2933,.F.);
#4149=ORIENTED_EDGE('',*,*,#2934,.T.);
#4150=ORIENTED_EDGE('',*,*,#2932,.T.);
#4151=ORIENTED_EDGE('',*,*,#2935,.T.);
#4152=ORIENTED_EDGE('',*,*,#2928,.T.);
#4153=ORIENTED_EDGE('',*,*,#2936,.F.);
#4154=ORIENTED_EDGE('',*,*,#2937,.T.);
#4155=ORIENTED_EDGE('',*,*,#2938,.F.);
#4156=ORIENTED_EDGE('',*,*,#2930,.F.);
#4157=ORIENTED_EDGE('',*,*,#2939,.T.);
#4158=ORIENTED_EDGE('',*,*,#2926,.T.);
#4159=ORIENTED_EDGE('',*,*,#2940,.F.);
#4160=ORIENTED_EDGE('',*,*,#2941,.F.);
#4161=ORIENTED_EDGE('',*,*,#2942,.T.);
#4162=ORIENTED_EDGE('',*,*,#2941,.T.);
#4163=ORIENTED_EDGE('',*,*,#2943,.F.);
#4164=ORIENTED_EDGE('',*,*,#2944,.F.);
#4165=ORIENTED_EDGE('',*,*,#2945,.T.);
#4166=ORIENTED_EDGE('',*,*,#2944,.T.);
#4167=ORIENTED_EDGE('',*,*,#2946,.F.);
#4168=ORIENTED_EDGE('',*,*,#2947,.F.);
#4169=ORIENTED_EDGE('',*,*,#2948,.F.);
#4170=ORIENTED_EDGE('',*,*,#2947,.T.);
#4171=ORIENTED_EDGE('',*,*,#2949,.F.);
#4172=ORIENTED_EDGE('',*,*,#2937,.F.);
#4173=ORIENTED_EDGE('',*,*,#2949,.T.);
#4174=ORIENTED_EDGE('',*,*,#2946,.T.);
#4175=ORIENTED_EDGE('',*,*,#2943,.T.);
#4176=ORIENTED_EDGE('',*,*,#2940,.T.);
#4177=ORIENTED_EDGE('',*,*,#2929,.T.);
#4178=ORIENTED_EDGE('',*,*,#2935,.F.);
#4179=ORIENTED_EDGE('',*,*,#2931,.F.);
#4180=ORIENTED_EDGE('',*,*,#2938,.T.);
#4181=ORIENTED_EDGE('',*,*,#2948,.T.);
#4182=ORIENTED_EDGE('',*,*,#2936,.T.);
#4183=ORIENTED_EDGE('',*,*,#2933,.T.);
#4184=ORIENTED_EDGE('',*,*,#2934,.F.);
#4185=ORIENTED_EDGE('',*,*,#2927,.F.);
#4186=ORIENTED_EDGE('',*,*,#2939,.F.);
#4187=ORIENTED_EDGE('',*,*,#2942,.F.);
#4188=ORIENTED_EDGE('',*,*,#2945,.F.);
#4189=ORIENTED_EDGE('',*,*,#2950,.T.);
#4190=ORIENTED_EDGE('',*,*,#2951,.T.);
#4191=ORIENTED_EDGE('',*,*,#2952,.F.);
#4192=ORIENTED_EDGE('',*,*,#2953,.F.);
#4193=ORIENTED_EDGE('',*,*,#2954,.F.);
#4194=ORIENTED_EDGE('',*,*,#2953,.T.);
#4195=ORIENTED_EDGE('',*,*,#2955,.F.);
#4196=ORIENTED_EDGE('',*,*,#2956,.F.);
#4197=ORIENTED_EDGE('',*,*,#2957,.F.);
#4198=ORIENTED_EDGE('',*,*,#2956,.T.);
#4199=ORIENTED_EDGE('',*,*,#2958,.F.);
#4200=ORIENTED_EDGE('',*,*,#2959,.F.);
#4201=ORIENTED_EDGE('',*,*,#2960,.T.);
#4202=ORIENTED_EDGE('',*,*,#2959,.T.);
#4203=ORIENTED_EDGE('',*,*,#2961,.F.);
#4204=ORIENTED_EDGE('',*,*,#2962,.F.);
#4205=ORIENTED_EDGE('',*,*,#2963,.T.);
#4206=ORIENTED_EDGE('',*,*,#2962,.T.);
#4207=ORIENTED_EDGE('',*,*,#2964,.F.);
#4208=ORIENTED_EDGE('',*,*,#2965,.F.);
#4209=ORIENTED_EDGE('',*,*,#2966,.F.);
#4210=ORIENTED_EDGE('',*,*,#2965,.T.);
#4211=ORIENTED_EDGE('',*,*,#2967,.F.);
#4212=ORIENTED_EDGE('',*,*,#2968,.F.);
#4213=ORIENTED_EDGE('',*,*,#2969,.F.);
#4214=ORIENTED_EDGE('',*,*,#2968,.T.);
#4215=ORIENTED_EDGE('',*,*,#2970,.F.);
#4216=ORIENTED_EDGE('',*,*,#2971,.F.);
#4217=ORIENTED_EDGE('',*,*,#2972,.T.);
#4218=ORIENTED_EDGE('',*,*,#2971,.T.);
#4219=ORIENTED_EDGE('',*,*,#2973,.F.);
#4220=ORIENTED_EDGE('',*,*,#2974,.F.);
#4221=ORIENTED_EDGE('',*,*,#2975,.T.);
#4222=ORIENTED_EDGE('',*,*,#2974,.T.);
#4223=ORIENTED_EDGE('',*,*,#2976,.F.);
#4224=ORIENTED_EDGE('',*,*,#2977,.F.);
#4225=ORIENTED_EDGE('',*,*,#2978,.F.);
#4226=ORIENTED_EDGE('',*,*,#2977,.T.);
#4227=ORIENTED_EDGE('',*,*,#2979,.F.);
#4228=ORIENTED_EDGE('',*,*,#2980,.F.);
#4229=ORIENTED_EDGE('',*,*,#2981,.F.);
#4230=ORIENTED_EDGE('',*,*,#2980,.T.);
#4231=ORIENTED_EDGE('',*,*,#2982,.F.);
#4232=ORIENTED_EDGE('',*,*,#2983,.F.);
#4233=ORIENTED_EDGE('',*,*,#2984,.T.);
#4234=ORIENTED_EDGE('',*,*,#2983,.T.);
#4235=ORIENTED_EDGE('',*,*,#2985,.F.);
#4236=ORIENTED_EDGE('',*,*,#2986,.F.);
#4237=ORIENTED_EDGE('',*,*,#2987,.T.);
#4238=ORIENTED_EDGE('',*,*,#2986,.T.);
#4239=ORIENTED_EDGE('',*,*,#2988,.F.);
#4240=ORIENTED_EDGE('',*,*,#2989,.F.);
#4241=ORIENTED_EDGE('',*,*,#2990,.F.);
#4242=ORIENTED_EDGE('',*,*,#2989,.T.);
#4243=ORIENTED_EDGE('',*,*,#2991,.F.);
#4244=ORIENTED_EDGE('',*,*,#2992,.F.);
#4245=ORIENTED_EDGE('',*,*,#2993,.F.);
#4246=ORIENTED_EDGE('',*,*,#2992,.T.);
#4247=ORIENTED_EDGE('',*,*,#2994,.F.);
#4248=ORIENTED_EDGE('',*,*,#2995,.F.);
#4249=ORIENTED_EDGE('',*,*,#2996,.T.);
#4250=ORIENTED_EDGE('',*,*,#2995,.T.);
#4251=ORIENTED_EDGE('',*,*,#2997,.F.);
#4252=ORIENTED_EDGE('',*,*,#2998,.F.);
#4253=ORIENTED_EDGE('',*,*,#2999,.T.);
#4254=ORIENTED_EDGE('',*,*,#2998,.T.);
#4255=ORIENTED_EDGE('',*,*,#3000,.F.);
#4256=ORIENTED_EDGE('',*,*,#3001,.F.);
#4257=ORIENTED_EDGE('',*,*,#3002,.F.);
#4258=ORIENTED_EDGE('',*,*,#3001,.T.);
#4259=ORIENTED_EDGE('',*,*,#3003,.F.);
#4260=ORIENTED_EDGE('',*,*,#3004,.F.);
#4261=ORIENTED_EDGE('',*,*,#3005,.F.);
#4262=ORIENTED_EDGE('',*,*,#3004,.T.);
#4263=ORIENTED_EDGE('',*,*,#3006,.F.);
#4264=ORIENTED_EDGE('',*,*,#3007,.F.);
#4265=ORIENTED_EDGE('',*,*,#3008,.T.);
#4266=ORIENTED_EDGE('',*,*,#3007,.T.);
#4267=ORIENTED_EDGE('',*,*,#3009,.F.);
#4268=ORIENTED_EDGE('',*,*,#3010,.F.);
#4269=ORIENTED_EDGE('',*,*,#3011,.T.);
#4270=ORIENTED_EDGE('',*,*,#3010,.T.);
#4271=ORIENTED_EDGE('',*,*,#3012,.F.);
#4272=ORIENTED_EDGE('',*,*,#3013,.F.);
#4273=ORIENTED_EDGE('',*,*,#3014,.F.);
#4274=ORIENTED_EDGE('',*,*,#3013,.T.);
#4275=ORIENTED_EDGE('',*,*,#3015,.F.);
#4276=ORIENTED_EDGE('',*,*,#3016,.F.);
#4277=ORIENTED_EDGE('',*,*,#3017,.F.);
#4278=ORIENTED_EDGE('',*,*,#3016,.T.);
#4279=ORIENTED_EDGE('',*,*,#3018,.F.);
#4280=ORIENTED_EDGE('',*,*,#3019,.F.);
#4281=ORIENTED_EDGE('',*,*,#3020,.T.);
#4282=ORIENTED_EDGE('',*,*,#3019,.T.);
#4283=ORIENTED_EDGE('',*,*,#3021,.F.);
#4284=ORIENTED_EDGE('',*,*,#3022,.F.);
#4285=ORIENTED_EDGE('',*,*,#3023,.T.);
#4286=ORIENTED_EDGE('',*,*,#3022,.T.);
#4287=ORIENTED_EDGE('',*,*,#3024,.F.);
#4288=ORIENTED_EDGE('',*,*,#3025,.F.);
#4289=ORIENTED_EDGE('',*,*,#3026,.F.);
#4290=ORIENTED_EDGE('',*,*,#3025,.T.);
#4291=ORIENTED_EDGE('',*,*,#3027,.F.);
#4292=ORIENTED_EDGE('',*,*,#3028,.F.);
#4293=ORIENTED_EDGE('',*,*,#3029,.F.);
#4294=ORIENTED_EDGE('',*,*,#3028,.T.);
#4295=ORIENTED_EDGE('',*,*,#3030,.F.);
#4296=ORIENTED_EDGE('',*,*,#3031,.F.);
#4297=ORIENTED_EDGE('',*,*,#3032,.T.);
#4298=ORIENTED_EDGE('',*,*,#3031,.T.);
#4299=ORIENTED_EDGE('',*,*,#3033,.F.);
#4300=ORIENTED_EDGE('',*,*,#3034,.F.);
#4301=ORIENTED_EDGE('',*,*,#3035,.T.);
#4302=ORIENTED_EDGE('',*,*,#3034,.T.);
#4303=ORIENTED_EDGE('',*,*,#3036,.F.);
#4304=ORIENTED_EDGE('',*,*,#3037,.F.);
#4305=ORIENTED_EDGE('',*,*,#3038,.F.);
#4306=ORIENTED_EDGE('',*,*,#3037,.T.);
#4307=ORIENTED_EDGE('',*,*,#3039,.F.);
#4308=ORIENTED_EDGE('',*,*,#3040,.F.);
#4309=ORIENTED_EDGE('',*,*,#3041,.F.);
#4310=ORIENTED_EDGE('',*,*,#3040,.T.);
#4311=ORIENTED_EDGE('',*,*,#3042,.F.);
#4312=ORIENTED_EDGE('',*,*,#3043,.F.);
#4313=ORIENTED_EDGE('',*,*,#3044,.T.);
#4314=ORIENTED_EDGE('',*,*,#3043,.T.);
#4315=ORIENTED_EDGE('',*,*,#3045,.F.);
#4316=ORIENTED_EDGE('',*,*,#3046,.F.);
#4317=ORIENTED_EDGE('',*,*,#3047,.T.);
#4318=ORIENTED_EDGE('',*,*,#3046,.T.);
#4319=ORIENTED_EDGE('',*,*,#3048,.F.);
#4320=ORIENTED_EDGE('',*,*,#3049,.F.);
#4321=ORIENTED_EDGE('',*,*,#3050,.F.);
#4322=ORIENTED_EDGE('',*,*,#3049,.T.);
#4323=ORIENTED_EDGE('',*,*,#3051,.F.);
#4324=ORIENTED_EDGE('',*,*,#3052,.F.);
#4325=ORIENTED_EDGE('',*,*,#3053,.F.);
#4326=ORIENTED_EDGE('',*,*,#3052,.T.);
#4327=ORIENTED_EDGE('',*,*,#3054,.F.);
#4328=ORIENTED_EDGE('',*,*,#3055,.F.);
#4329=ORIENTED_EDGE('',*,*,#3056,.T.);
#4330=ORIENTED_EDGE('',*,*,#3055,.T.);
#4331=ORIENTED_EDGE('',*,*,#3057,.F.);
#4332=ORIENTED_EDGE('',*,*,#3058,.F.);
#4333=ORIENTED_EDGE('',*,*,#3059,.T.);
#4334=ORIENTED_EDGE('',*,*,#3058,.T.);
#4335=ORIENTED_EDGE('',*,*,#3060,.F.);
#4336=ORIENTED_EDGE('',*,*,#3061,.F.);
#4337=ORIENTED_EDGE('',*,*,#3062,.F.);
#4338=ORIENTED_EDGE('',*,*,#3061,.T.);
#4339=ORIENTED_EDGE('',*,*,#3063,.F.);
#4340=ORIENTED_EDGE('',*,*,#3064,.F.);
#4341=ORIENTED_EDGE('',*,*,#3065,.F.);
#4342=ORIENTED_EDGE('',*,*,#3064,.T.);
#4343=ORIENTED_EDGE('',*,*,#3066,.F.);
#4344=ORIENTED_EDGE('',*,*,#3067,.F.);
#4345=ORIENTED_EDGE('',*,*,#3068,.T.);
#4346=ORIENTED_EDGE('',*,*,#3067,.T.);
#4347=ORIENTED_EDGE('',*,*,#3069,.F.);
#4348=ORIENTED_EDGE('',*,*,#3070,.F.);
#4349=ORIENTED_EDGE('',*,*,#3071,.T.);
#4350=ORIENTED_EDGE('',*,*,#3070,.T.);
#4351=ORIENTED_EDGE('',*,*,#3072,.F.);
#4352=ORIENTED_EDGE('',*,*,#3073,.F.);
#4353=ORIENTED_EDGE('',*,*,#3074,.F.);
#4354=ORIENTED_EDGE('',*,*,#3073,.T.);
#4355=ORIENTED_EDGE('',*,*,#3075,.F.);
#4356=ORIENTED_EDGE('',*,*,#3076,.F.);
#4357=ORIENTED_EDGE('',*,*,#3077,.F.);
#4358=ORIENTED_EDGE('',*,*,#3076,.T.);
#4359=ORIENTED_EDGE('',*,*,#3078,.F.);
#4360=ORIENTED_EDGE('',*,*,#3079,.F.);
#4361=ORIENTED_EDGE('',*,*,#3080,.T.);
#4362=ORIENTED_EDGE('',*,*,#3079,.T.);
#4363=ORIENTED_EDGE('',*,*,#3081,.F.);
#4364=ORIENTED_EDGE('',*,*,#3082,.F.);
#4365=ORIENTED_EDGE('',*,*,#3083,.T.);
#4366=ORIENTED_EDGE('',*,*,#3082,.T.);
#4367=ORIENTED_EDGE('',*,*,#3084,.F.);
#4368=ORIENTED_EDGE('',*,*,#3085,.F.);
#4369=ORIENTED_EDGE('',*,*,#3086,.F.);
#4370=ORIENTED_EDGE('',*,*,#3085,.T.);
#4371=ORIENTED_EDGE('',*,*,#3087,.F.);
#4372=ORIENTED_EDGE('',*,*,#3088,.F.);
#4373=ORIENTED_EDGE('',*,*,#3089,.F.);
#4374=ORIENTED_EDGE('',*,*,#3088,.T.);
#4375=ORIENTED_EDGE('',*,*,#3090,.F.);
#4376=ORIENTED_EDGE('',*,*,#3091,.F.);
#4377=ORIENTED_EDGE('',*,*,#3092,.T.);
#4378=ORIENTED_EDGE('',*,*,#3091,.T.);
#4379=ORIENTED_EDGE('',*,*,#3093,.F.);
#4380=ORIENTED_EDGE('',*,*,#3094,.F.);
#4381=ORIENTED_EDGE('',*,*,#3095,.T.);
#4382=ORIENTED_EDGE('',*,*,#3094,.T.);
#4383=ORIENTED_EDGE('',*,*,#3096,.F.);
#4384=ORIENTED_EDGE('',*,*,#3097,.F.);
#4385=ORIENTED_EDGE('',*,*,#3098,.F.);
#4386=ORIENTED_EDGE('',*,*,#3097,.T.);
#4387=ORIENTED_EDGE('',*,*,#3099,.F.);
#4388=ORIENTED_EDGE('',*,*,#3100,.F.);
#4389=ORIENTED_EDGE('',*,*,#3101,.F.);
#4390=ORIENTED_EDGE('',*,*,#3100,.T.);
#4391=ORIENTED_EDGE('',*,*,#3102,.F.);
#4392=ORIENTED_EDGE('',*,*,#3103,.F.);
#4393=ORIENTED_EDGE('',*,*,#3104,.T.);
#4394=ORIENTED_EDGE('',*,*,#3103,.T.);
#4395=ORIENTED_EDGE('',*,*,#3105,.F.);
#4396=ORIENTED_EDGE('',*,*,#3106,.F.);
#4397=ORIENTED_EDGE('',*,*,#3107,.T.);
#4398=ORIENTED_EDGE('',*,*,#3106,.T.);
#4399=ORIENTED_EDGE('',*,*,#3108,.F.);
#4400=ORIENTED_EDGE('',*,*,#3109,.F.);
#4401=ORIENTED_EDGE('',*,*,#3110,.F.);
#4402=ORIENTED_EDGE('',*,*,#3109,.T.);
#4403=ORIENTED_EDGE('',*,*,#3111,.F.);
#4404=ORIENTED_EDGE('',*,*,#3112,.F.);
#4405=ORIENTED_EDGE('',*,*,#3113,.F.);
#4406=ORIENTED_EDGE('',*,*,#3112,.T.);
#4407=ORIENTED_EDGE('',*,*,#3114,.F.);
#4408=ORIENTED_EDGE('',*,*,#3115,.F.);
#4409=ORIENTED_EDGE('',*,*,#3116,.T.);
#4410=ORIENTED_EDGE('',*,*,#3115,.T.);
#4411=ORIENTED_EDGE('',*,*,#3117,.F.);
#4412=ORIENTED_EDGE('',*,*,#3118,.F.);
#4413=ORIENTED_EDGE('',*,*,#3119,.T.);
#4414=ORIENTED_EDGE('',*,*,#3118,.T.);
#4415=ORIENTED_EDGE('',*,*,#3120,.F.);
#4416=ORIENTED_EDGE('',*,*,#3121,.F.);
#4417=ORIENTED_EDGE('',*,*,#3122,.F.);
#4418=ORIENTED_EDGE('',*,*,#3121,.T.);
#4419=ORIENTED_EDGE('',*,*,#3123,.F.);
#4420=ORIENTED_EDGE('',*,*,#3124,.F.);
#4421=ORIENTED_EDGE('',*,*,#3125,.F.);
#4422=ORIENTED_EDGE('',*,*,#3124,.T.);
#4423=ORIENTED_EDGE('',*,*,#3126,.F.);
#4424=ORIENTED_EDGE('',*,*,#3127,.F.);
#4425=ORIENTED_EDGE('',*,*,#3128,.T.);
#4426=ORIENTED_EDGE('',*,*,#3127,.T.);
#4427=ORIENTED_EDGE('',*,*,#3129,.F.);
#4428=ORIENTED_EDGE('',*,*,#3130,.F.);
#4429=ORIENTED_EDGE('',*,*,#3131,.T.);
#4430=ORIENTED_EDGE('',*,*,#3130,.T.);
#4431=ORIENTED_EDGE('',*,*,#3132,.F.);
#4432=ORIENTED_EDGE('',*,*,#3133,.F.);
#4433=ORIENTED_EDGE('',*,*,#3134,.F.);
#4434=ORIENTED_EDGE('',*,*,#3133,.T.);
#4435=ORIENTED_EDGE('',*,*,#3135,.F.);
#4436=ORIENTED_EDGE('',*,*,#3136,.F.);
#4437=ORIENTED_EDGE('',*,*,#3137,.F.);
#4438=ORIENTED_EDGE('',*,*,#3136,.T.);
#4439=ORIENTED_EDGE('',*,*,#3138,.F.);
#4440=ORIENTED_EDGE('',*,*,#3139,.F.);
#4441=ORIENTED_EDGE('',*,*,#3140,.T.);
#4442=ORIENTED_EDGE('',*,*,#3139,.T.);
#4443=ORIENTED_EDGE('',*,*,#3141,.F.);
#4444=ORIENTED_EDGE('',*,*,#3142,.F.);
#4445=ORIENTED_EDGE('',*,*,#3143,.T.);
#4446=ORIENTED_EDGE('',*,*,#3142,.T.);
#4447=ORIENTED_EDGE('',*,*,#3144,.F.);
#4448=ORIENTED_EDGE('',*,*,#3145,.F.);
#4449=ORIENTED_EDGE('',*,*,#3146,.F.);
#4450=ORIENTED_EDGE('',*,*,#3145,.T.);
#4451=ORIENTED_EDGE('',*,*,#3147,.F.);
#4452=ORIENTED_EDGE('',*,*,#3148,.F.);
#4453=ORIENTED_EDGE('',*,*,#3149,.F.);
#4454=ORIENTED_EDGE('',*,*,#3148,.T.);
#4455=ORIENTED_EDGE('',*,*,#3150,.F.);
#4456=ORIENTED_EDGE('',*,*,#3151,.F.);
#4457=ORIENTED_EDGE('',*,*,#3152,.T.);
#4458=ORIENTED_EDGE('',*,*,#3151,.T.);
#4459=ORIENTED_EDGE('',*,*,#3153,.F.);
#4460=ORIENTED_EDGE('',*,*,#3154,.F.);
#4461=ORIENTED_EDGE('',*,*,#3155,.T.);
#4462=ORIENTED_EDGE('',*,*,#3154,.T.);
#4463=ORIENTED_EDGE('',*,*,#3156,.F.);
#4464=ORIENTED_EDGE('',*,*,#3157,.F.);
#4465=ORIENTED_EDGE('',*,*,#3158,.F.);
#4466=ORIENTED_EDGE('',*,*,#3157,.T.);
#4467=ORIENTED_EDGE('',*,*,#3159,.F.);
#4468=ORIENTED_EDGE('',*,*,#3160,.F.);
#4469=ORIENTED_EDGE('',*,*,#3161,.F.);
#4470=ORIENTED_EDGE('',*,*,#3160,.T.);
#4471=ORIENTED_EDGE('',*,*,#3162,.F.);
#4472=ORIENTED_EDGE('',*,*,#3163,.F.);
#4473=ORIENTED_EDGE('',*,*,#3164,.T.);
#4474=ORIENTED_EDGE('',*,*,#3163,.T.);
#4475=ORIENTED_EDGE('',*,*,#3165,.F.);
#4476=ORIENTED_EDGE('',*,*,#2951,.F.);
#4477=ORIENTED_EDGE('',*,*,#3165,.T.);
#4478=ORIENTED_EDGE('',*,*,#3162,.T.);
#4479=ORIENTED_EDGE('',*,*,#3159,.T.);
#4480=ORIENTED_EDGE('',*,*,#3156,.T.);
#4481=ORIENTED_EDGE('',*,*,#3153,.T.);
#4482=ORIENTED_EDGE('',*,*,#3150,.T.);
#4483=ORIENTED_EDGE('',*,*,#3147,.T.);
#4484=ORIENTED_EDGE('',*,*,#3144,.T.);
#4485=ORIENTED_EDGE('',*,*,#3141,.T.);
#4486=ORIENTED_EDGE('',*,*,#3138,.T.);
#4487=ORIENTED_EDGE('',*,*,#3135,.T.);
#4488=ORIENTED_EDGE('',*,*,#3132,.T.);
#4489=ORIENTED_EDGE('',*,*,#3129,.T.);
#4490=ORIENTED_EDGE('',*,*,#3126,.T.);
#4491=ORIENTED_EDGE('',*,*,#3123,.T.);
#4492=ORIENTED_EDGE('',*,*,#3120,.T.);
#4493=ORIENTED_EDGE('',*,*,#3117,.T.);
#4494=ORIENTED_EDGE('',*,*,#3114,.T.);
#4495=ORIENTED_EDGE('',*,*,#3111,.T.);
#4496=ORIENTED_EDGE('',*,*,#3108,.T.);
#4497=ORIENTED_EDGE('',*,*,#3105,.T.);
#4498=ORIENTED_EDGE('',*,*,#3102,.T.);
#4499=ORIENTED_EDGE('',*,*,#3099,.T.);
#4500=ORIENTED_EDGE('',*,*,#3096,.T.);
#4501=ORIENTED_EDGE('',*,*,#3093,.T.);
#4502=ORIENTED_EDGE('',*,*,#3090,.T.);
#4503=ORIENTED_EDGE('',*,*,#3087,.T.);
#4504=ORIENTED_EDGE('',*,*,#3084,.T.);
#4505=ORIENTED_EDGE('',*,*,#3081,.T.);
#4506=ORIENTED_EDGE('',*,*,#3078,.T.);
#4507=ORIENTED_EDGE('',*,*,#3075,.T.);
#4508=ORIENTED_EDGE('',*,*,#3072,.T.);
#4509=ORIENTED_EDGE('',*,*,#3069,.T.);
#4510=ORIENTED_EDGE('',*,*,#3066,.T.);
#4511=ORIENTED_EDGE('',*,*,#3063,.T.);
#4512=ORIENTED_EDGE('',*,*,#3060,.T.);
#4513=ORIENTED_EDGE('',*,*,#3057,.T.);
#4514=ORIENTED_EDGE('',*,*,#3054,.T.);
#4515=ORIENTED_EDGE('',*,*,#3051,.T.);
#4516=ORIENTED_EDGE('',*,*,#3048,.T.);
#4517=ORIENTED_EDGE('',*,*,#3045,.T.);
#4518=ORIENTED_EDGE('',*,*,#3042,.T.);
#4519=ORIENTED_EDGE('',*,*,#3039,.T.);
#4520=ORIENTED_EDGE('',*,*,#3036,.T.);
#4521=ORIENTED_EDGE('',*,*,#3033,.T.);
#4522=ORIENTED_EDGE('',*,*,#3030,.T.);
#4523=ORIENTED_EDGE('',*,*,#3027,.T.);
#4524=ORIENTED_EDGE('',*,*,#3024,.T.);
#4525=ORIENTED_EDGE('',*,*,#3021,.T.);
#4526=ORIENTED_EDGE('',*,*,#3018,.T.);
#4527=ORIENTED_EDGE('',*,*,#3015,.T.);
#4528=ORIENTED_EDGE('',*,*,#3012,.T.);
#4529=ORIENTED_EDGE('',*,*,#3009,.T.);
#4530=ORIENTED_EDGE('',*,*,#3006,.T.);
#4531=ORIENTED_EDGE('',*,*,#3003,.T.);
#4532=ORIENTED_EDGE('',*,*,#3000,.T.);
#4533=ORIENTED_EDGE('',*,*,#2997,.T.);
#4534=ORIENTED_EDGE('',*,*,#2994,.T.);
#4535=ORIENTED_EDGE('',*,*,#2991,.T.);
#4536=ORIENTED_EDGE('',*,*,#2988,.T.);
#4537=ORIENTED_EDGE('',*,*,#2985,.T.);
#4538=ORIENTED_EDGE('',*,*,#2982,.T.);
#4539=ORIENTED_EDGE('',*,*,#2979,.T.);
#4540=ORIENTED_EDGE('',*,*,#2976,.T.);
#4541=ORIENTED_EDGE('',*,*,#2973,.T.);
#4542=ORIENTED_EDGE('',*,*,#2970,.T.);
#4543=ORIENTED_EDGE('',*,*,#2967,.T.);
#4544=ORIENTED_EDGE('',*,*,#2964,.T.);
#4545=ORIENTED_EDGE('',*,*,#2961,.T.);
#4546=ORIENTED_EDGE('',*,*,#2958,.T.);
#4547=ORIENTED_EDGE('',*,*,#2955,.T.);
#4548=ORIENTED_EDGE('',*,*,#2952,.T.);
#4549=ORIENTED_EDGE('',*,*,#3164,.F.);
#4550=ORIENTED_EDGE('',*,*,#2950,.F.);
#4551=ORIENTED_EDGE('',*,*,#2954,.T.);
#4552=ORIENTED_EDGE('',*,*,#2957,.T.);
#4553=ORIENTED_EDGE('',*,*,#2960,.F.);
#4554=ORIENTED_EDGE('',*,*,#2963,.F.);
#4555=ORIENTED_EDGE('',*,*,#2966,.T.);
#4556=ORIENTED_EDGE('',*,*,#2969,.T.);
#4557=ORIENTED_EDGE('',*,*,#2972,.F.);
#4558=ORIENTED_EDGE('',*,*,#2975,.F.);
#4559=ORIENTED_EDGE('',*,*,#2978,.T.);
#4560=ORIENTED_EDGE('',*,*,#2981,.T.);
#4561=ORIENTED_EDGE('',*,*,#2984,.F.);
#4562=ORIENTED_EDGE('',*,*,#2987,.F.);
#4563=ORIENTED_EDGE('',*,*,#2990,.T.);
#4564=ORIENTED_EDGE('',*,*,#2993,.T.);
#4565=ORIENTED_EDGE('',*,*,#2996,.F.);
#4566=ORIENTED_EDGE('',*,*,#2999,.F.);
#4567=ORIENTED_EDGE('',*,*,#3002,.T.);
#4568=ORIENTED_EDGE('',*,*,#3005,.T.);
#4569=ORIENTED_EDGE('',*,*,#3008,.F.);
#4570=ORIENTED_EDGE('',*,*,#3011,.F.);
#4571=ORIENTED_EDGE('',*,*,#3014,.T.);
#4572=ORIENTED_EDGE('',*,*,#3017,.T.);
#4573=ORIENTED_EDGE('',*,*,#3020,.F.);
#4574=ORIENTED_EDGE('',*,*,#3023,.F.);
#4575=ORIENTED_EDGE('',*,*,#3026,.T.);
#4576=ORIENTED_EDGE('',*,*,#3029,.T.);
#4577=ORIENTED_EDGE('',*,*,#3032,.F.);
#4578=ORIENTED_EDGE('',*,*,#3035,.F.);
#4579=ORIENTED_EDGE('',*,*,#3038,.T.);
#4580=ORIENTED_EDGE('',*,*,#3041,.T.);
#4581=ORIENTED_EDGE('',*,*,#3044,.F.);
#4582=ORIENTED_EDGE('',*,*,#3047,.F.);
#4583=ORIENTED_EDGE('',*,*,#3050,.T.);
#4584=ORIENTED_EDGE('',*,*,#3053,.T.);
#4585=ORIENTED_EDGE('',*,*,#3056,.F.);
#4586=ORIENTED_EDGE('',*,*,#3059,.F.);
#4587=ORIENTED_EDGE('',*,*,#3062,.T.);
#4588=ORIENTED_EDGE('',*,*,#3065,.T.);
#4589=ORIENTED_EDGE('',*,*,#3068,.F.);
#4590=ORIENTED_EDGE('',*,*,#3071,.F.);
#4591=ORIENTED_EDGE('',*,*,#3074,.T.);
#4592=ORIENTED_EDGE('',*,*,#3077,.T.);
#4593=ORIENTED_EDGE('',*,*,#3080,.F.);
#4594=ORIENTED_EDGE('',*,*,#3083,.F.);
#4595=ORIENTED_EDGE('',*,*,#3086,.T.);
#4596=ORIENTED_EDGE('',*,*,#3089,.T.);
#4597=ORIENTED_EDGE('',*,*,#3092,.F.);
#4598=ORIENTED_EDGE('',*,*,#3095,.F.);
#4599=ORIENTED_EDGE('',*,*,#3098,.T.);
#4600=ORIENTED_EDGE('',*,*,#3101,.T.);
#4601=ORIENTED_EDGE('',*,*,#3104,.F.);
#4602=ORIENTED_EDGE('',*,*,#3107,.F.);
#4603=ORIENTED_EDGE('',*,*,#3110,.T.);
#4604=ORIENTED_EDGE('',*,*,#3113,.T.);
#4605=ORIENTED_EDGE('',*,*,#3116,.F.);
#4606=ORIENTED_EDGE('',*,*,#3119,.F.);
#4607=ORIENTED_EDGE('',*,*,#3122,.T.);
#4608=ORIENTED_EDGE('',*,*,#3125,.T.);
#4609=ORIENTED_EDGE('',*,*,#3128,.F.);
#4610=ORIENTED_EDGE('',*,*,#3131,.F.);
#4611=ORIENTED_EDGE('',*,*,#3134,.T.);
#4612=ORIENTED_EDGE('',*,*,#3137,.T.);
#4613=ORIENTED_EDGE('',*,*,#3140,.F.);
#4614=ORIENTED_EDGE('',*,*,#3143,.F.);
#4615=ORIENTED_EDGE('',*,*,#3146,.T.);
#4616=ORIENTED_EDGE('',*,*,#3149,.T.);
#4617=ORIENTED_EDGE('',*,*,#3152,.F.);
#4618=ORIENTED_EDGE('',*,*,#3155,.F.);
#4619=ORIENTED_EDGE('',*,*,#3158,.T.);
#4620=ORIENTED_EDGE('',*,*,#3161,.T.);
#4621=ORIENTED_EDGE('',*,*,#3166,.T.);
#4622=ORIENTED_EDGE('',*,*,#3167,.T.);
#4623=ORIENTED_EDGE('',*,*,#3166,.F.);
#4624=ORIENTED_EDGE('',*,*,#3168,.T.);
#4625=ORIENTED_EDGE('',*,*,#3167,.F.);
#4626=ORIENTED_EDGE('',*,*,#3168,.F.);
#4627=PLANE('',#5114);
#4628=PLANE('',#5115);
#4629=PLANE('',#5116);
#4630=PLANE('',#5117);
#4631=PLANE('',#5118);
#4632=PLANE('',#5119);
#4633=PLANE('',#5120);
#4634=PLANE('',#5121);
#4635=PLANE('',#5122);
#4636=PLANE('',#5123);
#4637=PLANE('',#5127);
#4638=PLANE('',#5128);
#4639=PLANE('',#5129);
#4640=PLANE('',#5133);
#4641=PLANE('',#5134);
#4642=PLANE('',#5135);
#4643=PLANE('',#5139);
#4644=PLANE('',#5140);
#4645=PLANE('',#5141);
#4646=PLANE('',#5145);
#4647=PLANE('',#5146);
#4648=PLANE('',#5147);
#4649=PLANE('',#5151);
#4650=PLANE('',#5152);
#4651=PLANE('',#5153);
#4652=PLANE('',#5157);
#4653=PLANE('',#5158);
#4654=PLANE('',#5159);
#4655=PLANE('',#5163);
#4656=PLANE('',#5164);
#4657=PLANE('',#5165);
#4658=PLANE('',#5169);
#4659=PLANE('',#5170);
#4660=PLANE('',#5171);
#4661=PLANE('',#5175);
#4662=PLANE('',#5176);
#4663=PLANE('',#5177);
#4664=PLANE('',#5181);
#4665=PLANE('',#5182);
#4666=PLANE('',#5183);
#4667=PLANE('',#5187);
#4668=PLANE('',#5188);
#4669=PLANE('',#5189);
#4670=PLANE('',#5193);
#4671=PLANE('',#5194);
#4672=PLANE('',#5195);
#4673=PLANE('',#5199);
#4674=PLANE('',#5200);
#4675=PLANE('',#5201);
#4676=PLANE('',#5205);
#4677=PLANE('',#5206);
#4678=PLANE('',#5207);
#4679=PLANE('',#5211);
#4680=PLANE('',#5212);
#4681=PLANE('',#5213);
#4682=PLANE('',#5217);
#4683=PLANE('',#5218);
#4684=PLANE('',#5219);
#4685=PLANE('',#5223);
#4686=PLANE('',#5224);
#4687=PLANE('',#5225);
#4688=PLANE('',#5229);
#4689=PLANE('',#5230);
#4690=PLANE('',#5231);
#4691=PLANE('',#5232);
#4692=PLANE('',#5233);
#4693=PLANE('',#5234);
#4694=PLANE('',#5236);
#4695=PLANE('',#5239);
#4696=PLANE('',#5241);
#4697=PLANE('',#5244);
#4698=PLANE('',#5245);
#4699=PLANE('',#5246);
#4700=PLANE('',#5247);
#4701=PLANE('',#5248);
#4702=PLANE('',#5249);
#4703=PLANE('',#5250);
#4704=PLANE('',#5251);
#4705=PLANE('',#5252);
#4706=PLANE('',#5253);
#4707=PLANE('',#5257);
#4708=PLANE('',#5258);
#4709=PLANE('',#5259);
#4710=PLANE('',#5263);
#4711=PLANE('',#5264);
#4712=PLANE('',#5265);
#4713=PLANE('',#5269);
#4714=PLANE('',#5270);
#4715=PLANE('',#5271);
#4716=PLANE('',#5275);
#4717=PLANE('',#5276);
#4718=PLANE('',#5277);
#4719=PLANE('',#5281);
#4720=PLANE('',#5282);
#4721=PLANE('',#5283);
#4722=PLANE('',#5287);
#4723=PLANE('',#5288);
#4724=PLANE('',#5289);
#4725=PLANE('',#5293);
#4726=PLANE('',#5294);
#4727=PLANE('',#5295);
#4728=PLANE('',#5299);
#4729=PLANE('',#5300);
#4730=PLANE('',#5301);
#4731=PLANE('',#5305);
#4732=PLANE('',#5306);
#4733=PLANE('',#5307);
#4734=PLANE('',#5311);
#4735=PLANE('',#5312);
#4736=PLANE('',#5313);
#4737=PLANE('',#5317);
#4738=PLANE('',#5318);
#4739=PLANE('',#5319);
#4740=PLANE('',#5323);
#4741=PLANE('',#5324);
#4742=PLANE('',#5325);
#4743=PLANE('',#5329);
#4744=PLANE('',#5330);
#4745=PLANE('',#5331);
#4746=PLANE('',#5335);
#4747=PLANE('',#5336);
#4748=PLANE('',#5337);
#4749=PLANE('',#5341);
#4750=PLANE('',#5342);
#4751=PLANE('',#5343);
#4752=PLANE('',#5347);
#4753=PLANE('',#5348);
#4754=PLANE('',#5349);
#4755=PLANE('',#5353);
#4756=PLANE('',#5354);
#4757=PLANE('',#5355);
#4758=PLANE('',#5359);
#4759=PLANE('',#5360);
#4760=PLANE('',#5361);
#4761=PLANE('',#5362);
#4762=PLANE('',#5363);
#4763=PLANE('',#5364);
#4764=PLANE('',#5365);
#4765=PLANE('',#5366);
#4766=PLANE('',#5367);
#4767=PLANE('',#5368);
#4768=PLANE('',#5369);
#4769=PLANE('',#5370);
#4770=PLANE('',#5371);
#4771=PLANE('',#5372);
#4772=PLANE('',#5373);
#4773=PLANE('',#5377);
#4774=PLANE('',#5378);
#4775=PLANE('',#5379);
#4776=PLANE('',#5383);
#4777=PLANE('',#5384);
#4778=PLANE('',#5385);
#4779=PLANE('',#5389);
#4780=PLANE('',#5390);
#4781=PLANE('',#5391);
#4782=PLANE('',#5395);
#4783=PLANE('',#5396);
#4784=PLANE('',#5397);
#4785=PLANE('',#5401);
#4786=PLANE('',#5402);
#4787=PLANE('',#5403);
#4788=PLANE('',#5407);
#4789=PLANE('',#5408);
#4790=PLANE('',#5409);
#4791=PLANE('',#5413);
#4792=PLANE('',#5414);
#4793=PLANE('',#5415);
#4794=PLANE('',#5419);
#4795=PLANE('',#5420);
#4796=PLANE('',#5421);
#4797=PLANE('',#5425);
#4798=PLANE('',#5426);
#4799=PLANE('',#5427);
#4800=PLANE('',#5431);
#4801=PLANE('',#5432);
#4802=PLANE('',#5433);
#4803=PLANE('',#5437);
#4804=PLANE('',#5438);
#4805=PLANE('',#5439);
#4806=PLANE('',#5443);
#4807=PLANE('',#5444);
#4808=PLANE('',#5445);
#4809=PLANE('',#5449);
#4810=PLANE('',#5450);
#4811=PLANE('',#5451);
#4812=PLANE('',#5455);
#4813=PLANE('',#5456);
#4814=PLANE('',#5457);
#4815=PLANE('',#5461);
#4816=PLANE('',#5462);
#4817=PLANE('',#5463);
#4818=PLANE('',#5467);
#4819=PLANE('',#5468);
#4820=PLANE('',#5469);
#4821=PLANE('',#5473);
#4822=PLANE('',#5474);
#4823=PLANE('',#5475);
#4824=PLANE('',#5479);
#4825=PLANE('',#5480);
#4826=PLANE('',#5481);
#4827=PLANE('',#5482);
#4828=PLANE('',#5483);
#4829=PLANE('',#5484);
#4830=PLANE('',#5486);
#4831=ADVANCED_FACE('',(#202),#4627,.T.);
#4832=ADVANCED_FACE('',(#203),#4628,.T.);
#4833=ADVANCED_FACE('',(#204),#4629,.T.);
#4834=ADVANCED_FACE('',(#205),#4630,.T.);
#4835=ADVANCED_FACE('',(#206),#4631,.T.);
#4836=ADVANCED_FACE('',(#207),#4632,.T.);
#4837=ADVANCED_FACE('',(#208),#4633,.T.);
#4838=ADVANCED_FACE('',(#209),#4634,.T.);
#4839=ADVANCED_FACE('',(#210),#4635,.T.);
#4840=ADVANCED_FACE('',(#211),#4636,.F.);
#4841=ADVANCED_FACE('',(#212),#127,.T.);
#4842=ADVANCED_FACE('',(#213),#4637,.T.);
#4843=ADVANCED_FACE('',(#214),#4638,.T.);
#4844=ADVANCED_FACE('',(#215),#4639,.T.);
#4845=ADVANCED_FACE('',(#216),#128,.T.);
#4846=ADVANCED_FACE('',(#217),#4640,.T.);
#4847=ADVANCED_FACE('',(#218),#4641,.T.);
#4848=ADVANCED_FACE('',(#219),#4642,.T.);
#4849=ADVANCED_FACE('',(#220),#129,.T.);
#4850=ADVANCED_FACE('',(#221),#4643,.T.);
#4851=ADVANCED_FACE('',(#222),#4644,.T.);
#4852=ADVANCED_FACE('',(#223),#4645,.T.);
#4853=ADVANCED_FACE('',(#224),#130,.T.);
#4854=ADVANCED_FACE('',(#225),#4646,.T.);
#4855=ADVANCED_FACE('',(#226),#4647,.T.);
#4856=ADVANCED_FACE('',(#227),#4648,.T.);
#4857=ADVANCED_FACE('',(#228),#131,.T.);
#4858=ADVANCED_FACE('',(#229),#4649,.T.);
#4859=ADVANCED_FACE('',(#230),#4650,.T.);
#4860=ADVANCED_FACE('',(#231),#4651,.T.);
#4861=ADVANCED_FACE('',(#232),#132,.T.);
#4862=ADVANCED_FACE('',(#233),#4652,.T.);
#4863=ADVANCED_FACE('',(#234),#4653,.T.);
#4864=ADVANCED_FACE('',(#235),#4654,.T.);
#4865=ADVANCED_FACE('',(#236),#133,.T.);
#4866=ADVANCED_FACE('',(#237),#4655,.T.);
#4867=ADVANCED_FACE('',(#238),#4656,.T.);
#4868=ADVANCED_FACE('',(#239),#4657,.T.);
#4869=ADVANCED_FACE('',(#240),#134,.T.);
#4870=ADVANCED_FACE('',(#241),#4658,.T.);
#4871=ADVANCED_FACE('',(#242),#4659,.T.);
#4872=ADVANCED_FACE('',(#243),#4660,.T.);
#4873=ADVANCED_FACE('',(#244),#135,.T.);
#4874=ADVANCED_FACE('',(#245),#4661,.T.);
#4875=ADVANCED_FACE('',(#246),#4662,.T.);
#4876=ADVANCED_FACE('',(#247),#4663,.T.);
#4877=ADVANCED_FACE('',(#248),#136,.T.);
#4878=ADVANCED_FACE('',(#249),#4664,.T.);
#4879=ADVANCED_FACE('',(#250),#4665,.T.);
#4880=ADVANCED_FACE('',(#251),#4666,.T.);
#4881=ADVANCED_FACE('',(#252),#137,.T.);
#4882=ADVANCED_FACE('',(#253),#4667,.T.);
#4883=ADVANCED_FACE('',(#254),#4668,.T.);
#4884=ADVANCED_FACE('',(#255),#4669,.T.);
#4885=ADVANCED_FACE('',(#256),#138,.T.);
#4886=ADVANCED_FACE('',(#257),#4670,.T.);
#4887=ADVANCED_FACE('',(#258),#4671,.T.);
#4888=ADVANCED_FACE('',(#259),#4672,.T.);
#4889=ADVANCED_FACE('',(#260),#139,.T.);
#4890=ADVANCED_FACE('',(#261),#4673,.T.);
#4891=ADVANCED_FACE('',(#262),#4674,.T.);
#4892=ADVANCED_FACE('',(#263),#4675,.T.);
#4893=ADVANCED_FACE('',(#264),#140,.T.);
#4894=ADVANCED_FACE('',(#265),#4676,.T.);
#4895=ADVANCED_FACE('',(#266),#4677,.T.);
#4896=ADVANCED_FACE('',(#267),#4678,.T.);
#4897=ADVANCED_FACE('',(#268),#141,.T.);
#4898=ADVANCED_FACE('',(#269),#4679,.T.);
#4899=ADVANCED_FACE('',(#270),#4680,.T.);
#4900=ADVANCED_FACE('',(#271),#4681,.T.);
#4901=ADVANCED_FACE('',(#272),#142,.T.);
#4902=ADVANCED_FACE('',(#273),#4682,.T.);
#4903=ADVANCED_FACE('',(#274),#4683,.T.);
#4904=ADVANCED_FACE('',(#275),#4684,.T.);
#4905=ADVANCED_FACE('',(#276),#143,.T.);
#4906=ADVANCED_FACE('',(#277),#4685,.T.);
#4907=ADVANCED_FACE('',(#278),#4686,.T.);
#4908=ADVANCED_FACE('',(#279),#4687,.T.);
#4909=ADVANCED_FACE('',(#280),#144,.T.);
#4910=ADVANCED_FACE('',(#281),#4688,.T.);
#4911=ADVANCED_FACE('',(#282),#4689,.T.);
#4912=ADVANCED_FACE('',(#283),#4690,.T.);
#4913=ADVANCED_FACE('',(#284),#4691,.T.);
#4914=ADVANCED_FACE('',(#285),#4692,.F.);
#4915=ADVANCED_FACE('',(#286),#4693,.T.);
#4916=ADVANCED_FACE('',(#287),#4694,.F.);
#4917=ADVANCED_FACE('',(#288),#145,.T.);
#4918=ADVANCED_FACE('',(#289),#4695,.T.);
#4919=ADVANCED_FACE('',(#290),#4696,.F.);
#4920=ADVANCED_FACE('',(#291),#146,.T.);
#4921=ADVANCED_FACE('',(#292),#4697,.T.);
#4922=ADVANCED_FACE('',(#293),#4698,.T.);
#4923=ADVANCED_FACE('',(#294),#4699,.T.);
#4924=ADVANCED_FACE('',(#295),#4700,.T.);
#4925=ADVANCED_FACE('',(#296),#4701,.T.);
#4926=ADVANCED_FACE('',(#297),#4702,.T.);
#4927=ADVANCED_FACE('',(#298),#4703,.T.);
#4928=ADVANCED_FACE('',(#299),#4704,.T.);
#4929=ADVANCED_FACE('',(#300),#4705,.T.);
#4930=ADVANCED_FACE('',(#301),#4706,.F.);
#4931=ADVANCED_FACE('',(#302),#147,.T.);
#4932=ADVANCED_FACE('',(#303),#4707,.T.);
#4933=ADVANCED_FACE('',(#304),#4708,.T.);
#4934=ADVANCED_FACE('',(#305),#4709,.T.);
#4935=ADVANCED_FACE('',(#306),#148,.T.);
#4936=ADVANCED_FACE('',(#307),#4710,.T.);
#4937=ADVANCED_FACE('',(#308),#4711,.T.);
#4938=ADVANCED_FACE('',(#309),#4712,.T.);
#4939=ADVANCED_FACE('',(#310),#149,.T.);
#4940=ADVANCED_FACE('',(#311),#4713,.T.);
#4941=ADVANCED_FACE('',(#312),#4714,.T.);
#4942=ADVANCED_FACE('',(#313),#4715,.T.);
#4943=ADVANCED_FACE('',(#314),#150,.T.);
#4944=ADVANCED_FACE('',(#315),#4716,.T.);
#4945=ADVANCED_FACE('',(#316),#4717,.T.);
#4946=ADVANCED_FACE('',(#317),#4718,.T.);
#4947=ADVANCED_FACE('',(#318),#151,.T.);
#4948=ADVANCED_FACE('',(#319),#4719,.T.);
#4949=ADVANCED_FACE('',(#320),#4720,.T.);
#4950=ADVANCED_FACE('',(#321),#4721,.T.);
#4951=ADVANCED_FACE('',(#322),#152,.T.);
#4952=ADVANCED_FACE('',(#323),#4722,.T.);
#4953=ADVANCED_FACE('',(#324),#4723,.T.);
#4954=ADVANCED_FACE('',(#325),#4724,.T.);
#4955=ADVANCED_FACE('',(#326),#153,.T.);
#4956=ADVANCED_FACE('',(#327),#4725,.T.);
#4957=ADVANCED_FACE('',(#328),#4726,.T.);
#4958=ADVANCED_FACE('',(#329),#4727,.T.);
#4959=ADVANCED_FACE('',(#330),#154,.T.);
#4960=ADVANCED_FACE('',(#331),#4728,.T.);
#4961=ADVANCED_FACE('',(#332),#4729,.T.);
#4962=ADVANCED_FACE('',(#333),#4730,.T.);
#4963=ADVANCED_FACE('',(#334),#155,.T.);
#4964=ADVANCED_FACE('',(#335),#4731,.T.);
#4965=ADVANCED_FACE('',(#336),#4732,.T.);
#4966=ADVANCED_FACE('',(#337),#4733,.T.);
#4967=ADVANCED_FACE('',(#338),#156,.T.);
#4968=ADVANCED_FACE('',(#339),#4734,.T.);
#4969=ADVANCED_FACE('',(#340),#4735,.T.);
#4970=ADVANCED_FACE('',(#341),#4736,.T.);
#4971=ADVANCED_FACE('',(#342),#157,.T.);
#4972=ADVANCED_FACE('',(#343),#4737,.T.);
#4973=ADVANCED_FACE('',(#344),#4738,.T.);
#4974=ADVANCED_FACE('',(#345),#4739,.T.);
#4975=ADVANCED_FACE('',(#346),#158,.T.);
#4976=ADVANCED_FACE('',(#347),#4740,.T.);
#4977=ADVANCED_FACE('',(#348),#4741,.T.);
#4978=ADVANCED_FACE('',(#349),#4742,.T.);
#4979=ADVANCED_FACE('',(#350),#159,.T.);
#4980=ADVANCED_FACE('',(#351),#4743,.T.);
#4981=ADVANCED_FACE('',(#352),#4744,.T.);
#4982=ADVANCED_FACE('',(#353),#4745,.T.);
#4983=ADVANCED_FACE('',(#354),#160,.T.);
#4984=ADVANCED_FACE('',(#355),#4746,.T.);
#4985=ADVANCED_FACE('',(#356),#4747,.T.);
#4986=ADVANCED_FACE('',(#357),#4748,.T.);
#4987=ADVANCED_FACE('',(#358),#161,.T.);
#4988=ADVANCED_FACE('',(#359),#4749,.T.);
#4989=ADVANCED_FACE('',(#360),#4750,.T.);
#4990=ADVANCED_FACE('',(#361),#4751,.T.);
#4991=ADVANCED_FACE('',(#362),#162,.T.);
#4992=ADVANCED_FACE('',(#363),#4752,.T.);
#4993=ADVANCED_FACE('',(#364),#4753,.T.);
#4994=ADVANCED_FACE('',(#365),#4754,.T.);
#4995=ADVANCED_FACE('',(#366),#163,.T.);
#4996=ADVANCED_FACE('',(#367),#4755,.T.);
#4997=ADVANCED_FACE('',(#368),#4756,.T.);
#4998=ADVANCED_FACE('',(#369),#4757,.T.);
#4999=ADVANCED_FACE('',(#370),#164,.T.);
#5000=ADVANCED_FACE('',(#371),#4758,.T.);
#5001=ADVANCED_FACE('',(#372),#4759,.T.);
#5002=ADVANCED_FACE('',(#373),#4760,.T.);
#5003=ADVANCED_FACE('',(#374),#4761,.T.);
#5004=ADVANCED_FACE('',(#375),#4762,.F.);
#5005=ADVANCED_FACE('',(#376),#4763,.T.);
#5006=ADVANCED_FACE('',(#377),#4764,.T.);
#5007=ADVANCED_FACE('',(#378),#4765,.T.);
#5008=ADVANCED_FACE('',(#379),#4766,.T.);
#5009=ADVANCED_FACE('',(#380),#4767,.T.);
#5010=ADVANCED_FACE('',(#381),#4768,.T.);
#5011=ADVANCED_FACE('',(#382),#4769,.T.);
#5012=ADVANCED_FACE('',(#383),#4770,.T.);
#5013=ADVANCED_FACE('',(#384),#4771,.T.);
#5014=ADVANCED_FACE('',(#385),#4772,.F.);
#5015=ADVANCED_FACE('',(#386),#165,.T.);
#5016=ADVANCED_FACE('',(#387),#4773,.T.);
#5017=ADVANCED_FACE('',(#388),#4774,.T.);
#5018=ADVANCED_FACE('',(#389),#4775,.T.);
#5019=ADVANCED_FACE('',(#390),#166,.T.);
#5020=ADVANCED_FACE('',(#391),#4776,.T.);
#5021=ADVANCED_FACE('',(#392),#4777,.T.);
#5022=ADVANCED_FACE('',(#393),#4778,.T.);
#5023=ADVANCED_FACE('',(#394),#167,.T.);
#5024=ADVANCED_FACE('',(#395),#4779,.T.);
#5025=ADVANCED_FACE('',(#396),#4780,.T.);
#5026=ADVANCED_FACE('',(#397),#4781,.T.);
#5027=ADVANCED_FACE('',(#398),#168,.T.);
#5028=ADVANCED_FACE('',(#399),#4782,.T.);
#5029=ADVANCED_FACE('',(#400),#4783,.T.);
#5030=ADVANCED_FACE('',(#401),#4784,.T.);
#5031=ADVANCED_FACE('',(#402),#169,.T.);
#5032=ADVANCED_FACE('',(#403),#4785,.T.);
#5033=ADVANCED_FACE('',(#404),#4786,.T.);
#5034=ADVANCED_FACE('',(#405),#4787,.T.);
#5035=ADVANCED_FACE('',(#406),#170,.T.);
#5036=ADVANCED_FACE('',(#407),#4788,.T.);
#5037=ADVANCED_FACE('',(#408),#4789,.T.);
#5038=ADVANCED_FACE('',(#409),#4790,.T.);
#5039=ADVANCED_FACE('',(#410),#171,.T.);
#5040=ADVANCED_FACE('',(#411),#4791,.T.);
#5041=ADVANCED_FACE('',(#412),#4792,.T.);
#5042=ADVANCED_FACE('',(#413),#4793,.T.);
#5043=ADVANCED_FACE('',(#414),#172,.T.);
#5044=ADVANCED_FACE('',(#415),#4794,.T.);
#5045=ADVANCED_FACE('',(#416),#4795,.T.);
#5046=ADVANCED_FACE('',(#417),#4796,.T.);
#5047=ADVANCED_FACE('',(#418),#173,.T.);
#5048=ADVANCED_FACE('',(#419),#4797,.T.);
#5049=ADVANCED_FACE('',(#420),#4798,.T.);
#5050=ADVANCED_FACE('',(#421),#4799,.T.);
#5051=ADVANCED_FACE('',(#422),#174,.T.);
#5052=ADVANCED_FACE('',(#423),#4800,.T.);
#5053=ADVANCED_FACE('',(#424),#4801,.T.);
#5054=ADVANCED_FACE('',(#425),#4802,.T.);
#5055=ADVANCED_FACE('',(#426),#175,.T.);
#5056=ADVANCED_FACE('',(#427),#4803,.T.);
#5057=ADVANCED_FACE('',(#428),#4804,.T.);
#5058=ADVANCED_FACE('',(#429),#4805,.T.);
#5059=ADVANCED_FACE('',(#430),#176,.T.);
#5060=ADVANCED_FACE('',(#431),#4806,.T.);
#5061=ADVANCED_FACE('',(#432),#4807,.T.);
#5062=ADVANCED_FACE('',(#433),#4808,.T.);
#5063=ADVANCED_FACE('',(#434),#177,.T.);
#5064=ADVANCED_FACE('',(#435),#4809,.T.);
#5065=ADVANCED_FACE('',(#436),#4810,.T.);
#5066=ADVANCED_FACE('',(#437),#4811,.T.);
#5067=ADVANCED_FACE('',(#438),#178,.T.);
#5068=ADVANCED_FACE('',(#439),#4812,.T.);
#5069=ADVANCED_FACE('',(#440),#4813,.T.);
#5070=ADVANCED_FACE('',(#441),#4814,.T.);
#5071=ADVANCED_FACE('',(#442),#179,.T.);
#5072=ADVANCED_FACE('',(#443),#4815,.T.);
#5073=ADVANCED_FACE('',(#444),#4816,.T.);
#5074=ADVANCED_FACE('',(#445),#4817,.T.);
#5075=ADVANCED_FACE('',(#446),#180,.T.);
#5076=ADVANCED_FACE('',(#447),#4818,.T.);
#5077=ADVANCED_FACE('',(#448),#4819,.T.);
#5078=ADVANCED_FACE('',(#449),#4820,.T.);
#5079=ADVANCED_FACE('',(#450),#181,.T.);
#5080=ADVANCED_FACE('',(#451),#4821,.T.);
#5081=ADVANCED_FACE('',(#452),#4822,.T.);
#5082=ADVANCED_FACE('',(#453),#4823,.T.);
#5083=ADVANCED_FACE('',(#454),#182,.T.);
#5084=ADVANCED_FACE('',(#455),#4824,.T.);
#5085=ADVANCED_FACE('',(#456),#4825,.T.);
#5086=ADVANCED_FACE('',(#457),#4826,.T.);
#5087=ADVANCED_FACE('',(#458),#4827,.T.);
#5088=ADVANCED_FACE('',(#459),#4828,.F.);
#5089=ADVANCED_FACE('',(#460),#4829,.T.);
#5090=ADVANCED_FACE('',(#461),#4830,.F.);
#5091=ADVANCED_FACE('',(#462),#183,.T.);
#5092=CLOSED_SHELL('',(#4831,#4832,#4833,#4834,#4835,#4836,#4837,#4838,
#4839,#4840));
#5093=CLOSED_SHELL('',(#4841,#4842,#4843,#4844,#4845,#4846,#4847,#4848,
#4849,#4850,#4851,#4852,#4853,#4854,#4855,#4856,#4857,#4858,#4859,#4860,
#4861,#4862,#4863,#4864,#4865,#4866,#4867,#4868,#4869,#4870,#4871,#4872,
#4873,#4874,#4875,#4876,#4877,#4878,#4879,#4880,#4881,#4882,#4883,#4884,
#4885,#4886,#4887,#4888,#4889,#4890,#4891,#4892,#4893,#4894,#4895,#4896,
#4897,#4898,#4899,#4900,#4901,#4902,#4903,#4904,#4905,#4906,#4907,#4908,
#4909,#4910,#4911,#4912,#4913,#4914));
#5094=CLOSED_SHELL('',(#4915,#4916,#4917));
#5095=CLOSED_SHELL('',(#4918,#4919,#4920));
#5096=CLOSED_SHELL('',(#4921,#4922,#4923,#4924,#4925,#4926,#4927,#4928,
#4929,#4930));
#5097=CLOSED_SHELL('',(#4931,#4932,#4933,#4934,#4935,#4936,#4937,#4938,
#4939,#4940,#4941,#4942,#4943,#4944,#4945,#4946,#4947,#4948,#4949,#4950,
#4951,#4952,#4953,#4954,#4955,#4956,#4957,#4958,#4959,#4960,#4961,#4962,
#4963,#4964,#4965,#4966,#4967,#4968,#4969,#4970,#4971,#4972,#4973,#4974,
#4975,#4976,#4977,#4978,#4979,#4980,#4981,#4982,#4983,#4984,#4985,#4986,
#4987,#4988,#4989,#4990,#4991,#4992,#4993,#4994,#4995,#4996,#4997,#4998,
#4999,#5000,#5001,#5002,#5003,#5004));
#5098=CLOSED_SHELL('',(#5005,#5006,#5007,#5008,#5009,#5010,#5011,#5012,
#5013,#5014));
#5099=CLOSED_SHELL('',(#5015,#5016,#5017,#5018,#5019,#5020,#5021,#5022,
#5023,#5024,#5025,#5026,#5027,#5028,#5029,#5030,#5031,#5032,#5033,#5034,
#5035,#5036,#5037,#5038,#5039,#5040,#5041,#5042,#5043,#5044,#5045,#5046,
#5047,#5048,#5049,#5050,#5051,#5052,#5053,#5054,#5055,#5056,#5057,#5058,
#5059,#5060,#5061,#5062,#5063,#5064,#5065,#5066,#5067,#5068,#5069,#5070,
#5071,#5072,#5073,#5074,#5075,#5076,#5077,#5078,#5079,#5080,#5081,#5082,
#5083,#5084,#5085,#5086,#5087,#5088));
#5100=CLOSED_SHELL('',(#5089,#5090,#5091));
#5101=DERIVED_UNIT_ELEMENT(#5103,1.);
#5102=DERIVED_UNIT_ELEMENT(#8340,-3.);
#5103=(
MASS_UNIT()
NAMED_UNIT(*)
SI_UNIT(.KILO.,.GRAM.)
);
#5104=DERIVED_UNIT((#5101,#5102));
#5105=MEASURE_REPRESENTATION_ITEM('density measure',
POSITIVE_RATIO_MEASURE(7850.),#5104);
#5106=PROPERTY_DEFINITION_REPRESENTATION(#5111,#5108);
#5107=PROPERTY_DEFINITION_REPRESENTATION(#5112,#5109);
#5108=REPRESENTATION('material name',(#5110),#8335);
#5109=REPRESENTATION('density',(#5105),#8335);
#5110=DESCRIPTIVE_REPRESENTATION_ITEM('Steel','Steel');
#5111=PROPERTY_DEFINITION('material property','material name',#8348);
#5112=PROPERTY_DEFINITION('material property','density of part',#8348);
#5113=AXIS2_PLACEMENT_3D('',#6856,#5489,#5490);
#5114=AXIS2_PLACEMENT_3D('',#6857,#5491,#5492);
#5115=AXIS2_PLACEMENT_3D('',#6866,#5497,#5498);
#5116=AXIS2_PLACEMENT_3D('',#6875,#5503,#5504);
#5117=AXIS2_PLACEMENT_3D('',#6878,#5507,#5508);
#5118=AXIS2_PLACEMENT_3D('',#6884,#5512,#5513);
#5119=AXIS2_PLACEMENT_3D('',#6890,#5517,#5518);
#5120=AXIS2_PLACEMENT_3D('',#6896,#5522,#5523);
#5121=AXIS2_PLACEMENT_3D('',#6902,#5527,#5528);
#5122=AXIS2_PLACEMENT_3D('',#6905,#5531,#5532);
#5123=AXIS2_PLACEMENT_3D('',#6906,#5533,#5534);
#5124=AXIS2_PLACEMENT_3D('',#6907,#5535,#5536);
#5125=AXIS2_PLACEMENT_3D('',#6910,#5537,#5538);
#5126=AXIS2_PLACEMENT_3D('',#6914,#5540,#5541);
#5127=AXIS2_PLACEMENT_3D('',#6916,#5543,#5544);
#5128=AXIS2_PLACEMENT_3D('',#6922,#5548,#5549);
#5129=AXIS2_PLACEMENT_3D('',#6928,#5553,#5554);
#5130=AXIS2_PLACEMENT_3D('',#6934,#5558,#5559);
#5131=AXIS2_PLACEMENT_3D('',#6936,#5560,#5561);
#5132=AXIS2_PLACEMENT_3D('',#6938,#5562,#5563);
#5133=AXIS2_PLACEMENT_3D('',#6940,#5565,#5566);
#5134=AXIS2_PLACEMENT_3D('',#6946,#5570,#5571);
#5135=AXIS2_PLACEMENT_3D('',#6952,#5575,#5576);
#5136=AXIS2_PLACEMENT_3D('',#6958,#5580,#5581);
#5137=AXIS2_PLACEMENT_3D('',#6960,#5582,#5583);
#5138=AXIS2_PLACEMENT_3D('',#6962,#5584,#5585);
#5139=AXIS2_PLACEMENT_3D('',#6964,#5587,#5588);
#5140=AXIS2_PLACEMENT_3D('',#6970,#5592,#5593);
#5141=AXIS2_PLACEMENT_3D('',#6976,#5597,#5598);
#5142=AXIS2_PLACEMENT_3D('',#6982,#5602,#5603);
#5143=AXIS2_PLACEMENT_3D('',#6984,#5604,#5605);
#5144=AXIS2_PLACEMENT_3D('',#6986,#5606,#5607);
#5145=AXIS2_PLACEMENT_3D('',#6988,#5609,#5610);
#5146=AXIS2_PLACEMENT_3D('',#6994,#5614,#5615);
#5147=AXIS2_PLACEMENT_3D('',#7000,#5619,#5620);
#5148=AXIS2_PLACEMENT_3D('',#7006,#5624,#5625);
#5149=AXIS2_PLACEMENT_3D('',#7008,#5626,#5627);
#5150=AXIS2_PLACEMENT_3D('',#7010,#5628,#5629);
#5151=AXIS2_PLACEMENT_3D('',#7012,#5631,#5632);
#5152=AXIS2_PLACEMENT_3D('',#7018,#5636,#5637);
#5153=AXIS2_PLACEMENT_3D('',#7024,#5641,#5642);
#5154=AXIS2_PLACEMENT_3D('',#7030,#5646,#5647);
#5155=AXIS2_PLACEMENT_3D('',#7032,#5648,#5649);
#5156=AXIS2_PLACEMENT_3D('',#7034,#5650,#5651);
#5157=AXIS2_PLACEMENT_3D('',#7036,#5653,#5654);
#5158=AXIS2_PLACEMENT_3D('',#7042,#5658,#5659);
#5159=AXIS2_PLACEMENT_3D('',#7048,#5663,#5664);
#5160=AXIS2_PLACEMENT_3D('',#7054,#5668,#5669);
#5161=AXIS2_PLACEMENT_3D('',#7056,#5670,#5671);
#5162=AXIS2_PLACEMENT_3D('',#7058,#5672,#5673);
#5163=AXIS2_PLACEMENT_3D('',#7060,#5675,#5676);
#5164=AXIS2_PLACEMENT_3D('',#7066,#5680,#5681);
#5165=AXIS2_PLACEMENT_3D('',#7072,#5685,#5686);
#5166=AXIS2_PLACEMENT_3D('',#7078,#5690,#5691);
#5167=AXIS2_PLACEMENT_3D('',#7080,#5692,#5693);
#5168=AXIS2_PLACEMENT_3D('',#7082,#5694,#5695);
#5169=AXIS2_PLACEMENT_3D('',#7084,#5697,#5698);
#5170=AXIS2_PLACEMENT_3D('',#7090,#5702,#5703);
#5171=AXIS2_PLACEMENT_3D('',#7096,#5707,#5708);
#5172=AXIS2_PLACEMENT_3D('',#7102,#5712,#5713);
#5173=AXIS2_PLACEMENT_3D('',#7104,#5714,#5715);
#5174=AXIS2_PLACEMENT_3D('',#7106,#5716,#5717);
#5175=AXIS2_PLACEMENT_3D('',#7108,#5719,#5720);
#5176=AXIS2_PLACEMENT_3D('',#7114,#5724,#5725);
#5177=AXIS2_PLACEMENT_3D('',#7120,#5729,#5730);
#5178=AXIS2_PLACEMENT_3D('',#7126,#5734,#5735);
#5179=AXIS2_PLACEMENT_3D('',#7128,#5736,#5737);
#5180=AXIS2_PLACEMENT_3D('',#7130,#5738,#5739);
#5181=AXIS2_PLACEMENT_3D('',#7132,#5741,#5742);
#5182=AXIS2_PLACEMENT_3D('',#7138,#5746,#5747);
#5183=AXIS2_PLACEMENT_3D('',#7144,#5751,#5752);
#5184=AXIS2_PLACEMENT_3D('',#7150,#5756,#5757);
#5185=AXIS2_PLACEMENT_3D('',#7152,#5758,#5759);
#5186=AXIS2_PLACEMENT_3D('',#7154,#5760,#5761);
#5187=AXIS2_PLACEMENT_3D('',#7156,#5763,#5764);
#5188=AXIS2_PLACEMENT_3D('',#7162,#5768,#5769);
#5189=AXIS2_PLACEMENT_3D('',#7168,#5773,#5774);
#5190=AXIS2_PLACEMENT_3D('',#7174,#5778,#5779);
#5191=AXIS2_PLACEMENT_3D('',#7176,#5780,#5781);
#5192=AXIS2_PLACEMENT_3D('',#7178,#5782,#5783);
#5193=AXIS2_PLACEMENT_3D('',#7180,#5785,#5786);
#5194=AXIS2_PLACEMENT_3D('',#7186,#5790,#5791);
#5195=AXIS2_PLACEMENT_3D('',#7192,#5795,#5796);
#5196=AXIS2_PLACEMENT_3D('',#7198,#5800,#5801);
#5197=AXIS2_PLACEMENT_3D('',#7200,#5802,#5803);
#5198=AXIS2_PLACEMENT_3D('',#7202,#5804,#5805);
#5199=AXIS2_PLACEMENT_3D('',#7204,#5807,#5808);
#5200=AXIS2_PLACEMENT_3D('',#7210,#5812,#5813);
#5201=AXIS2_PLACEMENT_3D('',#7216,#5817,#5818);
#5202=AXIS2_PLACEMENT_3D('',#7222,#5822,#5823);
#5203=AXIS2_PLACEMENT_3D('',#7224,#5824,#5825);
#5204=AXIS2_PLACEMENT_3D('',#7226,#5826,#5827);
#5205=AXIS2_PLACEMENT_3D('',#7228,#5829,#5830);
#5206=AXIS2_PLACEMENT_3D('',#7234,#5834,#5835);
#5207=AXIS2_PLACEMENT_3D('',#7240,#5839,#5840);
#5208=AXIS2_PLACEMENT_3D('',#7246,#5844,#5845);
#5209=AXIS2_PLACEMENT_3D('',#7248,#5846,#5847);
#5210=AXIS2_PLACEMENT_3D('',#7250,#5848,#5849);
#5211=AXIS2_PLACEMENT_3D('',#7252,#5851,#5852);
#5212=AXIS2_PLACEMENT_3D('',#7258,#5856,#5857);
#5213=AXIS2_PLACEMENT_3D('',#7264,#5861,#5862);
#5214=AXIS2_PLACEMENT_3D('',#7270,#5866,#5867);
#5215=AXIS2_PLACEMENT_3D('',#7272,#5868,#5869);
#5216=AXIS2_PLACEMENT_3D('',#7274,#5870,#5871);
#5217=AXIS2_PLACEMENT_3D('',#7276,#5873,#5874);
#5218=AXIS2_PLACEMENT_3D('',#7282,#5878,#5879);
#5219=AXIS2_PLACEMENT_3D('',#7288,#5883,#5884);
#5220=AXIS2_PLACEMENT_3D('',#7294,#5888,#5889);
#5221=AXIS2_PLACEMENT_3D('',#7296,#5890,#5891);
#5222=AXIS2_PLACEMENT_3D('',#7298,#5892,#5893);
#5223=AXIS2_PLACEMENT_3D('',#7300,#5895,#5896);
#5224=AXIS2_PLACEMENT_3D('',#7306,#5900,#5901);
#5225=AXIS2_PLACEMENT_3D('',#7312,#5905,#5906);
#5226=AXIS2_PLACEMENT_3D('',#7318,#5910,#5911);
#5227=AXIS2_PLACEMENT_3D('',#7320,#5912,#5913);
#5228=AXIS2_PLACEMENT_3D('',#7322,#5914,#5915);
#5229=AXIS2_PLACEMENT_3D('',#7324,#5917,#5918);
#5230=AXIS2_PLACEMENT_3D('',#7330,#5922,#5923);
#5231=AXIS2_PLACEMENT_3D('',#7336,#5927,#5928);
#5232=AXIS2_PLACEMENT_3D('',#7339,#5931,#5932);
#5233=AXIS2_PLACEMENT_3D('',#7340,#5933,#5934);
#5234=AXIS2_PLACEMENT_3D('',#7341,#5935,#5936);
#5235=AXIS2_PLACEMENT_3D('',#7343,#5937,#5938);
#5236=AXIS2_PLACEMENT_3D('',#7344,#5939,#5940);
#5237=AXIS2_PLACEMENT_3D('',#7346,#5941,#5942);
#5238=AXIS2_PLACEMENT_3D('',#7347,#5943,#5944);
#5239=AXIS2_PLACEMENT_3D('',#7349,#5946,#5947);
#5240=AXIS2_PLACEMENT_3D('',#7351,#5948,#5949);
#5241=AXIS2_PLACEMENT_3D('',#7352,#5950,#5951);
#5242=AXIS2_PLACEMENT_3D('',#7354,#5952,#5953);
#5243=AXIS2_PLACEMENT_3D('',#7355,#5954,#5955);
#5244=AXIS2_PLACEMENT_3D('',#7357,#5957,#5958);
#5245=AXIS2_PLACEMENT_3D('',#7366,#5963,#5964);
#5246=AXIS2_PLACEMENT_3D('',#7375,#5969,#5970);
#5247=AXIS2_PLACEMENT_3D('',#7378,#5973,#5974);
#5248=AXIS2_PLACEMENT_3D('',#7384,#5978,#5979);
#5249=AXIS2_PLACEMENT_3D('',#7390,#5983,#5984);
#5250=AXIS2_PLACEMENT_3D('',#7396,#5988,#5989);
#5251=AXIS2_PLACEMENT_3D('',#7402,#5993,#5994);
#5252=AXIS2_PLACEMENT_3D('',#7405,#5997,#5998);
#5253=AXIS2_PLACEMENT_3D('',#7406,#5999,#6000);
#5254=AXIS2_PLACEMENT_3D('',#7407,#6001,#6002);
#5255=AXIS2_PLACEMENT_3D('',#7410,#6003,#6004);
#5256=AXIS2_PLACEMENT_3D('',#7414,#6006,#6007);
#5257=AXIS2_PLACEMENT_3D('',#7416,#6009,#6010);
#5258=AXIS2_PLACEMENT_3D('',#7422,#6014,#6015);
#5259=AXIS2_PLACEMENT_3D('',#7428,#6019,#6020);
#5260=AXIS2_PLACEMENT_3D('',#7434,#6024,#6025);
#5261=AXIS2_PLACEMENT_3D('',#7436,#6026,#6027);
#5262=AXIS2_PLACEMENT_3D('',#7438,#6028,#6029);
#5263=AXIS2_PLACEMENT_3D('',#7440,#6031,#6032);
#5264=AXIS2_PLACEMENT_3D('',#7446,#6036,#6037);
#5265=AXIS2_PLACEMENT_3D('',#7452,#6041,#6042);
#5266=AXIS2_PLACEMENT_3D('',#7458,#6046,#6047);
#5267=AXIS2_PLACEMENT_3D('',#7460,#6048,#6049);
#5268=AXIS2_PLACEMENT_3D('',#7462,#6050,#6051);
#5269=AXIS2_PLACEMENT_3D('',#7464,#6053,#6054);
#5270=AXIS2_PLACEMENT_3D('',#7470,#6058,#6059);
#5271=AXIS2_PLACEMENT_3D('',#7476,#6063,#6064);
#5272=AXIS2_PLACEMENT_3D('',#7482,#6068,#6069);
#5273=AXIS2_PLACEMENT_3D('',#7484,#6070,#6071);
#5274=AXIS2_PLACEMENT_3D('',#7486,#6072,#6073);
#5275=AXIS2_PLACEMENT_3D('',#7488,#6075,#6076);
#5276=AXIS2_PLACEMENT_3D('',#7494,#6080,#6081);
#5277=AXIS2_PLACEMENT_3D('',#7500,#6085,#6086);
#5278=AXIS2_PLACEMENT_3D('',#7506,#6090,#6091);
#5279=AXIS2_PLACEMENT_3D('',#7508,#6092,#6093);
#5280=AXIS2_PLACEMENT_3D('',#7510,#6094,#6095);
#5281=AXIS2_PLACEMENT_3D('',#7512,#6097,#6098);
#5282=AXIS2_PLACEMENT_3D('',#7518,#6102,#6103);
#5283=AXIS2_PLACEMENT_3D('',#7524,#6107,#6108);
#5284=AXIS2_PLACEMENT_3D('',#7530,#6112,#6113);
#5285=AXIS2_PLACEMENT_3D('',#7532,#6114,#6115);
#5286=AXIS2_PLACEMENT_3D('',#7534,#6116,#6117);
#5287=AXIS2_PLACEMENT_3D('',#7536,#6119,#6120);
#5288=AXIS2_PLACEMENT_3D('',#7542,#6124,#6125);
#5289=AXIS2_PLACEMENT_3D('',#7548,#6129,#6130);
#5290=AXIS2_PLACEMENT_3D('',#7554,#6134,#6135);
#5291=AXIS2_PLACEMENT_3D('',#7556,#6136,#6137);
#5292=AXIS2_PLACEMENT_3D('',#7558,#6138,#6139);
#5293=AXIS2_PLACEMENT_3D('',#7560,#6141,#6142);
#5294=AXIS2_PLACEMENT_3D('',#7566,#6146,#6147);
#5295=AXIS2_PLACEMENT_3D('',#7572,#6151,#6152);
#5296=AXIS2_PLACEMENT_3D('',#7578,#6156,#6157);
#5297=AXIS2_PLACEMENT_3D('',#7580,#6158,#6159);
#5298=AXIS2_PLACEMENT_3D('',#7582,#6160,#6161);
#5299=AXIS2_PLACEMENT_3D('',#7584,#6163,#6164);
#5300=AXIS2_PLACEMENT_3D('',#7590,#6168,#6169);
#5301=AXIS2_PLACEMENT_3D('',#7596,#6173,#6174);
#5302=AXIS2_PLACEMENT_3D('',#7602,#6178,#6179);
#5303=AXIS2_PLACEMENT_3D('',#7604,#6180,#6181);
#5304=AXIS2_PLACEMENT_3D('',#7606,#6182,#6183);
#5305=AXIS2_PLACEMENT_3D('',#7608,#6185,#6186);
#5306=AXIS2_PLACEMENT_3D('',#7614,#6190,#6191);
#5307=AXIS2_PLACEMENT_3D('',#7620,#6195,#6196);
#5308=AXIS2_PLACEMENT_3D('',#7626,#6200,#6201);
#5309=AXIS2_PLACEMENT_3D('',#7628,#6202,#6203);
#5310=AXIS2_PLACEMENT_3D('',#7630,#6204,#6205);
#5311=AXIS2_PLACEMENT_3D('',#7632,#6207,#6208);
#5312=AXIS2_PLACEMENT_3D('',#7638,#6212,#6213);
#5313=AXIS2_PLACEMENT_3D('',#7644,#6217,#6218);
#5314=AXIS2_PLACEMENT_3D('',#7650,#6222,#6223);
#5315=AXIS2_PLACEMENT_3D('',#7652,#6224,#6225);
#5316=AXIS2_PLACEMENT_3D('',#7654,#6226,#6227);
#5317=AXIS2_PLACEMENT_3D('',#7656,#6229,#6230);
#5318=AXIS2_PLACEMENT_3D('',#7662,#6234,#6235);
#5319=AXIS2_PLACEMENT_3D('',#7668,#6239,#6240);
#5320=AXIS2_PLACEMENT_3D('',#7674,#6244,#6245);
#5321=AXIS2_PLACEMENT_3D('',#7676,#6246,#6247);
#5322=AXIS2_PLACEMENT_3D('',#7678,#6248,#6249);
#5323=AXIS2_PLACEMENT_3D('',#7680,#6251,#6252);
#5324=AXIS2_PLACEMENT_3D('',#7686,#6256,#6257);
#5325=AXIS2_PLACEMENT_3D('',#7692,#6261,#6262);
#5326=AXIS2_PLACEMENT_3D('',#7698,#6266,#6267);
#5327=AXIS2_PLACEMENT_3D('',#7700,#6268,#6269);
#5328=AXIS2_PLACEMENT_3D('',#7702,#6270,#6271);
#5329=AXIS2_PLACEMENT_3D('',#7704,#6273,#6274);
#5330=AXIS2_PLACEMENT_3D('',#7710,#6278,#6279);
#5331=AXIS2_PLACEMENT_3D('',#7716,#6283,#6284);
#5332=AXIS2_PLACEMENT_3D('',#7722,#6288,#6289);
#5333=AXIS2_PLACEMENT_3D('',#7724,#6290,#6291);
#5334=AXIS2_PLACEMENT_3D('',#7726,#6292,#6293);
#5335=AXIS2_PLACEMENT_3D('',#7728,#6295,#6296);
#5336=AXIS2_PLACEMENT_3D('',#7734,#6300,#6301);
#5337=AXIS2_PLACEMENT_3D('',#7740,#6305,#6306);
#5338=AXIS2_PLACEMENT_3D('',#7746,#6310,#6311);
#5339=AXIS2_PLACEMENT_3D('',#7748,#6312,#6313);
#5340=AXIS2_PLACEMENT_3D('',#7750,#6314,#6315);
#5341=AXIS2_PLACEMENT_3D('',#7752,#6317,#6318);
#5342=AXIS2_PLACEMENT_3D('',#7758,#6322,#6323);
#5343=AXIS2_PLACEMENT_3D('',#7764,#6327,#6328);
#5344=AXIS2_PLACEMENT_3D('',#7770,#6332,#6333);
#5345=AXIS2_PLACEMENT_3D('',#7772,#6334,#6335);
#5346=AXIS2_PLACEMENT_3D('',#7774,#6336,#6337);
#5347=AXIS2_PLACEMENT_3D('',#7776,#6339,#6340);
#5348=AXIS2_PLACEMENT_3D('',#7782,#6344,#6345);
#5349=AXIS2_PLACEMENT_3D('',#7788,#6349,#6350);
#5350=AXIS2_PLACEMENT_3D('',#7794,#6354,#6355);
#5351=AXIS2_PLACEMENT_3D('',#7796,#6356,#6357);
#5352=AXIS2_PLACEMENT_3D('',#7798,#6358,#6359);
#5353=AXIS2_PLACEMENT_3D('',#7800,#6361,#6362);
#5354=AXIS2_PLACEMENT_3D('',#7806,#6366,#6367);
#5355=AXIS2_PLACEMENT_3D('',#7812,#6371,#6372);
#5356=AXIS2_PLACEMENT_3D('',#7818,#6376,#6377);
#5357=AXIS2_PLACEMENT_3D('',#7820,#6378,#6379);
#5358=AXIS2_PLACEMENT_3D('',#7822,#6380,#6381);
#5359=AXIS2_PLACEMENT_3D('',#7824,#6383,#6384);
#5360=AXIS2_PLACEMENT_3D('',#7830,#6388,#6389);
#5361=AXIS2_PLACEMENT_3D('',#7836,#6393,#6394);
#5362=AXIS2_PLACEMENT_3D('',#7839,#6397,#6398);
#5363=AXIS2_PLACEMENT_3D('',#7840,#6399,#6400);
#5364=AXIS2_PLACEMENT_3D('',#7841,#6401,#6402);
#5365=AXIS2_PLACEMENT_3D('',#7850,#6407,#6408);
#5366=AXIS2_PLACEMENT_3D('',#7859,#6413,#6414);
#5367=AXIS2_PLACEMENT_3D('',#7862,#6417,#6418);
#5368=AXIS2_PLACEMENT_3D('',#7868,#6422,#6423);
#5369=AXIS2_PLACEMENT_3D('',#7874,#6427,#6428);
#5370=AXIS2_PLACEMENT_3D('',#7880,#6432,#6433);
#5371=AXIS2_PLACEMENT_3D('',#7886,#6437,#6438);
#5372=AXIS2_PLACEMENT_3D('',#7889,#6441,#6442);
#5373=AXIS2_PLACEMENT_3D('',#7890,#6443,#6444);
#5374=AXIS2_PLACEMENT_3D('',#7891,#6445,#6446);
#5375=AXIS2_PLACEMENT_3D('',#7894,#6447,#6448);
#5376=AXIS2_PLACEMENT_3D('',#7898,#6450,#6451);
#5377=AXIS2_PLACEMENT_3D('',#7900,#6453,#6454);
#5378=AXIS2_PLACEMENT_3D('',#7906,#6458,#6459);
#5379=AXIS2_PLACEMENT_3D('',#7912,#6463,#6464);
#5380=AXIS2_PLACEMENT_3D('',#7918,#6468,#6469);
#5381=AXIS2_PLACEMENT_3D('',#7920,#6470,#6471);
#5382=AXIS2_PLACEMENT_3D('',#7922,#6472,#6473);
#5383=AXIS2_PLACEMENT_3D('',#7924,#6475,#6476);
#5384=AXIS2_PLACEMENT_3D('',#7930,#6480,#6481);
#5385=AXIS2_PLACEMENT_3D('',#7936,#6485,#6486);
#5386=AXIS2_PLACEMENT_3D('',#7942,#6490,#6491);
#5387=AXIS2_PLACEMENT_3D('',#7944,#6492,#6493);
#5388=AXIS2_PLACEMENT_3D('',#7946,#6494,#6495);
#5389=AXIS2_PLACEMENT_3D('',#7948,#6497,#6498);
#5390=AXIS2_PLACEMENT_3D('',#7954,#6502,#6503);
#5391=AXIS2_PLACEMENT_3D('',#7960,#6507,#6508);
#5392=AXIS2_PLACEMENT_3D('',#7966,#6512,#6513);
#5393=AXIS2_PLACEMENT_3D('',#7968,#6514,#6515);
#5394=AXIS2_PLACEMENT_3D('',#7970,#6516,#6517);
#5395=AXIS2_PLACEMENT_3D('',#7972,#6519,#6520);
#5396=AXIS2_PLACEMENT_3D('',#7978,#6524,#6525);
#5397=AXIS2_PLACEMENT_3D('',#7984,#6529,#6530);
#5398=AXIS2_PLACEMENT_3D('',#7990,#6534,#6535);
#5399=AXIS2_PLACEMENT_3D('',#7992,#6536,#6537);
#5400=AXIS2_PLACEMENT_3D('',#7994,#6538,#6539);
#5401=AXIS2_PLACEMENT_3D('',#7996,#6541,#6542);
#5402=AXIS2_PLACEMENT_3D('',#8002,#6546,#6547);
#5403=AXIS2_PLACEMENT_3D('',#8008,#6551,#6552);
#5404=AXIS2_PLACEMENT_3D('',#8014,#6556,#6557);
#5405=AXIS2_PLACEMENT_3D('',#8016,#6558,#6559);
#5406=AXIS2_PLACEMENT_3D('',#8018,#6560,#6561);
#5407=AXIS2_PLACEMENT_3D('',#8020,#6563,#6564);
#5408=AXIS2_PLACEMENT_3D('',#8026,#6568,#6569);
#5409=AXIS2_PLACEMENT_3D('',#8032,#6573,#6574);
#5410=AXIS2_PLACEMENT_3D('',#8038,#6578,#6579);
#5411=AXIS2_PLACEMENT_3D('',#8040,#6580,#6581);
#5412=AXIS2_PLACEMENT_3D('',#8042,#6582,#6583);
#5413=AXIS2_PLACEMENT_3D('',#8044,#6585,#6586);
#5414=AXIS2_PLACEMENT_3D('',#8050,#6590,#6591);
#5415=AXIS2_PLACEMENT_3D('',#8056,#6595,#6596);
#5416=AXIS2_PLACEMENT_3D('',#8062,#6600,#6601);
#5417=AXIS2_PLACEMENT_3D('',#8064,#6602,#6603);
#5418=AXIS2_PLACEMENT_3D('',#8066,#6604,#6605);
#5419=AXIS2_PLACEMENT_3D('',#8068,#6607,#6608);
#5420=AXIS2_PLACEMENT_3D('',#8074,#6612,#6613);
#5421=AXIS2_PLACEMENT_3D('',#8080,#6617,#6618);
#5422=AXIS2_PLACEMENT_3D('',#8086,#6622,#6623);
#5423=AXIS2_PLACEMENT_3D('',#8088,#6624,#6625);
#5424=AXIS2_PLACEMENT_3D('',#8090,#6626,#6627);
#5425=AXIS2_PLACEMENT_3D('',#8092,#6629,#6630);
#5426=AXIS2_PLACEMENT_3D('',#8098,#6634,#6635);
#5427=AXIS2_PLACEMENT_3D('',#8104,#6639,#6640);
#5428=AXIS2_PLACEMENT_3D('',#8110,#6644,#6645);
#5429=AXIS2_PLACEMENT_3D('',#8112,#6646,#6647);
#5430=AXIS2_PLACEMENT_3D('',#8114,#6648,#6649);
#5431=AXIS2_PLACEMENT_3D('',#8116,#6651,#6652);
#5432=AXIS2_PLACEMENT_3D('',#8122,#6656,#6657);
#5433=AXIS2_PLACEMENT_3D('',#8128,#6661,#6662);
#5434=AXIS2_PLACEMENT_3D('',#8134,#6666,#6667);
#5435=AXIS2_PLACEMENT_3D('',#8136,#6668,#6669);
#5436=AXIS2_PLACEMENT_3D('',#8138,#6670,#6671);
#5437=AXIS2_PLACEMENT_3D('',#8140,#6673,#6674);
#5438=AXIS2_PLACEMENT_3D('',#8146,#6678,#6679);
#5439=AXIS2_PLACEMENT_3D('',#8152,#6683,#6684);
#5440=AXIS2_PLACEMENT_3D('',#8158,#6688,#6689);
#5441=AXIS2_PLACEMENT_3D('',#8160,#6690,#6691);
#5442=AXIS2_PLACEMENT_3D('',#8162,#6692,#6693);
#5443=AXIS2_PLACEMENT_3D('',#8164,#6695,#6696);
#5444=AXIS2_PLACEMENT_3D('',#8170,#6700,#6701);
#5445=AXIS2_PLACEMENT_3D('',#8176,#6705,#6706);
#5446=AXIS2_PLACEMENT_3D('',#8182,#6710,#6711);
#5447=AXIS2_PLACEMENT_3D('',#8184,#6712,#6713);
#5448=AXIS2_PLACEMENT_3D('',#8186,#6714,#6715);
#5449=AXIS2_PLACEMENT_3D('',#8188,#6717,#6718);
#5450=AXIS2_PLACEMENT_3D('',#8194,#6722,#6723);
#5451=AXIS2_PLACEMENT_3D('',#8200,#6727,#6728);
#5452=AXIS2_PLACEMENT_3D('',#8206,#6732,#6733);
#5453=AXIS2_PLACEMENT_3D('',#8208,#6734,#6735);
#5454=AXIS2_PLACEMENT_3D('',#8210,#6736,#6737);
#5455=AXIS2_PLACEMENT_3D('',#8212,#6739,#6740);
#5456=AXIS2_PLACEMENT_3D('',#8218,#6744,#6745);
#5457=AXIS2_PLACEMENT_3D('',#8224,#6749,#6750);
#5458=AXIS2_PLACEMENT_3D('',#8230,#6754,#6755);
#5459=AXIS2_PLACEMENT_3D('',#8232,#6756,#6757);
#5460=AXIS2_PLACEMENT_3D('',#8234,#6758,#6759);
#5461=AXIS2_PLACEMENT_3D('',#8236,#6761,#6762);
#5462=AXIS2_PLACEMENT_3D('',#8242,#6766,#6767);
#5463=AXIS2_PLACEMENT_3D('',#8248,#6771,#6772);
#5464=AXIS2_PLACEMENT_3D('',#8254,#6776,#6777);
#5465=AXIS2_PLACEMENT_3D('',#8256,#6778,#6779);
#5466=AXIS2_PLACEMENT_3D('',#8258,#6780,#6781);
#5467=AXIS2_PLACEMENT_3D('',#8260,#6783,#6784);
#5468=AXIS2_PLACEMENT_3D('',#8266,#6788,#6789);
#5469=AXIS2_PLACEMENT_3D('',#8272,#6793,#6794);
#5470=AXIS2_PLACEMENT_3D('',#8278,#6798,#6799);
#5471=AXIS2_PLACEMENT_3D('',#8280,#6800,#6801);
#5472=AXIS2_PLACEMENT_3D('',#8282,#6802,#6803);
#5473=AXIS2_PLACEMENT_3D('',#8284,#6805,#6806);
#5474=AXIS2_PLACEMENT_3D('',#8290,#6810,#6811);
#5475=AXIS2_PLACEMENT_3D('',#8296,#6815,#6816);
#5476=AXIS2_PLACEMENT_3D('',#8302,#6820,#6821);
#5477=AXIS2_PLACEMENT_3D('',#8304,#6822,#6823);
#5478=AXIS2_PLACEMENT_3D('',#8306,#6824,#6825);
#5479=AXIS2_PLACEMENT_3D('',#8308,#6827,#6828);
#5480=AXIS2_PLACEMENT_3D('',#8314,#6832,#6833);
#5481=AXIS2_PLACEMENT_3D('',#8320,#6837,#6838);
#5482=AXIS2_PLACEMENT_3D('',#8323,#6841,#6842);
#5483=AXIS2_PLACEMENT_3D('',#8324,#6843,#6844);
#5484=AXIS2_PLACEMENT_3D('',#8325,#6845,#6846);
#5485=AXIS2_PLACEMENT_3D('',#8327,#6847,#6848);
#5486=AXIS2_PLACEMENT_3D('',#8328,#6849,#6850);
#5487=AXIS2_PLACEMENT_3D('',#8330,#6851,#6852);
#5488=AXIS2_PLACEMENT_3D('',#8331,#6853,#6854);
#5489=DIRECTION('axis',(0.,0.,1.));
#5490=DIRECTION('refdir',(1.,0.,0.));
#5491=DIRECTION('center_axis',(-0.544638613039842,-0.838670567945424,-0.000677973551437023));
#5492=DIRECTION('ref_axis',(0.838669918160622,-0.544639035015026,0.00104398771825062));
#5493=DIRECTION('',(-0.838669918160622,0.544639035015027,-0.00104398771825062));
#5494=DIRECTION('',(-0.00124481263341356,-1.74692075041727E-16,0.999999225220454));
#5495=DIRECTION('',(0.838669918160622,-0.544639035015026,0.00104398771825062));
#5496=DIRECTION('',(-0.00124481263341356,-1.74692075041727E-16,0.999999225220454));
#5497=DIRECTION('center_axis',(0.544638613039842,0.838670567945424,0.000677973551437023));
#5498=DIRECTION('ref_axis',(-0.838669918160622,0.544639035015026,-0.00104398771825062));
#5499=DIRECTION('',(-0.838669918160622,0.544639035015027,-0.00104398771825062));
#5500=DIRECTION('',(-0.00124481263341356,-1.74692075041727E-16,0.999999225220454));
#5501=DIRECTION('',(-0.838669918160622,0.544639035015026,-0.00104398771825062));
#5502=DIRECTION('',(-0.00124481263341356,-1.74692075041727E-16,0.999999225220454));
#5503=DIRECTION('center_axis',(-0.00124481263341356,-1.74692075041727E-16,
0.999999225220454));
#5504=DIRECTION('ref_axis',(0.999390052711524,0.0348994967025009,0.001244054327191));
#5505=DIRECTION('',(0.544638613039842,0.838670567945424,0.000677973551437166));
#5506=DIRECTION('',(-0.544638613039842,-0.838670567945424,-0.000677973551437166));
#5507=DIRECTION('center_axis',(0.526631611531494,0.810449122677608,-0.256576236792962));
#5508=DIRECTION('ref_axis',(-0.138895335084364,-0.215732568447595,-0.966523432102298));
#5509=DIRECTION('',(0.138895335084364,0.215732568447595,0.966523432102298));
#5510=DIRECTION('',(-0.838669918160622,0.544639035015027,-0.00104398771825062));
#5511=DIRECTION('',(-0.138895335084364,-0.215732568447595,-0.966523432102298));
#5512=DIRECTION('center_axis',(-0.526673024578195,-0.810513445855807,0.256287883577436));
#5513=DIRECTION('ref_axis',(0.138738219514708,0.215490778514641,0.966599933178687));
#5514=DIRECTION('',(0.138738219514708,0.215490778514641,0.966599933178687));
#5515=DIRECTION('',(0.138738219514708,0.215490778514641,0.966599933178687));
#5516=DIRECTION('',(-0.838669918160622,0.544639035015027,-0.00104398771825062));
#5517=DIRECTION('center_axis',(-0.511295664203826,-0.787983175391792,-0.343014954580462));
#5518=DIRECTION('ref_axis',(-0.187641978615723,-0.287142537492042,0.93932936237712));
#5519=DIRECTION('',(-0.187641978615723,-0.287142537492042,0.93932936237712));
#5520=DIRECTION('',(-0.187641978615723,-0.287142537492042,0.93932936237712));
#5521=DIRECTION('',(-0.838669918160622,0.544639035015027,-0.00104398771825062));
#5522=DIRECTION('center_axis',(0.00192278469511531,0.00104398771825097,
-0.999997606491466));
#5523=DIRECTION('ref_axis',(-0.544636641506492,-0.838669918160622,-0.0019227846951155));
#5524=DIRECTION('',(-0.544636641506492,-0.838669918160622,-0.0019227846951155));
#5525=DIRECTION('',(-0.544636641506492,-0.838669918160622,-0.0019227846951155));
#5526=DIRECTION('',(-0.838669918160622,0.544639035015027,-0.00104398771825062));
#5527=DIRECTION('center_axis',(0.510996590037851,0.787525504694207,0.344508438831074));
#5528=DIRECTION('ref_axis',(0.188454910634199,0.288395390036032,-0.938782640265477));
#5529=DIRECTION('',(-0.188454910634199,-0.288395390036032,0.938782640265477));
#5530=DIRECTION('',(0.188454910634199,0.288395390036032,-0.938782640265477));
#5531=DIRECTION('center_axis',(-0.838669918160622,0.544639035015027,-0.00104398771825062));
#5532=DIRECTION('ref_axis',(-0.544636641506492,-0.838669918160622,-0.0019227846951155));
#5533=DIRECTION('center_axis',(-0.838669918160622,0.544639035015027,-0.00104398771825062));
#5534=DIRECTION('ref_axis',(-0.544636641506492,-0.838669918160622,-0.0019227846951155));
#5535=DIRECTION('center_axis',(-0.838669918160622,0.544639035015027,-0.00104398771825055));
#5536=DIRECTION('ref_axis',(-0.544636641506493,-0.838669918160622,-0.00192278469511559));
#5537=DIRECTION('center_axis',(-0.838669918160622,0.544639035015027,-0.00104398771825055));
#5538=DIRECTION('ref_axis',(-0.544636641506493,-0.838669918160622,-0.00192278469511559));
#5539=DIRECTION('',(-0.838669918160622,0.544639035015027,-0.00104398771825055));
#5540=DIRECTION('center_axis',(-0.838669918160622,0.544639035015027,-0.00104398771825055));
#5541=DIRECTION('ref_axis',(-0.544636641506493,-0.838669918160622,-0.00192278469511559));
#5542=DIRECTION('',(-0.838669918160622,0.544639035015027,-0.00104398771825055));
#5543=DIRECTION('center_axis',(0.492817111001778,0.759684486946396,0.424276767448859));
#5544=DIRECTION('ref_axis',(0.231870790476759,0.355313666822558,-0.90553196227013));
#5545=DIRECTION('',(-0.231870790476759,-0.355313666822558,0.90553196227013));
#5546=DIRECTION('',(0.231870790476759,0.355313666822558,-0.90553196227013));
#5547=DIRECTION('',(-0.838669918160622,0.544639035015027,-0.00104398771825055));
#5548=DIRECTION('center_axis',(-0.188763085504644,-0.288870335984814,0.93857467818964));
#5549=DIRECTION('ref_axis',(0.51088282993581,0.787351414887864,0.345074605775124));
#5550=DIRECTION('',(-0.51088282993581,-0.787351414887864,-0.345074605775124));
#5551=DIRECTION('',(0.51088282993581,0.787351414887864,0.345074605775124));
#5552=DIRECTION('',(-0.838669918160622,0.544639035015027,-0.00104398771825055));
#5553=DIRECTION('center_axis',(-0.525662023125113,-0.80994652779958,-0.260127006574513));
#5554=DIRECTION('ref_axis',(-0.142520896069553,-0.217611910619121,0.965573845203063));
#5555=DIRECTION('',(-0.142520896069553,-0.217611910619121,0.965573845203063));
#5556=DIRECTION('',(-0.142520896069553,-0.217611910619121,0.965573845203063));
#5557=DIRECTION('',(-0.838669918160622,0.544639035015027,-0.00104398771825055));
#5558=DIRECTION('center_axis',(-0.838669918160622,0.544639035015027,-0.00104398771825055));
#5559=DIRECTION('ref_axis',(-0.544636641506493,-0.838669918160622,-0.00192278469511559));
#5560=DIRECTION('center_axis',(-0.838669918160622,0.544639035015027,-0.00104398771825055));
#5561=DIRECTION('ref_axis',(-0.544636641506493,-0.838669918160622,-0.00192278469511559));
#5562=DIRECTION('center_axis',(-0.838669918160622,0.544639035015027,-0.00104398771825055));
#5563=DIRECTION('ref_axis',(-0.544636641506493,-0.838669918160622,-0.00192278469511559));
#5564=DIRECTION('',(-0.838669918160622,0.544639035015027,-0.00104398771825055));
#5565=DIRECTION('center_axis',(0.383792121613503,0.592345475256835,0.708399919064197));
#5566=DIRECTION('ref_axis',(0.386440649724976,0.593713027885235,-0.705810502018413));
#5567=DIRECTION('',(-0.386440649724976,-0.593713027885235,0.705810502018413));
#5568=DIRECTION('',(0.386440649724976,0.593713027885235,-0.705810502018413));
#5569=DIRECTION('',(-0.838669918160622,0.544639035015027,-0.00104398771825055));
#5570=DIRECTION('center_axis',(-0.352111497242764,-0.540739366856492,0.763949233026056));
#5571=DIRECTION('ref_axis',(0.415512047818008,0.641068840819408,0.645275506623756));
#5572=DIRECTION('',(-0.415512047818008,-0.641068840819408,-0.645275506623756));
#5573=DIRECTION('',(0.415512047818008,0.641068840819408,0.645275506623756));
#5574=DIRECTION('',(-0.838669918160622,0.544639035015027,-0.00104398771825055));
#5575=DIRECTION('center_axis',(-0.44521570685745,-0.68667311854511,-0.574685133473065));
#5576=DIRECTION('ref_axis',(-0.313712834834466,-0.48150633412805,0.818373941089701));
#5577=DIRECTION('',(-0.313712834834466,-0.48150633412805,0.818373941089701));
#5578=DIRECTION('',(-0.313712834834466,-0.48150633412805,0.818373941089701));
#5579=DIRECTION('',(-0.838669918160622,0.544639035015027,-0.00104398771825055));
#5580=DIRECTION('center_axis',(-0.838669918160622,0.544639035015027,-0.00104398771825055));
#5581=DIRECTION('ref_axis',(-0.544636641506493,-0.838669918160622,-0.00192278469511559));
#5582=DIRECTION('center_axis',(-0.838669918160622,0.544639035015027,-0.00104398771825055));
#5583=DIRECTION('ref_axis',(-0.544636641506493,-0.838669918160622,-0.00192278469511559));
#5584=DIRECTION('center_axis',(-0.838669918160622,0.544639035015027,-0.00104398771825055));
#5585=DIRECTION('ref_axis',(-0.544636641506493,-0.838669918160622,-0.00192278469511559));
#5586=DIRECTION('',(-0.838669918160622,0.544639035015027,-0.00104398771825055));
#5587=DIRECTION('center_axis',(0.228476138190177,0.353560857163148,0.907079585571059));
#5588=DIRECTION('ref_axis',(0.494400063359784,0.760501835513867,-0.420957878569674));
#5589=DIRECTION('',(-0.494400063359784,-0.760501835513867,0.420957878569674));
#5590=DIRECTION('',(0.494400063359784,0.760501835513867,-0.420957878569674));
#5591=DIRECTION('',(-0.838669918160622,0.544639035015027,-0.00104398771825055));
#5592=DIRECTION('center_axis',(-0.472990065801158,-0.727387249622161,0.497180235669646));
#5593=DIRECTION('ref_axis',(0.270024380428642,0.417463903379692,0.867646658121334));
#5594=DIRECTION('',(-0.270024380428642,-0.417463903379692,-0.867646658121334));
#5595=DIRECTION('',(0.270024380428642,0.417463903379692,0.867646658121334));
#5596=DIRECTION('',(-0.838669918160622,0.544639035015027,-0.00104398771825055));
#5597=DIRECTION('center_axis',(-0.311069805658742,-0.480576796978194,-0.819927751825496));
#5598=DIRECTION('ref_axis',(-0.44706637581,-0.687323987464485,0.572466061767885));
#5599=DIRECTION('',(-0.44706637581,-0.687323987464485,0.572466061767885));
#5600=DIRECTION('',(-0.44706637581,-0.687323987464485,0.572466061767885));
#5601=DIRECTION('',(-0.838669918160622,0.544639035015027,-0.00104398771825055));
#5602=DIRECTION('center_axis',(-0.838669918160622,0.544639035015027,-0.00104398771825055));
#5603=DIRECTION('ref_axis',(-0.544636641506493,-0.838669918160622,-0.00192278469511559));
#5604=DIRECTION('center_axis',(-0.838669918160622,0.544639035015027,-0.00104398771825055));
#5605=DIRECTION('ref_axis',(-0.544636641506493,-0.838669918160622,-0.00192278469511559));
#5606=DIRECTION('center_axis',(-0.838669918160622,0.544639035015027,-0.00104398771825055));
#5607=DIRECTION('ref_axis',(-0.544636641506493,-0.838669918160622,-0.00192278469511559));
#5608=DIRECTION('',(-0.838669918160622,0.544639035015027,-0.00104398771825055));
#5609=DIRECTION('center_axis',(0.0456025605524378,0.0721315816930641,0.996352066989133));
#5610=DIRECTION('ref_axis',(0.542727532785574,0.835562897967805,-0.0853315222888123));
#5611=DIRECTION('',(-0.542727532785574,-0.835562897967805,0.0853315222888123));
#5612=DIRECTION('',(0.542727532785574,0.835562897967805,-0.0853315222888123));
#5613=DIRECTION('',(-0.838669918160622,0.544639035015027,-0.00104398771825055));
#5614=DIRECTION('center_axis',(-0.536819051834018,-0.826301494990917,0.170443964292675));
#5615=DIRECTION('ref_axis',(0.0919677876241554,0.143506658081347,0.985366817548593));
#5616=DIRECTION('',(-0.0919677876241554,-0.143506658081347,-0.985366817548593));
#5617=DIRECTION('',(0.0919677876241554,0.143506658081347,0.985366817548593));
#5618=DIRECTION('',(-0.838669918160622,0.544639035015027,-0.00104398771825055));
#5619=DIRECTION('center_axis',(-0.139404294996204,-0.216515821137566,-0.966274982462931));
#5620=DIRECTION('ref_axis',(-0.526497113865847,-0.810240224090995,0.257510326697605));
#5621=DIRECTION('',(-0.526497113865847,-0.810240224090995,0.257510326697605));
#5622=DIRECTION('',(-0.526497113865847,-0.810240224090995,0.257510326697605));
#5623=DIRECTION('',(-0.838669918160622,0.544639035015027,-0.00104398771825055));
#5624=DIRECTION('center_axis',(-0.838669918160622,0.544639035015027,-0.00104398771825055));
#5625=DIRECTION('ref_axis',(-0.544636641506493,-0.838669918160622,-0.00192278469511559));
#5626=DIRECTION('center_axis',(-0.838669918160622,0.544639035015027,-0.00104398771825055));
#5627=DIRECTION('ref_axis',(-0.544636641506493,-0.838669918160622,-0.00192278469511559));
#5628=DIRECTION('center_axis',(-0.838669918160622,0.544639035015027,-0.00104398771825055));
#5629=DIRECTION('ref_axis',(-0.544636641506493,-0.838669918160622,-0.00192278469511559));
#5630=DIRECTION('',(-0.838669918160622,0.544639035015027,-0.00104398771825055));
#5631=DIRECTION('center_axis',(-0.142771358910039,-0.21799782707797,0.965449784537893));
#5632=DIRECTION('ref_axis',(0.525594051952109,0.809842743331805,0.260587074939222));
#5633=DIRECTION('',(-0.525594051952109,-0.809842743331805,-0.260587074939222));
#5634=DIRECTION('',(0.525594051952109,0.809842743331805,0.260587074939222));
#5635=DIRECTION('',(-0.838669918160622,0.544639035015027,-0.00104398771825055));
#5636=DIRECTION('center_axis',(-0.535899737610272,-0.825551585152498,-0.176850364663008));
#5637=DIRECTION('ref_axis',(-0.0971814776677979,-0.147759608114322,0.984237196314082));
#5638=DIRECTION('',(0.0971814776677979,0.147759608114322,-0.984237196314082));
#5639=DIRECTION('',(-0.0971814776677979,-0.147759608114322,0.984237196314082));
#5640=DIRECTION('',(-0.838669918160622,0.544639035015027,-0.00104398771825055));
#5641=DIRECTION('center_axis',(0.0490754310311537,0.0736601581654534,-0.996075189515404));
#5642=DIRECTION('ref_axis',(-0.54242452971963,-0.835429531819974,-0.0885049542200734));
#5643=DIRECTION('',(-0.54242452971963,-0.835429531819974,-0.0885049542200734));
#5644=DIRECTION('',(-0.54242452971963,-0.835429531819974,-0.0885049542200734));
#5645=DIRECTION('',(-0.838669918160622,0.544639035015027,-0.00104398771825055));
#5646=DIRECTION('center_axis',(-0.838669918160622,0.544639035015027,-0.00104398771825055));
#5647=DIRECTION('ref_axis',(-0.544636641506493,-0.838669918160622,-0.00192278469511559));
#5648=DIRECTION('center_axis',(-0.838669918160622,0.544639035015027,-0.00104398771825055));
#5649=DIRECTION('ref_axis',(-0.544636641506493,-0.838669918160622,-0.00192278469511559));
#5650=DIRECTION('center_axis',(-0.838669918160622,0.544639035015027,-0.00104398771825055));
#5651=DIRECTION('ref_axis',(-0.544636641506493,-0.838669918160622,-0.00192278469511559));
#5652=DIRECTION('',(-0.838669918160622,0.544639035015027,-0.00104398771825055));
#5653=DIRECTION('center_axis',(-0.313924945407121,-0.481833480598129,0.818100009550072));
#5654=DIRECTION('ref_axis',(0.445066171511149,0.686443601844021,0.57507502507396));
#5655=DIRECTION('',(-0.445066171511149,-0.686443601844021,-0.57507502507396));
#5656=DIRECTION('',(0.445066171511149,0.686443601844021,0.57507502507396));
#5657=DIRECTION('',(-0.838669918160622,0.544639035015027,-0.00104398771825055));
#5658=DIRECTION('center_axis',(-0.470343005992937,-0.725227970300906,-0.502813929606924));
#5659=DIRECTION('ref_axis',(-0.274609222507155,-0.421203884871838,0.864394043410115));
#5660=DIRECTION('',(0.274609222507155,0.421203884871838,-0.864394043410115));
#5661=DIRECTION('',(-0.274609222507155,-0.421203884871838,0.864394043410115));
#5662=DIRECTION('',(-0.838669918160622,0.544639035015027,-0.00104398771825055));
#5663=DIRECTION('center_axis',(0.23163593579993,0.354951635285564,-0.905734028208168));
#5664=DIRECTION('ref_axis',(-0.492927541955759,-0.759853708384716,-0.423845231464799));
#5665=DIRECTION('',(-0.492927541955759,-0.759853708384716,-0.423845231464799));
#5666=DIRECTION('',(-0.492927541955759,-0.759853708384716,-0.423845231464799));
#5667=DIRECTION('',(-0.838669918160622,0.544639035015027,-0.00104398771825055));
#5668=DIRECTION('center_axis',(-0.838669918160622,0.544639035015027,-0.00104398771825055));
#5669=DIRECTION('ref_axis',(-0.544636641506493,-0.838669918160622,-0.00192278469511559));
#5670=DIRECTION('center_axis',(-0.838669918160622,0.544639035015027,-0.00104398771825055));
#5671=DIRECTION('ref_axis',(-0.544636641506493,-0.838669918160622,-0.00192278469511559));
#5672=DIRECTION('center_axis',(-0.838669918160622,0.544639035015027,-0.00104398771825055));
#5673=DIRECTION('ref_axis',(-0.544636641506493,-0.838669918160622,-0.00192278469511559));
#5674=DIRECTION('',(-0.838669918160622,0.544639035015027,-0.00104398771825055));
#5675=DIRECTION('center_axis',(-0.44721455044934,-0.687552905253332,0.572075299540276));
#5676=DIRECTION('ref_axis',(0.310856742308817,0.480249231145249,0.820200439981318));
#5677=DIRECTION('',(-0.310856742308817,-0.480249231145249,-0.820200439981318));
#5678=DIRECTION('',(0.310856742308817,0.480249231145249,0.820200439981318));
#5679=DIRECTION('',(-0.838669918160622,0.544639035015027,-0.00104398771825055));
#5680=DIRECTION('center_axis',(-0.348055966329369,-0.537431159006096,-0.768130713896986));
#5681=DIRECTION('ref_axis',(-0.418915042311665,-0.643844756806533,0.640292211773462));
#5682=DIRECTION('',(0.418915042311665,0.643844756806533,-0.640292211773462));
#5683=DIRECTION('',(-0.418915042311665,-0.643844756806533,0.640292211773462));
#5684=DIRECTION('',(-0.838669918160622,0.544639035015027,-0.00104398771825055));
#5685=DIRECTION('center_axis',(0.386257728128909,0.593430706662015,-0.706147975888422));
#5686=DIRECTION('ref_axis',(-0.383976217796297,-0.592628313471878,-0.708063518505458));
#5687=DIRECTION('',(-0.383976217796297,-0.592628313471878,-0.708063518505458));
#5688=DIRECTION('',(-0.383976217796297,-0.592628313471878,-0.708063518505458));
#5689=DIRECTION('',(-0.838669918160622,0.544639035015027,-0.00104398771825055));
#5690=DIRECTION('center_axis',(-0.838669918160622,0.544639035015027,-0.00104398771825055));
#5691=DIRECTION('ref_axis',(-0.544636641506493,-0.838669918160622,-0.00192278469511559));
#5692=DIRECTION('center_axis',(-0.838669918160622,0.544639035015027,-0.00104398771825055));
#5693=DIRECTION('ref_axis',(-0.544636641506493,-0.838669918160622,-0.00192278469511559));
#5694=DIRECTION('center_axis',(-0.838669918160622,0.544639035015027,-0.00104398771825055));
#5695=DIRECTION('ref_axis',(-0.544636641506493,-0.838669918160622,-0.00192278469511559));
#5696=DIRECTION('',(-0.838669918160622,0.544639035015027,-0.00104398771825055));
#5697=DIRECTION('center_axis',(-0.526563480523545,-0.81034330233481,0.257049865473696));
#5698=DIRECTION('ref_axis',(0.139153402227132,0.21612971544657,0.966397576957641));
#5699=DIRECTION('',(-0.139153402227132,-0.21612971544657,-0.966397576957641));
#5700=DIRECTION('',(0.139153402227132,0.21612971544657,0.966397576957641));
#5701=DIRECTION('',(-0.838669918160622,0.544639035015027,-0.00104398771825055));
#5702=DIRECTION('center_axis',(-0.183788240367509,-0.284812218296006,-0.940799597689074));
#5703=DIRECTION('ref_axis',(-0.512693525485811,-0.788828448933739,0.338961689690326));
#5704=DIRECTION('',(0.512693525485811,0.788828448933739,-0.338961689690326));
#5705=DIRECTION('',(-0.512693525485811,-0.788828448933739,0.338961689690326));
#5706=DIRECTION('',(-0.838669918160622,0.544639035015027,-0.00104398771825055));
#5707=DIRECTION('center_axis',(0.494291137888604,0.760333276710565,-0.421390056042338));
#5708=DIRECTION('ref_axis',(-0.228711694885164,-0.353923197691923,-0.906878895309776));
#5709=DIRECTION('',(-0.228711694885164,-0.353923197691923,-0.906878895309776));
#5710=DIRECTION('',(-0.228711694885164,-0.353923197691923,-0.906878895309776));
#5711=DIRECTION('',(-0.838669918160622,0.544639035015027,-0.00104398771825055));
#5712=DIRECTION('center_axis',(-0.838669918160622,0.544639035015027,-0.00104398771825055));
#5713=DIRECTION('ref_axis',(-0.544636641506493,-0.838669918160622,-0.00192278469511559));
#5714=DIRECTION('center_axis',(-0.838669918160622,0.544639035015027,-0.00104398771825055));
#5715=DIRECTION('ref_axis',(-0.544636641506493,-0.838669918160622,-0.00192278469511559));
#5716=DIRECTION('center_axis',(-0.838669918160622,0.544639035015027,-0.00104398771825055));
#5717=DIRECTION('ref_axis',(-0.544636641506493,-0.838669918160622,-0.00192278469511559));
#5718=DIRECTION('',(-0.838669918160622,0.544639035015027,-0.00104398771825055));
#5719=DIRECTION('center_axis',(-0.542401083597298,-0.835394337761277,-0.0889795760209867));
#5720=DIRECTION('ref_axis',(-0.0493338918486353,-0.0740582336698464,0.996032903643635));
#5721=DIRECTION('',(0.0493338918486353,0.0740582336698464,-0.996032903643635));
#5722=DIRECTION('',(-0.0493338918486353,-0.0740582336698464,0.996032903643635));
#5723=DIRECTION('',(-0.838669918160622,0.544639035015027,-0.00104398771825055));
#5724=DIRECTION('center_axis',(0.00264705980822327,0.00215927932125814,
-0.99999416527657));
#5725=DIRECTION('ref_axis',(-0.544633602935797,-0.83866778825153,-0.00325261471122327));
#5726=DIRECTION('',(0.544633602935797,0.83866778825153,0.00325261471122327));
#5727=DIRECTION('',(-0.544633602935797,-0.83866778825153,-0.00325261471122327));
#5728=DIRECTION('',(-0.838669918160622,0.544639035015027,-0.00104398771825055));
#5729=DIRECTION('center_axis',(0.542705741458672,0.835528432263758,-0.0858062763826733));
#5730=DIRECTION('ref_axis',(-0.0458611661457593,-0.0725297209202312,-0.996311293232685));
#5731=DIRECTION('',(-0.0458611661457593,-0.0725297209202312,-0.996311293232685));
#5732=DIRECTION('',(-0.0458611661457593,-0.0725297209202312,-0.996311293232685));
#5733=DIRECTION('',(-0.838669918160622,0.544639035015027,-0.00104398771825055));
#5734=DIRECTION('center_axis',(-0.838669918160622,0.544639035015027,-0.00104398771825055));
#5735=DIRECTION('ref_axis',(-0.544636641506493,-0.838669918160622,-0.00192278469511559));
#5736=DIRECTION('center_axis',(-0.838669918160622,0.544639035015027,-0.00104398771825055));
#5737=DIRECTION('ref_axis',(-0.544636641506493,-0.838669918160622,-0.00192278469511559));
#5738=DIRECTION('center_axis',(-0.838669918160622,0.544639035015027,-0.00104398771825055));
#5739=DIRECTION('ref_axis',(-0.544636641506493,-0.838669918160622,-0.00192278469511559));
#5740=DIRECTION('',(-0.838669918160622,0.544639035015027,-0.00104398771825055));
#5741=DIRECTION('center_axis',(-0.492817111001778,-0.759684486946396,-0.424276767448858));
#5742=DIRECTION('ref_axis',(-0.231870790476758,-0.355313666822557,0.90553196227013));
#5743=DIRECTION('',(0.231870790476758,0.355313666822557,-0.90553196227013));
#5744=DIRECTION('',(-0.231870790476758,-0.355313666822557,0.90553196227013));
#5745=DIRECTION('',(-0.838669918160622,0.544639035015027,-0.00104398771825055));
#5746=DIRECTION('center_axis',(0.188763085504644,0.288870335984814,-0.93857467818964));
#5747=DIRECTION('ref_axis',(-0.51088282993581,-0.787351414887864,-0.345074605775124));
#5748=DIRECTION('',(0.51088282993581,0.787351414887864,0.345074605775124));
#5749=DIRECTION('',(-0.51088282993581,-0.787351414887864,-0.345074605775124));
#5750=DIRECTION('',(-0.838669918160622,0.544639035015027,-0.00104398771825055));
#5751=DIRECTION('center_axis',(0.525662023125113,0.80994652779958,0.260127006574515));
#5752=DIRECTION('ref_axis',(0.142520896069554,0.217611910619122,-0.965573845203062));
#5753=DIRECTION('',(0.142520896069554,0.217611910619122,-0.965573845203062));
#5754=DIRECTION('',(0.142520896069554,0.217611910619122,-0.965573845203062));
#5755=DIRECTION('',(-0.838669918160622,0.544639035015027,-0.00104398771825055));
#5756=DIRECTION('center_axis',(-0.838669918160622,0.544639035015027,-0.00104398771825055));
#5757=DIRECTION('ref_axis',(-0.544636641506493,-0.838669918160622,-0.00192278469511559));
#5758=DIRECTION('center_axis',(-0.838669918160622,0.544639035015027,-0.00104398771825055));
#5759=DIRECTION('ref_axis',(-0.544636641506493,-0.838669918160622,-0.00192278469511559));
#5760=DIRECTION('center_axis',(-0.838669918160622,0.544639035015027,-0.00104398771825055));
#5761=DIRECTION('ref_axis',(-0.544636641506493,-0.838669918160622,-0.00192278469511559));
#5762=DIRECTION('',(-0.838669918160622,0.544639035015027,-0.00104398771825055));
#5763=DIRECTION('center_axis',(-0.383792121613504,-0.592345475256838,-0.708399919064194));
#5764=DIRECTION('ref_axis',(-0.386440649724975,-0.593713027885233,0.705810502018416));
#5765=DIRECTION('',(0.386440649724975,0.593713027885233,-0.705810502018416));
#5766=DIRECTION('',(-0.386440649724975,-0.593713027885233,0.705810502018416));
#5767=DIRECTION('',(-0.838669918160622,0.544639035015027,-0.00104398771825055));
#5768=DIRECTION('center_axis',(0.352111497242761,0.540739366856488,-0.76394923302606));
#5769=DIRECTION('ref_axis',(-0.415512047818011,-0.641068840819412,-0.645275506623751));
#5770=DIRECTION('',(0.415512047818011,0.641068840819412,0.645275506623751));
#5771=DIRECTION('',(-0.415512047818011,-0.641068840819412,-0.645275506623751));
#5772=DIRECTION('',(-0.838669918160622,0.544639035015027,-0.00104398771825055));
#5773=DIRECTION('center_axis',(0.44521570685745,0.68667311854511,0.574685133473065));
#5774=DIRECTION('ref_axis',(0.313712834834466,0.48150633412805,-0.818373941089701));
#5775=DIRECTION('',(0.313712834834466,0.48150633412805,-0.818373941089701));
#5776=DIRECTION('',(0.313712834834466,0.48150633412805,-0.818373941089701));
#5777=DIRECTION('',(-0.838669918160622,0.544639035015027,-0.00104398771825055));
#5778=DIRECTION('center_axis',(-0.838669918160622,0.544639035015027,-0.00104398771825055));
#5779=DIRECTION('ref_axis',(-0.544636641506493,-0.838669918160622,-0.00192278469511559));
#5780=DIRECTION('center_axis',(-0.838669918160622,0.544639035015027,-0.00104398771825055));
#5781=DIRECTION('ref_axis',(-0.544636641506493,-0.838669918160622,-0.00192278469511559));
#5782=DIRECTION('center_axis',(-0.838669918160622,0.544639035015027,-0.00104398771825055));
#5783=DIRECTION('ref_axis',(-0.544636641506493,-0.838669918160622,-0.00192278469511559));
#5784=DIRECTION('',(-0.838669918160622,0.544639035015027,-0.00104398771825055));
#5785=DIRECTION('center_axis',(-0.228476138190175,-0.353560857163145,-0.90707958557106));
#5786=DIRECTION('ref_axis',(-0.494400063359785,-0.760501835513868,0.420957878569671));
#5787=DIRECTION('',(0.494400063359785,0.760501835513868,-0.420957878569671));
#5788=DIRECTION('',(-0.494400063359785,-0.760501835513868,0.420957878569671));
#5789=DIRECTION('',(-0.838669918160622,0.544639035015027,-0.00104398771825055));
#5790=DIRECTION('center_axis',(0.472990065801164,0.72738724962217,-0.497180235669627));
#5791=DIRECTION('ref_axis',(-0.270024380428632,-0.417463903379676,-0.867646658121345));
#5792=DIRECTION('',(0.270024380428632,0.417463903379676,0.867646658121345));
#5793=DIRECTION('',(-0.270024380428632,-0.417463903379676,-0.867646658121345));
#5794=DIRECTION('',(-0.838669918160622,0.544639035015027,-0.00104398771825055));
#5795=DIRECTION('center_axis',(0.311069805658742,0.480576796978195,0.819927751825495));
#5796=DIRECTION('ref_axis',(0.44706637581,0.687323987464485,-0.572466061767886));
#5797=DIRECTION('',(0.44706637581,0.687323987464485,-0.572466061767886));
#5798=DIRECTION('',(0.44706637581,0.687323987464485,-0.572466061767886));
#5799=DIRECTION('',(-0.838669918160622,0.544639035015027,-0.00104398771825055));
#5800=DIRECTION('center_axis',(-0.838669918160622,0.544639035015027,-0.00104398771825055));
#5801=DIRECTION('ref_axis',(-0.544636641506493,-0.838669918160622,-0.00192278469511559));
#5802=DIRECTION('center_axis',(-0.838669918160622,0.544639035015027,-0.00104398771825055));
#5803=DIRECTION('ref_axis',(-0.544636641506493,-0.838669918160622,-0.00192278469511559));
#5804=DIRECTION('center_axis',(-0.838669918160622,0.544639035015027,-0.00104398771825055));
#5805=DIRECTION('ref_axis',(-0.544636641506493,-0.838669918160622,-0.00192278469511559));
#5806=DIRECTION('',(-0.838669918160622,0.544639035015027,-0.00104398771825055));
#5807=DIRECTION('center_axis',(-0.0456025605524378,-0.0721315816930641,
-0.996352066989133));
#5808=DIRECTION('ref_axis',(-0.542727532785574,-0.835562897967805,0.0853315222888123));
#5809=DIRECTION('',(0.542727532785574,0.835562897967805,-0.0853315222888123));
#5810=DIRECTION('',(-0.542727532785574,-0.835562897967805,0.0853315222888123));
#5811=DIRECTION('',(-0.838669918160622,0.544639035015027,-0.00104398771825055));
#5812=DIRECTION('center_axis',(0.536819051834019,0.826301494990918,-0.170443964292663));
#5813=DIRECTION('ref_axis',(-0.0919677876241488,-0.143506658081337,-0.985366817548595));
#5814=DIRECTION('',(0.0919677876241488,0.143506658081337,0.985366817548595));
#5815=DIRECTION('',(-0.0919677876241488,-0.143506658081337,-0.985366817548595));
#5816=DIRECTION('',(-0.838669918160622,0.544639035015027,-0.00104398771825055));
#5817=DIRECTION('center_axis',(0.139404294996204,0.216515821137566,0.966274982462931));
#5818=DIRECTION('ref_axis',(0.526497113865847,0.810240224090995,-0.257510326697605));
#5819=DIRECTION('',(0.526497113865847,0.810240224090995,-0.257510326697605));
#5820=DIRECTION('',(0.526497113865847,0.810240224090995,-0.257510326697605));
#5821=DIRECTION('',(-0.838669918160622,0.544639035015027,-0.00104398771825055));
#5822=DIRECTION('center_axis',(-0.838669918160622,0.544639035015027,-0.00104398771825055));
#5823=DIRECTION('ref_axis',(0.5446353850839,0.838669137562033,0.00252487929751248));
#5824=DIRECTION('center_axis',(-0.838669918160622,0.544639035015027,-0.00104398771825055));
#5825=DIRECTION('ref_axis',(-0.544636641506493,-0.838669918160622,-0.00192278469511559));
#5826=DIRECTION('center_axis',(-0.838669918160622,0.544639035015027,-0.00104398771825055));
#5827=DIRECTION('ref_axis',(-0.544636641506493,-0.838669918160622,-0.00192278469511559));
#5828=DIRECTION('',(-0.838669918160622,0.544639035015027,-0.00104398771825055));
#5829=DIRECTION('center_axis',(0.142771358910042,0.217997827077975,-0.965449784537892));
#5830=DIRECTION('ref_axis',(-0.525594051952108,-0.809842743331804,-0.260587074939228));
#5831=DIRECTION('',(0.525594051952108,0.809842743331804,0.260587074939228));
#5832=DIRECTION('',(-0.525594051952108,-0.809842743331804,-0.260587074939228));
#5833=DIRECTION('',(-0.838669918160622,0.544639035015027,-0.00104398771825055));
#5834=DIRECTION('center_axis',(0.535899737610272,0.825551585152498,0.176850364663011));
#5835=DIRECTION('ref_axis',(0.0971814776677991,0.147759608114324,-0.984237196314082));
#5836=DIRECTION('',(-0.0971814776677991,-0.147759608114324,0.984237196314082));
#5837=DIRECTION('',(0.0971814776677991,0.147759608114324,-0.984237196314082));
#5838=DIRECTION('',(-0.838669918160622,0.544639035015027,-0.00104398771825055));
#5839=DIRECTION('center_axis',(-0.0490754310311539,-0.0736601581654536,
0.996075189515404));
#5840=DIRECTION('ref_axis',(0.54242452971963,0.835429531819974,0.0885049542200737));
#5841=DIRECTION('',(0.54242452971963,0.835429531819974,0.0885049542200737));
#5842=DIRECTION('',(0.54242452971963,0.835429531819974,0.0885049542200737));
#5843=DIRECTION('',(-0.838669918160622,0.544639035015027,-0.00104398771825055));
#5844=DIRECTION('center_axis',(-0.838669918160622,0.544639035015027,-0.00104398771825055));
#5845=DIRECTION('ref_axis',(-0.544636641506493,-0.838669918160622,-0.00192278469511559));
#5846=DIRECTION('center_axis',(-0.838669918160622,0.544639035015027,-0.00104398771825055));
#5847=DIRECTION('ref_axis',(-0.544636641506493,-0.838669918160622,-0.00192278469511559));
#5848=DIRECTION('center_axis',(-0.838669918160622,0.544639035015027,-0.00104398771825055));
#5849=DIRECTION('ref_axis',(-0.544636641506493,-0.838669918160622,-0.00192278469511559));
#5850=DIRECTION('',(-0.838669918160622,0.544639035015027,-0.00104398771825055));
#5851=DIRECTION('center_axis',(0.313924945407121,0.481833480598129,-0.818100009550072));
#5852=DIRECTION('ref_axis',(-0.445066171511149,-0.686443601844021,-0.57507502507396));
#5853=DIRECTION('',(0.445066171511149,0.686443601844021,0.57507502507396));
#5854=DIRECTION('',(-0.445066171511149,-0.686443601844021,-0.57507502507396));
#5855=DIRECTION('',(-0.838669918160622,0.544639035015027,-0.00104398771825055));
#5856=DIRECTION('center_axis',(0.470343005992938,0.725227970300909,0.502813929606919));
#5857=DIRECTION('ref_axis',(0.274609222507152,0.421203884871834,-0.864394043410118));
#5858=DIRECTION('',(-0.274609222507152,-0.421203884871834,0.864394043410118));
#5859=DIRECTION('',(0.274609222507152,0.421203884871834,-0.864394043410118));
#5860=DIRECTION('',(-0.838669918160622,0.544639035015027,-0.00104398771825055));
#5861=DIRECTION('center_axis',(-0.23163593579993,-0.354951635285565,0.905734028208168));
#5862=DIRECTION('ref_axis',(0.492927541955758,0.759853708384715,0.4238452314648));
#5863=DIRECTION('',(0.492927541955758,0.759853708384715,0.4238452314648));
#5864=DIRECTION('',(0.492927541955758,0.759853708384715,0.4238452314648));
#5865=DIRECTION('',(-0.838669918160622,0.544639035015027,-0.00104398771825055));
#5866=DIRECTION('center_axis',(-0.838669918160622,0.544639035015027,-0.00104398771825055));
#5867=DIRECTION('ref_axis',(-0.544636641506493,-0.838669918160622,-0.00192278469511559));
#5868=DIRECTION('center_axis',(-0.838669918160622,0.544639035015027,-0.00104398771825055));
#5869=DIRECTION('ref_axis',(-0.544636641506493,-0.838669918160622,-0.00192278469511559));
#5870=DIRECTION('center_axis',(-0.838669918160622,0.544639035015027,-0.00104398771825055));
#5871=DIRECTION('ref_axis',(-0.544636641506493,-0.838669918160622,-0.00192278469511559));
#5872=DIRECTION('',(-0.838669918160622,0.544639035015027,-0.00104398771825055));
#5873=DIRECTION('center_axis',(0.44721455044934,0.687552905253332,-0.572075299540276));
#5874=DIRECTION('ref_axis',(-0.310856742308817,-0.480249231145249,-0.820200439981318));
#5875=DIRECTION('',(0.310856742308817,0.480249231145249,0.820200439981318));
#5876=DIRECTION('',(-0.310856742308817,-0.480249231145249,-0.820200439981318));
#5877=DIRECTION('',(-0.838669918160622,0.544639035015027,-0.00104398771825055));
#5878=DIRECTION('center_axis',(0.348055966329369,0.537431159006096,0.768130713896986));
#5879=DIRECTION('ref_axis',(0.418915042311665,0.643844756806533,-0.640292211773462));
#5880=DIRECTION('',(-0.418915042311665,-0.643844756806533,0.640292211773462));
#5881=DIRECTION('',(0.418915042311665,0.643844756806533,-0.640292211773462));
#5882=DIRECTION('',(-0.838669918160622,0.544639035015027,-0.00104398771825055));
#5883=DIRECTION('center_axis',(-0.386257728128909,-0.593430706662015,0.706147975888422));
#5884=DIRECTION('ref_axis',(0.383976217796297,0.592628313471878,0.708063518505458));
#5885=DIRECTION('',(0.383976217796297,0.592628313471878,0.708063518505458));
#5886=DIRECTION('',(0.383976217796297,0.592628313471878,0.708063518505458));
#5887=DIRECTION('',(-0.838669918160622,0.544639035015027,-0.00104398771825055));
#5888=DIRECTION('center_axis',(-0.838669918160622,0.544639035015027,-0.00104398771825055));
#5889=DIRECTION('ref_axis',(-0.544636641506493,-0.838669918160622,-0.00192278469511559));
#5890=DIRECTION('center_axis',(-0.838669918160622,0.544639035015027,-0.00104398771825055));
#5891=DIRECTION('ref_axis',(-0.544636641506493,-0.838669918160622,-0.00192278469511559));
#5892=DIRECTION('center_axis',(-0.838669918160622,0.544639035015027,-0.00104398771825055));
#5893=DIRECTION('ref_axis',(-0.544636641506493,-0.838669918160622,-0.00192278469511559));
#5894=DIRECTION('',(-0.838669918160622,0.544639035015027,-0.00104398771825055));
#5895=DIRECTION('center_axis',(0.526563480523545,0.81034330233481,-0.257049865473696));
#5896=DIRECTION('ref_axis',(-0.139153402227132,-0.21612971544657,-0.966397576957641));
#5897=DIRECTION('',(0.139153402227132,0.21612971544657,0.966397576957641));
#5898=DIRECTION('',(-0.139153402227132,-0.21612971544657,-0.966397576957641));
#5899=DIRECTION('',(-0.838669918160622,0.544639035015027,-0.00104398771825055));
#5900=DIRECTION('center_axis',(0.183788240367512,0.28481221829601,0.940799597689072));
#5901=DIRECTION('ref_axis',(0.51269352548581,0.788828448933737,-0.338961689690332));
#5902=DIRECTION('',(-0.51269352548581,-0.788828448933737,0.338961689690332));
#5903=DIRECTION('',(0.51269352548581,0.788828448933737,-0.338961689690332));
#5904=DIRECTION('',(-0.838669918160622,0.544639035015027,-0.00104398771825055));
#5905=DIRECTION('center_axis',(-0.494291137888604,-0.760333276710564,0.42139005604234));
#5906=DIRECTION('ref_axis',(0.228711694885165,0.353923197691925,0.906878895309775));
#5907=DIRECTION('',(0.228711694885165,0.353923197691925,0.906878895309775));
#5908=DIRECTION('',(0.228711694885165,0.353923197691925,0.906878895309775));
#5909=DIRECTION('',(-0.838669918160622,0.544639035015027,-0.00104398771825055));
#5910=DIRECTION('center_axis',(-0.838669918160622,0.544639035015027,-0.00104398771825055));
#5911=DIRECTION('ref_axis',(-0.544636641506493,-0.838669918160622,-0.00192278469511559));
#5912=DIRECTION('center_axis',(-0.838669918160622,0.544639035015027,-0.00104398771825055));
#5913=DIRECTION('ref_axis',(-0.544636641506493,-0.838669918160622,-0.00192278469511559));
#5914=DIRECTION('center_axis',(-0.838669918160622,0.544639035015027,-0.00104398771825055));
#5915=DIRECTION('ref_axis',(-0.544636641506493,-0.838669918160622,-0.00192278469511559));
#5916=DIRECTION('',(-0.838669918160622,0.544639035015027,-0.00104398771825055));
#5917=DIRECTION('center_axis',(0.542401083597298,0.835394337761277,0.0889795760209867));
#5918=DIRECTION('ref_axis',(0.0493338918486353,0.0740582336698464,-0.996032903643635));
#5919=DIRECTION('',(-0.0493338918486353,-0.0740582336698464,0.996032903643635));
#5920=DIRECTION('',(0.0493338918486353,0.0740582336698464,-0.996032903643635));
#5921=DIRECTION('',(-0.838669918160622,0.544639035015027,-0.00104398771825055));
#5922=DIRECTION('center_axis',(-0.00264705980822327,-0.00215927932125814,
0.99999416527657));
#5923=DIRECTION('ref_axis',(0.544633602935797,0.83866778825153,0.00325261471122327));
#5924=DIRECTION('',(-0.544633602935797,-0.83866778825153,-0.00325261471122327));
#5925=DIRECTION('',(0.544633602935797,0.83866778825153,0.00325261471122327));
#5926=DIRECTION('',(-0.838669918160622,0.544639035015027,-0.00104398771825055));
#5927=DIRECTION('center_axis',(-0.542705741458672,-0.835528432263758,0.0858062763826733));
#5928=DIRECTION('ref_axis',(0.0458611661457593,0.0725297209202312,0.996311293232685));
#5929=DIRECTION('',(0.0458611661457593,0.0725297209202312,0.996311293232685));
#5930=DIRECTION('',(0.0458611661457593,0.0725297209202312,0.996311293232685));
#5931=DIRECTION('center_axis',(-0.838669918160622,0.544639035015027,-0.00104398771825055));
#5932=DIRECTION('ref_axis',(-0.544636641506492,-0.838669918160622,-0.00192278469511559));
#5933=DIRECTION('center_axis',(-0.838669918160622,0.544639035015027,-0.00104398771825055));
#5934=DIRECTION('ref_axis',(-0.544636641506492,-0.838669918160622,-0.00192278469511559));
#5935=DIRECTION('center_axis',(-0.838669918160622,0.544639035015027,-0.00104398771825062));
#5936=DIRECTION('ref_axis',(0.544636641506492,0.838669918160622,0.0019227846951155));
#5937=DIRECTION('center_axis',(-0.838669918160622,0.544639035015027,-0.00104398771825062));
#5938=DIRECTION('ref_axis',(0.544636641506493,0.838669918160622,0.0019227846951155));
#5939=DIRECTION('center_axis',(-0.838669918160622,0.544639035015027,-0.00104398771825062));
#5940=DIRECTION('ref_axis',(0.544636641506492,0.838669918160622,0.0019227846951155));
#5941=DIRECTION('center_axis',(0.838669918160622,-0.544639035015027,0.00104398771825062));
#5942=DIRECTION('ref_axis',(0.544636641506493,0.838669918160622,0.0019227846951155));
#5943=DIRECTION('center_axis',(-0.838669918160622,0.544639035015027,-0.00104398771825062));
#5944=DIRECTION('ref_axis',(0.544636641506493,0.838669918160622,0.0019227846951155));
#5945=DIRECTION('',(0.838669918160622,-0.544639035015027,0.00104398771825062));
#5946=DIRECTION('center_axis',(0.927181521218127,0.374606061143365,0.0021738597687599));
#5947=DIRECTION('ref_axis',(0.37460743400346,-0.927183481865536,-0.00024767931967708));
#5948=DIRECTION('center_axis',(0.927181521218127,0.374606061143365,0.0021738597687599));
#5949=DIRECTION('ref_axis',(0.37460743400346,-0.927183481865536,-0.000247679319677081));
#5950=DIRECTION('center_axis',(0.927181521218127,0.374606061143365,0.0021738597687599));
#5951=DIRECTION('ref_axis',(0.37460743400346,-0.927183481865536,-0.000247679319677079));
#5952=DIRECTION('center_axis',(-0.927181521218127,-0.374606061143365,-0.0021738597687599));
#5953=DIRECTION('ref_axis',(0.37460743400346,-0.927183481865536,-0.00024767931967708));
#5954=DIRECTION('center_axis',(0.927181521218127,0.374606061143365,0.0021738597687599));
#5955=DIRECTION('ref_axis',(0.37460743400346,-0.927183481865536,-0.00024767931967708));
#5956=DIRECTION('',(-0.927181521218127,-0.374606061143365,-0.0021738597687599));
#5957=DIRECTION('center_axis',(-0.374609537271962,0.927181463933637,0.00149248878172443));
#5958=DIRECTION('ref_axis',(-0.927181521218127,-0.374606061143365,-0.0021738597687599));
#5959=DIRECTION('',(0.927181521218127,0.374606061143365,0.0021738597687599));
#5960=DIRECTION('',(-0.0014564671389629,-0.00219815662110957,0.999996523399428));
#5961=DIRECTION('',(-0.927181521218127,-0.374606061143365,-0.0021738597687599));
#5962=DIRECTION('',(-0.0014564671389629,-0.00219815662110957,0.999996523399428));
#5963=DIRECTION('center_axis',(0.374609537271962,-0.927181463933637,-0.00149248878172443));
#5964=DIRECTION('ref_axis',(0.927181521218127,0.374606061143365,0.0021738597687599));
#5965=DIRECTION('',(0.927181521218127,0.374606061143365,0.0021738597687599));
#5966=DIRECTION('',(-0.0014564671389629,-0.00219815662110957,0.999996523399428));
#5967=DIRECTION('',(0.927181521218127,0.374606061143365,0.0021738597687599));
#5968=DIRECTION('',(-0.0014564671389629,-0.00219815662110957,0.999996523399428));
#5969=DIRECTION('center_axis',(-0.00145646713896291,-0.00219815662110957,
0.999996523399428));
#5970=DIRECTION('ref_axis',(-0.54463543512124,-0.838668760722435,-0.00263677807029278));
#5971=DIRECTION('',(0.374609537271962,-0.927181463933638,-0.00149248878172429));
#5972=DIRECTION('',(-0.374609537271962,0.927181463933638,0.00149248878172429));
#5973=DIRECTION('center_axis',(0.362378495015043,-0.895416172614636,-0.258672967607344));
#5974=DIRECTION('ref_axis',(-0.0949539523257081,0.240624555635561,-0.965962509708796));
#5975=DIRECTION('',(0.0949539523257081,-0.240624555635561,0.965962509708796));
#5976=DIRECTION('',(0.927181521218127,0.374606061143365,0.0021738597687599));
#5977=DIRECTION('',(-0.0949539523257081,0.240624555635561,-0.965962509708796));
#5978=DIRECTION('center_axis',(-0.362406806390018,0.895487918009037,0.25838478163783));
#5979=DIRECTION('ref_axis',(0.0948458401503654,-0.240357416474913,0.966039636325382));
#5980=DIRECTION('',(0.0948458401503654,-0.240357416474913,0.966039636325382));
#5981=DIRECTION('',(0.0948458401503654,-0.240357416474913,0.966039636325382));
#5982=DIRECTION('',(0.927181521218127,0.374606061143365,0.0021738597687599));
#5983=DIRECTION('center_axis',(-0.351470303487193,0.871897269718439,-0.340974745141266));
#5984=DIRECTION('ref_axis',(-0.129626588623865,0.315381435744377,0.940069942881674));
#5985=DIRECTION('',(-0.129626588623865,0.315381435744377,0.940069942881674));
#5986=DIRECTION('',(-0.129626588623865,0.315381435744377,0.940069942881674));
#5987=DIRECTION('',(0.927181521218127,0.374606061143365,0.0021738597687599));
#5988=DIRECTION('center_axis',(0.00192278469511531,0.00104398771825097,
-0.999997606491466));
#5989=DIRECTION('ref_axis',(-0.37460743400346,0.927183481865536,0.000247679319677079));
#5990=DIRECTION('',(-0.37460743400346,0.927183481865536,0.000247679319677079));
#5991=DIRECTION('',(-0.37460743400346,0.927183481865536,0.000247679319677079));
#5992=DIRECTION('',(0.927181521218127,0.374606061143365,0.0021738597687599));
#5993=DIRECTION('center_axis',(0.351263699662726,-0.871394581490922,0.342469409798183));
#5994=DIRECTION('ref_axis',(0.130185406290008,-0.316767710322431,-0.939526464601285));
#5995=DIRECTION('',(-0.130185406290008,0.316767710322431,0.939526464601285));
#5996=DIRECTION('',(0.130185406290008,-0.316767710322431,-0.939526464601285));
#5997=DIRECTION('center_axis',(0.927181521218127,0.374606061143365,0.0021738597687599));
#5998=DIRECTION('ref_axis',(-0.37460743400346,0.927183481865536,0.000247679319677079));
#5999=DIRECTION('center_axis',(0.927181521218127,0.374606061143365,0.0021738597687599));
#6000=DIRECTION('ref_axis',(-0.37460743400346,0.927183481865536,0.000247679319677079));
#6001=DIRECTION('center_axis',(0.927181521218127,0.374606061143365,0.00217385976875996));
#6002=DIRECTION('ref_axis',(-0.37460743400346,0.927183481865536,0.000247679319676988));
#6003=DIRECTION('center_axis',(0.927181521218127,0.374606061143365,0.00217385976875996));
#6004=DIRECTION('ref_axis',(-0.37460743400346,0.927183481865536,0.000247679319676988));
#6005=DIRECTION('',(0.927181521218127,0.374606061143365,0.00217385976875996));
#6006=DIRECTION('center_axis',(0.927181521218127,0.374606061143365,0.00217385976875996));
#6007=DIRECTION('ref_axis',(-0.37460743400346,0.927183481865536,0.000247679319676988));
#6008=DIRECTION('',(0.927181521218127,0.374606061143365,0.00217385976875996));
#6009=DIRECTION('center_axis',(0.338711721032293,-0.840790695149108,0.422309574821625));
#6010=DIRECTION('ref_axis',(0.16002748747319,-0.390821322224535,-0.906449059433394));
#6011=DIRECTION('',(-0.16002748747319,0.390821322224535,0.906449059433394));
#6012=DIRECTION('',(0.16002748747319,-0.390821322224535,-0.906449059433394));
#6013=DIRECTION('',(0.927181521218127,0.374606061143365,0.00217385976875996));
#6014=DIRECTION('center_axis',(-0.13039724838011,0.317293236999515,0.939319732236721));
#6015=DIRECTION('ref_axis',(0.351185114044625,-0.871203363577657,0.34303602575304));
#6016=DIRECTION('',(-0.351185114044625,0.871203363577657,-0.34303602575304));
#6017=DIRECTION('',(0.351185114044625,-0.871203363577657,0.34303602575304));
#6018=DIRECTION('',(0.927181521218127,0.374606061143365,0.00217385976875996));
#6019=DIRECTION('center_axis',(-0.361401438159081,0.895996331737542,-0.258030180423563));
#6020=DIRECTION('ref_axis',(-0.0986074399231033,0.238455179158521,0.966134411106596));
#6021=DIRECTION('',(-0.0986074399231033,0.238455179158521,0.966134411106596));
#6022=DIRECTION('',(-0.0986074399231033,0.238455179158521,0.966134411106596));
#6023=DIRECTION('',(0.927181521218127,0.374606061143365,0.00217385976875996));
#6024=DIRECTION('center_axis',(0.927181521218127,0.374606061143365,0.00217385976875996));
#6025=DIRECTION('ref_axis',(-0.37460743400346,0.927183481865536,0.000247679319676988));
#6026=DIRECTION('center_axis',(0.927181521218127,0.374606061143365,0.00217385976875996));
#6027=DIRECTION('ref_axis',(-0.37460743400346,0.927183481865536,0.000247679319676988));
#6028=DIRECTION('center_axis',(0.927181521218127,0.374606061143365,0.00217385976875996));
#6029=DIRECTION('ref_axis',(-0.37460743400346,0.927183481865536,0.000247679319676988));
#6030=DIRECTION('',(0.927181521218127,0.374606061143365,0.00217385976875996));
#6031=DIRECTION('center_axis',(0.263552280626113,-0.656416047215107,0.706865028371944));
#6032=DIRECTION('ref_axis',(0.266222880475016,-0.654819266601975,-0.707345110959591));
#6033=DIRECTION('',(-0.266222880475016,0.654819266601975,0.707345110959591));
#6034=DIRECTION('',(0.266222880475016,-0.654819266601975,-0.707345110959591));
#6035=DIRECTION('',(0.927181521218127,0.374606061143365,0.00217385976875996));
#6036=DIRECTION('center_axis',(-0.242645715112961,0.596127212710355,0.765346590247518));
#6037=DIRECTION('ref_axis',(0.285407574617353,-0.710142693562946,0.64361469151209));
#6038=DIRECTION('',(-0.285407574617353,0.710142693562946,-0.64361469151209));
#6039=DIRECTION('',(0.285407574617353,-0.710142693562946,0.64361469151209));
#6040=DIRECTION('',(0.927181521218127,0.374606061143365,0.00217385976875996));
#6041=DIRECTION('center_axis',(-0.305880533844026,0.760404666632466,-0.572906486242617));
#6042=DIRECTION('ref_axis',(-0.216267255327601,0.53052336604359,0.819617857513393));
#6043=DIRECTION('',(-0.216267255327601,0.530523366043591,0.819617857513393));
#6044=DIRECTION('',(-0.216267255327601,0.530523366043591,0.819617857513393));
#6045=DIRECTION('',(0.927181521218127,0.374606061143365,0.00217385976875996));
#6046=DIRECTION('center_axis',(0.927181521218127,0.374606061143365,0.00217385976875996));
#6047=DIRECTION('ref_axis',(-0.37460743400346,0.927183481865536,0.000247679319676988));
#6048=DIRECTION('center_axis',(0.927181521218127,0.374606061143365,0.00217385976875996));
#6049=DIRECTION('ref_axis',(-0.37460743400346,0.927183481865536,0.000247679319676988));
#6050=DIRECTION('center_axis',(0.927181521218127,0.374606061143365,0.00217385976875996));
#6051=DIRECTION('ref_axis',(-0.37460743400346,0.927183481865536,0.000247679319676988));
#6052=DIRECTION('',(0.927181521218127,0.374606061143365,0.00217385976875996));
#6053=DIRECTION('center_axis',(0.15660454555902,-0.392867936317876,0.906162127283847));
#6054=DIRECTION('ref_axis',(0.340307865060291,-0.839836343324095,-0.422924902802045));
#6055=DIRECTION('',(-0.340307865060291,0.839836343324095,0.422924902802045));
#6056=DIRECTION('',(0.340307865060291,-0.839836343324095,-0.422924902802045));
#6057=DIRECTION('',(0.927181521218127,0.374606061143365,0.00217385976875996));
#6058=DIRECTION('center_axis',(-0.325627527533826,0.803059448667664,0.499061354161785));
#6059=DIRECTION('ref_axis',(0.185205669524039,-0.463428334114609,0.866563926733574));
#6060=DIRECTION('',(-0.185205669524039,0.463428334114609,-0.866563926733574));
#6061=DIRECTION('',(0.185205669524039,-0.463428334114609,0.866563926733574));
#6062=DIRECTION('',(0.927181521218127,0.374606061143365,0.00217385976875996));
#6063=DIRECTION('center_axis',(-0.21346592283149,0.533096976353852,-0.818681814621579));
#6064=DIRECTION('ref_axis',(-0.307842047974835,0.758602605292807,0.574243294032786));
#6065=DIRECTION('',(-0.307842047974835,0.758602605292808,0.574243294032786));
#6066=DIRECTION('',(-0.307842047974835,0.758602605292808,0.574243294032786));
#6067=DIRECTION('',(0.927181521218127,0.374606061143365,0.00217385976875996));
#6068=DIRECTION('center_axis',(0.927181521218127,0.374606061143365,0.00217385976875996));
#6069=DIRECTION('ref_axis',(-0.37460743400346,0.927183481865536,0.000247679319676988));
#6070=DIRECTION('center_axis',(0.927181521218127,0.374606061143365,0.00217385976875996));
#6071=DIRECTION('ref_axis',(-0.37460743400346,0.927183481865536,0.000247679319676988));
#6072=DIRECTION('center_axis',(0.927181521218127,0.374606061143365,0.00217385976875996));
#6073=DIRECTION('ref_axis',(-0.37460743400346,0.927183481865536,0.000247679319676988));
#6074=DIRECTION('',(0.927181521218127,0.374606061143365,0.00217385976875996));
#6075=DIRECTION('center_axis',(0.0307679910605686,-0.0819341541874844,0.996162700116642));
#6076=DIRECTION('ref_axis',(0.373346698710109,-0.923556762376972,-0.0874937096597662));
#6077=DIRECTION('',(-0.373346698710109,0.923556762376972,0.0874937096597662));
#6078=DIRECTION('',(0.373346698710109,-0.923556762376972,-0.0874937096597662));
#6079=DIRECTION('',(0.927181521218127,0.374606061143365,0.00217385976875996));
#6080=DIRECTION('center_axis',(-0.369333854383634,0.913130863220457,0.172581953402987));
#6081=DIRECTION('ref_axis',(0.0626652273415524,-0.160817678098263,0.984992763269515));
#6082=DIRECTION('',(-0.0626652273415524,0.160817678098263,-0.984992763269515));
#6083=DIRECTION('',(0.0626652273415524,-0.160817678098263,0.984992763269515));
#6084=DIRECTION('',(0.927181521218127,0.374606061143365,0.00217385976875996));
#6085=DIRECTION('center_axis',(-0.0953041711039862,0.241489923053525,-0.965712033700411));
#6086=DIRECTION('ref_axis',(-0.362286546371546,0.89518317456164,0.259606514363414));
#6087=DIRECTION('',(-0.362286546371546,0.895183174561641,0.259606514363414));
#6088=DIRECTION('',(-0.362286546371546,0.895183174561641,0.259606514363414));
#6089=DIRECTION('',(0.927181521218127,0.374606061143365,0.00217385976875996));
#6090=DIRECTION('center_axis',(0.927181521218127,0.374606061143365,0.00217385976875996));
#6091=DIRECTION('ref_axis',(-0.37460743400346,0.927183481865536,0.000247679319676988));
#6092=DIRECTION('center_axis',(0.927181521218127,0.374606061143365,0.00217385976875996));
#6093=DIRECTION('ref_axis',(-0.37460743400346,0.927183481865536,0.000247679319676988));
#6094=DIRECTION('center_axis',(0.927181521218127,0.374606061143365,0.00217385976875996));
#6095=DIRECTION('ref_axis',(-0.37460743400346,0.927183481865536,0.000247679319676988));
#6096=DIRECTION('',(0.927181521218127,0.374606061143365,0.00217385976875996));
#6097=DIRECTION('center_axis',(-0.0987796372469728,0.238882096157247,0.966011349519702));
#6098=DIRECTION('ref_axis',(0.361354410485048,-0.895882605641037,0.25849051613711));
#6099=DIRECTION('',(-0.361354410485048,0.895882605641037,-0.25849051613711));
#6100=DIRECTION('',(0.361354410485048,-0.895882605641037,0.25849051613711));
#6101=DIRECTION('',(0.927181521218127,0.374606061143365,0.00217385976875996));
#6102=DIRECTION('center_axis',(-0.368493067607612,0.913065219292599,-0.174713377974586));
#6103=DIRECTION('ref_axis',(-0.0674335660985854,0.161189963312895,0.984616935610197));
#6104=DIRECTION('',(0.0674335660985854,-0.161189963312895,-0.984616935610197));
#6105=DIRECTION('',(-0.0674335660985854,0.161189963312895,0.984616935610197));
#6106=DIRECTION('',(0.927181521218127,0.374606061143365,0.00217385976875996));
#6107=DIRECTION('center_axis',(0.0343526701984249,-0.0792443789787464,-0.996263129123281));
#6108=DIRECTION('ref_axis',(-0.373033940495873,0.923791441481748,-0.086342642322289));
#6109=DIRECTION('',(-0.373033940495873,0.923791441481749,-0.0863426423222889));
#6110=DIRECTION('',(-0.373033940495873,0.923791441481749,-0.0863426423222889));
#6111=DIRECTION('',(0.927181521218127,0.374606061143365,0.00217385976875996));
#6112=DIRECTION('center_axis',(0.927181521218127,0.374606061143365,0.00217385976875996));
#6113=DIRECTION('ref_axis',(-0.37460743400346,0.927183481865536,0.000247679319676988));
#6114=DIRECTION('center_axis',(0.927181521218127,0.374606061143365,0.00217385976875996));
#6115=DIRECTION('ref_axis',(-0.37460743400346,0.927183481865536,0.000247679319676988));
#6116=DIRECTION('center_axis',(0.927181521218127,0.374606061143365,0.00217385976875996));
#6117=DIRECTION('ref_axis',(-0.37460743400346,0.927183481865536,0.000247679319676988));
#6118=DIRECTION('',(0.927181521218127,0.374606061143365,0.00217385976875996));
#6119=DIRECTION('center_axis',(-0.216412983470349,0.530885640181158,0.819344773361559));
#6120=DIRECTION('ref_axis',(0.305777447332374,-0.760151784845695,0.573296970774136));
#6121=DIRECTION('',(-0.305777447332374,0.760151784845695,-0.573296970774136));
#6122=DIRECTION('',(0.305777447332374,-0.760151784845695,0.573296970774136));
#6123=DIRECTION('',(0.927181521218127,0.374606061143365,0.00217385976875996));
#6124=DIRECTION('center_axis',(-0.323206578499636,0.802870434510586,-0.500935697473579));
#6125=DIRECTION('ref_axis',(-0.189398876253791,0.463755716238018,0.865481774117956));
#6126=DIRECTION('',(0.189398876253791,-0.463755716238018,-0.865481774117956));
#6127=DIRECTION('',(-0.189398876253791,0.463755716238018,0.865481774117956));
#6128=DIRECTION('',(0.927181521218127,0.374606061143365,0.00217385976875996));
#6129=DIRECTION('center_axis',(0.15986607248349,-0.390420639383705,-0.906650187896039));
#6130=DIRECTION('ref_axis',(-0.338787936001777,0.840976826849511,-0.421877602062236));
#6131=DIRECTION('',(-0.338787936001777,0.840976826849512,-0.421877602062236));
#6132=DIRECTION('',(-0.338787936001777,0.840976826849512,-0.421877602062236));
#6133=DIRECTION('',(0.927181521218127,0.374606061143365,0.00217385976875996));
#6134=DIRECTION('center_axis',(0.927181521218127,0.374606061143365,0.00217385976875996));
#6135=DIRECTION('ref_axis',(-0.37460743400346,0.927183481865536,0.000247679319676988));
#6136=DIRECTION('center_axis',(0.927181521218127,0.374606061143365,0.00217385976875996));
#6137=DIRECTION('ref_axis',(-0.37460743400346,0.927183481865536,0.000247679319676988));
#6138=DIRECTION('center_axis',(0.927181521218127,0.374606061143365,0.00217385976875996));
#6139=DIRECTION('ref_axis',(-0.37460743400346,0.927183481865536,0.000247679319676988));
#6140=DIRECTION('',(0.927181521218127,0.374606061143365,0.00217385976875996));
#6141=DIRECTION('center_axis',(-0.307943729971725,0.758856540961624,0.573853125295019));
#6142=DIRECTION('ref_axis',(0.21331921123692,-0.532735440152439,0.818955349773628));
#6143=DIRECTION('',(-0.21331921123692,0.532735440152439,-0.818955349773628));
#6144=DIRECTION('',(0.21331921123692,-0.532735440152439,0.818955349773628));
#6145=DIRECTION('',(0.927181521218127,0.374606061143365,0.00217385976875996));
#6146=DIRECTION('center_axis',(-0.238936606003522,0.595837626220935,-0.766737778833754));
#6147=DIRECTION('ref_axis',(-0.28851988670308,0.710385685479413,0.641956737516468));
#6148=DIRECTION('',(0.28851988670308,-0.710385685479413,-0.641956737516468));
#6149=DIRECTION('',(-0.28851988670308,0.710385685479413,0.641956737516468));
#6150=DIRECTION('',(0.927181521218127,0.374606061143365,0.00217385976875996));
#6151=DIRECTION('center_axis',(0.266097267055094,-0.654506408684017,-0.707681853276852));
#6152=DIRECTION('ref_axis',(-0.263679106448444,0.656727995403123,-0.706527896743183));
#6153=DIRECTION('',(-0.263679106448444,0.656727995403123,-0.706527896743183));
#6154=DIRECTION('',(-0.263679106448444,0.656727995403123,-0.706527896743183));
#6155=DIRECTION('',(0.927181521218127,0.374606061143365,0.00217385976875996));
#6156=DIRECTION('center_axis',(0.927181521218127,0.374606061143365,0.00217385976875996));
#6157=DIRECTION('ref_axis',(-0.37460743400346,0.927183481865536,0.000247679319676988));
#6158=DIRECTION('center_axis',(0.927181521218127,0.374606061143365,0.00217385976875996));
#6159=DIRECTION('ref_axis',(-0.37460743400346,0.927183481865536,0.000247679319676988));
#6160=DIRECTION('center_axis',(0.927181521218127,0.374606061143365,0.00217385976875996));
#6161=DIRECTION('ref_axis',(-0.37460743400346,0.927183481865536,0.000247679319676988));
#6162=DIRECTION('',(0.927181521218127,0.374606061143365,0.00217385976875996));
#6163=DIRECTION('center_axis',(-0.362331917873088,0.895298143372359,0.259146321147758));
#6164=DIRECTION('ref_axis',(0.0951315300100322,-0.241063339039061,0.965835627096707));
#6165=DIRECTION('',(-0.0951315300100322,0.241063339039061,-0.965835627096707));
#6166=DIRECTION('',(0.0951315300100322,-0.241063339039061,0.965835627096707));
#6167=DIRECTION('',(0.927181521218127,0.374606061143365,0.00217385976875996));
#6168=DIRECTION('center_axis',(-0.125847352494651,0.316938006582243,-0.940059968222114));
#6169=DIRECTION('ref_axis',(-0.352841140715942,0.87133265687585,0.341002244098107));
#6170=DIRECTION('',(0.352841140715942,-0.87133265687585,-0.341002244098107));
#6171=DIRECTION('',(-0.352841140715942,0.87133265687585,0.341002244098107));
#6172=DIRECTION('',(0.927181521218127,0.374606061143365,0.00217385976875996));
#6173=DIRECTION('center_axis',(0.340233204042451,-0.839649045611214,-0.423356642880664));
#6174=DIRECTION('ref_axis',(-0.156766685168271,0.393268075438157,-0.905960499835683));
#6175=DIRECTION('',(-0.156766685168271,0.393268075438157,-0.905960499835683));
#6176=DIRECTION('',(-0.156766685168271,0.393268075438157,-0.905960499835683));
#6177=DIRECTION('',(0.927181521218127,0.374606061143365,0.00217385976875996));
#6178=DIRECTION('center_axis',(0.927181521218127,0.374606061143365,0.00217385976875996));
#6179=DIRECTION('ref_axis',(-0.37460743400346,0.927183481865536,0.000247679319676988));
#6180=DIRECTION('center_axis',(0.927181521218127,0.374606061143365,0.00217385976875996));
#6181=DIRECTION('ref_axis',(-0.37460743400346,0.927183481865536,0.000247679319676988));
#6182=DIRECTION('center_axis',(0.927181521218127,0.374606061143365,0.00217385976875996));
#6183=DIRECTION('ref_axis',(-0.37460743400346,0.927183481865536,0.000247679319676988));
#6184=DIRECTION('',(0.927181521218127,0.374606061143365,0.00217385976875996));
#6185=DIRECTION('center_axis',(-0.373017529029369,0.923753576499034,-0.0868173539222877));
#6186=DIRECTION('ref_axis',(-0.0345304177279169,0.0796845584784,0.996221873576182));
#6187=DIRECTION('',(0.0345304177279169,-0.0796845584784,-0.996221873576182));
#6188=DIRECTION('',(-0.0345304177279169,0.0796845584784,0.996221873576182));
#6189=DIRECTION('',(0.927181521218127,0.374606061143365,0.00217385976875996));
#6190=DIRECTION('center_axis',(0.00242094903419158,-0.000189014157081435,
-0.999997051635365));
#6191=DIRECTION('ref_axis',(-0.37460454577783,0.927184050352627,-0.00108215261562187));
#6192=DIRECTION('',(0.37460454577783,-0.927184050352627,0.00108215261562187));
#6193=DIRECTION('',(-0.37460454577783,0.927184050352627,-0.00108215261562187));
#6194=DIRECTION('',(0.927181521218127,0.374606061143365,0.00217385976875996));
#6195=DIRECTION('center_axis',(0.37333199531498,-0.923517615737557,-0.0879683732744614));
#6196=DIRECTION('ref_axis',(-0.0309458880269422,0.0823742215567052,-0.996120896095023));
#6197=DIRECTION('',(-0.0309458880269422,0.0823742215567052,-0.996120896095023));
#6198=DIRECTION('',(-0.0309458880269422,0.0823742215567052,-0.996120896095023));
#6199=DIRECTION('',(0.927181521218127,0.374606061143365,0.00217385976875996));
#6200=DIRECTION('center_axis',(0.927181521218127,0.374606061143365,0.00217385976875996));
#6201=DIRECTION('ref_axis',(-0.37460743400346,0.927183481865536,0.000247679319676988));
#6202=DIRECTION('center_axis',(0.927181521218127,0.374606061143365,0.00217385976875996));
#6203=DIRECTION('ref_axis',(-0.37460743400346,0.927183481865536,0.000247679319676988));
#6204=DIRECTION('center_axis',(0.927181521218127,0.374606061143365,0.00217385976875996));
#6205=DIRECTION('ref_axis',(-0.37460743400346,0.927183481865536,0.000247679319676988));
#6206=DIRECTION('',(0.927181521218127,0.374606061143365,0.00217385976875996));
#6207=DIRECTION('center_axis',(-0.338711721032294,0.840790695149108,-0.422309574821624));
#6208=DIRECTION('ref_axis',(-0.16002748747319,0.390821322224534,0.906449059433394));
#6209=DIRECTION('',(0.16002748747319,-0.390821322224534,-0.906449059433394));
#6210=DIRECTION('',(-0.16002748747319,0.390821322224534,0.906449059433394));
#6211=DIRECTION('',(0.927181521218127,0.374606061143365,0.00217385976875996));
#6212=DIRECTION('center_axis',(0.13039724838011,-0.317293236999515,-0.939319732236721));
#6213=DIRECTION('ref_axis',(-0.351185114044625,0.871203363577657,-0.34303602575304));
#6214=DIRECTION('',(0.351185114044625,-0.871203363577657,0.34303602575304));
#6215=DIRECTION('',(-0.351185114044625,0.871203363577657,-0.34303602575304));
#6216=DIRECTION('',(0.927181521218127,0.374606061143365,0.00217385976875996));
#6217=DIRECTION('center_axis',(0.36140143815908,-0.895996331737542,0.258030180423565));
#6218=DIRECTION('ref_axis',(0.0986074399231041,-0.238455179158523,-0.966134411106595));
#6219=DIRECTION('',(0.0986074399231041,-0.238455179158523,-0.966134411106595));
#6220=DIRECTION('',(0.0986074399231041,-0.238455179158523,-0.966134411106595));
#6221=DIRECTION('',(0.927181521218127,0.374606061143365,0.00217385976875996));
#6222=DIRECTION('center_axis',(0.927181521218127,0.374606061143365,0.00217385976875996));
#6223=DIRECTION('ref_axis',(-0.37460743400346,0.927183481865536,0.000247679319676988));
#6224=DIRECTION('center_axis',(0.927181521218127,0.374606061143365,0.00217385976875996));
#6225=DIRECTION('ref_axis',(-0.37460743400346,0.927183481865536,0.000247679319676988));
#6226=DIRECTION('center_axis',(0.927181521218127,0.374606061143365,0.00217385976875996));
#6227=DIRECTION('ref_axis',(-0.37460743400346,0.927183481865536,0.000247679319676988));
#6228=DIRECTION('',(0.927181521218127,0.374606061143365,0.00217385976875996));
#6229=DIRECTION('center_axis',(-0.263552280626115,0.656416047215109,-0.706865028371941));
#6230=DIRECTION('ref_axis',(-0.266222880475015,0.654819266601972,0.707345110959595));
#6231=DIRECTION('',(0.266222880475015,-0.654819266601972,-0.707345110959595));
#6232=DIRECTION('',(-0.266222880475015,0.654819266601972,0.707345110959595));
#6233=DIRECTION('',(0.927181521218127,0.374606061143365,0.00217385976875996));
#6234=DIRECTION('center_axis',(0.242645715112959,-0.596127212710351,-0.765346590247522));
#6235=DIRECTION('ref_axis',(-0.285407574617355,0.71014269356295,-0.643614691512086));
#6236=DIRECTION('',(0.285407574617355,-0.71014269356295,0.643614691512086));
#6237=DIRECTION('',(-0.285407574617355,0.71014269356295,-0.643614691512086));
#6238=DIRECTION('',(0.927181521218127,0.374606061143365,0.00217385976875996));
#6239=DIRECTION('center_axis',(0.305880533844026,-0.760404666632466,0.572906486242617));
#6240=DIRECTION('ref_axis',(0.216267255327601,-0.53052336604359,-0.819617857513393));
#6241=DIRECTION('',(0.216267255327601,-0.530523366043591,-0.819617857513393));
#6242=DIRECTION('',(0.216267255327601,-0.530523366043591,-0.819617857513393));
#6243=DIRECTION('',(0.927181521218127,0.374606061143365,0.00217385976875996));
#6244=DIRECTION('center_axis',(0.927181521218127,0.374606061143365,0.00217385976875996));
#6245=DIRECTION('ref_axis',(-0.37460743400346,0.927183481865536,0.000247679319676988));
#6246=DIRECTION('center_axis',(0.927181521218127,0.374606061143365,0.00217385976875996));
#6247=DIRECTION('ref_axis',(-0.37460743400346,0.927183481865536,0.000247679319676988));
#6248=DIRECTION('center_axis',(0.927181521218127,0.374606061143365,0.00217385976875996));
#6249=DIRECTION('ref_axis',(-0.37460743400346,0.927183481865536,0.000247679319676988));
#6250=DIRECTION('',(0.927181521218127,0.374606061143365,0.00217385976875996));
#6251=DIRECTION('center_axis',(-0.156604545559019,0.392867936317873,-0.906162127283848));
#6252=DIRECTION('ref_axis',(-0.340307865060291,0.839836343324097,0.422924902802042));
#6253=DIRECTION('',(0.340307865060291,-0.839836343324097,-0.422924902802042));
#6254=DIRECTION('',(-0.340307865060291,0.839836343324097,0.422924902802042));
#6255=DIRECTION('',(0.927181521218127,0.374606061143365,0.00217385976875996));
#6256=DIRECTION('center_axis',(0.32562752753383,-0.803059448667674,-0.499061354161767));
#6257=DIRECTION('ref_axis',(-0.185205669524032,0.463428334114592,-0.866563926733585));
#6258=DIRECTION('',(0.185205669524032,-0.463428334114592,0.866563926733585));
#6259=DIRECTION('',(-0.185205669524032,0.463428334114592,-0.866563926733585));
#6260=DIRECTION('',(0.927181521218127,0.374606061143365,0.00217385976875996));
#6261=DIRECTION('center_axis',(0.213465922831491,-0.533096976353853,0.818681814621578));
#6262=DIRECTION('ref_axis',(0.307842047974834,-0.758602605292807,-0.574243294032787));
#6263=DIRECTION('',(0.307842047974834,-0.758602605292807,-0.574243294032787));
#6264=DIRECTION('',(0.307842047974834,-0.758602605292807,-0.574243294032787));
#6265=DIRECTION('',(0.927181521218127,0.374606061143365,0.00217385976875996));
#6266=DIRECTION('center_axis',(0.927181521218127,0.374606061143365,0.00217385976875996));
#6267=DIRECTION('ref_axis',(-0.37460743400346,0.927183481865536,0.000247679319676988));
#6268=DIRECTION('center_axis',(0.927181521218127,0.374606061143365,0.00217385976875996));
#6269=DIRECTION('ref_axis',(-0.37460743400346,0.927183481865536,0.000247679319676988));
#6270=DIRECTION('center_axis',(0.927181521218127,0.374606061143365,0.00217385976875996));
#6271=DIRECTION('ref_axis',(-0.37460743400346,0.927183481865536,0.000247679319676988));
#6272=DIRECTION('',(0.927181521218127,0.374606061143365,0.00217385976875996));
#6273=DIRECTION('center_axis',(-0.0307679910605686,0.0819341541874844,-0.996162700116642));
#6274=DIRECTION('ref_axis',(-0.373346698710109,0.923556762376972,0.0874937096597662));
#6275=DIRECTION('',(0.373346698710109,-0.923556762376972,-0.0874937096597662));
#6276=DIRECTION('',(-0.373346698710109,0.923556762376972,0.0874937096597662));
#6277=DIRECTION('',(0.927181521218127,0.374606061143365,0.00217385976875996));
#6278=DIRECTION('center_axis',(0.369333854383635,-0.913130863220459,-0.172581953402975));
#6279=DIRECTION('ref_axis',(-0.0626652273415479,0.160817678098252,-0.984992763269517));
#6280=DIRECTION('',(0.0626652273415479,-0.160817678098251,0.984992763269517));
#6281=DIRECTION('',(-0.0626652273415479,0.160817678098251,-0.984992763269517));
#6282=DIRECTION('',(0.927181521218127,0.374606061143365,0.00217385976875996));
#6283=DIRECTION('center_axis',(0.0953041711039862,-0.241489923053525,0.965712033700411));
#6284=DIRECTION('ref_axis',(0.362286546371546,-0.89518317456164,-0.259606514363414));
#6285=DIRECTION('',(0.362286546371546,-0.895183174561641,-0.259606514363414));
#6286=DIRECTION('',(0.362286546371546,-0.895183174561641,-0.259606514363414));
#6287=DIRECTION('',(0.927181521218127,0.374606061143365,0.00217385976875996));
#6288=DIRECTION('center_axis',(0.927181521218127,0.374606061143365,0.00217385976875996));
#6289=DIRECTION('ref_axis',(0.374606208400371,-0.927183942385451,0.000354415676138322));
#6290=DIRECTION('center_axis',(0.927181521218127,0.374606061143365,0.00217385976875996));
#6291=DIRECTION('ref_axis',(-0.37460743400346,0.927183481865536,0.000247679319676988));
#6292=DIRECTION('center_axis',(0.927181521218127,0.374606061143365,0.00217385976875996));
#6293=DIRECTION('ref_axis',(-0.37460743400346,0.927183481865536,0.000247679319676988));
#6294=DIRECTION('',(0.927181521218127,0.374606061143365,0.00217385976875996));
#6295=DIRECTION('center_axis',(0.098779637246975,-0.238882096157252,-0.966011349519701));
#6296=DIRECTION('ref_axis',(-0.361354410485048,0.895882605641036,-0.258490516137116));
#6297=DIRECTION('',(0.361354410485048,-0.895882605641036,0.258490516137116));
#6298=DIRECTION('',(-0.361354410485048,0.895882605641036,-0.258490516137116));
#6299=DIRECTION('',(0.927181521218127,0.374606061143365,0.00217385976875996));
#6300=DIRECTION('center_axis',(0.368493067607611,-0.913065219292599,0.174713377974588));
#6301=DIRECTION('ref_axis',(0.0674335660985863,-0.161189963312897,-0.984616935610197));
#6302=DIRECTION('',(-0.0674335660985862,0.161189963312897,0.984616935610197));
#6303=DIRECTION('',(0.0674335660985862,-0.161189963312897,-0.984616935610197));
#6304=DIRECTION('',(0.927181521218127,0.374606061143365,0.00217385976875996));
#6305=DIRECTION('center_axis',(-0.034352670198425,0.0792443789787466,0.996263129123281));
#6306=DIRECTION('ref_axis',(0.373033940495873,-0.923791441481748,0.0863426423222892));
#6307=DIRECTION('',(0.373033940495873,-0.923791441481749,0.0863426423222892));
#6308=DIRECTION('',(0.373033940495873,-0.923791441481749,0.0863426423222892));
#6309=DIRECTION('',(0.927181521218127,0.374606061143365,0.00217385976875996));
#6310=DIRECTION('center_axis',(0.927181521218127,0.374606061143365,0.00217385976875996));
#6311=DIRECTION('ref_axis',(-0.37460743400346,0.927183481865536,0.000247679319676988));
#6312=DIRECTION('center_axis',(0.927181521218127,0.374606061143365,0.00217385976875996));
#6313=DIRECTION('ref_axis',(-0.37460743400346,0.927183481865536,0.000247679319676988));
#6314=DIRECTION('center_axis',(0.927181521218127,0.374606061143365,0.00217385976875996));
#6315=DIRECTION('ref_axis',(-0.37460743400346,0.927183481865536,0.000247679319676988));
#6316=DIRECTION('',(0.927181521218127,0.374606061143365,0.00217385976875996));
#6317=DIRECTION('center_axis',(0.216412983470349,-0.530885640181158,-0.819344773361559));
#6318=DIRECTION('ref_axis',(-0.305777447332374,0.760151784845695,-0.573296970774136));
#6319=DIRECTION('',(0.305777447332374,-0.760151784845695,0.573296970774136));
#6320=DIRECTION('',(-0.305777447332374,0.760151784845695,-0.573296970774136));
#6321=DIRECTION('',(0.927181521218127,0.374606061143365,0.00217385976875996));
#6322=DIRECTION('center_axis',(0.323206578499637,-0.802870434510589,0.500935697473574));
#6323=DIRECTION('ref_axis',(0.189398876253789,-0.463755716238013,-0.865481774117959));
#6324=DIRECTION('',(-0.189398876253789,0.463755716238013,0.865481774117959));
#6325=DIRECTION('',(0.189398876253789,-0.463755716238013,-0.865481774117959));
#6326=DIRECTION('',(0.927181521218127,0.374606061143365,0.00217385976875996));
#6327=DIRECTION('center_axis',(-0.15986607248349,0.390420639383705,0.906650187896039));
#6328=DIRECTION('ref_axis',(0.338787936001776,-0.840976826849511,0.421877602062237));
#6329=DIRECTION('',(0.338787936001776,-0.840976826849511,0.421877602062237));
#6330=DIRECTION('',(0.338787936001776,-0.840976826849511,0.421877602062237));
#6331=DIRECTION('',(0.927181521218127,0.374606061143365,0.00217385976875996));
#6332=DIRECTION('center_axis',(0.927181521218127,0.374606061143365,0.00217385976875996));
#6333=DIRECTION('ref_axis',(-0.37460743400346,0.927183481865536,0.000247679319676988));
#6334=DIRECTION('center_axis',(0.927181521218127,0.374606061143365,0.00217385976875996));
#6335=DIRECTION('ref_axis',(-0.37460743400346,0.927183481865536,0.000247679319676988));
#6336=DIRECTION('center_axis',(0.927181521218127,0.374606061143365,0.00217385976875996));
#6337=DIRECTION('ref_axis',(-0.37460743400346,0.927183481865536,0.000247679319676988));
#6338=DIRECTION('',(0.927181521218127,0.374606061143365,0.00217385976875996));
#6339=DIRECTION('center_axis',(0.307943729971725,-0.758856540961624,-0.573853125295019));
#6340=DIRECTION('ref_axis',(-0.21331921123692,0.532735440152439,-0.818955349773628));
#6341=DIRECTION('',(0.21331921123692,-0.532735440152439,0.818955349773628));
#6342=DIRECTION('',(-0.21331921123692,0.532735440152439,-0.818955349773628));
#6343=DIRECTION('',(0.927181521218127,0.374606061143365,0.00217385976875996));
#6344=DIRECTION('center_axis',(0.238936606003522,-0.595837626220935,0.766737778833754));
#6345=DIRECTION('ref_axis',(0.28851988670308,-0.710385685479413,-0.641956737516468));
#6346=DIRECTION('',(-0.28851988670308,0.710385685479413,0.641956737516468));
#6347=DIRECTION('',(0.28851988670308,-0.710385685479413,-0.641956737516468));
#6348=DIRECTION('',(0.927181521218127,0.374606061143365,0.00217385976875996));
#6349=DIRECTION('center_axis',(-0.266097267055094,0.654506408684017,0.707681853276852));
#6350=DIRECTION('ref_axis',(0.263679106448444,-0.656727995403123,0.706527896743183));
#6351=DIRECTION('',(0.263679106448444,-0.656727995403123,0.706527896743183));
#6352=DIRECTION('',(0.263679106448444,-0.656727995403123,0.706527896743183));
#6353=DIRECTION('',(0.927181521218127,0.374606061143365,0.00217385976875996));
#6354=DIRECTION('center_axis',(0.927181521218127,0.374606061143365,0.00217385976875996));
#6355=DIRECTION('ref_axis',(-0.37460743400346,0.927183481865536,0.000247679319676988));
#6356=DIRECTION('center_axis',(0.927181521218127,0.374606061143365,0.00217385976875996));
#6357=DIRECTION('ref_axis',(-0.37460743400346,0.927183481865536,0.000247679319676988));
#6358=DIRECTION('center_axis',(0.927181521218127,0.374606061143365,0.00217385976875996));
#6359=DIRECTION('ref_axis',(-0.37460743400346,0.927183481865536,0.000247679319676988));
#6360=DIRECTION('',(0.927181521218127,0.374606061143365,0.00217385976875996));
#6361=DIRECTION('center_axis',(0.362331917873088,-0.895298143372359,-0.259146321147758));
#6362=DIRECTION('ref_axis',(-0.0951315300100322,0.241063339039061,-0.965835627096707));
#6363=DIRECTION('',(0.0951315300100322,-0.241063339039061,0.965835627096707));
#6364=DIRECTION('',(-0.0951315300100322,0.241063339039061,-0.965835627096707));
#6365=DIRECTION('',(0.927181521218127,0.374606061143365,0.00217385976875996));
#6366=DIRECTION('center_axis',(0.125847352494653,-0.316938006582249,0.940059968222111));
#6367=DIRECTION('ref_axis',(0.352841140715941,-0.871332656875848,-0.341002244098112));
#6368=DIRECTION('',(-0.352841140715941,0.871332656875848,0.341002244098112));
#6369=DIRECTION('',(0.352841140715941,-0.871332656875848,-0.341002244098112));
#6370=DIRECTION('',(0.927181521218127,0.374606061143365,0.00217385976875996));
#6371=DIRECTION('center_axis',(-0.340233204042451,0.839649045611213,0.423356642880666));
#6372=DIRECTION('ref_axis',(0.156766685168272,-0.393268075438159,0.905960499835682));
#6373=DIRECTION('',(0.156766685168272,-0.393268075438159,0.905960499835682));
#6374=DIRECTION('',(0.156766685168272,-0.393268075438159,0.905960499835682));
#6375=DIRECTION('',(0.927181521218127,0.374606061143365,0.00217385976875996));
#6376=DIRECTION('center_axis',(0.927181521218127,0.374606061143365,0.00217385976875996));
#6377=DIRECTION('ref_axis',(-0.37460743400346,0.927183481865536,0.000247679319676988));
#6378=DIRECTION('center_axis',(0.927181521218127,0.374606061143365,0.00217385976875996));
#6379=DIRECTION('ref_axis',(-0.37460743400346,0.927183481865536,0.000247679319676988));
#6380=DIRECTION('center_axis',(0.927181521218127,0.374606061143365,0.00217385976875996));
#6381=DIRECTION('ref_axis',(-0.37460743400346,0.927183481865536,0.000247679319676988));
#6382=DIRECTION('',(0.927181521218127,0.374606061143365,0.00217385976875996));
#6383=DIRECTION('center_axis',(0.373017529029369,-0.923753576499034,0.0868173539222877));
#6384=DIRECTION('ref_axis',(0.0345304177279169,-0.0796845584784,-0.996221873576182));
#6385=DIRECTION('',(-0.0345304177279169,0.0796845584784,0.996221873576182));
#6386=DIRECTION('',(0.0345304177279169,-0.0796845584784,-0.996221873576182));
#6387=DIRECTION('',(0.927181521218127,0.374606061143365,0.00217385976875996));
#6388=DIRECTION('center_axis',(-0.00242094903419158,0.000189014157081435,
0.999997051635365));
#6389=DIRECTION('ref_axis',(0.37460454577783,-0.927184050352627,0.00108215261562187));
#6390=DIRECTION('',(-0.37460454577783,0.927184050352627,-0.00108215261562187));
#6391=DIRECTION('',(0.37460454577783,-0.927184050352627,0.00108215261562187));
#6392=DIRECTION('',(0.927181521218127,0.374606061143365,0.00217385976875996));
#6393=DIRECTION('center_axis',(-0.37333199531498,0.923517615737557,0.0879683732744614));
#6394=DIRECTION('ref_axis',(0.0309458880269422,-0.0823742215567052,0.996120896095023));
#6395=DIRECTION('',(0.0309458880269422,-0.0823742215567052,0.996120896095023));
#6396=DIRECTION('',(0.0309458880269422,-0.0823742215567052,0.996120896095023));
#6397=DIRECTION('center_axis',(0.927181521218127,0.374606061143365,0.00217385976875996));
#6398=DIRECTION('ref_axis',(-0.37460743400346,0.927183481865536,0.000247679319676988));
#6399=DIRECTION('center_axis',(0.927181521218127,0.374606061143365,0.00217385976875996));
#6400=DIRECTION('ref_axis',(-0.37460743400346,0.927183481865536,0.000247679319676988));
#6401=DIRECTION('center_axis',(0.920504647132443,-0.390731457653675,0.000350153411257049));
#6402=DIRECTION('ref_axis',(0.390731533618204,0.920504663633785,-0.000181286564780875));
#6403=DIRECTION('',(-0.390731533618204,-0.920504663633785,0.000181286564780875));
#6404=DIRECTION('',(-0.000251483484339487,0.000303691104725695,0.999999922263882));
#6405=DIRECTION('',(0.390731533618204,0.920504663633785,-0.000181286564780875));
#6406=DIRECTION('',(-0.000251483484339487,0.000303691104725695,0.999999922263882));
#6407=DIRECTION('center_axis',(-0.920504647132443,0.390731457653675,-0.000350153411257049));
#6408=DIRECTION('ref_axis',(-0.390731533618204,-0.920504663633785,0.000181286564780875));
#6409=DIRECTION('',(-0.390731533618204,-0.920504663633785,0.000181286564780875));
#6410=DIRECTION('',(-0.000251483484339487,0.000303691104725695,0.999999922263882));
#6411=DIRECTION('',(-0.390731533618204,-0.920504663633785,0.000181286564780875));
#6412=DIRECTION('',(-0.000251483484339487,0.000303691104725695,0.999999922263882));
#6413=DIRECTION('center_axis',(-0.000251483484339487,0.000303691104725695,
0.999999922263882));
#6414=DIRECTION('ref_axis',(-0.207911240615278,0.97814763404441,-0.000349341005947461));
#6415=DIRECTION('',(-0.920504647132443,0.390731457653675,-0.000350153411256907));
#6416=DIRECTION('',(0.920504647132443,-0.390731457653675,0.000350153411256907));
#6417=DIRECTION('center_axis',(-0.889464777974293,0.377505140989434,-0.257569946363488));
#6418=DIRECTION('ref_axis',(0.237025900229297,-0.100801948170657,-0.966259638950883));
#6419=DIRECTION('',(-0.237025900229297,0.100801948170657,0.966259638950883));
#6420=DIRECTION('',(-0.390731533618204,-0.920504663633785,0.000181286564780875));
#6421=DIRECTION('',(0.237025900229297,-0.100801948170657,-0.966259638950883));
#6422=DIRECTION('center_axis',(0.889535450050899,-0.37753519631699,0.257281671800842));
#6423=DIRECTION('ref_axis',(-0.236760536701347,0.100689323020589,0.966336436491218));
#6424=DIRECTION('',(-0.236760536701347,0.100689323020589,0.966336436491218));
#6425=DIRECTION('',(-0.236760536701347,0.100689323020589,0.966336436491218));
#6426=DIRECTION('',(-0.390731533618204,-0.920504663633785,0.000181286564780875));
#6427=DIRECTION('center_axis',(0.864957486457733,-0.367220490539347,-0.342049203987908));
#6428=DIRECTION('ref_axis',(0.31492445960434,-0.13349260487568,0.939682025573768));
#6429=DIRECTION('',(0.31492445960434,-0.13349260487568,0.939682025573768));
#6430=DIRECTION('',(0.31492445960434,-0.13349260487568,0.939682025573768));
#6431=DIRECTION('',(-0.390731533618204,-0.920504663633785,0.000181286564780875));
#6432=DIRECTION('center_axis',(-0.00089437252437138,0.00018269658532759,
-0.999999583359786));
#6433=DIRECTION('ref_axis',(0.920504246994088,-0.390731532961457,-0.000894659396681635));
#6434=DIRECTION('',(0.920504246994088,-0.390731532961457,-0.000894659396681635));
#6435=DIRECTION('',(0.920504246994088,-0.390731532961457,-0.000894659396681635));
#6436=DIRECTION('',(-0.390731533618204,-0.920504663633785,0.000181286564780875));
#6437=DIRECTION('center_axis',(-0.864455533786029,0.36700771824777,0.343543250338699));
#6438=DIRECTION('ref_axis',(-0.31629969766517,0.134076466894897,-0.939136838954741));
#6439=DIRECTION('',(0.31629969766517,-0.134076466894897,0.939136838954741));
#6440=DIRECTION('',(-0.31629969766517,0.134076466894897,-0.939136838954741));
#6441=DIRECTION('center_axis',(-0.390731533618204,-0.920504663633785,0.000181286564780875));
#6442=DIRECTION('ref_axis',(0.920504246994088,-0.390731532961457,-0.000894659396681635));
#6443=DIRECTION('center_axis',(-0.390731533618204,-0.920504663633785,0.000181286564780875));
#6444=DIRECTION('ref_axis',(0.920504246994088,-0.390731532961457,-0.000894659396681635));
#6445=DIRECTION('center_axis',(-0.390731533618204,-0.920504663633785,0.000181286564780938));
#6446=DIRECTION('ref_axis',(0.920504246994088,-0.390731532961457,-0.000894659396681727));
#6447=DIRECTION('center_axis',(-0.390731533618204,-0.920504663633785,0.000181286564780938));
#6448=DIRECTION('ref_axis',(0.920504246994088,-0.390731532961457,-0.000894659396681727));
#6449=DIRECTION('',(-0.390731533618204,-0.920504663633785,0.000181286564780939));
#6450=DIRECTION('center_axis',(-0.390731533618204,-0.920504663633785,0.000181286564780938));
#6451=DIRECTION('ref_axis',(0.920504246994088,-0.390731532961457,-0.000894659396681727));
#6452=DIRECTION('',(-0.390731533618204,-0.920504663633785,0.000181286564780939));
#6453=DIRECTION('center_axis',(-0.83391796831609,0.354060991157584,0.423345764901546));
#6454=DIRECTION('ref_axis',(-0.389755937422294,0.165263361846967,-0.905968172992356));
#6455=DIRECTION('',(0.389755937422294,-0.165263361846967,0.905968172992356));
#6456=DIRECTION('',(-0.389755937422294,0.165263361846967,-0.905968172992356));
#6457=DIRECTION('',(-0.390731533618204,-0.920504663633785,0.000181286564780939));
#6458=DIRECTION('center_axis',(0.316821039119625,-0.134297804329993,0.938929458970856));
#6459=DIRECTION('ref_axis',(-0.864264599418214,0.366926782860826,0.344109631094333));
#6460=DIRECTION('',(0.864264599418214,-0.366926782860826,-0.344109631094333));
#6461=DIRECTION('',(-0.864264599418214,0.366926782860826,0.344109631094333));
#6462=DIRECTION('',(-0.390731533618204,-0.920504663633785,0.000181286564780939));
#6463=DIRECTION('center_axis',(0.889043084457372,-0.377427903551754,-0.259134273300638));
#6464=DIRECTION('ref_axis',(0.238602729688676,-0.101090760453074,0.965841288999457));
#6465=DIRECTION('',(0.238602729688676,-0.101090760453074,0.965841288999457));
#6466=DIRECTION('',(0.238602729688676,-0.101090760453074,0.965841288999457));
#6467=DIRECTION('',(-0.390731533618204,-0.920504663633785,0.000181286564780939));
#6468=DIRECTION('center_axis',(-0.390731533618204,-0.920504663633785,0.000181286564780938));
#6469=DIRECTION('ref_axis',(0.920504246994088,-0.390731532961457,-0.000894659396681727));
#6470=DIRECTION('center_axis',(-0.390731533618204,-0.920504663633785,0.000181286564780938));
#6471=DIRECTION('ref_axis',(0.920504246994088,-0.390731532961457,-0.000894659396681727));
#6472=DIRECTION('center_axis',(-0.390731533618204,-0.920504663633785,0.000181286564780938));
#6473=DIRECTION('ref_axis',(0.920504246994088,-0.390731532961457,-0.000894659396681727));
#6474=DIRECTION('',(-0.390731533618204,-0.920504663633785,0.000181286564780939));
#6475=DIRECTION('center_axis',(-0.650322179588201,0.276185101993544,0.70767425569429));
#6476=DIRECTION('ref_axis',(-0.651467521348545,0.276392752555613,-0.706538827639865));
#6477=DIRECTION('',(0.651467521348545,-0.276392752555613,0.706538827639865));
#6478=DIRECTION('',(-0.651467521348545,0.276392752555613,-0.706538827639865));
#6479=DIRECTION('',(-0.390731533618204,-0.920504663633785,0.000181286564780939));
#6480=DIRECTION('center_axis',(0.593310294734756,-0.251695006580731,0.764612658686791));
#6481=DIRECTION('ref_axis',(-0.703783889271502,0.298865835937764,0.644490069210612));
#6482=DIRECTION('',(0.703783889271502,-0.298865835937764,-0.644490069210612));
#6483=DIRECTION('',(-0.703783889271502,0.298865835937764,0.644490069210612));
#6484=DIRECTION('',(-0.390731533618204,-0.920504663633785,0.000181286564780939));
#6485=DIRECTION('center_axis',(0.75382028621932,-0.320091139467217,-0.57384374050677));
#6486=DIRECTION('ref_axis',(0.528283867556628,-0.224082187295266,0.818964790828263));
#6487=DIRECTION('',(0.528283867556628,-0.224082187295266,0.818964790828263));
#6488=DIRECTION('',(0.528283867556628,-0.224082187295266,0.818964790828263));
#6489=DIRECTION('',(-0.390731533618204,-0.920504663633785,0.000181286564780939));
#6490=DIRECTION('center_axis',(-0.390731533618204,-0.920504663633785,0.000181286564780938));
#6491=DIRECTION('ref_axis',(0.920504246994088,-0.390731532961457,-0.000894659396681727));
#6492=DIRECTION('center_axis',(-0.390731533618204,-0.920504663633785,0.000181286564780938));
#6493=DIRECTION('ref_axis',(0.920504246994088,-0.390731532961457,-0.000894659396681727));
#6494=DIRECTION('center_axis',(-0.390731533618204,-0.920504663633785,0.000181286564780938));
#6495=DIRECTION('ref_axis',(0.920504246994088,-0.390731532961457,-0.000894659396681727));
#6496=DIRECTION('',(-0.390731533618204,-0.920504663633785,0.000181286564780939));
#6497=DIRECTION('center_axis',(-0.388287938268796,0.164997213471091,0.906646787090619));
#6498=DIRECTION('ref_axis',(-0.834602507563531,0.354185098183461,-0.421890472271464));
#6499=DIRECTION('',(0.834602507563531,-0.354185098183461,0.421890472271464));
#6500=DIRECTION('',(-0.834602507563531,0.354185098183461,-0.421890472271464));
#6501=DIRECTION('',(-0.390731533618204,-0.920504663633785,0.000181286564780939));
#6502=DIRECTION('center_axis',(0.798237572477495,-0.338734076415152,0.498072287284096));
#6503=DIRECTION('ref_axis',(-0.458416455334668,0.194757258410635,0.867135493319684));
#6504=DIRECTION('',(0.458416455334668,-0.194757258410635,-0.867135493319684));
#6505=DIRECTION('',(-0.458416455334668,0.194757258410635,0.867135493319684));
#6506=DIRECTION('',(-0.390731533618204,-0.920504663633785,0.000181286564780939));
#6507=DIRECTION('center_axis',(0.527675636260659,-0.224146659920841,-0.819339183576155));
#6508=DIRECTION('ref_axis',(0.754246174357732,-0.320045995248782,0.57330905225013));
#6509=DIRECTION('',(0.754246174357732,-0.320045995248782,0.57330905225013));
#6510=DIRECTION('',(0.754246174357732,-0.320045995248782,0.57330905225013));
#6511=DIRECTION('',(-0.390731533618204,-0.920504663633785,0.000181286564780939));
#6512=DIRECTION('center_axis',(-0.390731533618204,-0.920504663633785,0.000181286564780938));
#6513=DIRECTION('ref_axis',(0.920504246994088,-0.390731532961457,-0.000894659396681727));
#6514=DIRECTION('center_axis',(-0.390731533618204,-0.920504663633785,0.000181286564780938));
#6515=DIRECTION('ref_axis',(0.920504246994088,-0.390731532961457,-0.000894659396681727));
#6516=DIRECTION('center_axis',(-0.390731533618204,-0.920504663633785,0.000181286564780938));
#6517=DIRECTION('ref_axis',(0.920504246994088,-0.390731532961457,-0.000894659396681727));
#6518=DIRECTION('',(-0.390731533618204,-0.920504663633785,0.000181286564780939));
#6519=DIRECTION('center_axis',(-0.0794204410745212,0.0339082259044988,0.996264335282328));
#6520=DIRECTION('ref_axis',(-0.917072113945187,0.389257493755049,-0.0863558995068864));
#6521=DIRECTION('',(0.917072113945187,-0.389257493755049,0.0863558995068864));
#6522=DIRECTION('',(-0.917072113945187,0.389257493755049,-0.0863558995068864));
#6523=DIRECTION('',(-0.390731533618204,-0.920504663633785,0.000181286564780939));
#6524=DIRECTION('center_axis',(0.906885618247566,-0.384916817451367,0.171457047270856));
#6525=DIRECTION('ref_axis',(-0.157757231378139,0.067158081208172,0.985191579377504));
#6526=DIRECTION('',(0.157757231378139,-0.067158081208172,-0.985191579377504));
#6527=DIRECTION('',(-0.157757231378139,0.067158081208172,0.985191579377504));
#6528=DIRECTION('',(-0.390731533618204,-0.920504663633785,0.000181286564780939));
#6529=DIRECTION('center_axis',(0.237885516905984,-0.101166785135629,-0.966010228947755));
#6530=DIRECTION('ref_axis',(0.889235261043296,-0.377407532799458,0.25850378083016));
#6531=DIRECTION('',(0.889235261043296,-0.377407532799458,0.25850378083016));
#6532=DIRECTION('',(0.889235261043296,-0.377407532799458,0.25850378083016));
#6533=DIRECTION('',(-0.390731533618204,-0.920504663633785,0.000181286564780939));
#6534=DIRECTION('center_axis',(-0.390731533618204,-0.920504663633785,0.000181286564780938));
#6535=DIRECTION('ref_axis',(0.920504246994088,-0.390731532961457,-0.000894659396681727));
#6536=DIRECTION('center_axis',(-0.390731533618204,-0.920504663633785,0.000181286564780938));
#6537=DIRECTION('ref_axis',(0.920504246994088,-0.390731532961457,-0.000894659396681727));
#6538=DIRECTION('center_axis',(-0.390731533618204,-0.920504663633785,0.000181286564780938));
#6539=DIRECTION('ref_axis',(0.920504246994088,-0.390731532961457,-0.000894659396681727));
#6540=DIRECTION('',(-0.390731533618204,-0.920504663633785,0.000181286564780939));
#6541=DIRECTION('center_axis',(0.239026333434215,-0.101270594138292,0.965717701343344));
#6542=DIRECTION('ref_axis',(-0.888929288842122,0.377379690751012,0.259594469215561));
#6543=DIRECTION('',(0.888929288842122,-0.377379690751012,-0.259594469215561));
#6544=DIRECTION('',(-0.888929288842122,0.377379690751012,0.259594469215561));
#6545=DIRECTION('',(-0.390731533618204,-0.920504663633785,0.000181286564780939));
#6546=DIRECTION('center_axis',(0.906149874250715,-0.384672909535742,-0.175838443079775));
#6547=DIRECTION('ref_axis',(0.161929842931371,-0.0685413517357183,0.984419021083229));
#6548=DIRECTION('',(-0.161929842931371,0.0685413517357183,-0.984419021083229));
#6549=DIRECTION('',(0.161929842931371,-0.0685413517357183,0.984419021083229));
#6550=DIRECTION('',(-0.390731533618204,-0.920504663633785,0.000181286564780939));
#6551=DIRECTION('center_axis',(-0.0805971066038733,0.0340152969996741,-0.99616618391567));
#6552=DIRECTION('ref_axis',(0.916969451532302,-0.389248151952551,-0.0874808616674161));
#6553=DIRECTION('',(0.916969451532301,-0.389248151952552,-0.0874808616674161));
#6554=DIRECTION('',(0.916969451532301,-0.389248151952552,-0.0874808616674161));
#6555=DIRECTION('',(-0.390731533618204,-0.920504663633785,0.000181286564780939));
#6556=DIRECTION('center_axis',(-0.390731533618204,-0.920504663633785,0.000181286564780938));
#6557=DIRECTION('ref_axis',(0.920504246994088,-0.390731532961457,-0.000894659396681727));
#6558=DIRECTION('center_axis',(-0.390731533618204,-0.920504663633785,0.000181286564780938));
#6559=DIRECTION('ref_axis',(0.920504246994088,-0.390731532961457,-0.000894659396681727));
#6560=DIRECTION('center_axis',(-0.390731533618204,-0.920504663633785,0.000181286564780938));
#6561=DIRECTION('ref_axis',(0.920504246994088,-0.390731532961457,-0.000894659396681727));
#6562=DIRECTION('',(-0.390731533618204,-0.920504663633785,0.000181286564780939));
#6563=DIRECTION('center_axis',(0.528643004477813,-0.224234685933217,0.818691260147012));
#6564=DIRECTION('ref_axis',(-0.753568472305627,0.319984327511339,0.574233913744286));
#6565=DIRECTION('',(0.753568472305627,-0.319984327511339,-0.574233913744286));
#6566=DIRECTION('',(-0.753568472305627,0.319984327511339,0.574233913744286));
#6567=DIRECTION('',(-0.390731533618204,-0.920504663633785,0.000181286564780939));
#6568=DIRECTION('center_axis',(0.796119082071385,-0.338031771562596,-0.50192522209595));
#6569=DIRECTION('ref_axis',(0.462085788353398,-0.195973686097663,0.86491100036889));
#6570=DIRECTION('',(-0.462085788353398,0.195973686097663,-0.86491100036889));
#6571=DIRECTION('',(0.462085788353398,-0.195973686097663,0.86491100036889));
#6572=DIRECTION('',(-0.390731533618204,-0.920504663633785,0.000181286564780939));
#6573=DIRECTION('center_axis',(-0.389358529570693,0.165094632304498,-0.90616979525627));
#6574=DIRECTION('ref_axis',(0.834103593138714,-0.35413969928927,-0.422914021167886));
#6575=DIRECTION('',(0.834103593138714,-0.354139699289271,-0.422914021167886));
#6576=DIRECTION('',(0.834103593138714,-0.354139699289271,-0.422914021167886));
#6577=DIRECTION('',(-0.390731533618204,-0.920504663633785,0.000181286564780939));
#6578=DIRECTION('center_axis',(-0.390731533618204,-0.920504663633785,0.000181286564780938));
#6579=DIRECTION('ref_axis',(0.920504246994088,-0.390731532961457,-0.000894659396681727));
#6580=DIRECTION('center_axis',(-0.390731533618204,-0.920504663633785,0.000181286564780938));
#6581=DIRECTION('ref_axis',(0.920504246994088,-0.390731532961457,-0.000894659396681727));
#6582=DIRECTION('center_axis',(-0.390731533618204,-0.920504663633785,0.000181286564780938));
#6583=DIRECTION('ref_axis',(0.920504246994088,-0.390731532961457,-0.000894659396681727));
#6584=DIRECTION('',(-0.390731533618204,-0.920504663633785,0.000181286564780939));
#6585=DIRECTION('center_axis',(0.754497527241569,-0.320152765253085,0.572918570380784));
#6586=DIRECTION('ref_axis',(-0.527316176522894,0.223994131908082,0.81961227348547));
#6587=DIRECTION('',(0.527316176522894,-0.223994131908082,-0.81961227348547));
#6588=DIRECTION('',(-0.527316176522894,0.223994131908082,0.81961227348547));
#6589=DIRECTION('',(-0.390731533618204,-0.920504663633785,0.000181286564780939));
#6590=DIRECTION('center_axis',(0.590064579127934,-0.250619013121372,-0.767472411700019));
#6591=DIRECTION('ref_axis',(0.706507368040093,-0.299768701652661,0.641081948283164));
#6592=DIRECTION('',(-0.706507368040093,0.299768701652661,-0.641081948283164));
#6593=DIRECTION('',(0.706507368040093,-0.299768701652661,0.641081948283164));
#6594=DIRECTION('',(-0.390731533618204,-0.920504663633785,0.000181286564780939));
#6595=DIRECTION('center_axis',(-0.651157567551389,0.276261118416125,-0.706875955647121));
#6596=DIRECTION('ref_axis',(0.650632531354623,-0.276316772346386,-0.707337508169297));
#6597=DIRECTION('',(0.650632531354623,-0.276316772346386,-0.707337508169297));
#6598=DIRECTION('',(0.650632531354623,-0.276316772346386,-0.707337508169297));
#6599=DIRECTION('',(-0.390731533618204,-0.920504663633785,0.000181286564780939));
#6600=DIRECTION('center_axis',(-0.390731533618204,-0.920504663633785,0.000181286564780938));
#6601=DIRECTION('ref_axis',(0.920504246994088,-0.390731532961457,-0.000894659396681727));
#6602=DIRECTION('center_axis',(-0.390731533618204,-0.920504663633785,0.000181286564780938));
#6603=DIRECTION('ref_axis',(0.920504246994088,-0.390731532961457,-0.000894659396681727));
#6604=DIRECTION('center_axis',(-0.390731533618204,-0.920504663633785,0.000181286564780938));
#6605=DIRECTION('ref_axis',(0.920504246994088,-0.390731532961457,-0.000894659396681727));
#6606=DIRECTION('',(-0.390731533618204,-0.920504663633785,0.000181286564780939));
#6607=DIRECTION('center_axis',(0.889348513022422,-0.377455696131839,0.258043445649055));
#6608=DIRECTION('ref_axis',(-0.237461767493577,0.1009869381954,0.966133296855431));
#6609=DIRECTION('',(0.237461767493577,-0.1009869381954,-0.966133296855431));
#6610=DIRECTION('',(-0.237461767493577,0.1009869381954,0.966133296855431));
#6611=DIRECTION('',(-0.390731533618204,-0.920504663633785,0.000181286564780939));
#6612=DIRECTION('center_axis',(0.312839579515959,-0.132977902955011,-0.940451101766575));
#6613=DIRECTION('ref_axis',(0.865713732202882,-0.367407187673486,0.339928951872617));
#6614=DIRECTION('',(-0.865713732202882,0.367407187673486,-0.339928951872617));
#6615=DIRECTION('',(0.865713732202882,-0.367407187673486,0.339928951872617));
#6616=DIRECTION('',(-0.390731533618204,-0.920504663633785,0.000181286564780939));
#6617=DIRECTION('center_axis',(-0.834417392823194,0.354106436466892,-0.422322443408899));
#6618=DIRECTION('ref_axis',(0.388685583975673,-0.165165964657285,-0.90644565249568));
#6619=DIRECTION('',(0.388685583975673,-0.165165964657285,-0.90644565249568));
#6620=DIRECTION('',(0.388685583975673,-0.165165964657285,-0.90644565249568));
#6621=DIRECTION('',(-0.390731533618204,-0.920504663633785,0.000181286564780939));
#6622=DIRECTION('center_axis',(-0.390731533618204,-0.920504663633785,0.000181286564780938));
#6623=DIRECTION('ref_axis',(0.920504246994088,-0.390731532961457,-0.000894659396681727));
#6624=DIRECTION('center_axis',(-0.390731533618204,-0.920504663633785,0.000181286564780938));
#6625=DIRECTION('ref_axis',(0.920504246994088,-0.390731532961457,-0.000894659396681727));
#6626=DIRECTION('center_axis',(-0.390731533618204,-0.920504663633785,0.000181286564780938));
#6627=DIRECTION('ref_axis',(0.920504246994088,-0.390731532961457,-0.000894659396681727));
#6628=DIRECTION('',(-0.390731533618204,-0.920504663633785,0.000181286564780939));
#6629=DIRECTION('center_axis',(0.91693094274661,-0.389231899404308,-0.087955526943608));
#6630=DIRECTION('ref_axis',(0.0810340352579043,-0.0342007706721214,0.996124386015749));
#6631=DIRECTION('',(-0.0810340352579043,0.0342007706721214,-0.996124386015749));
#6632=DIRECTION('',(0.0810340352579043,-0.0342007706721214,0.996124386015749));
#6633=DIRECTION('',(-0.390731533618204,-0.920504663633785,0.000181286564780939));
#6634=DIRECTION('center_axis',(-0.00211849040611353,0.000702304852556818,
-0.999997509380045));
#6635=DIRECTION('ref_axis',(0.920502243688067,-0.390730944508298,-0.00222449295079797));
#6636=DIRECTION('',(-0.920502243688067,0.390730944508298,0.00222449295079797));
#6637=DIRECTION('',(0.920502243688067,-0.390730944508298,-0.00222449295079797));
#6638=DIRECTION('',(-0.390731533618204,-0.920504663633785,0.000181286564780939));
#6639=DIRECTION('center_axis',(-0.917034165831353,0.38924129222534,-0.0868306116801165));
#6640=DIRECTION('ref_axis',(0.0798574187809829,-0.0340937040404889,-0.996223073418016));
#6641=DIRECTION('',(0.0798574187809829,-0.0340937040404889,-0.996223073418016));
#6642=DIRECTION('',(0.0798574187809829,-0.0340937040404889,-0.996223073418016));
#6643=DIRECTION('',(-0.390731533618204,-0.920504663633785,0.000181286564780939));
#6644=DIRECTION('center_axis',(-0.390731533618204,-0.920504663633785,0.000181286564780938));
#6645=DIRECTION('ref_axis',(0.920504246994088,-0.390731532961457,-0.000894659396681727));
#6646=DIRECTION('center_axis',(-0.390731533618204,-0.920504663633785,0.000181286564780938));
#6647=DIRECTION('ref_axis',(0.920504246994088,-0.390731532961457,-0.000894659396681727));
#6648=DIRECTION('center_axis',(-0.390731533618204,-0.920504663633785,0.000181286564780938));
#6649=DIRECTION('ref_axis',(0.920504246994088,-0.390731532961457,-0.000894659396681727));
#6650=DIRECTION('',(-0.390731533618204,-0.920504663633785,0.000181286564780939));
#6651=DIRECTION('center_axis',(0.83391796831609,-0.354060991157584,-0.423345764901545));
#6652=DIRECTION('ref_axis',(0.389755937422293,-0.165263361846967,0.905968172992356));
#6653=DIRECTION('',(-0.389755937422294,0.165263361846967,-0.905968172992356));
#6654=DIRECTION('',(0.389755937422294,-0.165263361846967,0.905968172992356));
#6655=DIRECTION('',(-0.390731533618204,-0.920504663633785,0.000181286564780939));
#6656=DIRECTION('center_axis',(-0.316821039119625,0.134297804329993,-0.938929458970856));
#6657=DIRECTION('ref_axis',(0.864264599418214,-0.366926782860826,-0.344109631094333));
#6658=DIRECTION('',(-0.864264599418214,0.366926782860826,0.344109631094333));
#6659=DIRECTION('',(0.864264599418214,-0.366926782860826,-0.344109631094333));
#6660=DIRECTION('',(-0.390731533618204,-0.920504663633785,0.000181286564780939));
#6661=DIRECTION('center_axis',(-0.889043084457372,0.377427903551753,0.25913427330064));
#6662=DIRECTION('ref_axis',(-0.238602729688678,0.101090760453074,-0.965841288999456));
#6663=DIRECTION('',(-0.238602729688678,0.101090760453074,-0.965841288999456));
#6664=DIRECTION('',(-0.238602729688678,0.101090760453074,-0.965841288999456));
#6665=DIRECTION('',(-0.390731533618204,-0.920504663633785,0.000181286564780939));
#6666=DIRECTION('center_axis',(-0.390731533618204,-0.920504663633785,0.000181286564780938));
#6667=DIRECTION('ref_axis',(0.920504246994088,-0.390731532961457,-0.000894659396681727));
#6668=DIRECTION('center_axis',(-0.390731533618204,-0.920504663633785,0.000181286564780938));
#6669=DIRECTION('ref_axis',(0.920504246994088,-0.390731532961457,-0.000894659396681727));
#6670=DIRECTION('center_axis',(-0.390731533618204,-0.920504663633785,0.000181286564780938));
#6671=DIRECTION('ref_axis',(0.920504246994088,-0.390731532961457,-0.000894659396681727));
#6672=DIRECTION('',(-0.390731533618204,-0.920504663633785,0.000181286564780939));
#6673=DIRECTION('center_axis',(0.650322179588204,-0.276185101993545,-0.707674255694287));
#6674=DIRECTION('ref_axis',(0.651467521348543,-0.276392752555611,0.706538827639868));
#6675=DIRECTION('',(-0.651467521348543,0.276392752555611,-0.706538827639868));
#6676=DIRECTION('',(0.651467521348543,-0.276392752555611,0.706538827639868));
#6677=DIRECTION('',(-0.390731533618204,-0.920504663633785,0.000181286564780939));
#6678=DIRECTION('center_axis',(-0.593310294734752,0.251695006580729,-0.764612658686795));
#6679=DIRECTION('ref_axis',(0.703783889271506,-0.298865835937766,-0.644490069210607));
#6680=DIRECTION('',(-0.703783889271506,0.298865835937766,0.644490069210607));
#6681=DIRECTION('',(0.703783889271506,-0.298865835937766,-0.644490069210607));
#6682=DIRECTION('',(-0.390731533618204,-0.920504663633785,0.000181286564780939));
#6683=DIRECTION('center_axis',(-0.75382028621932,0.320091139467217,0.57384374050677));
#6684=DIRECTION('ref_axis',(-0.528283867556628,0.224082187295266,-0.818964790828263));
#6685=DIRECTION('',(-0.528283867556628,0.224082187295266,-0.818964790828263));
#6686=DIRECTION('',(-0.528283867556628,0.224082187295266,-0.818964790828263));
#6687=DIRECTION('',(-0.390731533618204,-0.920504663633785,0.000181286564780939));
#6688=DIRECTION('center_axis',(-0.390731533618204,-0.920504663633785,0.000181286564780938));
#6689=DIRECTION('ref_axis',(0.920504246994088,-0.390731532961457,-0.000894659396681727));
#6690=DIRECTION('center_axis',(-0.390731533618204,-0.920504663633785,0.000181286564780938));
#6691=DIRECTION('ref_axis',(0.920504246994088,-0.390731532961457,-0.000894659396681727));
#6692=DIRECTION('center_axis',(-0.390731533618204,-0.920504663633785,0.000181286564780938));
#6693=DIRECTION('ref_axis',(0.920504246994088,-0.390731532961457,-0.000894659396681727));
#6694=DIRECTION('',(-0.390731533618204,-0.920504663633785,0.000181286564780939));
#6695=DIRECTION('center_axis',(0.388287938268793,-0.16499721347109,-0.906646787090621));
#6696=DIRECTION('ref_axis',(0.834602507563532,-0.354185098183461,0.42189047227146));
#6697=DIRECTION('',(-0.834602507563532,0.354185098183461,-0.42189047227146));
#6698=DIRECTION('',(0.834602507563532,-0.354185098183461,0.42189047227146));
#6699=DIRECTION('',(-0.390731533618204,-0.920504663633785,0.000181286564780939));
#6700=DIRECTION('center_axis',(-0.798237572477505,0.338734076415156,-0.498072287284077));
#6701=DIRECTION('ref_axis',(0.458416455334651,-0.194757258410628,-0.867135493319694));
#6702=DIRECTION('',(-0.458416455334651,0.194757258410628,0.867135493319694));
#6703=DIRECTION('',(0.458416455334651,-0.194757258410628,-0.867135493319694));
#6704=DIRECTION('',(-0.390731533618204,-0.920504663633785,0.000181286564780939));
#6705=DIRECTION('center_axis',(-0.52767563626066,0.224146659920841,0.819339183576154));
#6706=DIRECTION('ref_axis',(-0.754246174357732,0.320045995248782,-0.573309052250131));
#6707=DIRECTION('',(-0.754246174357731,0.320045995248782,-0.573309052250131));
#6708=DIRECTION('',(-0.754246174357731,0.320045995248782,-0.573309052250131));
#6709=DIRECTION('',(-0.390731533618204,-0.920504663633785,0.000181286564780939));
#6710=DIRECTION('center_axis',(-0.390731533618204,-0.920504663633785,0.000181286564780938));
#6711=DIRECTION('ref_axis',(0.920504246994088,-0.390731532961457,-0.000894659396681727));
#6712=DIRECTION('center_axis',(-0.390731533618204,-0.920504663633785,0.000181286564780938));
#6713=DIRECTION('ref_axis',(0.920504246994088,-0.390731532961457,-0.000894659396681727));
#6714=DIRECTION('center_axis',(-0.390731533618204,-0.920504663633785,0.000181286564780938));
#6715=DIRECTION('ref_axis',(0.920504246994088,-0.390731532961457,-0.000894659396681727));
#6716=DIRECTION('',(-0.390731533618204,-0.920504663633785,0.000181286564780939));
#6717=DIRECTION('center_axis',(0.0794204410745212,-0.0339082259044988,-0.996264335282328));
#6718=DIRECTION('ref_axis',(0.917072113945187,-0.389257493755049,0.0863558995068864));
#6719=DIRECTION('',(-0.917072113945187,0.389257493755049,-0.0863558995068864));
#6720=DIRECTION('',(0.917072113945187,-0.389257493755049,0.0863558995068864));
#6721=DIRECTION('',(-0.390731533618204,-0.920504663633785,0.000181286564780939));
#6722=DIRECTION('center_axis',(-0.906885618247568,0.384916817451368,-0.171457047270844));
#6723=DIRECTION('ref_axis',(0.157757231378128,-0.0671580812081673,-0.985191579377506));
#6724=DIRECTION('',(-0.157757231378128,0.0671580812081672,0.985191579377506));
#6725=DIRECTION('',(0.157757231378128,-0.0671580812081672,-0.985191579377506));
#6726=DIRECTION('',(-0.390731533618204,-0.920504663633785,0.000181286564780939));
#6727=DIRECTION('center_axis',(-0.237885516905984,0.101166785135629,0.966010228947755));
#6728=DIRECTION('ref_axis',(-0.889235261043296,0.377407532799458,-0.25850378083016));
#6729=DIRECTION('',(-0.889235261043296,0.377407532799458,-0.25850378083016));
#6730=DIRECTION('',(-0.889235261043296,0.377407532799458,-0.25850378083016));
#6731=DIRECTION('',(-0.390731533618204,-0.920504663633785,0.000181286564780939));
#6732=DIRECTION('center_axis',(-0.390731533618204,-0.920504663633785,0.000181286564780938));
#6733=DIRECTION('ref_axis',(-0.920503541644974,0.390731352136484,0.00149675537570195));
#6734=DIRECTION('center_axis',(-0.390731533618204,-0.920504663633785,0.000181286564780938));
#6735=DIRECTION('ref_axis',(0.920504246994088,-0.390731532961457,-0.000894659396681727));
#6736=DIRECTION('center_axis',(-0.390731533618204,-0.920504663633785,0.000181286564780938));
#6737=DIRECTION('ref_axis',(0.920504246994088,-0.390731532961457,-0.000894659396681727));
#6738=DIRECTION('',(-0.390731533618204,-0.920504663633785,0.000181286564780939));
#6739=DIRECTION('center_axis',(-0.239026333434221,0.101270594138295,-0.965717701343343));
#6740=DIRECTION('ref_axis',(0.888929288842121,-0.377379690751012,-0.259594469215567));
#6741=DIRECTION('',(-0.888929288842121,0.377379690751012,0.259594469215567));
#6742=DIRECTION('',(0.888929288842121,-0.377379690751012,-0.259594469215567));
#6743=DIRECTION('',(-0.390731533618204,-0.920504663633785,0.000181286564780939));
#6744=DIRECTION('center_axis',(-0.906149874250715,0.384672909535742,0.175838443079778));
#6745=DIRECTION('ref_axis',(-0.161929842931373,0.0685413517357191,-0.984419021083228));
#6746=DIRECTION('',(0.161929842931373,-0.0685413517357192,0.984419021083228));
#6747=DIRECTION('',(-0.161929842931373,0.0685413517357192,-0.984419021083228));
#6748=DIRECTION('',(-0.390731533618204,-0.920504663633785,0.000181286564780939));
#6749=DIRECTION('center_axis',(0.0805971066038734,-0.0340152969996742,0.99616618391567));
#6750=DIRECTION('ref_axis',(-0.916969451532302,0.389248151952551,0.0874808616674163));
#6751=DIRECTION('',(-0.916969451532301,0.389248151952552,0.0874808616674163));
#6752=DIRECTION('',(-0.916969451532301,0.389248151952552,0.0874808616674163));
#6753=DIRECTION('',(-0.390731533618204,-0.920504663633785,0.000181286564780939));
#6754=DIRECTION('center_axis',(-0.390731533618204,-0.920504663633785,0.000181286564780938));
#6755=DIRECTION('ref_axis',(0.920504246994088,-0.390731532961457,-0.000894659396681727));
#6756=DIRECTION('center_axis',(-0.390731533618204,-0.920504663633785,0.000181286564780938));
#6757=DIRECTION('ref_axis',(0.920504246994088,-0.390731532961457,-0.000894659396681727));
#6758=DIRECTION('center_axis',(-0.390731533618204,-0.920504663633785,0.000181286564780938));
#6759=DIRECTION('ref_axis',(0.920504246994088,-0.390731532961457,-0.000894659396681727));
#6760=DIRECTION('',(-0.390731533618204,-0.920504663633785,0.000181286564780939));
#6761=DIRECTION('center_axis',(-0.528643004477813,0.224234685933217,-0.818691260147012));
#6762=DIRECTION('ref_axis',(0.753568472305627,-0.319984327511339,-0.574233913744286));
#6763=DIRECTION('',(-0.753568472305627,0.319984327511339,0.574233913744286));
#6764=DIRECTION('',(0.753568472305627,-0.319984327511339,-0.574233913744286));
#6765=DIRECTION('',(-0.390731533618204,-0.920504663633785,0.000181286564780939));
#6766=DIRECTION('center_axis',(-0.796119082071388,0.338031771562597,0.501925222095944));
#6767=DIRECTION('ref_axis',(-0.462085788353393,0.195973686097661,-0.864911000368893));
#6768=DIRECTION('',(0.462085788353393,-0.195973686097661,0.864911000368893));
#6769=DIRECTION('',(-0.462085788353393,0.195973686097661,-0.864911000368893));
#6770=DIRECTION('',(-0.390731533618204,-0.920504663633785,0.000181286564780939));
#6771=DIRECTION('center_axis',(0.389358529570694,-0.165094632304499,0.90616979525627));
#6772=DIRECTION('ref_axis',(-0.834103593138714,0.35413969928927,0.422914021167887));
#6773=DIRECTION('',(-0.834103593138714,0.35413969928927,0.422914021167887));
#6774=DIRECTION('',(-0.834103593138714,0.35413969928927,0.422914021167887));
#6775=DIRECTION('',(-0.390731533618204,-0.920504663633785,0.000181286564780939));
#6776=DIRECTION('center_axis',(-0.390731533618204,-0.920504663633785,0.000181286564780938));
#6777=DIRECTION('ref_axis',(0.920504246994088,-0.390731532961457,-0.000894659396681727));
#6778=DIRECTION('center_axis',(-0.390731533618204,-0.920504663633785,0.000181286564780938));
#6779=DIRECTION('ref_axis',(0.920504246994088,-0.390731532961457,-0.000894659396681727));
#6780=DIRECTION('center_axis',(-0.390731533618204,-0.920504663633785,0.000181286564780938));
#6781=DIRECTION('ref_axis',(0.920504246994088,-0.390731532961457,-0.000894659396681727));
#6782=DIRECTION('',(-0.390731533618204,-0.920504663633785,0.000181286564780939));
#6783=DIRECTION('center_axis',(-0.754497527241569,0.320152765253085,-0.572918570380784));
#6784=DIRECTION('ref_axis',(0.527316176522894,-0.223994131908082,-0.81961227348547));
#6785=DIRECTION('',(-0.527316176522894,0.223994131908082,0.81961227348547));
#6786=DIRECTION('',(0.527316176522894,-0.223994131908082,-0.81961227348547));
#6787=DIRECTION('',(-0.390731533618204,-0.920504663633785,0.000181286564780939));
#6788=DIRECTION('center_axis',(-0.590064579127934,0.250619013121372,0.767472411700019));
#6789=DIRECTION('ref_axis',(-0.706507368040093,0.299768701652661,-0.641081948283164));
#6790=DIRECTION('',(0.706507368040093,-0.299768701652661,0.641081948283164));
#6791=DIRECTION('',(-0.706507368040093,0.299768701652661,-0.641081948283164));
#6792=DIRECTION('',(-0.390731533618204,-0.920504663633785,0.000181286564780939));
#6793=DIRECTION('center_axis',(0.651157567551389,-0.276261118416125,0.706875955647121));
#6794=DIRECTION('ref_axis',(-0.650632531354623,0.276316772346386,0.707337508169297));
#6795=DIRECTION('',(-0.650632531354623,0.276316772346386,0.707337508169297));
#6796=DIRECTION('',(-0.650632531354623,0.276316772346386,0.707337508169297));
#6797=DIRECTION('',(-0.390731533618204,-0.920504663633785,0.000181286564780939));
#6798=DIRECTION('center_axis',(-0.390731533618204,-0.920504663633785,0.000181286564780938));
#6799=DIRECTION('ref_axis',(0.920504246994088,-0.390731532961457,-0.000894659396681727));
#6800=DIRECTION('center_axis',(-0.390731533618204,-0.920504663633785,0.000181286564780938));
#6801=DIRECTION('ref_axis',(0.920504246994088,-0.390731532961457,-0.000894659396681727));
#6802=DIRECTION('center_axis',(-0.390731533618204,-0.920504663633785,0.000181286564780938));
#6803=DIRECTION('ref_axis',(0.920504246994088,-0.390731532961457,-0.000894659396681727));
#6804=DIRECTION('',(-0.390731533618204,-0.920504663633785,0.000181286564780939));
#6805=DIRECTION('center_axis',(-0.889348513022422,0.377455696131839,-0.258043445649055));
#6806=DIRECTION('ref_axis',(0.237461767493577,-0.1009869381954,-0.966133296855431));
#6807=DIRECTION('',(-0.237461767493577,0.1009869381954,0.966133296855431));
#6808=DIRECTION('',(0.237461767493577,-0.1009869381954,-0.966133296855431));
#6809=DIRECTION('',(-0.390731533618204,-0.920504663633785,0.000181286564780939));
#6810=DIRECTION('center_axis',(-0.312839579515964,0.132977902955013,0.940451101766573));
#6811=DIRECTION('ref_axis',(-0.865713732202881,0.367407187673485,-0.339928951872623));
#6812=DIRECTION('',(0.865713732202881,-0.367407187673485,0.339928951872623));
#6813=DIRECTION('',(-0.865713732202881,0.367407187673485,-0.339928951872623));
#6814=DIRECTION('',(-0.390731533618204,-0.920504663633785,0.000181286564780939));
#6815=DIRECTION('center_axis',(0.834417392823193,-0.354106436466892,0.422322443408901));
#6816=DIRECTION('ref_axis',(-0.388685583975674,0.165165964657286,0.906445652495679));
#6817=DIRECTION('',(-0.388685583975674,0.165165964657286,0.906445652495679));
#6818=DIRECTION('',(-0.388685583975674,0.165165964657286,0.906445652495679));
#6819=DIRECTION('',(-0.390731533618204,-0.920504663633785,0.000181286564780939));
#6820=DIRECTION('center_axis',(-0.390731533618204,-0.920504663633785,0.000181286564780938));
#6821=DIRECTION('ref_axis',(0.920504246994088,-0.390731532961457,-0.000894659396681727));
#6822=DIRECTION('center_axis',(-0.390731533618204,-0.920504663633785,0.000181286564780938));
#6823=DIRECTION('ref_axis',(0.920504246994088,-0.390731532961457,-0.000894659396681727));
#6824=DIRECTION('center_axis',(-0.390731533618204,-0.920504663633785,0.000181286564780938));
#6825=DIRECTION('ref_axis',(0.920504246994088,-0.390731532961457,-0.000894659396681727));
#6826=DIRECTION('',(-0.390731533618204,-0.920504663633785,0.000181286564780939));
#6827=DIRECTION('center_axis',(-0.91693094274661,0.389231899404308,0.087955526943608));
#6828=DIRECTION('ref_axis',(-0.0810340352579043,0.0342007706721214,-0.996124386015749));
#6829=DIRECTION('',(0.0810340352579043,-0.0342007706721214,0.996124386015749));
#6830=DIRECTION('',(-0.0810340352579043,0.0342007706721214,-0.996124386015749));
#6831=DIRECTION('',(-0.390731533618204,-0.920504663633785,0.000181286564780939));
#6832=DIRECTION('center_axis',(0.00211849040611353,-0.000702304852556818,
0.999997509380045));
#6833=DIRECTION('ref_axis',(-0.920502243688067,0.390730944508298,0.00222449295079797));
#6834=DIRECTION('',(0.920502243688067,-0.390730944508298,-0.00222449295079797));
#6835=DIRECTION('',(-0.920502243688067,0.390730944508298,0.00222449295079797));
#6836=DIRECTION('',(-0.390731533618204,-0.920504663633785,0.000181286564780939));
#6837=DIRECTION('center_axis',(0.917034165831353,-0.38924129222534,0.0868306116801165));
#6838=DIRECTION('ref_axis',(-0.0798574187809829,0.0340937040404889,0.996223073418016));
#6839=DIRECTION('',(-0.0798574187809829,0.0340937040404889,0.996223073418016));
#6840=DIRECTION('',(-0.0798574187809829,0.0340937040404889,0.996223073418016));
#6841=DIRECTION('center_axis',(-0.390731533618204,-0.920504663633785,0.000181286564780938));
#6842=DIRECTION('ref_axis',(0.920504246994088,-0.390731532961457,-0.000894659396681726));
#6843=DIRECTION('center_axis',(-0.390731533618204,-0.920504663633785,0.000181286564780938));
#6844=DIRECTION('ref_axis',(0.920504246994088,-0.390731532961457,-0.000894659396681726));
#6845=DIRECTION('center_axis',(-0.390731533618204,-0.920504663633785,0.000181286564780875));
#6846=DIRECTION('ref_axis',(-0.920504246994089,0.390731532961457,0.000894659396681635));
#6847=DIRECTION('center_axis',(-0.390731533618204,-0.920504663633785,0.000181286564780875));
#6848=DIRECTION('ref_axis',(-0.920504246994088,0.390731532961457,0.000894659396681635));
#6849=DIRECTION('center_axis',(-0.390731533618204,-0.920504663633785,0.000181286564780875));
#6850=DIRECTION('ref_axis',(-0.920504246994088,0.390731532961457,0.000894659396681635));
#6851=DIRECTION('center_axis',(0.390731533618204,0.920504663633785,-0.000181286564780875));
#6852=DIRECTION('ref_axis',(-0.920504246994088,0.390731532961457,0.000894659396681635));
#6853=DIRECTION('center_axis',(-0.390731533618204,-0.920504663633785,0.000181286564780875));
#6854=DIRECTION('ref_axis',(-0.920504246994088,0.390731532961457,0.000894659396681635));
#6855=DIRECTION('',(0.390731533618204,0.920504663633785,-0.000181286564780874));
#6856=CARTESIAN_POINT('',(0.,0.,0.));
#6857=CARTESIAN_POINT('Origin',(-2.79014758680681,0.0201537287708404,3.80133149362462));
#6858=CARTESIAN_POINT('',(-2.3708126277265,-0.252165788736673,3.80185348748375));
#6859=CARTESIAN_POINT('',(-2.79014758680681,0.0201537287708398,3.80133149362462));
#6860=CARTESIAN_POINT('',(-2.3708126277265,-0.252165788736673,3.80185348748375));
#6861=CARTESIAN_POINT('',(-2.37143503404321,-0.252165788736673,4.30185310009398));
#6862=CARTESIAN_POINT('',(-2.3708126277265,-0.252165788736673,3.80185348748375));
#6863=CARTESIAN_POINT('',(-2.79076999312352,0.0201537287708397,4.30133110623485));
#6864=CARTESIAN_POINT('',(-2.37143503404321,-0.252165788736673,4.30185310009398));
#6865=CARTESIAN_POINT('',(-2.79014758680681,0.0201537287708398,3.80133149362462));
#6866=CARTESIAN_POINT('Origin',(-1.82748760173595,0.58448203096744,3.80252982586417));
#6867=CARTESIAN_POINT('',(-1.82748760173595,0.58448203096744,3.80252982586417));
#6868=CARTESIAN_POINT('',(-2.24682256081626,0.856801548474952,3.80200783200504));
#6869=CARTESIAN_POINT('',(-1.82748760173595,0.58448203096744,3.80252982586417));
#6870=CARTESIAN_POINT('',(-2.24744496713297,0.856801548474952,4.30200744461527));
#6871=CARTESIAN_POINT('',(-2.24682256081626,0.856801548474952,3.80200783200504));
#6872=CARTESIAN_POINT('',(-1.82811000805266,0.58448203096744,4.30252943847439));
#6873=CARTESIAN_POINT('',(-1.82811000805266,0.58448203096744,4.30252943847439));
#6874=CARTESIAN_POINT('',(-1.82748760173595,0.58448203096744,3.80252982586417));
#6875=CARTESIAN_POINT('Origin',(-2.37143503404321,-0.252165788736673,4.30185310009398));
#6876=CARTESIAN_POINT('',(-1.82811000805266,0.58448203096744,4.30252943847439));
#6877=CARTESIAN_POINT('',(-2.24744496713297,0.856801548474952,4.30200744461527));
#6878=CARTESIAN_POINT('Origin',(-1.82748760173595,0.58448203096744,3.80252982586417));
#6879=CARTESIAN_POINT('',(-2.10527827190468,0.153016894072248,1.86948296165957));
#6880=CARTESIAN_POINT('',(-2.10527827190468,0.153016894072248,1.86948296165957));
#6881=CARTESIAN_POINT('',(-2.52461323098499,0.425336411579762,1.86896096780044));
#6882=CARTESIAN_POINT('',(-2.10527827190468,0.153016894072248,1.86948296165957));
#6883=CARTESIAN_POINT('',(-2.52461323098499,0.425336411579762,1.86896096780044));
#6884=CARTESIAN_POINT('Origin',(-2.64828906675591,-0.683147345765955,1.86865362112637));
#6885=CARTESIAN_POINT('',(-2.64828906675591,-0.683147345765955,1.86865362112637));
#6886=CARTESIAN_POINT('',(-2.64828906675591,-0.683147345765955,1.86865362112637));
#6887=CARTESIAN_POINT('',(-3.06762402583623,-0.410827828258442,1.86813162726725));
#6888=CARTESIAN_POINT('',(-3.06762402583623,-0.410827828258442,1.86813162726725));
#6889=CARTESIAN_POINT('',(-2.64828906675591,-0.683147345765955,1.86865362112637));
#6890=CARTESIAN_POINT('Origin',(-2.27300510952447,-0.10886227078187,-0.0100051036278683));
#6891=CARTESIAN_POINT('',(-2.27300510952447,-0.10886227078187,-0.0100051036278683));
#6892=CARTESIAN_POINT('',(-2.27300510952447,-0.10886227078187,-0.0100051036278683));
#6893=CARTESIAN_POINT('',(-2.69234006860478,0.163457246725644,-0.0105270974869936));
#6894=CARTESIAN_POINT('',(-2.69234006860478,0.163457246725644,-0.0105270974869936));
#6895=CARTESIAN_POINT('',(-2.27300510952447,-0.10886227078187,-0.0100051036278683));
#6896=CARTESIAN_POINT('Origin',(-1.72836845063628,0.729807674144314,-0.00808231887138842));
#6897=CARTESIAN_POINT('',(-1.72836845063628,0.729807674144314,-0.00808231887138842));
#6898=CARTESIAN_POINT('',(-1.72836845063628,0.729807674144314,-0.00808231887138842));
#6899=CARTESIAN_POINT('',(-2.14770340971659,1.00212719165183,-0.00860431273051377));
#6900=CARTESIAN_POINT('',(-2.14770340971659,1.00212719165183,-0.00860431273051377));
#6901=CARTESIAN_POINT('',(-1.72836845063628,0.729807674144314,-0.00808231887138842));
#6902=CARTESIAN_POINT('Origin',(-2.10527827190468,0.153016894072248,1.86948296165957));
#6903=CARTESIAN_POINT('',(-1.72836845063628,0.729807674144314,-0.00808231887138842));
#6904=CARTESIAN_POINT('',(-2.14770340971659,1.00212719165183,-0.00860431273051377));
#6905=CARTESIAN_POINT('Origin',(-2.60952133138818,0.29464107901701,1.89586723104791));
#6906=CARTESIAN_POINT('Origin',(-2.19018637230787,0.0223215615094966,1.89638922490703));
#6907=CARTESIAN_POINT('Origin',(-3.00568821331396,0.783357691180848,0.389518559373658));
#6908=CARTESIAN_POINT('',(-3.12120373730548,0.606859121370573,1.10924379762218));
#6909=CARTESIAN_POINT('',(-3.03451334102835,0.740405130363917,1.13773255919692));
#6910=CARTESIAN_POINT('Origin',(-3.00568821331396,0.783357691180848,0.389518559373658));
#6911=CARTESIAN_POINT('',(-3.20224732466047,0.849332937366923,1.13752376165327));
#6912=CARTESIAN_POINT('',(-3.03451334102835,0.740405130363917,1.13773255919692));
#6913=CARTESIAN_POINT('',(-3.2889377209376,0.715786928373578,1.10903500007853));
#6914=CARTESIAN_POINT('Origin',(-3.17342219694609,0.892285498183852,0.389309761830008));
#6915=CARTESIAN_POINT('',(-3.12120373730548,0.606859121370573,1.10924379762218));
#6916=CARTESIAN_POINT('Origin',(-3.17917143492467,0.518030704664933,1.33562678818971));
#6917=CARTESIAN_POINT('',(-3.17917143492467,0.518030704664933,1.33562678818971));
#6918=CARTESIAN_POINT('',(-3.12120373730548,0.606859121370573,1.10924379762218));
#6919=CARTESIAN_POINT('',(-3.34690541855679,0.626958511667939,1.33541799064606));
#6920=CARTESIAN_POINT('',(-3.2889377209376,0.715786928373578,1.10903500007853));
#6921=CARTESIAN_POINT('',(-3.17917143492467,0.518030704664933,1.33562678818971));
#6922=CARTESIAN_POINT('Origin',(-3.20776530921633,0.473963012306793,1.31631312305828));
#6923=CARTESIAN_POINT('',(-3.20776530921633,0.473963012306793,1.31631312305828));
#6924=CARTESIAN_POINT('',(-3.17917143492467,0.518030704664933,1.33562678818971));
#6925=CARTESIAN_POINT('',(-3.37549929284846,0.5828908193098,1.31610432551463));
#6926=CARTESIAN_POINT('',(-3.34690541855679,0.626958511667939,1.33541799064606));
#6927=CARTESIAN_POINT('',(-3.20776530921633,0.473963012306793,1.31631312305828));
#6928=CARTESIAN_POINT('Origin',(-3.17213508519894,0.528365989961572,1.07491966175751));
#6929=CARTESIAN_POINT('',(-3.17213508519894,0.528365989961572,1.07491966175751));
#6930=CARTESIAN_POINT('',(-3.17213508519894,0.528365989961572,1.07491966175751));
#6931=CARTESIAN_POINT('',(-3.33986906883107,0.637293796964578,1.07471086421386));
#6932=CARTESIAN_POINT('',(-3.33986906883107,0.637293796964578,1.07471086421386));
#6933=CARTESIAN_POINT('',(-3.17213508519894,0.528365989961572,1.07491966175751));
#6934=CARTESIAN_POINT('Origin',(-3.00568821331396,0.783357691180848,0.389518559373658));
#6935=CARTESIAN_POINT('',(-3.24824291041342,0.411014610191101,0.993693905572138));
#6936=CARTESIAN_POINT('Origin',(-3.00568821331396,0.783357691180848,0.389518559373658));
#6937=CARTESIAN_POINT('',(-3.41597689404555,0.519942417194106,0.993485108028488));
#6938=CARTESIAN_POINT('Origin',(-3.17342219694609,0.892285498183852,0.389309761830008));
#6939=CARTESIAN_POINT('',(-3.24824291041342,0.411014610191101,0.993693905572138));
#6940=CARTESIAN_POINT('Origin',(-3.34485307284467,0.262586353219792,1.17014653107674));
#6941=CARTESIAN_POINT('',(-3.34485307284467,0.262586353219792,1.17014653107674));
#6942=CARTESIAN_POINT('',(-3.24824291041342,0.411014610191101,0.993693905572138));
#6943=CARTESIAN_POINT('',(-3.51258705647679,0.371514160222797,1.16993773353309));
#6944=CARTESIAN_POINT('',(-3.41597689404555,0.519942417194106,0.993485108028488));
#6945=CARTESIAN_POINT('',(-3.34485307284467,0.262586353219792,1.17014653107674));
#6946=CARTESIAN_POINT('Origin',(-3.36810908883462,0.226706028470973,1.1340307612001));
#6947=CARTESIAN_POINT('',(-3.36810908883462,0.226706028470973,1.1340307612001));
#6948=CARTESIAN_POINT('',(-3.34485307284467,0.262586353219792,1.17014653107674));
#6949=CARTESIAN_POINT('',(-3.53584307246674,0.335633835473978,1.13382196365645));
#6950=CARTESIAN_POINT('',(-3.51258705647679,0.371514160222797,1.16993773353309));
#6951=CARTESIAN_POINT('',(-3.36810908883462,0.226706028470973,1.1340307612001));
#6952=CARTESIAN_POINT('Origin',(-3.289680880126,0.347082612002986,0.929437275927675));
#6953=CARTESIAN_POINT('',(-3.289680880126,0.347082612002986,0.929437275927675));
#6954=CARTESIAN_POINT('',(-3.289680880126,0.347082612002986,0.929437275927675));
#6955=CARTESIAN_POINT('',(-3.45741486375813,0.456010419005991,0.929228478384025));
#6956=CARTESIAN_POINT('',(-3.45741486375813,0.456010419005991,0.929228478384025));
#6957=CARTESIAN_POINT('',(-3.289680880126,0.347082612002986,0.929437275927675));
#6958=CARTESIAN_POINT('Origin',(-3.00568821331396,0.783357691180848,0.389518559373658));
#6959=CARTESIAN_POINT('',(-3.34602640732509,0.260080169777613,0.805271550092101));
#6960=CARTESIAN_POINT('Origin',(-3.00568821331396,0.783357691180848,0.389518559373658));
#6961=CARTESIAN_POINT('',(-3.51376039095722,0.369007976780618,0.805062752548451));
#6962=CARTESIAN_POINT('Origin',(-3.17342219694609,0.892285498183852,0.389309761830008));
#6963=CARTESIAN_POINT('',(-3.34602640732509,0.260080169777613,0.805271550092101));
#6964=CARTESIAN_POINT('Origin',(-3.46962642316504,0.0699547108991458,0.91051101973452));
#6965=CARTESIAN_POINT('',(-3.46962642316504,0.0699547108991458,0.91051101973452));
#6966=CARTESIAN_POINT('',(-3.34602640732509,0.260080169777613,0.805271550092101));
#6967=CARTESIAN_POINT('',(-3.63736040679716,0.178882517902151,0.910302222190869));
#6968=CARTESIAN_POINT('',(-3.51376039095722,0.369007976780618,0.805062752548451));
#6969=CARTESIAN_POINT('',(-3.46962642316504,0.0699547108991458,0.91051101973452));
#6970=CARTESIAN_POINT('Origin',(-3.48473956210265,0.0465894504615509,0.861949239971789));
#6971=CARTESIAN_POINT('',(-3.48473956210265,0.0465894504615509,0.861949239971789));
#6972=CARTESIAN_POINT('',(-3.46962642316504,0.0699547108991458,0.91051101973452));
#6973=CARTESIAN_POINT('',(-3.65247354573478,0.155517257464556,0.861740442428139));
#6974=CARTESIAN_POINT('',(-3.63736040679716,0.178882517902151,0.910302222190869));
#6975=CARTESIAN_POINT('',(-3.48473956210265,0.0465894504615509,0.861949239971789));
#6976=CARTESIAN_POINT('Origin',(-3.37297296815015,0.218420447327672,0.718832724529818));
#6977=CARTESIAN_POINT('',(-3.37297296815015,0.218420447327672,0.718832724529818));
#6978=CARTESIAN_POINT('',(-3.37297296815015,0.218420447327672,0.718832724529818));
#6979=CARTESIAN_POINT('',(-3.54070695178227,0.327348254330677,0.718623926986168));
#6980=CARTESIAN_POINT('',(-3.54070695178227,0.327348254330677,0.718623926986168));
#6981=CARTESIAN_POINT('',(-3.37297296815015,0.218420447327672,0.718832724529818));
#6982=CARTESIAN_POINT('Origin',(-3.00568821331396,0.783357691180848,0.389518559373658));
#6983=CARTESIAN_POINT('',(-3.40276009518223,0.172260721199074,0.566703248070765));
#6984=CARTESIAN_POINT('Origin',(-3.00568821331396,0.783357691180848,0.389518559373658));
#6985=CARTESIAN_POINT('',(-3.57049407881435,0.281188528202079,0.566494450527114));
#6986=CARTESIAN_POINT('Origin',(-3.17342219694609,0.892285498183852,0.389309761830008));
#6987=CARTESIAN_POINT('',(-3.40276009518223,0.172260721199074,0.566703248070765));
#6988=CARTESIAN_POINT('Origin',(-3.53844197837862,-0.0366300032928785,0.588036128642968));
#6989=CARTESIAN_POINT('',(-3.53844197837862,-0.0366300032928785,0.588036128642968));
#6990=CARTESIAN_POINT('',(-3.40276009518223,0.172260721199074,0.566703248070765));
#6991=CARTESIAN_POINT('',(-3.70617596201075,0.0722978037101267,0.587827331099317));
#6992=CARTESIAN_POINT('',(-3.57049407881435,0.281188528202079,0.566494450527114));
#6993=CARTESIAN_POINT('',(-3.53844197837862,-0.0366300032928785,0.588036128642968));
#6994=CARTESIAN_POINT('Origin',(-3.54358937266184,-0.0446620041759577,0.532885606329072));
#6995=CARTESIAN_POINT('',(-3.54358937266184,-0.0446620041759577,0.532885606329072));
#6996=CARTESIAN_POINT('',(-3.53844197837862,-0.0366300032928785,0.588036128642968));
#6997=CARTESIAN_POINT('',(-3.71132335629397,0.0642658028270472,0.532676808785422));
#6998=CARTESIAN_POINT('',(-3.70617596201075,0.0722978037101267,0.587827331099317));
#6999=CARTESIAN_POINT('',(-3.54358937266184,-0.0446620041759577,0.532885606329072));
#7000=CARTESIAN_POINT('Origin',(-3.41196509419538,0.157898051846792,0.468508024654671));
#7001=CARTESIAN_POINT('',(-3.41196509419538,0.157898051846792,0.468508024654671));
#7002=CARTESIAN_POINT('',(-3.41196509419538,0.157898051846792,0.468508024654671));
#7003=CARTESIAN_POINT('',(-3.5796990778275,0.266825858849797,0.46829922711102));
#7004=CARTESIAN_POINT('',(-3.5796990778275,0.266825858849797,0.46829922711102));
#7005=CARTESIAN_POINT('',(-3.41196509419538,0.157898051846792,0.468508024654671));
#7006=CARTESIAN_POINT('Origin',(-3.00568821331396,0.783357691180848,0.389518559373658));
#7007=CARTESIAN_POINT('',(-3.4116010539292,0.158148586031082,0.306763857625054));
#7008=CARTESIAN_POINT('Origin',(-3.00568821331396,0.783357691180848,0.389518559373658));
#7009=CARTESIAN_POINT('',(-3.57933503756132,0.267076393034087,0.306555060081403));
#7010=CARTESIAN_POINT('Origin',(-3.17342219694609,0.892285498183852,0.389309761830008));
#7011=CARTESIAN_POINT('',(-3.4116010539292,0.158148586031082,0.306763857625054));
#7012=CARTESIAN_POINT('Origin',(-3.54299956691722,-0.0443120998018699,0.241617088890248));
#7013=CARTESIAN_POINT('',(-3.54299956691722,-0.0443120998018699,0.241617088890248));
#7014=CARTESIAN_POINT('',(-3.4116010539292,0.158148586031082,0.306763857625054));
#7015=CARTESIAN_POINT('',(-3.71073355054935,0.0646157072011352,0.241408291346598));
#7016=CARTESIAN_POINT('',(-3.57933503756132,0.267076393034087,0.306555060081403));
#7017=CARTESIAN_POINT('',(-3.54299956691722,-0.0443120998018699,0.241617088890248));
#7018=CARTESIAN_POINT('Origin',(-3.53756036482805,-0.0360420632842252,0.186529790951265));
#7019=CARTESIAN_POINT('',(-3.53756036482805,-0.0360420632842252,0.186529790951265));
#7020=CARTESIAN_POINT('',(-3.54299956691722,-0.0443120998018699,0.241617088890248));
#7021=CARTESIAN_POINT('',(-3.70529434846017,0.0728857437187799,0.186320993407615));
#7022=CARTESIAN_POINT('',(-3.71073355054935,0.0646157072011352,0.241408291346598));
#7023=CARTESIAN_POINT('',(-3.53756036482805,-0.0360420632842252,0.186529790951265));
#7024=CARTESIAN_POINT('Origin',(-3.40195423239814,0.172815319670769,0.208656029506283));
#7025=CARTESIAN_POINT('',(-3.40195423239814,0.172815319670769,0.208656029506283));
#7026=CARTESIAN_POINT('',(-3.40195423239814,0.172815319670769,0.208656029506283));
#7027=CARTESIAN_POINT('',(-3.56968821603026,0.281743126673774,0.208447231962633));
#7028=CARTESIAN_POINT('',(-3.56968821603026,0.281743126673774,0.208447231962633));
#7029=CARTESIAN_POINT('',(-3.40195423239814,0.172815319670769,0.208656029506283));
#7030=CARTESIAN_POINT('Origin',(-3.00568821331396,0.783357691180848,0.389518559373658));
#7031=CARTESIAN_POINT('',(-3.37148293346246,0.219445896047828,0.0568059055395464));
#7032=CARTESIAN_POINT('Origin',(-3.00568821331396,0.783357691180848,0.389518559373658));
#7033=CARTESIAN_POINT('',(-3.53921691709459,0.328373703050833,0.0565971079958964));
#7034=CARTESIAN_POINT('Origin',(-3.17342219694609,0.892285498183852,0.389309761830008));
#7035=CARTESIAN_POINT('',(-3.37148293346246,0.219445896047828,0.0568059055395464));
#7036=CARTESIAN_POINT('Origin',(-3.48274947634025,0.0478349955868234,-0.0869628507289435));
#7037=CARTESIAN_POINT('',(-3.48274947634025,0.0478349955868234,-0.0869628507289435));
#7038=CARTESIAN_POINT('',(-3.37148293346246,0.219445896047828,0.0568059055395464));
#7039=CARTESIAN_POINT('',(-3.65048345997237,0.156762802589829,-0.0871716482725937));
#7040=CARTESIAN_POINT('',(-3.53921691709459,0.328373703050833,0.0565971079958964));
#7041=CARTESIAN_POINT('',(-3.48274947634025,0.0478349955868234,-0.0869628507289435));
#7042=CARTESIAN_POINT('Origin',(-3.4673797259247,0.0714095810484235,-0.135342583159641));
#7043=CARTESIAN_POINT('',(-3.4673797259247,0.0714095810484235,-0.135342583159641));
#7044=CARTESIAN_POINT('',(-3.48274947634025,0.0478349955868234,-0.0869628507289435));
#7045=CARTESIAN_POINT('',(-3.63511370955683,0.180337388051429,-0.135551380703291));
#7046=CARTESIAN_POINT('',(-3.65048345997237,0.156762802589829,-0.0871716482725937));
#7047=CARTESIAN_POINT('',(-3.4673797259247,0.0714095810484235,-0.135342583159641));
#7048=CARTESIAN_POINT('Origin',(-3.34414784043576,0.261373008144602,-0.0293812752934406));
#7049=CARTESIAN_POINT('',(-3.34414784043576,0.261373008144602,-0.0293812752934406));
#7050=CARTESIAN_POINT('',(-3.34414784043576,0.261373008144602,-0.0293812752934406));
#7051=CARTESIAN_POINT('',(-3.51188182406789,0.370300815147608,-0.0295900728370905));
#7052=CARTESIAN_POINT('',(-3.51188182406789,0.370300815147608,-0.0295900728370905));
#7053=CARTESIAN_POINT('',(-3.34414784043576,0.261373008144602,-0.0293812752934406));
#7054=CARTESIAN_POINT('Origin',(-3.00568821331396,0.783357691180848,0.389518559373658));
#7055=CARTESIAN_POINT('',(-3.28724457119071,0.348759291009348,-0.153021990177758));
#7056=CARTESIAN_POINT('Origin',(-3.00568821331396,0.783357691180848,0.389518559373658));
#7057=CARTESIAN_POINT('',(-3.45497855482284,0.457687098012353,-0.153230787721408));
#7058=CARTESIAN_POINT('Origin',(-3.17342219694609,0.892285498183852,0.389309761830008));
#7059=CARTESIAN_POINT('',(-3.28724457119071,0.348759291009348,-0.153021990177758));
#7060=CARTESIAN_POINT('Origin',(-3.36495875676792,0.228696983223035,-0.358072100173088));
#7061=CARTESIAN_POINT('',(-3.36495875676792,0.228696983223035,-0.358072100173088));
#7062=CARTESIAN_POINT('',(-3.28724457119071,0.348759291009348,-0.153021990177758));
#7063=CARTESIAN_POINT('',(-3.53269274040004,0.337624790226041,-0.358280897716738));
#7064=CARTESIAN_POINT('',(-3.45497855482284,0.457687098012353,-0.153230787721408));
#7065=CARTESIAN_POINT('',(-3.36495875676792,0.228696983223035,-0.358072100173088));
#7066=CARTESIAN_POINT('Origin',(-3.34151227675947,0.264732674698096,-0.39390895735555));
#7067=CARTESIAN_POINT('',(-3.34151227675947,0.264732674698096,-0.39390895735555));
#7068=CARTESIAN_POINT('',(-3.36495875676792,0.228696983223035,-0.358072100173088));
#7069=CARTESIAN_POINT('',(-3.5092462603916,0.373660481701101,-0.394117754899201));
#7070=CARTESIAN_POINT('',(-3.53269274040004,0.337624790226041,-0.358280897716738));
#7071=CARTESIAN_POINT('',(-3.34151227675947,0.264732674698096,-0.39390895735555));
#7072=CARTESIAN_POINT('Origin',(-3.2455182223104,0.412889753066065,-0.216893077729186));
#7073=CARTESIAN_POINT('',(-3.2455182223104,0.412889753066065,-0.216893077729186));
#7074=CARTESIAN_POINT('',(-3.2455182223104,0.412889753066065,-0.216893077729186));
#7075=CARTESIAN_POINT('',(-3.41325220594252,0.52181756006907,-0.217101875272836));
#7076=CARTESIAN_POINT('',(-3.41325220594252,0.52181756006907,-0.217101875272836));
#7077=CARTESIAN_POINT('',(-3.2455182223104,0.412889753066065,-0.216893077729186));
#7078=CARTESIAN_POINT('Origin',(-3.00568821331396,0.783357691180848,0.389518559373658));
#7079=CARTESIAN_POINT('',(-3.16904635682973,0.530491667020827,-0.297411488573426));
#7080=CARTESIAN_POINT('Origin',(-3.00568821331396,0.783357691180848,0.389518559373658));
#7081=CARTESIAN_POINT('',(-3.33678034046186,0.639419474023832,-0.297620286117076));
#7082=CARTESIAN_POINT('Origin',(-3.17342219694609,0.892285498183852,0.389309761830008));
#7083=CARTESIAN_POINT('',(-3.16904635682973,0.530491667020827,-0.297411488573426));
#7084=CARTESIAN_POINT('Origin',(-3.20383470738652,0.476459238159184,-0.539010882812837));
#7085=CARTESIAN_POINT('',(-3.20383470738652,0.476459238159184,-0.539010882812837));
#7086=CARTESIAN_POINT('',(-3.16904635682973,0.530491667020827,-0.297411488573426));
#7087=CARTESIAN_POINT('',(-3.37156869101865,0.585387045162189,-0.539219680356487));
#7088=CARTESIAN_POINT('',(-3.33678034046186,0.639419474023832,-0.297620286117076));
#7089=CARTESIAN_POINT('',(-3.20383470738652,0.476459238159184,-0.539010882812837));
#7090=CARTESIAN_POINT('Origin',(-3.17513948930739,0.520609599425648,-0.557982410875177));
#7091=CARTESIAN_POINT('',(-3.17513948930739,0.520609599425648,-0.557982410875177));
#7092=CARTESIAN_POINT('',(-3.20383470738652,0.476459238159184,-0.539010882812837));
#7093=CARTESIAN_POINT('',(-3.34287347293952,0.629537406428653,-0.558191208418827));
#7094=CARTESIAN_POINT('',(-3.37156869101865,0.585387045162189,-0.539219680356487));
#7095=CARTESIAN_POINT('',(-3.17513948930739,0.520609599425648,-0.557982410875177));
#7096=CARTESIAN_POINT('Origin',(-3.1179615655861,0.609090398848629,-0.331262687047733));
#7097=CARTESIAN_POINT('',(-3.1179615655861,0.609090398848629,-0.331262687047733));
#7098=CARTESIAN_POINT('',(-3.1179615655861,0.609090398848629,-0.331262687047733));
#7099=CARTESIAN_POINT('',(-3.28569554921822,0.718018205851634,-0.331471484591383));
#7100=CARTESIAN_POINT('',(-3.28569554921822,0.718018205851634,-0.331471484591383));
#7101=CARTESIAN_POINT('',(-3.1179615655861,0.609090398848629,-0.331262687047733));
#7102=CARTESIAN_POINT('Origin',(-3.00568821331396,0.783357691180848,0.389518559373658));
#7103=CARTESIAN_POINT('',(-3.03114473945133,0.742723417451063,-0.358947085178896));
#7104=CARTESIAN_POINT('Origin',(-3.00568821331396,0.783357691180848,0.389518559373658));
#7105=CARTESIAN_POINT('',(-3.19887872308346,0.851651224454068,-0.359155882722546));
#7106=CARTESIAN_POINT('Origin',(-3.17342219694609,0.892285498183852,0.389309761830008));
#7107=CARTESIAN_POINT('',(-3.03114473945133,0.742723417451063,-0.358947085178896));
#7108=CARTESIAN_POINT('Origin',(-3.01881126648917,0.761237975868523,-0.607955311089804));
#7109=CARTESIAN_POINT('',(-3.01881126648917,0.761237975868523,-0.607955311089804));
#7110=CARTESIAN_POINT('',(-3.03114473945133,0.742723417451063,-0.358947085178896));
#7111=CARTESIAN_POINT('',(-3.1865452501213,0.870165782871528,-0.608164108633455));
#7112=CARTESIAN_POINT('',(-3.19887872308346,0.851651224454068,-0.359155882722546));
#7113=CARTESIAN_POINT('',(-3.01881126648917,0.761237975868523,-0.607955311089804));
#7114=CARTESIAN_POINT('Origin',(-2.98832837713601,0.808177821767721,-0.607773263757771));
#7115=CARTESIAN_POINT('',(-2.98832837713601,0.808177821767721,-0.607773263757771));
#7116=CARTESIAN_POINT('',(-3.01881126648917,0.761237975868523,-0.607955311089804));
#7117=CARTESIAN_POINT('',(-3.15606236076814,0.917105628770726,-0.607982061301421));
#7118=CARTESIAN_POINT('',(-3.1865452501213,0.870165782871528,-0.608164108633455));
#7119=CARTESIAN_POINT('',(-2.98832837713601,0.808177821767721,-0.607773263757771));
#7120=CARTESIAN_POINT('Origin',(-2.97686308559957,0.826310251997775,-0.358695440449599));
#7121=CARTESIAN_POINT('',(-2.97686308559957,0.826310251997775,-0.358695440449599));
#7122=CARTESIAN_POINT('',(-2.97686308559957,0.826310251997775,-0.358695440449599));
#7123=CARTESIAN_POINT('',(-3.1445970692317,0.935238059000781,-0.358904237993249));
#7124=CARTESIAN_POINT('',(-3.1445970692317,0.935238059000781,-0.358904237993249));
#7125=CARTESIAN_POINT('',(-2.97686308559957,0.826310251997775,-0.358695440449599));
#7126=CARTESIAN_POINT('Origin',(-3.00568821331396,0.783357691180848,0.389518559373658));
#7127=CARTESIAN_POINT('',(-2.89017268932245,0.95985626099112,-0.330206678874864));
#7128=CARTESIAN_POINT('Origin',(-3.00568821331396,0.783357691180848,0.389518559373658));
#7129=CARTESIAN_POINT('',(-3.05790667295457,1.06878406799412,-0.330415476418514));
#7130=CARTESIAN_POINT('Origin',(-3.17342219694609,0.892285498183852,0.389309761830008));
#7131=CARTESIAN_POINT('',(-2.89017268932245,0.95985626099112,-0.330206678874864));
#7132=CARTESIAN_POINT('Origin',(-2.83220499170326,1.04868467769676,-0.556589669442397));
#7133=CARTESIAN_POINT('',(-2.83220499170326,1.04868467769676,-0.556589669442397));
#7134=CARTESIAN_POINT('',(-2.89017268932245,0.95985626099112,-0.330206678874864));
#7135=CARTESIAN_POINT('',(-2.99993897533538,1.15761248469977,-0.556798466986047));
#7136=CARTESIAN_POINT('',(-3.05790667295457,1.06878406799412,-0.330415476418514));
#7137=CARTESIAN_POINT('',(-2.83220499170326,1.04868467769676,-0.556589669442397));
#7138=CARTESIAN_POINT('Origin',(-2.80361111741159,1.0927523700549,-0.537276004310964));
#7139=CARTESIAN_POINT('',(-2.80361111741159,1.0927523700549,-0.537276004310964));
#7140=CARTESIAN_POINT('',(-2.83220499170326,1.04868467769676,-0.556589669442397));
#7141=CARTESIAN_POINT('',(-2.97134510104372,1.20168017705791,-0.537484801854614));
#7142=CARTESIAN_POINT('',(-2.99993897533538,1.15761248469977,-0.556798466986047));
#7143=CARTESIAN_POINT('',(-2.80361111741159,1.0927523700549,-0.537276004310964));
#7144=CARTESIAN_POINT('Origin',(-2.83924134142898,1.03834939240012,-0.295882543010198));
#7145=CARTESIAN_POINT('',(-2.83924134142898,1.03834939240012,-0.295882543010198));
#7146=CARTESIAN_POINT('',(-2.83924134142898,1.03834939240012,-0.295882543010198));
#7147=CARTESIAN_POINT('',(-3.00697532506111,1.14727719940312,-0.296091340553848));
#7148=CARTESIAN_POINT('',(-3.00697532506111,1.14727719940312,-0.296091340553848));
#7149=CARTESIAN_POINT('',(-2.83924134142898,1.03834939240012,-0.295882543010198));
#7150=CARTESIAN_POINT('Origin',(-3.00568821331396,0.783357691180848,0.389518559373658));
#7151=CARTESIAN_POINT('',(-2.7631335162145,1.15570077217059,-0.214656786824822));
#7152=CARTESIAN_POINT('Origin',(-3.00568821331396,0.783357691180848,0.389518559373658));
#7153=CARTESIAN_POINT('',(-2.93086749984663,1.2646285791736,-0.214865584368472));
#7154=CARTESIAN_POINT('Origin',(-3.17342219694609,0.892285498183852,0.389309761830008));
#7155=CARTESIAN_POINT('',(-2.7631335162145,1.15570077217059,-0.214656786824822));
#7156=CARTESIAN_POINT('Origin',(-2.66652335378326,1.3041290291419,-0.391109412329425));
#7157=CARTESIAN_POINT('',(-2.66652335378326,1.3041290291419,-0.391109412329425));
#7158=CARTESIAN_POINT('',(-2.7631335162145,1.15570077217059,-0.214656786824822));
#7159=CARTESIAN_POINT('',(-2.83425733741538,1.41305683614491,-0.391318209873075));
#7160=CARTESIAN_POINT('',(-2.93086749984663,1.2646285791736,-0.214865584368472));
#7161=CARTESIAN_POINT('',(-2.66652335378326,1.3041290291419,-0.391109412329425));
#7162=CARTESIAN_POINT('Origin',(-2.64326733779331,1.34000935389072,-0.354993642452783));
#7163=CARTESIAN_POINT('',(-2.64326733779331,1.34000935389072,-0.354993642452783));
#7164=CARTESIAN_POINT('',(-2.66652335378326,1.3041290291419,-0.391109412329425));
#7165=CARTESIAN_POINT('',(-2.81100132142543,1.44893716089373,-0.355202439996433));
#7166=CARTESIAN_POINT('',(-2.83425733741538,1.41305683614491,-0.391318209873075));
#7167=CARTESIAN_POINT('',(-2.64326733779331,1.34000935389072,-0.354993642452783));
#7168=CARTESIAN_POINT('Origin',(-2.72169554650192,1.21963277035871,-0.150400157180358));
#7169=CARTESIAN_POINT('',(-2.72169554650192,1.21963277035871,-0.150400157180358));
#7170=CARTESIAN_POINT('',(-2.72169554650192,1.21963277035871,-0.150400157180358));
#7171=CARTESIAN_POINT('',(-2.88942953013404,1.32856057736171,-0.150608954724008));
#7172=CARTESIAN_POINT('',(-2.88942953013404,1.32856057736171,-0.150608954724008));
#7173=CARTESIAN_POINT('',(-2.72169554650192,1.21963277035871,-0.150400157180358));
#7174=CARTESIAN_POINT('Origin',(-3.00568821331396,0.783357691180848,0.389518559373658));
#7175=CARTESIAN_POINT('',(-2.66535001930283,1.30663521258408,-0.0262344313447846));
#7176=CARTESIAN_POINT('Origin',(-3.00568821331396,0.783357691180848,0.389518559373658));
#7177=CARTESIAN_POINT('',(-2.83308400293496,1.41556301958709,-0.0264432288884345));
#7178=CARTESIAN_POINT('Origin',(-3.17342219694609,0.892285498183852,0.389309761830008));
#7179=CARTESIAN_POINT('',(-2.66535001930283,1.30663521258408,-0.0262344313447846));
#7180=CARTESIAN_POINT('Origin',(-2.54175000346289,1.49676067146255,-0.131473900987202));
#7181=CARTESIAN_POINT('',(-2.54175000346289,1.49676067146255,-0.131473900987202));
#7182=CARTESIAN_POINT('',(-2.66535001930283,1.30663521258408,-0.0262344313447846));
#7183=CARTESIAN_POINT('',(-2.70948398709501,1.60568847846555,-0.131682698530852));
#7184=CARTESIAN_POINT('',(-2.83308400293496,1.41556301958709,-0.0264432288884345));
#7185=CARTESIAN_POINT('',(-2.54175000346289,1.49676067146255,-0.131473900987202));
#7186=CARTESIAN_POINT('Origin',(-2.52663686452527,1.52012593190014,-0.0829121212244717));
#7187=CARTESIAN_POINT('',(-2.52663686452527,1.52012593190014,-0.0829121212244717));
#7188=CARTESIAN_POINT('',(-2.54175000346289,1.49676067146255,-0.131473900987202));
#7189=CARTESIAN_POINT('',(-2.6943708481574,1.62905373890315,-0.0831209187681217));
#7190=CARTESIAN_POINT('',(-2.70948398709501,1.60568847846555,-0.131682698530852));
#7191=CARTESIAN_POINT('',(-2.52663686452527,1.52012593190014,-0.0829121212244717));
#7192=CARTESIAN_POINT('Origin',(-2.63840345847777,1.34829493503402,0.0602043942174995));
#7193=CARTESIAN_POINT('',(-2.63840345847777,1.34829493503402,0.0602043942174995));
#7194=CARTESIAN_POINT('',(-2.63840345847777,1.34829493503402,0.0602043942174995));
#7195=CARTESIAN_POINT('',(-2.8061374421099,1.45722274203703,0.0599955966738495));
#7196=CARTESIAN_POINT('',(-2.8061374421099,1.45722274203703,0.0599955966738495));
#7197=CARTESIAN_POINT('',(-2.63840345847777,1.34829493503402,0.0602043942174995));
#7198=CARTESIAN_POINT('Origin',(-3.00568821331396,0.783357691180848,0.389518559373658));
#7199=CARTESIAN_POINT('',(-2.6086163314457,1.39445466116262,0.212333870676553));
#7200=CARTESIAN_POINT('Origin',(-3.00568821331396,0.783357691180848,0.389518559373658));
#7201=CARTESIAN_POINT('',(-2.77635031507782,1.50338246816563,0.212125073132902));
#7202=CARTESIAN_POINT('Origin',(-3.17342219694609,0.892285498183852,0.389309761830008));
#7203=CARTESIAN_POINT('',(-2.6086163314457,1.39445466116262,0.212333870676553));
#7204=CARTESIAN_POINT('Origin',(-2.4729344482493,1.60334538565457,0.191000990104349));
#7205=CARTESIAN_POINT('',(-2.4729344482493,1.60334538565457,0.191000990104349));
#7206=CARTESIAN_POINT('',(-2.6086163314457,1.39445466116262,0.212333870676553));
#7207=CARTESIAN_POINT('',(-2.64066843188143,1.71227319265758,0.190792192560699));
#7208=CARTESIAN_POINT('',(-2.77635031507782,1.50338246816563,0.212125073132902));
#7209=CARTESIAN_POINT('',(-2.4729344482493,1.60334538565457,0.191000990104349));
#7210=CARTESIAN_POINT('Origin',(-2.46778705396608,1.61137738653765,0.246151512418245));
#7211=CARTESIAN_POINT('',(-2.46778705396608,1.61137738653765,0.246151512418245));
#7212=CARTESIAN_POINT('',(-2.4729344482493,1.60334538565457,0.191000990104349));
#7213=CARTESIAN_POINT('',(-2.63552103759821,1.72030519354066,0.245942714874595));
#7214=CARTESIAN_POINT('',(-2.64066843188143,1.71227319265758,0.190792192560699));
#7215=CARTESIAN_POINT('',(-2.46778705396608,1.61137738653765,0.246151512418245));
#7216=CARTESIAN_POINT('Origin',(-2.59941133243254,1.4088173305149,0.310529094092646));
#7217=CARTESIAN_POINT('',(-2.59941133243254,1.4088173305149,0.310529094092646));
#7218=CARTESIAN_POINT('',(-2.59941133243254,1.4088173305149,0.310529094092646));
#7219=CARTESIAN_POINT('',(-2.76714531606467,1.51774513751791,0.310320296548996));
#7220=CARTESIAN_POINT('',(-2.76714531606467,1.51774513751791,0.310320296548996));
#7221=CARTESIAN_POINT('',(-2.59941133243254,1.4088173305149,0.310529094092646));
#7222=CARTESIAN_POINT('Origin',(-3.00568821331396,0.783357691180848,0.389518559373658));
#7223=CARTESIAN_POINT('',(-2.59977537269873,1.40856679633061,0.472273261122263));
#7224=CARTESIAN_POINT('Origin',(-3.00568821331396,0.783357691180848,0.389518559373658));
#7225=CARTESIAN_POINT('',(-2.76750935633085,1.51749460333362,0.472064463578612));
#7226=CARTESIAN_POINT('Origin',(-3.17342219694609,0.892285498183852,0.389309761830008));
#7227=CARTESIAN_POINT('',(-2.59977537269873,1.40856679633061,0.472273261122263));
#7228=CARTESIAN_POINT('Origin',(-2.4683768597107,1.61102748216356,0.53742002985707));
#7229=CARTESIAN_POINT('',(-2.4683768597107,1.61102748216356,0.53742002985707));
#7230=CARTESIAN_POINT('',(-2.59977537269873,1.40856679633061,0.472273261122263));
#7231=CARTESIAN_POINT('',(-2.63611084334283,1.71995528916657,0.537211232313419));
#7232=CARTESIAN_POINT('',(-2.76750935633085,1.51749460333362,0.472064463578612));
#7233=CARTESIAN_POINT('',(-2.4683768597107,1.61102748216356,0.53742002985707));
#7234=CARTESIAN_POINT('Origin',(-2.47381606179988,1.60275744564592,0.592507327796052));
#7235=CARTESIAN_POINT('',(-2.47381606179988,1.60275744564592,0.592507327796052));
#7236=CARTESIAN_POINT('',(-2.4683768597107,1.61102748216356,0.53742002985707));
#7237=CARTESIAN_POINT('',(-2.641550045432,1.71168525264893,0.592298530252402));
#7238=CARTESIAN_POINT('',(-2.63611084334283,1.71995528916657,0.537211232313419));
#7239=CARTESIAN_POINT('',(-2.47381606179988,1.60275744564592,0.592507327796052));
#7240=CARTESIAN_POINT('Origin',(-2.60942219422979,1.39390006269093,0.570381089241033));
#7241=CARTESIAN_POINT('',(-2.60942219422979,1.39390006269093,0.570381089241033));
#7242=CARTESIAN_POINT('',(-2.60942219422979,1.39390006269093,0.570381089241033));
#7243=CARTESIAN_POINT('',(-2.77715617786191,1.50282786969393,0.570172291697383));
#7244=CARTESIAN_POINT('',(-2.77715617786191,1.50282786969393,0.570172291697383));
#7245=CARTESIAN_POINT('',(-2.60942219422979,1.39390006269093,0.570381089241033));
#7246=CARTESIAN_POINT('Origin',(-3.00568821331396,0.783357691180848,0.389518559373658));
#7247=CARTESIAN_POINT('',(-2.63989349316546,1.34726948631387,0.722231213207769));
#7248=CARTESIAN_POINT('Origin',(-3.00568821331396,0.783357691180848,0.389518559373658));
#7249=CARTESIAN_POINT('',(-2.80762747679759,1.45619729331687,0.722022415664119));
#7250=CARTESIAN_POINT('Origin',(-3.17342219694609,0.892285498183852,0.389309761830008));
#7251=CARTESIAN_POINT('',(-2.63989349316546,1.34726948631387,0.722231213207769));
#7252=CARTESIAN_POINT('Origin',(-2.52862695028768,1.51888038677487,0.865999969476259));
#7253=CARTESIAN_POINT('',(-2.52862695028768,1.51888038677487,0.865999969476259));
#7254=CARTESIAN_POINT('',(-2.63989349316546,1.34726948631387,0.722231213207769));
#7255=CARTESIAN_POINT('',(-2.6963609339198,1.62780819377788,0.865791171932609));
#7256=CARTESIAN_POINT('',(-2.80762747679759,1.45619729331687,0.722022415664119));
#7257=CARTESIAN_POINT('',(-2.52862695028768,1.51888038677487,0.865999969476259));
#7258=CARTESIAN_POINT('Origin',(-2.54399670070322,1.49530580131327,0.914379701906956));
#7259=CARTESIAN_POINT('',(-2.54399670070322,1.49530580131327,0.914379701906956));
#7260=CARTESIAN_POINT('',(-2.52862695028768,1.51888038677487,0.865999969476259));
#7261=CARTESIAN_POINT('',(-2.71173068433535,1.60423360831628,0.914170904363307));
#7262=CARTESIAN_POINT('',(-2.6963609339198,1.62780819377788,0.865791171932609));
#7263=CARTESIAN_POINT('',(-2.54399670070322,1.49530580131327,0.914379701906956));
#7264=CARTESIAN_POINT('Origin',(-2.66722858619216,1.30534237421709,0.808418394040756));
#7265=CARTESIAN_POINT('',(-2.66722858619216,1.30534237421709,0.808418394040756));
#7266=CARTESIAN_POINT('',(-2.66722858619216,1.30534237421709,0.808418394040756));
#7267=CARTESIAN_POINT('',(-2.83496256982429,1.4142701812201,0.808209596497106));
#7268=CARTESIAN_POINT('',(-2.83496256982429,1.4142701812201,0.808209596497106));
#7269=CARTESIAN_POINT('',(-2.66722858619216,1.30534237421709,0.808418394040756));
#7270=CARTESIAN_POINT('Origin',(-3.00568821331396,0.783357691180848,0.389518559373658));
#7271=CARTESIAN_POINT('',(-2.72413185543721,1.21795609135235,0.932059108925074));
#7272=CARTESIAN_POINT('Origin',(-3.00568821331396,0.783357691180848,0.389518559373658));
#7273=CARTESIAN_POINT('',(-2.89186583906934,1.32688389835535,0.931850311381425));
#7274=CARTESIAN_POINT('Origin',(-3.17342219694609,0.892285498183852,0.389309761830008));
#7275=CARTESIAN_POINT('',(-2.72413185543721,1.21795609135235,0.932059108925074));
#7276=CARTESIAN_POINT('Origin',(-2.64641766986001,1.33801839913866,1.1371092189204));
#7277=CARTESIAN_POINT('',(-2.64641766986001,1.33801839913866,1.1371092189204));
#7278=CARTESIAN_POINT('',(-2.72413185543721,1.21795609135235,0.932059108925074));
#7279=CARTESIAN_POINT('',(-2.81415165349213,1.44694620614166,1.13690042137675));
#7280=CARTESIAN_POINT('',(-2.89186583906934,1.32688389835535,0.931850311381425));
#7281=CARTESIAN_POINT('',(-2.64641766986001,1.33801839913866,1.1371092189204));
#7282=CARTESIAN_POINT('Origin',(-2.66986414986845,1.3019827076636,1.17294607610287));
#7283=CARTESIAN_POINT('',(-2.66986414986845,1.3019827076636,1.17294607610287));
#7284=CARTESIAN_POINT('',(-2.64641766986001,1.33801839913866,1.1371092189204));
#7285=CARTESIAN_POINT('',(-2.83759813350058,1.4109105146666,1.17273727855922));
#7286=CARTESIAN_POINT('',(-2.81415165349213,1.44694620614166,1.13690042137675));
#7287=CARTESIAN_POINT('',(-2.66986414986845,1.3019827076636,1.17294607610287));
#7288=CARTESIAN_POINT('Origin',(-2.76585820431753,1.15382562929563,0.995930196476502));
#7289=CARTESIAN_POINT('',(-2.76585820431753,1.15382562929563,0.995930196476502));
#7290=CARTESIAN_POINT('',(-2.76585820431753,1.15382562929563,0.995930196476502));
#7291=CARTESIAN_POINT('',(-2.93359218794965,1.26275343629863,0.995721398932852));
#7292=CARTESIAN_POINT('',(-2.93359218794965,1.26275343629863,0.995721398932852));
#7293=CARTESIAN_POINT('',(-2.76585820431753,1.15382562929563,0.995930196476502));
#7294=CARTESIAN_POINT('Origin',(-3.00568821331396,0.783357691180848,0.389518559373658));
#7295=CARTESIAN_POINT('',(-2.84233006979819,1.03622371534087,1.07644860732074));
#7296=CARTESIAN_POINT('Origin',(-3.00568821331396,0.783357691180848,0.389518559373658));
#7297=CARTESIAN_POINT('',(-3.01006405343031,1.14515152234387,1.07623980977709));
#7298=CARTESIAN_POINT('Origin',(-3.17342219694609,0.892285498183852,0.389309761830008));
#7299=CARTESIAN_POINT('',(-2.84233006979819,1.03622371534087,1.07644860732074));
#7300=CARTESIAN_POINT('Origin',(-2.80754171924141,1.09025614420251,1.31804800156015));
#7301=CARTESIAN_POINT('',(-2.80754171924141,1.09025614420251,1.31804800156015));
#7302=CARTESIAN_POINT('',(-2.84233006979819,1.03622371534087,1.07644860732074));
#7303=CARTESIAN_POINT('',(-2.97527570287353,1.19918395120552,1.3178392040165));
#7304=CARTESIAN_POINT('',(-3.01006405343031,1.14515152234387,1.07623980977709));
#7305=CARTESIAN_POINT('',(-2.80754171924141,1.09025614420251,1.31804800156015));
#7306=CARTESIAN_POINT('Origin',(-2.83623693732053,1.04610578293605,1.33701952962249));
#7307=CARTESIAN_POINT('',(-2.83623693732053,1.04610578293605,1.33701952962249));
#7308=CARTESIAN_POINT('',(-2.80754171924141,1.09025614420251,1.31804800156015));
#7309=CARTESIAN_POINT('',(-3.00397092095266,1.15503358993905,1.33681073207884));
#7310=CARTESIAN_POINT('',(-2.97527570287353,1.19918395120552,1.3178392040165));
#7311=CARTESIAN_POINT('',(-2.83623693732053,1.04610578293605,1.33701952962249));
#7312=CARTESIAN_POINT('Origin',(-2.89341486104183,0.957624983513065,1.11029980579505));
#7313=CARTESIAN_POINT('',(-2.89341486104183,0.957624983513065,1.11029980579505));
#7314=CARTESIAN_POINT('',(-2.89341486104183,0.957624983513065,1.11029980579505));
#7315=CARTESIAN_POINT('',(-3.06114884467395,1.06655279051607,1.1100910082514));
#7316=CARTESIAN_POINT('',(-3.06114884467395,1.06655279051607,1.1100910082514));
#7317=CARTESIAN_POINT('',(-2.89341486104183,0.957624983513065,1.11029980579505));
#7318=CARTESIAN_POINT('Origin',(-3.00568821331396,0.783357691180848,0.389518559373658));
#7319=CARTESIAN_POINT('',(-2.98023168717659,0.823991964910631,1.13798420392621));
#7320=CARTESIAN_POINT('Origin',(-3.00568821331396,0.783357691180848,0.389518559373658));
#7321=CARTESIAN_POINT('',(-3.14796567080872,0.932919771913637,1.13777540638256));
#7322=CARTESIAN_POINT('Origin',(-3.17342219694609,0.892285498183852,0.389309761830008));
#7323=CARTESIAN_POINT('',(-2.98023168717659,0.823991964910631,1.13798420392621));
#7324=CARTESIAN_POINT('Origin',(-2.99256516013875,0.80547740649317,1.38699242983712));
#7325=CARTESIAN_POINT('',(-2.99256516013875,0.80547740649317,1.38699242983712));
#7326=CARTESIAN_POINT('',(-2.98023168717659,0.823991964910631,1.13798420392621));
#7327=CARTESIAN_POINT('',(-3.16029914377088,0.914405213496176,1.38678363229347));
#7328=CARTESIAN_POINT('',(-3.14796567080872,0.932919771913637,1.13777540638256));
#7329=CARTESIAN_POINT('',(-2.99256516013875,0.80547740649317,1.38699242983712));
#7330=CARTESIAN_POINT('Origin',(-3.02304804949191,0.758537560593974,1.38681038250509));
#7331=CARTESIAN_POINT('',(-3.02304804949191,0.758537560593974,1.38681038250509));
#7332=CARTESIAN_POINT('',(-2.99256516013875,0.80547740649317,1.38699242983712));
#7333=CARTESIAN_POINT('',(-3.19078203312404,0.86746536759698,1.38660158496144));
#7334=CARTESIAN_POINT('',(-3.16029914377088,0.914405213496176,1.38678363229347));
#7335=CARTESIAN_POINT('',(-3.02304804949191,0.758537560593974,1.38681038250509));
#7336=CARTESIAN_POINT('Origin',(-3.03451334102835,0.740405130363917,1.13773255919692));
#7337=CARTESIAN_POINT('',(-3.03451334102835,0.740405130363917,1.13773255919692));
#7338=CARTESIAN_POINT('',(-3.20224732466047,0.849332937366923,1.13752376165327));
#7339=CARTESIAN_POINT('Origin',(-3.17342219694609,0.892285498183852,0.389309761830008));
#7340=CARTESIAN_POINT('Origin',(-3.00568821331396,0.783357691180848,0.389518559373658));
#7341=CARTESIAN_POINT('Origin',(-3.49211676584712,1.09924833148956,0.388913046497073));
#7342=CARTESIAN_POINT('',(-3.5738122620731,0.973447843765469,0.388624628792805));
#7343=CARTESIAN_POINT('Origin',(-3.49211676584712,1.09924833148956,0.388913046497073));
#7344=CARTESIAN_POINT('Origin',(-1.45414886471681,-0.224224523596952,0.391449936652422));
#7345=CARTESIAN_POINT('',(-1.53584436094279,-0.350025011321046,0.391161518948155));
#7346=CARTESIAN_POINT('Origin',(-1.45414886471681,-0.224224523596952,0.391449936652422));
#7347=CARTESIAN_POINT('Origin',(-2.41861927060153,0.402110366670328,0.390249350776434));
#7348=CARTESIAN_POINT('',(-2.5003147668275,0.276309878946235,0.389960933072167));
#7349=CARTESIAN_POINT('Origin',(-0.638346793618715,3.43081992183989,0.396834382787388));
#7350=CARTESIAN_POINT('',(-0.694537908719234,3.56989744411972,0.396871534685339));
#7351=CARTESIAN_POINT('Origin',(-0.638346793618715,3.43081992183989,0.396834382787388));
#7352=CARTESIAN_POINT('Origin',(-2.89139789017876,2.52052719326151,0.391551903549301));
#7353=CARTESIAN_POINT('',(-2.94758900527928,2.65960471554135,0.391589055447253));
#7354=CARTESIAN_POINT('Origin',(-2.89139789017876,2.52052719326151,0.391551903549301));
#7355=CARTESIAN_POINT('Origin',(-1.82513914077792,2.95132416357638,0.394051842283375));
#7356=CARTESIAN_POINT('',(-1.88133025587844,3.09040168585621,0.394088994181327));
#7357=CARTESIAN_POINT('Origin',(-1.93232603931924,3.46376478475046,3.80657599996892));
#7358=CARTESIAN_POINT('',(-2.3959167999283,3.27646175417878,3.80548907008454));
#7359=CARTESIAN_POINT('',(-1.93232603931924,3.46376478475046,3.80657599996892));
#7360=CARTESIAN_POINT('',(-2.3959167999283,3.27646175417878,3.80548907008454));
#7361=CARTESIAN_POINT('',(-2.39664503349778,3.27536267586822,4.30548733178426));
#7362=CARTESIAN_POINT('',(-2.3959167999283,3.27646175417878,3.80548907008454));
#7363=CARTESIAN_POINT('',(-1.93305427288872,3.4626657064399,4.30657426166863));
#7364=CARTESIAN_POINT('',(-2.39664503349778,3.27536267586822,4.30548733178426));
#7365=CARTESIAN_POINT('',(-1.93232603931924,3.46376478475046,3.80657599996892));
#7366=CARTESIAN_POINT('Origin',(-2.02221076495111,2.35151651355764,3.80400018096301));
#7367=CARTESIAN_POINT('',(-2.02221076495111,2.35151651355764,3.80400018096301));
#7368=CARTESIAN_POINT('',(-1.55862000434205,2.53881954412932,3.80508711084739));
#7369=CARTESIAN_POINT('',(-2.02221076495111,2.35151651355764,3.80400018096301));
#7370=CARTESIAN_POINT('',(-1.55934823791153,2.53772046581877,4.3050853725471));
#7371=CARTESIAN_POINT('',(-1.55862000434205,2.53881954412932,3.80508711084739));
#7372=CARTESIAN_POINT('',(-2.02293899852059,2.35041743524709,4.30399844266273));
#7373=CARTESIAN_POINT('',(-2.02293899852059,2.35041743524709,4.30399844266273));
#7374=CARTESIAN_POINT('',(-2.02221076495111,2.35151651355764,3.80400018096301));
#7375=CARTESIAN_POINT('Origin',(-2.39664503349778,3.27536267586822,4.30548733178426));
#7376=CARTESIAN_POINT('',(-2.02293899852059,2.35041743524709,4.30399844266273));
#7377=CARTESIAN_POINT('',(-1.55934823791153,2.53772046581877,4.3050853725471));
#7378=CARTESIAN_POINT('Origin',(-2.02221076495111,2.35151651355764,3.80400018096301));
#7379=CARTESIAN_POINT('',(-2.21211866960253,2.83276562482876,1.87207516154541));
#7380=CARTESIAN_POINT('',(-2.21211866960253,2.83276562482876,1.87207516154541));
#7381=CARTESIAN_POINT('',(-1.74852790899346,3.02006865540045,1.87316209142979));
#7382=CARTESIAN_POINT('',(-2.21211866960253,2.83276562482876,1.87207516154541));
#7383=CARTESIAN_POINT('',(-1.74852790899346,3.02006865540045,1.87316209142979));
#7384=CARTESIAN_POINT('Origin',(-2.58560848022903,3.7571765871286,1.87340979743377));
#7385=CARTESIAN_POINT('',(-2.58560848022903,3.7571765871286,1.87340979743377));
#7386=CARTESIAN_POINT('',(-2.58560848022903,3.7571765871286,1.87340979743377));
#7387=CARTESIAN_POINT('',(-2.12201771961997,3.94447961770029,1.87449672731816));
#7388=CARTESIAN_POINT('',(-2.12201771961997,3.94447961770029,1.87449672731816));
#7389=CARTESIAN_POINT('',(-2.58560848022903,3.7571765871286,1.87340979743377));
#7390=CARTESIAN_POINT('Origin',(-2.3263553029813,3.12641371563985,-0.00673008832957488));
#7391=CARTESIAN_POINT('',(-2.3263553029813,3.12641371563985,-0.00673008832957488));
#7392=CARTESIAN_POINT('',(-2.3263553029813,3.12641371563985,-0.00673008832957488));
#7393=CARTESIAN_POINT('',(-1.86276454237224,3.31371674621153,-0.00564315844519497));
#7394=CARTESIAN_POINT('',(-1.86276454237224,3.31371674621153,-0.00564315844519497));
#7395=CARTESIAN_POINT('',(-2.3263553029813,3.12641371563985,-0.00673008832957488));
#7396=CARTESIAN_POINT('Origin',(-1.95174785702251,2.1992302041839,-0.00697776765715645));
#7397=CARTESIAN_POINT('',(-1.95174785702251,2.1992302041839,-0.00697776765715645));
#7398=CARTESIAN_POINT('',(-1.95174785702251,2.1992302041839,-0.00697776765715645));
#7399=CARTESIAN_POINT('',(-1.48815709641345,2.38653323475558,-0.00589083777277655));
#7400=CARTESIAN_POINT('',(-1.48815709641345,2.38653323475558,-0.00589083777277655));
#7401=CARTESIAN_POINT('',(-1.95174785702251,2.1992302041839,-0.00697776765715645));
#7402=CARTESIAN_POINT('Origin',(-2.21211866960253,2.83276562482876,1.87207516154541));
#7403=CARTESIAN_POINT('',(-1.95174785702251,2.1992302041839,-0.00697776765715645));
#7404=CARTESIAN_POINT('',(-1.48815709641345,2.38653323475558,-0.00589083777277655));
#7405=CARTESIAN_POINT('Origin',(-1.80694502162848,3.16449782354825,1.90040651855223));
#7406=CARTESIAN_POINT('Origin',(-2.27053578223754,2.97719479297657,1.89931958866785));
#7407=CARTESIAN_POINT('Origin',(-1.17611207592523,3.21354840637674,0.395573544121507));
#7408=CARTESIAN_POINT('',(-1.25599727361604,3.40709174740121,1.11575361211491));
#7409=CARTESIAN_POINT('',(-1.19638752519382,3.25938928860623,1.14389668266085));
#7410=CARTESIAN_POINT('Origin',(-1.17611207592523,3.21354840637674,0.395573544121507));
#7411=CARTESIAN_POINT('',(-1.01095122095019,3.3343105008349,1.14433145461461));
#7412=CARTESIAN_POINT('',(-1.19638752519382,3.25938928860623,1.14389668266085));
#7413=CARTESIAN_POINT('',(-1.07056096937242,3.48201295962988,1.11618838406866));
#7414=CARTESIAN_POINT('Origin',(-0.990675771681606,3.28846961860541,0.396008316075259));
#7415=CARTESIAN_POINT('',(-1.25599727361604,3.40709174740121,1.11575361211491));
#7416=CARTESIAN_POINT('Origin',(-1.29600414548434,3.50479707795734,1.34236587697326));
#7417=CARTESIAN_POINT('',(-1.29600414548434,3.50479707795734,1.34236587697326));
#7418=CARTESIAN_POINT('',(-1.25599727361604,3.40709174740121,1.11575361211491));
#7419=CARTESIAN_POINT('',(-1.11056784124071,3.57971829018602,1.34280064892701));
#7420=CARTESIAN_POINT('',(-1.07056096937242,3.48201295962988,1.11618838406866));
#7421=CARTESIAN_POINT('',(-1.29600414548434,3.50479707795734,1.34236587697326));
#7422=CARTESIAN_POINT('Origin',(-1.31565981292056,3.55355792486963,1.32316631021717));
#7423=CARTESIAN_POINT('',(-1.31565981292056,3.55355792486963,1.32316631021717));
#7424=CARTESIAN_POINT('',(-1.29600414548434,3.50479707795734,1.34236587697326));
#7425=CARTESIAN_POINT('',(-1.13022350867694,3.6284791370983,1.32360108217092));
#7426=CARTESIAN_POINT('',(-1.11056784124071,3.57971829018602,1.34280064892701));
#7427=CARTESIAN_POINT('',(-1.31565981292056,3.55355792486963,1.32316631021717));
#7428=CARTESIAN_POINT('Origin',(-1.29100795293979,3.49394413008,1.08163270744052));
#7429=CARTESIAN_POINT('',(-1.29100795293979,3.49394413008,1.08163270744052));
#7430=CARTESIAN_POINT('',(-1.29100795293979,3.49394413008,1.08163270744052));
#7431=CARTESIAN_POINT('',(-1.10557164869616,3.56886534230867,1.08206747939427));
#7432=CARTESIAN_POINT('',(-1.10557164869616,3.56886534230867,1.08206747939427));
#7433=CARTESIAN_POINT('',(-1.29100795293979,3.49394413008,1.08163270744052));
#7434=CARTESIAN_POINT('Origin',(-1.17611207592523,3.21354840637674,0.395573544121507));
#7435=CARTESIAN_POINT('',(-1.34330720678943,3.62385877778671,1.00071087343504));
#7436=CARTESIAN_POINT('Origin',(-1.17611207592523,3.21354840637674,0.395573544121507));
#7437=CARTESIAN_POINT('',(-1.1578709025458,3.69877999001538,1.00114564538879));
#7438=CARTESIAN_POINT('Origin',(-0.990675771681606,3.28846961860541,0.396008316075259));
#7439=CARTESIAN_POINT('',(-1.34330720678943,3.62385877778671,1.00071087343504));
#7440=CARTESIAN_POINT('Origin',(-1.40986292690818,3.7875635944372,1.17754715117494));
#7441=CARTESIAN_POINT('',(-1.40986292690818,3.7875635944372,1.17754715117494));
#7442=CARTESIAN_POINT('',(-1.34330720678943,3.62385877778671,1.00071087343504));
#7443=CARTESIAN_POINT('',(-1.22442662266455,3.86248480666588,1.17798192312869));
#7444=CARTESIAN_POINT('',(-1.1578709025458,3.69877999001538,1.00114564538879));
#7445=CARTESIAN_POINT('',(-1.40986292690818,3.7875635944372,1.17754715117494));
#7446=CARTESIAN_POINT('Origin',(-1.42583705606716,3.8273099505859,1.14152433634737));
#7447=CARTESIAN_POINT('',(-1.42583705606716,3.8273099505859,1.14152433634737));
#7448=CARTESIAN_POINT('',(-1.40986292690818,3.7875635944372,1.17754715117494));
#7449=CARTESIAN_POINT('',(-1.24040075182353,3.90223116281457,1.14195910830112));
#7450=CARTESIAN_POINT('',(-1.22442662266455,3.86248480666588,1.17798192312869));
#7451=CARTESIAN_POINT('',(-1.42583705606716,3.8273099505859,1.14152433634737));
#7452=CARTESIAN_POINT('Origin',(-1.37177024223525,3.694679109075,0.936619871969018));
#7453=CARTESIAN_POINT('',(-1.37177024223525,3.694679109075,0.936619871969018));
#7454=CARTESIAN_POINT('',(-1.37177024223525,3.694679109075,0.936619871969018));
#7455=CARTESIAN_POINT('',(-1.18633393799163,3.76960032130367,0.93705464392277));
#7456=CARTESIAN_POINT('',(-1.18633393799163,3.76960032130367,0.93705464392277));
#7457=CARTESIAN_POINT('',(-1.37177024223525,3.694679109075,0.936619871969018));
#7458=CARTESIAN_POINT('Origin',(-1.17611207592523,3.21354840637674,0.395573544121507));
#7459=CARTESIAN_POINT('',(-1.41045093964326,3.79113632184402,0.812679641964143));
#7460=CARTESIAN_POINT('Origin',(-1.17611207592523,3.21354840637674,0.395573544121507));
#7461=CARTESIAN_POINT('',(-1.22501463539963,3.86605753407269,0.813114413917896));
#7462=CARTESIAN_POINT('Origin',(-0.990675771681606,3.28846961860541,0.396008316075259));
#7463=CARTESIAN_POINT('',(-1.41045093964326,3.79113632184402,0.812679641964143));
#7464=CARTESIAN_POINT('Origin',(-1.49552790590833,4.00109540767504,0.918410867664655));
#7465=CARTESIAN_POINT('',(-1.49552790590833,4.00109540767504,0.918410867664655));
#7466=CARTESIAN_POINT('',(-1.41045093964326,3.79113632184402,0.812679641964143));
#7467=CARTESIAN_POINT('',(-1.3100916016647,4.07601661990371,0.918845639618407));
#7468=CARTESIAN_POINT('',(-1.22501463539963,3.86605753407269,0.813114413917896));
#7469=CARTESIAN_POINT('',(-1.49552790590833,4.00109540767504,0.918410867664655));
#7470=CARTESIAN_POINT('Origin',(-1.50589378106044,4.02703327591487,0.869909687873932));
#7471=CARTESIAN_POINT('',(-1.50589378106044,4.02703327591487,0.869909687873932));
#7472=CARTESIAN_POINT('',(-1.49552790590833,4.00109540767504,0.918410867664655));
#7473=CARTESIAN_POINT('',(-1.32045747681682,4.10195448814355,0.870344459827684));
#7474=CARTESIAN_POINT('',(-1.3100916016647,4.07601661990371,0.918845639618407));
#7475=CARTESIAN_POINT('',(-1.50589378106044,4.02703327591487,0.869909687873932));
#7476=CARTESIAN_POINT('Origin',(-1.42893326906673,3.83738262459167,0.726348864365735));
#7477=CARTESIAN_POINT('',(-1.42893326906673,3.83738262459167,0.726348864365735));
#7478=CARTESIAN_POINT('',(-1.42893326906673,3.83738262459167,0.726348864365735));
#7479=CARTESIAN_POINT('',(-1.24349696482311,3.91230383682034,0.726783636319488));
#7480=CARTESIAN_POINT('',(-1.24349696482311,3.91230383682034,0.726783636319488));
#7481=CARTESIAN_POINT('',(-1.42893326906673,3.83738262459167,0.726348864365735));
#7482=CARTESIAN_POINT('Origin',(-1.17611207592523,3.21354840637674,0.395573544121507));
#7483=CARTESIAN_POINT('',(-1.4493299470594,3.8887482390062,0.574339259263034));
#7484=CARTESIAN_POINT('Origin',(-1.17611207592523,3.21354840637674,0.395573544121507));
#7485=CARTESIAN_POINT('',(-1.26389364281578,3.96366945123487,0.574774031216785));
#7486=CARTESIAN_POINT('Origin',(-0.990675771681606,3.28846961860541,0.396008316075259));
#7487=CARTESIAN_POINT('',(-1.4493299470594,3.8887482390062,0.574339259263034));
#7488=CARTESIAN_POINT('Origin',(-1.54266662173693,4.11963742960044,0.596212686677975));
#7489=CARTESIAN_POINT('',(-1.54266662173693,4.11963742960044,0.596212686677975));
#7490=CARTESIAN_POINT('',(-1.4493299470594,3.8887482390062,0.574339259263034));
#7491=CARTESIAN_POINT('',(-1.3572303174933,4.19455864182911,0.596647458631727));
#7492=CARTESIAN_POINT('',(-1.26389364281578,3.96366945123487,0.574774031216785));
#7493=CARTESIAN_POINT('',(-1.54266662173693,4.11963742960044,0.596212686677975));
#7494=CARTESIAN_POINT('Origin',(-1.54617396535482,4.12863832021952,0.541083100008042));
#7495=CARTESIAN_POINT('',(-1.54617396535482,4.12863832021952,0.541083100008042));
#7496=CARTESIAN_POINT('',(-1.54266662173693,4.11963742960044,0.596212686677975));
#7497=CARTESIAN_POINT('',(-1.36073766111119,4.2035595324482,0.541517871961794));
#7498=CARTESIAN_POINT('',(-1.3572303174933,4.19455864182911,0.596647458631727));
#7499=CARTESIAN_POINT('',(-1.54617396535482,4.12863832021952,0.541083100008042));
#7500=CARTESIAN_POINT('Origin',(-1.45560232876193,3.90484252657911,0.476181471417189));
#7501=CARTESIAN_POINT('',(-1.45560232876193,3.90484252657911,0.476181471417189));
#7502=CARTESIAN_POINT('',(-1.45560232876193,3.90484252657911,0.476181471417189));
#7503=CARTESIAN_POINT('',(-1.2701660245183,3.97976373880778,0.476616243370941));
#7504=CARTESIAN_POINT('',(-1.2701660245183,3.97976373880778,0.476616243370941));
#7505=CARTESIAN_POINT('',(-1.45560232876193,3.90484252657911,0.476181471417189));
#7506=CARTESIAN_POINT('Origin',(-1.17611207592523,3.21354840637674,0.395573544121507));
#7507=CARTESIAN_POINT('',(-1.45525484695044,3.90492109146503,0.314437093014887));
#7508=CARTESIAN_POINT('Origin',(-1.17611207592523,3.21354840637674,0.395573544121507));
#7509=CARTESIAN_POINT('',(-1.26981854270681,3.9798423036937,0.314871864968639));
#7510=CARTESIAN_POINT('Origin',(-0.990675771681606,3.28846961860541,0.396008316075259));
#7511=CARTESIAN_POINT('',(-1.45525484695044,3.90492109146503,0.314437093014887));
#7512=CARTESIAN_POINT('Origin',(-1.5455934495717,4.12889174287529,0.24981446398061));
#7513=CARTESIAN_POINT('',(-1.5455934495717,4.12889174287529,0.24981446398061));
#7514=CARTESIAN_POINT('',(-1.45525484695044,3.90492109146503,0.314437093014887));
#7515=CARTESIAN_POINT('',(-1.36015714532807,4.20381295510396,0.250249235934361));
#7516=CARTESIAN_POINT('',(-1.26981854270681,3.9798423036937,0.314871864968639));
#7517=CARTESIAN_POINT('',(-1.5455934495717,4.12889174287529,0.24981446398061));
#7518=CARTESIAN_POINT('Origin',(-1.54181922425216,4.11987001562596,0.194705912209905));
#7519=CARTESIAN_POINT('',(-1.54181922425216,4.11987001562596,0.194705912209905));
#7520=CARTESIAN_POINT('',(-1.5455934495717,4.12889174287529,0.24981446398061));
#7521=CARTESIAN_POINT('',(-1.35638292000853,4.19479122785463,0.195140684163657));
#7522=CARTESIAN_POINT('',(-1.36015714532807,4.20381295510396,0.250249235934361));
#7523=CARTESIAN_POINT('',(-1.54181922425216,4.11987001562596,0.194705912209905));
#7524=CARTESIAN_POINT('Origin',(-1.44856073912819,3.88892215525552,0.216291572790478));
#7525=CARTESIAN_POINT('',(-1.44856073912819,3.88892215525552,0.216291572790478));
#7526=CARTESIAN_POINT('',(-1.44856073912819,3.88892215525552,0.216291572790478));
#7527=CARTESIAN_POINT('',(-1.26312443488457,3.96384336748419,0.21672634474423));
#7528=CARTESIAN_POINT('',(-1.26312443488457,3.96384336748419,0.21672634474423));
#7529=CARTESIAN_POINT('',(-1.44856073912819,3.88892215525552,0.216291572790478));
#7530=CARTESIAN_POINT('Origin',(-1.17611207592523,3.21354840637674,0.395573544121507));
#7531=CARTESIAN_POINT('',(-1.42751100894729,3.83770419452809,0.0643211802166852));
#7532=CARTESIAN_POINT('Origin',(-1.17611207592523,3.21354840637674,0.395573544121507));
#7533=CARTESIAN_POINT('',(-1.24207470470367,3.91262540675676,0.0647559521704373));
#7534=CARTESIAN_POINT('Origin',(-0.990675771681606,3.28846961860541,0.396008316075259));
#7535=CARTESIAN_POINT('',(-1.42751100894729,3.83770419452809,0.0643211802166852));
#7536=CARTESIAN_POINT('Origin',(-1.50395537078039,4.02774214073951,-0.0790030624768488));
#7537=CARTESIAN_POINT('',(-1.50395537078039,4.02774214073951,-0.0790030624768488));
#7538=CARTESIAN_POINT('',(-1.42751100894729,3.83770419452809,0.0643211802166852));
#7539=CARTESIAN_POINT('',(-1.31851906653676,4.10266335296819,-0.0785682905230969));
#7540=CARTESIAN_POINT('',(-1.24207470470367,3.91262540675676,0.0647559521704373));
#7541=CARTESIAN_POINT('',(-1.50395537078039,4.02774214073951,-0.0790030624768488));
#7542=CARTESIAN_POINT('Origin',(-1.49335480379859,4.00178594907455,-0.127443674689172));
#7543=CARTESIAN_POINT('',(-1.49335480379859,4.00178594907455,-0.127443674689172));
#7544=CARTESIAN_POINT('',(-1.50395537078039,4.02774214073951,-0.0790030624768488));
#7545=CARTESIAN_POINT('',(-1.30791849955497,4.07670716130323,-0.12700890273542));
#7546=CARTESIAN_POINT('',(-1.31851906653676,4.10266335296819,-0.0785682905230969));
#7547=CARTESIAN_POINT('',(-1.49335480379859,4.00178594907455,-0.127443674689172));
#7548=CARTESIAN_POINT('Origin',(-1.40865781979815,3.79154174236218,-0.021974274173613));
#7549=CARTESIAN_POINT('',(-1.40865781979815,3.79154174236218,-0.021974274173613));
#7550=CARTESIAN_POINT('',(-1.40865781979815,3.79154174236218,-0.021974274173613));
#7551=CARTESIAN_POINT('',(-1.22322151555452,3.86646295459085,-0.0215395022198609));
#7552=CARTESIAN_POINT('',(-1.22322151555452,3.86646295459085,-0.0215395022198609));
#7553=CARTESIAN_POINT('',(-1.40865781979815,3.79154174236218,-0.021974274173613));
#7554=CARTESIAN_POINT('Origin',(-1.17611207592523,3.21354840637674,0.395573544121507));
#7555=CARTESIAN_POINT('',(-1.36944474936859,3.69520489798173,-0.145840808730371));
#7556=CARTESIAN_POINT('Origin',(-1.17611207592523,3.21354840637674,0.395573544121507));
#7557=CARTESIAN_POINT('',(-1.18400844512496,3.7701261102104,-0.145406036776619));
#7558=CARTESIAN_POINT('Origin',(-0.990675771681606,3.28846961860541,0.396008316075259));
#7559=CARTESIAN_POINT('',(-1.36944474936859,3.69520489798173,-0.145840808730371));
#7560=CARTESIAN_POINT('Origin',(-1.42277455217782,3.82838875801984,-0.350579646173778));
#7561=CARTESIAN_POINT('',(-1.42277455217782,3.82838875801984,-0.350579646173778));
#7562=CARTESIAN_POINT('',(-1.36944474936859,3.69520489798173,-0.145840808730371));
#7563=CARTESIAN_POINT('',(-1.23733824793419,3.90330997024851,-0.350144874220026));
#7564=CARTESIAN_POINT('',(-1.18400844512496,3.7701261102104,-0.145406036776619));
#7565=CARTESIAN_POINT('',(-1.42277455217782,3.82838875801984,-0.350579646173778));
#7566=CARTESIAN_POINT('Origin',(-1.40662622835948,3.78862880172663,-0.386509666087618));
#7567=CARTESIAN_POINT('',(-1.40662622835948,3.78862880172663,-0.386509666087618));
#7568=CARTESIAN_POINT('',(-1.42277455217782,3.82838875801984,-0.350579646173778));
#7569=CARTESIAN_POINT('',(-1.22118992411586,3.8635500139553,-0.386074894133866));
#7570=CARTESIAN_POINT('',(-1.23733824793419,3.90330997024851,-0.350144874220026));
#7571=CARTESIAN_POINT('',(-1.40662622835948,3.78862880172663,-0.386509666087618));
#7572=CARTESIAN_POINT('Origin',(-1.34070645174737,3.62444680287585,-0.209877691901822));
#7573=CARTESIAN_POINT('',(-1.34070645174737,3.62444680287585,-0.209877691901822));
#7574=CARTESIAN_POINT('',(-1.34070645174737,3.62444680287585,-0.209877691901822));
#7575=CARTESIAN_POINT('',(-1.15527014750375,3.69936801510452,-0.209442919948071));
#7576=CARTESIAN_POINT('',(-1.15527014750375,3.69936801510452,-0.209442919948071));
#7577=CARTESIAN_POINT('',(-1.34070645174737,3.62444680287585,-0.209877691901822));
#7578=CARTESIAN_POINT('Origin',(-1.17611207592523,3.21354840637674,0.395573544121507));
#7579=CARTESIAN_POINT('',(-1.28805971608624,3.49461072005506,-0.290700236298647));
#7580=CARTESIAN_POINT('Origin',(-1.17611207592523,3.21354840637674,0.395573544121507));
#7581=CARTESIAN_POINT('',(-1.10262341184262,3.56953193228373,-0.290265464344895));
#7582=CARTESIAN_POINT('Origin',(-0.990675771681606,3.28846961860541,0.396008316075259));
#7583=CARTESIAN_POINT('',(-1.28805971608624,3.49461072005506,-0.290700236298647));
#7584=CARTESIAN_POINT('Origin',(-1.31184259858875,3.55487655481483,-0.532159143072824));
#7585=CARTESIAN_POINT('',(-1.31184259858875,3.55487655481483,-0.532159143072824));
#7586=CARTESIAN_POINT('',(-1.28805971608624,3.49461072005506,-0.290700236298647));
#7587=CARTESIAN_POINT('',(-1.12640629434512,3.6297977670435,-0.531724371119073));
#7588=CARTESIAN_POINT('',(-1.10262341184262,3.56953193228373,-0.290265464344895));
#7589=CARTESIAN_POINT('',(-1.31184259858875,3.55487655481483,-0.532159143072824));
#7590=CARTESIAN_POINT('Origin',(-1.29209424411023,3.5061084714168,-0.551244880015954));
#7591=CARTESIAN_POINT('',(-1.29209424411023,3.5061084714168,-0.551244880015954));
#7592=CARTESIAN_POINT('',(-1.31184259858875,3.55487655481483,-0.532159143072824));
#7593=CARTESIAN_POINT('',(-1.10665793986661,3.58102968364547,-0.550810108062202));
#7594=CARTESIAN_POINT('',(-1.12640629434512,3.6297977670435,-0.531724371119073));
#7595=CARTESIAN_POINT('',(-1.29209424411023,3.5061084714168,-0.551244880015954));
#7596=CARTESIAN_POINT('Origin',(-1.25290257281817,3.40779145255726,-0.324754755057033));
#7597=CARTESIAN_POINT('',(-1.25290257281817,3.40779145255726,-0.324754755057033));
#7598=CARTESIAN_POINT('',(-1.25290257281817,3.40779145255726,-0.324754755057033));
#7599=CARTESIAN_POINT('',(-1.06746626857454,3.48271266478593,-0.324319983103281));
#7600=CARTESIAN_POINT('',(-1.06746626857454,3.48271266478593,-0.324319983103281));
#7601=CARTESIAN_POINT('',(-1.25290257281817,3.40779145255726,-0.324754755057033));
#7602=CARTESIAN_POINT('Origin',(-1.17611207592523,3.21354840637674,0.395573544121507));
#7603=CARTESIAN_POINT('',(-1.19317214522927,3.26011627906082,-0.352784917625951));
#7604=CARTESIAN_POINT('Origin',(-1.17611207592523,3.21354840637674,0.395573544121507));
#7605=CARTESIAN_POINT('',(-1.00773584098564,3.33503749128949,-0.352350145672199));
#7606=CARTESIAN_POINT('Origin',(-0.990675771681606,3.28846961860541,0.396008316075259));
#7607=CARTESIAN_POINT('',(-1.19317214522927,3.26011627906082,-0.352784917625951));
#7608=CARTESIAN_POINT('Origin',(-1.18453954079729,3.24019513944121,-0.601840386019996));
#7609=CARTESIAN_POINT('',(-1.18453954079729,3.24019513944121,-0.601840386019996));
#7610=CARTESIAN_POINT('',(-1.19317214522927,3.26011627906082,-0.352784917625951));
#7611=CARTESIAN_POINT('',(-0.999103236553665,3.31511635166989,-0.601405614066244));
#7612=CARTESIAN_POINT('',(-1.00773584098564,3.33503749128949,-0.352350145672199));
#7613=CARTESIAN_POINT('',(-1.18453954079729,3.24019513944121,-0.601840386019996));
#7614=CARTESIAN_POINT('Origin',(-1.16357309866338,3.18830107953642,-0.601779818441596));
#7615=CARTESIAN_POINT('',(-1.16357309866338,3.18830107953642,-0.601779818441596));
#7616=CARTESIAN_POINT('',(-1.18453954079729,3.24019513944121,-0.601840386019996));
#7617=CARTESIAN_POINT('',(-0.978136794419753,3.26322229176509,-0.601345046487844));
#7618=CARTESIAN_POINT('',(-0.999103236553665,3.31511635166989,-0.601405614066244));
#7619=CARTESIAN_POINT('',(-1.16357309866338,3.18830107953642,-0.601779818441596));
#7620=CARTESIAN_POINT('Origin',(-1.15583662665664,3.16770752414725,-0.35274959441784));
#7621=CARTESIAN_POINT('',(-1.15583662665664,3.16770752414725,-0.35274959441784));
#7622=CARTESIAN_POINT('',(-1.15583662665664,3.16770752414725,-0.35274959441784));
#7623=CARTESIAN_POINT('',(-0.970400322413018,3.24262873637592,-0.352314822464088));
#7624=CARTESIAN_POINT('',(-0.970400322413018,3.24262873637592,-0.352314822464088));
#7625=CARTESIAN_POINT('',(-1.15583662665664,3.16770752414725,-0.35274959441784));
#7626=CARTESIAN_POINT('Origin',(-1.17611207592523,3.21354840637674,0.395573544121507));
#7627=CARTESIAN_POINT('',(-1.09622687823442,3.02000506535227,-0.324606523871897));
#7628=CARTESIAN_POINT('Origin',(-1.17611207592523,3.21354840637674,0.395573544121507));
#7629=CARTESIAN_POINT('',(-0.910790573990792,3.09492627758094,-0.324171751918145));
#7630=CARTESIAN_POINT('Origin',(-0.990675771681606,3.28846961860541,0.396008316075259));
#7631=CARTESIAN_POINT('',(-1.09622687823442,3.02000506535227,-0.324606523871897));
#7632=CARTESIAN_POINT('Origin',(-1.05622000636612,2.92229973479613,-0.551218788730246));
#7633=CARTESIAN_POINT('',(-1.05622000636612,2.92229973479613,-0.551218788730246));
#7634=CARTESIAN_POINT('',(-1.09622687823442,3.02000506535227,-0.324606523871897));
#7635=CARTESIAN_POINT('',(-0.870783702122494,2.99722094702481,-0.550784016776494));
#7636=CARTESIAN_POINT('',(-0.910790573990792,3.09492627758094,-0.324171751918145));
#7637=CARTESIAN_POINT('',(-1.05622000636612,2.92229973479613,-0.551218788730246));
#7638=CARTESIAN_POINT('Origin',(-1.0365643389299,2.87353888788385,-0.532019221974153));
#7639=CARTESIAN_POINT('',(-1.0365643389299,2.87353888788385,-0.532019221974153));
#7640=CARTESIAN_POINT('',(-1.05622000636612,2.92229973479613,-0.551218788730246));
#7641=CARTESIAN_POINT('',(-0.851128034686269,2.94846010011252,-0.531584450020401));
#7642=CARTESIAN_POINT('',(-0.870783702122494,2.99722094702481,-0.550784016776494));
#7643=CARTESIAN_POINT('',(-1.0365643389299,2.87353888788385,-0.532019221974153));
#7644=CARTESIAN_POINT('Origin',(-1.06121619891067,2.93315268267348,-0.290485619197504));
#7645=CARTESIAN_POINT('',(-1.06121619891067,2.93315268267348,-0.290485619197504));
#7646=CARTESIAN_POINT('',(-1.06121619891067,2.93315268267348,-0.290485619197504));
#7647=CARTESIAN_POINT('',(-0.875779894667047,3.00807389490215,-0.290050847243751));
#7648=CARTESIAN_POINT('',(-0.875779894667047,3.00807389490215,-0.290050847243751));
#7649=CARTESIAN_POINT('',(-1.06121619891067,2.93315268267348,-0.290485619197504));
#7650=CARTESIAN_POINT('Origin',(-1.17611207592523,3.21354840637674,0.395573544121507));
#7651=CARTESIAN_POINT('',(-1.00891694506103,2.80323803496677,-0.209563785192027));
#7652=CARTESIAN_POINT('Origin',(-1.17611207592523,3.21354840637674,0.395573544121507));
#7653=CARTESIAN_POINT('',(-0.823480640817408,2.87815924719544,-0.209129013238275));
#7654=CARTESIAN_POINT('Origin',(-0.990675771681606,3.28846961860541,0.396008316075259));
#7655=CARTESIAN_POINT('',(-1.00891694506103,2.80323803496677,-0.209563785192027));
#7656=CARTESIAN_POINT('Origin',(-0.94236122494228,2.63953321831627,-0.386400062931926));
#7657=CARTESIAN_POINT('',(-0.94236122494228,2.63953321831627,-0.386400062931926));
#7658=CARTESIAN_POINT('',(-1.00891694506103,2.80323803496677,-0.209563785192027));
#7659=CARTESIAN_POINT('',(-0.756924920698654,2.71445443054495,-0.385965290978173));
#7660=CARTESIAN_POINT('',(-0.823480640817408,2.87815924719544,-0.209129013238275));
#7661=CARTESIAN_POINT('',(-0.94236122494228,2.63953321831627,-0.386400062931926));
#7662=CARTESIAN_POINT('Origin',(-0.926387095783305,2.59978686216758,-0.350377248104352));
#7663=CARTESIAN_POINT('',(-0.926387095783305,2.59978686216758,-0.350377248104352));
#7664=CARTESIAN_POINT('',(-0.94236122494228,2.63953321831627,-0.386400062931926));
#7665=CARTESIAN_POINT('',(-0.740950791539678,2.67470807439625,-0.3499424761506));
#7666=CARTESIAN_POINT('',(-0.756924920698654,2.71445443054495,-0.385965290978173));
#7667=CARTESIAN_POINT('',(-0.926387095783305,2.59978686216758,-0.350377248104352));
#7668=CARTESIAN_POINT('Origin',(-0.980453909615206,2.73241770367848,-0.145472783726004));
#7669=CARTESIAN_POINT('',(-0.980453909615206,2.73241770367848,-0.145472783726004));
#7670=CARTESIAN_POINT('',(-0.980453909615206,2.73241770367848,-0.145472783726004));
#7671=CARTESIAN_POINT('',(-0.795017605371582,2.80733891590715,-0.145038011772252));
#7672=CARTESIAN_POINT('',(-0.795017605371582,2.80733891590715,-0.145038011772252));
#7673=CARTESIAN_POINT('',(-0.980453909615206,2.73241770367848,-0.145472783726004));
#7674=CARTESIAN_POINT('Origin',(-1.17611207592523,3.21354840637674,0.395573544121507));
#7675=CARTESIAN_POINT('',(-0.941773212207204,2.63596049090946,-0.0215325537211289));
#7676=CARTESIAN_POINT('Origin',(-1.17611207592523,3.21354840637674,0.395573544121507));
#7677=CARTESIAN_POINT('',(-0.756336907963576,2.71088170313814,-0.0210977817673768));
#7678=CARTESIAN_POINT('Origin',(-0.990675771681606,3.28846961860541,0.396008316075259));
#7679=CARTESIAN_POINT('',(-0.941773212207204,2.63596049090946,-0.0215325537211289));
#7680=CARTESIAN_POINT('Origin',(-0.856696245942129,2.42600140507844,-0.127263779421639));
#7681=CARTESIAN_POINT('',(-0.856696245942129,2.42600140507844,-0.127263779421639));
#7682=CARTESIAN_POINT('',(-0.941773212207204,2.63596049090946,-0.0215325537211289));
#7683=CARTESIAN_POINT('',(-0.671259941698504,2.50092261730711,-0.126829007467888));
#7684=CARTESIAN_POINT('',(-0.756336907963576,2.71088170313814,-0.0210977817673768));
#7685=CARTESIAN_POINT('',(-0.856696245942129,2.42600140507844,-0.127263779421639));
#7686=CARTESIAN_POINT('Origin',(-0.846330370790015,2.4000635368386,-0.0787625996309164));
#7687=CARTESIAN_POINT('',(-0.846330370790015,2.4000635368386,-0.0787625996309164));
#7688=CARTESIAN_POINT('',(-0.856696245942129,2.42600140507844,-0.127263779421639));
#7689=CARTESIAN_POINT('',(-0.66089406654639,2.47498474906728,-0.0783278276771643));
#7690=CARTESIAN_POINT('',(-0.671259941698504,2.50092261730711,-0.126829007467888));
#7691=CARTESIAN_POINT('',(-0.846330370790015,2.4000635368386,-0.0787625996309164));
#7692=CARTESIAN_POINT('Origin',(-0.923290882783724,2.58971418816181,0.06479822387728));
#7693=CARTESIAN_POINT('',(-0.923290882783724,2.58971418816181,0.06479822387728));
#7694=CARTESIAN_POINT('',(-0.923290882783724,2.58971418816181,0.06479822387728));
#7695=CARTESIAN_POINT('',(-0.7378545785401,2.66463540039048,0.0652329958310321));
#7696=CARTESIAN_POINT('',(-0.7378545785401,2.66463540039048,0.0652329958310321));
#7697=CARTESIAN_POINT('',(-0.923290882783724,2.58971418816181,0.06479822387728));
#7698=CARTESIAN_POINT('Origin',(-1.17611207592523,3.21354840637674,0.395573544121507));
#7699=CARTESIAN_POINT('',(-0.902894204791057,2.53834857374728,0.216807828979981));
#7700=CARTESIAN_POINT('Origin',(-1.17611207592523,3.21354840637674,0.395573544121507));
#7701=CARTESIAN_POINT('',(-0.717457900547433,2.61326978597595,0.217242600933733));
#7702=CARTESIAN_POINT('Origin',(-0.990675771681606,3.28846961860541,0.396008316075259));
#7703=CARTESIAN_POINT('',(-0.902894204791057,2.53834857374728,0.216807828979981));
#7704=CARTESIAN_POINT('Origin',(-0.809557530113529,2.30745938315304,0.19493440156504));
#7705=CARTESIAN_POINT('',(-0.809557530113529,2.30745938315304,0.19493440156504));
#7706=CARTESIAN_POINT('',(-0.902894204791057,2.53834857374728,0.216807828979981));
#7707=CARTESIAN_POINT('',(-0.624121225869903,2.38238059538171,0.195369173518792));
#7708=CARTESIAN_POINT('',(-0.717457900547433,2.61326978597595,0.217242600933733));
#7709=CARTESIAN_POINT('',(-0.809557530113529,2.30745938315304,0.19493440156504));
#7710=CARTESIAN_POINT('Origin',(-0.806050186495645,2.29845849253396,0.250063988234972));
#7711=CARTESIAN_POINT('',(-0.806050186495645,2.29845849253396,0.250063988234972));
#7712=CARTESIAN_POINT('',(-0.809557530113529,2.30745938315304,0.19493440156504));
#7713=CARTESIAN_POINT('',(-0.620613882252018,2.37337970476263,0.250498760188725));
#7714=CARTESIAN_POINT('',(-0.624121225869903,2.38238059538171,0.195369173518792));
#7715=CARTESIAN_POINT('',(-0.806050186495645,2.29845849253396,0.250063988234972));
#7716=CARTESIAN_POINT('Origin',(-0.896621823088531,2.52225428617437,0.314965616825826));
#7717=CARTESIAN_POINT('',(-0.896621823088531,2.52225428617437,0.314965616825826));
#7718=CARTESIAN_POINT('',(-0.896621823088531,2.52225428617437,0.314965616825826));
#7719=CARTESIAN_POINT('',(-0.711185518844906,2.59717549840304,0.315400388779578));
#7720=CARTESIAN_POINT('',(-0.711185518844906,2.59717549840304,0.315400388779578));
#7721=CARTESIAN_POINT('',(-0.896621823088531,2.52225428617437,0.314965616825826));
#7722=CARTESIAN_POINT('Origin',(-1.17611207592523,3.21354840637674,0.395573544121507));
#7723=CARTESIAN_POINT('',(-0.896969304900022,2.52217572128845,0.476709995228127));
#7724=CARTESIAN_POINT('Origin',(-1.17611207592523,3.21354840637674,0.395573544121507));
#7725=CARTESIAN_POINT('',(-0.711533000656396,2.59709693351712,0.477144767181879));
#7726=CARTESIAN_POINT('Origin',(-0.990675771681606,3.28846961860541,0.396008316075259));
#7727=CARTESIAN_POINT('',(-0.896969304900022,2.52217572128845,0.476709995228127));
#7728=CARTESIAN_POINT('Origin',(-0.80663070227876,2.29820506987819,0.541332624262406));
#7729=CARTESIAN_POINT('',(-0.80663070227876,2.29820506987819,0.541332624262406));
#7730=CARTESIAN_POINT('',(-0.896969304900022,2.52217572128845,0.476709995228127));
#7731=CARTESIAN_POINT('',(-0.621194398035133,2.37312628210686,0.541767396216158));
#7732=CARTESIAN_POINT('',(-0.711533000656396,2.59709693351712,0.477144767181879));
#7733=CARTESIAN_POINT('',(-0.80663070227876,2.29820506987819,0.541332624262406));
#7734=CARTESIAN_POINT('Origin',(-0.8104049275983,2.30722679712752,0.59644117603311));
#7735=CARTESIAN_POINT('',(-0.8104049275983,2.30722679712752,0.59644117603311));
#7736=CARTESIAN_POINT('',(-0.80663070227876,2.29820506987819,0.541332624262406));
#7737=CARTESIAN_POINT('',(-0.624968623354674,2.38214800935619,0.596875947986861));
#7738=CARTESIAN_POINT('',(-0.621194398035133,2.37312628210686,0.541767396216158));
#7739=CARTESIAN_POINT('',(-0.8104049275983,2.30722679712752,0.59644117603311));
#7740=CARTESIAN_POINT('Origin',(-0.903663412722268,2.53817465749796,0.574855515452537));
#7741=CARTESIAN_POINT('',(-0.903663412722268,2.53817465749796,0.574855515452537));
#7742=CARTESIAN_POINT('',(-0.903663412722268,2.53817465749796,0.574855515452537));
#7743=CARTESIAN_POINT('',(-0.718227108478642,2.61309586972663,0.575290287406289));
#7744=CARTESIAN_POINT('',(-0.718227108478642,2.61309586972663,0.575290287406289));
#7745=CARTESIAN_POINT('',(-0.903663412722268,2.53817465749796,0.574855515452537));
#7746=CARTESIAN_POINT('Origin',(-1.17611207592523,3.21354840637674,0.395573544121507));
#7747=CARTESIAN_POINT('',(-0.924713142903165,2.58939261822539,0.726825908026328));
#7748=CARTESIAN_POINT('Origin',(-1.17611207592523,3.21354840637674,0.395573544121507));
#7749=CARTESIAN_POINT('',(-0.739276838659541,2.66431383045406,0.72726067998008));
#7750=CARTESIAN_POINT('Origin',(-0.990675771681606,3.28846961860541,0.396008316075259));
#7751=CARTESIAN_POINT('',(-0.924713142903165,2.58939261822539,0.726825908026328));
#7752=CARTESIAN_POINT('Origin',(-0.848268781070073,2.39935467201396,0.870150150719862));
#7753=CARTESIAN_POINT('',(-0.848268781070073,2.39935467201396,0.870150150719862));
#7754=CARTESIAN_POINT('',(-0.924713142903165,2.58939261822539,0.726825908026328));
#7755=CARTESIAN_POINT('',(-0.662832476826447,2.47427588424264,0.870584922673614));
#7756=CARTESIAN_POINT('',(-0.739276838659541,2.66431383045406,0.72726067998008));
#7757=CARTESIAN_POINT('',(-0.848268781070073,2.39935467201396,0.870150150719862));
#7758=CARTESIAN_POINT('Origin',(-0.858869348051866,2.42531086367892,0.918590762932186));
#7759=CARTESIAN_POINT('',(-0.858869348051866,2.42531086367892,0.918590762932186));
#7760=CARTESIAN_POINT('',(-0.848268781070073,2.39935467201396,0.870150150719862));
#7761=CARTESIAN_POINT('',(-0.673433043808243,2.50023207590759,0.919025534885938));
#7762=CARTESIAN_POINT('',(-0.662832476826447,2.47427588424264,0.870584922673614));
#7763=CARTESIAN_POINT('',(-0.858869348051866,2.42531086367892,0.918590762932186));
#7764=CARTESIAN_POINT('Origin',(-0.94356633205231,2.6355550703913,0.813121362416627));
#7765=CARTESIAN_POINT('',(-0.94356633205231,2.6355550703913,0.813121362416627));
#7766=CARTESIAN_POINT('',(-0.94356633205231,2.6355550703913,0.813121362416627));
#7767=CARTESIAN_POINT('',(-0.758130027808687,2.71047628261997,0.813556134370379));
#7768=CARTESIAN_POINT('',(-0.758130027808687,2.71047628261997,0.813556134370379));
#7769=CARTESIAN_POINT('',(-0.94356633205231,2.6355550703913,0.813121362416627));
#7770=CARTESIAN_POINT('Origin',(-1.17611207592523,3.21354840637674,0.395573544121507));
#7771=CARTESIAN_POINT('',(-0.982779402481871,2.73189191477175,0.936987896973385));
#7772=CARTESIAN_POINT('Origin',(-1.17611207592523,3.21354840637674,0.395573544121507));
#7773=CARTESIAN_POINT('',(-0.797343098238246,2.80681312700043,0.937422668927137));
#7774=CARTESIAN_POINT('Origin',(-0.990675771681606,3.28846961860541,0.396008316075259));
#7775=CARTESIAN_POINT('',(-0.982779402481871,2.73189191477175,0.936987896973385));
#7776=CARTESIAN_POINT('Origin',(-0.929449599672639,2.59870805473364,1.14172673441679));
#7777=CARTESIAN_POINT('',(-0.929449599672639,2.59870805473364,1.14172673441679));
#7778=CARTESIAN_POINT('',(-0.982779402481871,2.73189191477175,0.936987896973385));
#7779=CARTESIAN_POINT('',(-0.744013295429015,2.67362926696231,1.14216150637054));
#7780=CARTESIAN_POINT('',(-0.797343098238246,2.80681312700043,0.937422668927137));
#7781=CARTESIAN_POINT('',(-0.929449599672639,2.59870805473364,1.14172673441679));
#7782=CARTESIAN_POINT('Origin',(-0.945597923490978,2.63846801102684,1.17765675433063));
#7783=CARTESIAN_POINT('',(-0.945597923490978,2.63846801102684,1.17765675433063));
#7784=CARTESIAN_POINT('',(-0.929449599672639,2.59870805473364,1.14172673441679));
#7785=CARTESIAN_POINT('',(-0.760161619247352,2.71338922325552,1.17809152628438));
#7786=CARTESIAN_POINT('',(-0.744013295429015,2.67362926696231,1.14216150637054));
#7787=CARTESIAN_POINT('',(-0.945597923490978,2.63846801102684,1.17765675433063));
#7788=CARTESIAN_POINT('Origin',(-1.01151770010309,2.80265000987763,1.00102478014484));
#7789=CARTESIAN_POINT('',(-1.01151770010309,2.80265000987763,1.00102478014484));
#7790=CARTESIAN_POINT('',(-1.01151770010309,2.80265000987763,1.00102478014484));
#7791=CARTESIAN_POINT('',(-0.826081395859465,2.8775712221063,1.00145955209859));
#7792=CARTESIAN_POINT('',(-0.826081395859465,2.8775712221063,1.00145955209859));
#7793=CARTESIAN_POINT('',(-1.01151770010309,2.80265000987763,1.00102478014484));
#7794=CARTESIAN_POINT('Origin',(-1.17611207592523,3.21354840637674,0.395573544121507));
#7795=CARTESIAN_POINT('',(-1.06416443576422,2.93248609269842,1.08184732454166));
#7796=CARTESIAN_POINT('Origin',(-1.17611207592523,3.21354840637674,0.395573544121507));
#7797=CARTESIAN_POINT('',(-0.878728131520592,3.00740730492709,1.08228209649541));
#7798=CARTESIAN_POINT('Origin',(-0.990675771681606,3.28846961860541,0.396008316075259));
#7799=CARTESIAN_POINT('',(-1.06416443576422,2.93248609269842,1.08184732454166));
#7800=CARTESIAN_POINT('Origin',(-1.04038155326171,2.87222025793865,1.32330623131584));
#7801=CARTESIAN_POINT('',(-1.04038155326171,2.87222025793865,1.32330623131584));
#7802=CARTESIAN_POINT('',(-1.06416443576422,2.93248609269842,1.08184732454166));
#7803=CARTESIAN_POINT('',(-0.854945249018084,2.94714147016732,1.32374100326959));
#7804=CARTESIAN_POINT('',(-0.878728131520592,3.00740730492709,1.08228209649541));
#7805=CARTESIAN_POINT('',(-1.04038155326171,2.87222025793865,1.32330623131584));
#7806=CARTESIAN_POINT('Origin',(-1.06012990774022,2.92098834133668,1.34239196825897));
#7807=CARTESIAN_POINT('',(-1.06012990774022,2.92098834133668,1.34239196825897));
#7808=CARTESIAN_POINT('',(-1.04038155326171,2.87222025793865,1.32330623131584));
#7809=CARTESIAN_POINT('',(-0.874693603496599,2.99590955356535,1.34282674021272));
#7810=CARTESIAN_POINT('',(-0.854945249018084,2.94714147016732,1.32374100326959));
#7811=CARTESIAN_POINT('',(-1.06012990774022,2.92098834133668,1.34239196825897));
#7812=CARTESIAN_POINT('Origin',(-1.09932157903229,3.01930536019622,1.11590184330005));
#7813=CARTESIAN_POINT('',(-1.09932157903229,3.01930536019622,1.11590184330005));
#7814=CARTESIAN_POINT('',(-1.09932157903229,3.01930536019622,1.11590184330005));
#7815=CARTESIAN_POINT('',(-0.913885274788667,3.09422657242489,1.1163366152538));
#7816=CARTESIAN_POINT('',(-0.913885274788667,3.09422657242489,1.1163366152538));
#7817=CARTESIAN_POINT('',(-1.09932157903229,3.01930536019622,1.11590184330005));
#7818=CARTESIAN_POINT('Origin',(-1.17611207592523,3.21354840637674,0.395573544121507));
#7819=CARTESIAN_POINT('',(-1.15905200662119,3.16698053369266,1.14393200586896));
#7820=CARTESIAN_POINT('Origin',(-1.17611207592523,3.21354840637674,0.395573544121507));
#7821=CARTESIAN_POINT('',(-0.973615702377566,3.24190174592134,1.14436677782272));
#7822=CARTESIAN_POINT('Origin',(-0.990675771681606,3.28846961860541,0.396008316075259));
#7823=CARTESIAN_POINT('',(-1.15905200662119,3.16698053369266,1.14393200586896));
#7824=CARTESIAN_POINT('Origin',(-1.16768461105317,3.18690167331226,1.39298747426301));
#7825=CARTESIAN_POINT('',(-1.16768461105317,3.18690167331226,1.39298747426301));
#7826=CARTESIAN_POINT('',(-1.15905200662119,3.16698053369266,1.14393200586896));
#7827=CARTESIAN_POINT('',(-0.982248306809547,3.26182288554094,1.39342224621676));
#7828=CARTESIAN_POINT('',(-0.973615702377566,3.24190174592134,1.14436677782272));
#7829=CARTESIAN_POINT('',(-1.16768461105317,3.18690167331226,1.39298747426301));
#7830=CARTESIAN_POINT('Origin',(-1.18865105318708,3.23879573321706,1.39292690668461));
#7831=CARTESIAN_POINT('',(-1.18865105318708,3.23879573321706,1.39292690668461));
#7832=CARTESIAN_POINT('',(-1.16768461105317,3.18690167331226,1.39298747426301));
#7833=CARTESIAN_POINT('',(-1.00321474894346,3.31371694544573,1.39336167863836));
#7834=CARTESIAN_POINT('',(-0.982248306809547,3.26182288554094,1.39342224621676));
#7835=CARTESIAN_POINT('',(-1.18865105318708,3.23879573321706,1.39292690668461));
#7836=CARTESIAN_POINT('Origin',(-1.19638752519382,3.25938928860623,1.14389668266085));
#7837=CARTESIAN_POINT('',(-1.19638752519382,3.25938928860623,1.14389668266085));
#7838=CARTESIAN_POINT('',(-1.01095122095019,3.3343105008349,1.14433145461461));
#7839=CARTESIAN_POINT('Origin',(-0.990675771681606,3.28846961860541,0.396008316075259));
#7840=CARTESIAN_POINT('Origin',(-1.17611207592523,3.21354840637674,0.395573544121507));
#7841=CARTESIAN_POINT('Origin',(0.580608910590648,0.873939383757833,3.80379734005545));
#7842=CARTESIAN_POINT('',(0.77597467739975,1.33419171557473,3.80370669677306));
#7843=CARTESIAN_POINT('',(0.580608910590649,0.873939383757833,3.80379734005545));
#7844=CARTESIAN_POINT('',(0.77597467739975,1.33419171557473,3.80370669677306));
#7845=CARTESIAN_POINT('',(0.77584893565758,1.33434356112709,4.303706657905));
#7846=CARTESIAN_POINT('',(0.77597467739975,1.33419171557473,3.80370669677306));
#7847=CARTESIAN_POINT('',(0.580483168848479,0.874091229310196,4.30379730118739));
#7848=CARTESIAN_POINT('',(0.775848935657581,1.33434356112709,4.303706657905));
#7849=CARTESIAN_POINT('',(0.580608910590649,0.873939383757833,3.80379734005545));
#7850=CARTESIAN_POINT('Origin',(-0.142309849905825,1.72398078726781,3.80335738787957));
#7851=CARTESIAN_POINT('',(-0.142309849905825,1.72398078726781,3.80335738787957));
#7852=CARTESIAN_POINT('',(-0.337675616714926,1.26372845545092,3.80344803116196));
#7853=CARTESIAN_POINT('',(-0.142309849905825,1.72398078726781,3.80335738787957));
#7854=CARTESIAN_POINT('',(-0.337801358457095,1.26388030100328,4.3034479922939));
#7855=CARTESIAN_POINT('',(-0.337675616714926,1.26372845545092,3.80344803116196));
#7856=CARTESIAN_POINT('',(-0.142435591647994,1.72413263282017,4.30335734901151));
#7857=CARTESIAN_POINT('',(-0.142435591647995,1.72413263282017,4.30335734901151));
#7858=CARTESIAN_POINT('',(-0.142309849905825,1.72398078726781,3.80335738787957));
#7859=CARTESIAN_POINT('Origin',(0.775848935657581,1.33434356112709,4.303706657905));
#7860=CARTESIAN_POINT('',(-0.142435591647995,1.72413263282017,4.30335734901151));
#7861=CARTESIAN_POINT('',(-0.337801358457095,1.26388030100328,4.3034479922939));
#7862=CARTESIAN_POINT('Origin',(-0.142309849905825,1.72398078726781,3.80335738787957));
#7863=CARTESIAN_POINT('',(0.33174195055277,1.5223768909265,1.8708381099778));
#7864=CARTESIAN_POINT('',(0.33174195055277,1.5223768909265,1.8708381099778));
#7865=CARTESIAN_POINT('',(0.136376183743669,1.0621245591096,1.87092875326019));
#7866=CARTESIAN_POINT('',(0.33174195055277,1.5223768909265,1.8708381099778));
#7867=CARTESIAN_POINT('',(0.136376183743669,1.0621245591096,1.87092875326019));
#7868=CARTESIAN_POINT('Origin',(1.24949575080245,1.13281306953355,1.87103382379062));
#7869=CARTESIAN_POINT('',(1.24949575080245,1.13281306953355,1.87103382379062));
#7870=CARTESIAN_POINT('',(1.24949575080245,1.13281306953355,1.87103382379062));
#7871=CARTESIAN_POINT('',(1.05412998399334,0.672560737716655,1.87112446707301));
#7872=CARTESIAN_POINT('',(1.05412998399334,0.672560737716655,1.87112446707301));
#7873=CARTESIAN_POINT('',(1.24949575080245,1.13281306953355,1.87103382379062));
#7874=CARTESIAN_POINT('Origin',(0.619646831593764,1.39979827928491,-0.00833022735691463));
#7875=CARTESIAN_POINT('',(0.619646831593764,1.39979827928491,-0.00833022735691463));
#7876=CARTESIAN_POINT('',(0.619646831593764,1.39979827928491,-0.00833022735691463));
#7877=CARTESIAN_POINT('',(0.424281064784662,0.939545947468016,-0.00823958407452423));
#7878=CARTESIAN_POINT('',(0.424281064784662,0.939545947468016,-0.00823958407452423));
#7879=CARTESIAN_POINT('',(0.619646831593764,1.39979827928491,-0.00833022735691463));
#7880=CARTESIAN_POINT('Origin',(-0.300857444777571,1.79052982471629,-0.00743556793168054));
#7881=CARTESIAN_POINT('',(-0.300857444777571,1.79052982471629,-0.00743556793168054));
#7882=CARTESIAN_POINT('',(-0.300857444777571,1.79052982471629,-0.00743556793168054));
#7883=CARTESIAN_POINT('',(-0.496223211586673,1.3302774928994,-0.00734492464929015));
#7884=CARTESIAN_POINT('',(-0.496223211586673,1.3302774928994,-0.00734492464929015));
#7885=CARTESIAN_POINT('',(-0.300857444777571,1.79052982471629,-0.00743556793168054));
#7886=CARTESIAN_POINT('Origin',(0.33174195055277,1.5223768909265,1.8708381099778));
#7887=CARTESIAN_POINT('',(-0.300857444777571,1.79052982471629,-0.00743556793168054));
#7888=CARTESIAN_POINT('',(-0.496223211586673,1.3302774928994,-0.00734492464929015));
#7889=CARTESIAN_POINT('Origin',(0.279817444763552,1.00124261106156,1.89799525485552));
#7890=CARTESIAN_POINT('Origin',(0.475183211572654,1.46149494287845,1.89790461157313));
#7891=CARTESIAN_POINT('Origin',(-0.131976754370757,0.523926175768867,0.39218218406842));
#7892=CARTESIAN_POINT('',(0.0615627964050065,0.441915195661,1.11212429384341));
#7893=CARTESIAN_POINT('',(-0.0850212288775025,0.504142078608639,1.14044936103478));
#7894=CARTESIAN_POINT('Origin',(-0.131976754370757,0.523926175768867,0.39218218406842));
#7895=CARTESIAN_POINT('',(-0.163167535601144,0.32004114588188,1.14048561834774));
#7896=CARTESIAN_POINT('',(-0.0850212288775025,0.504142078608639,1.14044936103478));
#7897=CARTESIAN_POINT('',(-0.0165835103186339,0.257814262934242,1.11216055115637));
#7898=CARTESIAN_POINT('Origin',(-0.210123061094396,0.33982524304211,0.392218441381376));
#7899=CARTESIAN_POINT('',(0.0615627964050065,0.441915195661,1.11212429384341));
#7900=CARTESIAN_POINT('Origin',(0.15900178076058,0.40059935519926,1.3386163370915));
#7901=CARTESIAN_POINT('',(0.15900178076058,0.40059935519926,1.3386163370915));
#7902=CARTESIAN_POINT('',(0.0615627964050065,0.441915195661,1.11212429384341));
#7903=CARTESIAN_POINT('',(0.0808554740369389,0.2164984224725,1.33865259440445));
#7904=CARTESIAN_POINT('',(-0.0165835103186339,0.257814262934242,1.11216055115637));
#7905=CARTESIAN_POINT('',(0.15900178076058,0.40059935519926,1.3386163370915));
#7906=CARTESIAN_POINT('Origin',(0.207374268271278,0.380062633883557,1.31935668114397));
#7907=CARTESIAN_POINT('',(0.207374268271278,0.380062633883557,1.31935668114397));
#7908=CARTESIAN_POINT('',(0.15900178076058,0.40059935519926,1.3386163370915));
#7909=CARTESIAN_POINT('',(0.129227961547635,0.195961701156802,1.31939293845693));
#7910=CARTESIAN_POINT('',(0.0808554740369389,0.2164984224725,1.33865259440445));
#7911=CARTESIAN_POINT('',(0.207374268271278,0.380062633883557,1.31935668114397));
#7912=CARTESIAN_POINT('Origin',(0.14772358584911,0.405335323996828,1.07789635889411));
#7913=CARTESIAN_POINT('',(0.14772358584911,0.405335323996828,1.07789635889411));
#7914=CARTESIAN_POINT('',(0.14772358584911,0.405335323996828,1.07789635889411));
#7915=CARTESIAN_POINT('',(0.069577279125469,0.221234391270069,1.07793261620707));
#7916=CARTESIAN_POINT('',(0.069577279125469,0.221234391270069,1.07793261620707));
#7917=CARTESIAN_POINT('',(0.14772358584911,0.405335323996828,1.07789635889411));
#7918=CARTESIAN_POINT('Origin',(-0.131976754370757,0.523926175768867,0.39218218406842));
#7919=CARTESIAN_POINT('',(0.276546041328758,0.350637399421697,0.996814407313225));
#7920=CARTESIAN_POINT('Origin',(-0.131976754370757,0.523926175768867,0.39218218406842));
#7921=CARTESIAN_POINT('',(0.198399734605117,0.166536466694943,0.996850664626181));
#7922=CARTESIAN_POINT('Origin',(-0.210123061094396,0.33982524304211,0.392218441381376));
#7923=CARTESIAN_POINT('',(0.276546041328758,0.350637399421697,0.996814407313225));
#7924=CARTESIAN_POINT('Origin',(0.439412921665895,0.281539211282796,1.17344911422319));
#7925=CARTESIAN_POINT('',(0.439412921665895,0.281539211282796,1.17344911422319));
#7926=CARTESIAN_POINT('',(0.276546041328758,0.350637399421697,0.996814407313225));
#7927=CARTESIAN_POINT('',(0.361266614942254,0.0974382785560394,1.17348537153615));
#7928=CARTESIAN_POINT('',(0.198399734605117,0.166536466694943,0.996850664626181));
#7929=CARTESIAN_POINT('',(0.439412921665895,0.281539211282796,1.17344911422319));
#7930=CARTESIAN_POINT('Origin',(0.478803378496976,0.264811829499481,1.13737730491312));
#7931=CARTESIAN_POINT('',(0.478803378496976,0.264811829499481,1.13737730491312));
#7932=CARTESIAN_POINT('',(0.439412921665895,0.281539211282796,1.17344911422319));
#7933=CARTESIAN_POINT('',(0.400657071773335,0.0807108967727246,1.13741356222608));
#7934=CARTESIAN_POINT('',(0.361266614942254,0.0974382785560394,1.17348537153615));
#7935=CARTESIAN_POINT('',(0.478803378496976,0.264811829499481,1.13737730491312));
#7936=CARTESIAN_POINT('Origin',(0.346732411607818,0.320832376323298,0.932636107206055));
#7937=CARTESIAN_POINT('',(0.346732411607818,0.320832376323298,0.932636107206055));
#7938=CARTESIAN_POINT('',(0.346732411607818,0.320832376323298,0.932636107206055));
#7939=CARTESIAN_POINT('',(0.268586104884178,0.13673144359654,0.932672364519012));
#7940=CARTESIAN_POINT('',(0.268586104884178,0.13673144359654,0.932672364519012));
#7941=CARTESIAN_POINT('',(0.346732411607818,0.320832376323298,0.932636107206055));
#7942=CARTESIAN_POINT('Origin',(-0.131976754370757,0.523926175768867,0.39218218406842));
#7943=CARTESIAN_POINT('',(0.442255407936806,0.28026078707983,0.808576951238472));
#7944=CARTESIAN_POINT('Origin',(-0.131976754370757,0.523926175768867,0.39218218406842));
#7945=CARTESIAN_POINT('',(0.364109101213166,0.0961598543530702,0.808613208551428));
#7946=CARTESIAN_POINT('Origin',(-0.210123061094396,0.33982524304211,0.392218441381376));
#7947=CARTESIAN_POINT('',(0.442255407936806,0.28026078707983,0.808576951238472));
#7948=CARTESIAN_POINT('Origin',(0.650906034827689,0.191714512533963,0.914049569306338));
#7949=CARTESIAN_POINT('',(0.650906034827689,0.191714512533963,0.914049569306338));
#7950=CARTESIAN_POINT('',(0.442255407936806,0.28026078707983,0.808576951238472));
#7951=CARTESIAN_POINT('',(0.572759728104048,0.00761357980720698,0.914085826619294));
#7952=CARTESIAN_POINT('',(0.364109101213166,0.0961598543530702,0.808613208551428));
#7953=CARTESIAN_POINT('',(0.650906034827689,0.191714512533963,0.914049569306338));
#7954=CARTESIAN_POINT('Origin',(0.676563390544099,0.180814039395958,0.865516399199725));
#7955=CARTESIAN_POINT('',(0.676563390544099,0.180814039395958,0.865516399199725));
#7956=CARTESIAN_POINT('',(0.650906034827689,0.191714512533963,0.914049569306338));
#7957=CARTESIAN_POINT('',(0.598417083820458,-0.00328689333079812,0.865552656512681));
#7958=CARTESIAN_POINT('',(0.572759728104048,0.00761357980720698,0.914085826619294));
#7959=CARTESIAN_POINT('',(0.676563390544099,0.180814039395958,0.865516399199725));
#7960=CARTESIAN_POINT('Origin',(0.488001846954666,0.260825538208155,0.722189136137192));
#7961=CARTESIAN_POINT('',(0.488001846954666,0.260825538208155,0.722189136137192));
#7962=CARTESIAN_POINT('',(0.488001846954666,0.260825538208155,0.722189136137192));
#7963=CARTESIAN_POINT('',(0.409855540231025,0.0767246054813996,0.722225393450149));
#7964=CARTESIAN_POINT('',(0.409855540231025,0.0767246054813996,0.722225393450149));
#7965=CARTESIAN_POINT('',(0.488001846954666,0.260825538208155,0.722189136137192));
#7966=CARTESIAN_POINT('Origin',(-0.131976754370757,0.523926175768867,0.39218218406842));
#7967=CARTESIAN_POINT('',(0.538703901006435,0.239273816731996,0.570116140910744));
#7968=CARTESIAN_POINT('Origin',(-0.131976754370757,0.523926175768867,0.39218218406842));
#7969=CARTESIAN_POINT('',(0.460557594282794,0.0551728840052393,0.5701523982237));
#7970=CARTESIAN_POINT('Origin',(-0.210123061094396,0.33982524304211,0.392218441381376));
#7971=CARTESIAN_POINT('',(0.538703901006435,0.239273816731996,0.570116140910744));
#7972=CARTESIAN_POINT('Origin',(0.767971929492733,0.141959443293234,0.591705115787466));
#7973=CARTESIAN_POINT('',(0.767971929492733,0.141959443293234,0.591705115787466));
#7974=CARTESIAN_POINT('',(0.538703901006435,0.239273816731996,0.570116140910744));
#7975=CARTESIAN_POINT('',(0.689825622769093,-0.0421414894335248,0.591741373100422));
#7976=CARTESIAN_POINT('',(0.460557594282794,0.0551728840052393,0.5701523982237));
#7977=CARTESIAN_POINT('',(0.767971929492733,0.141959443293234,0.591705115787466));
#7978=CARTESIAN_POINT('Origin',(0.776801528332831,0.138200636734836,0.536564401472472));
#7979=CARTESIAN_POINT('',(0.776801528332831,0.138200636734836,0.536564401472472));
#7980=CARTESIAN_POINT('',(0.767971929492733,0.141959443293234,0.591705115787466));
#7981=CARTESIAN_POINT('',(0.69865522160919,-0.045900295991921,0.536600658785429));
#7982=CARTESIAN_POINT('',(0.689825622769093,-0.0421414894335248,0.591741373100422));
#7983=CARTESIAN_POINT('',(0.776801528332831,0.138200636734836,0.536564401472472));
#7984=CARTESIAN_POINT('Origin',(0.554492713072006,0.232552519934701,0.471938456264932));
#7985=CARTESIAN_POINT('',(0.554492713072006,0.232552519934701,0.471938456264932));
#7986=CARTESIAN_POINT('',(0.554492713072006,0.232552519934701,0.471938456264932));
#7987=CARTESIAN_POINT('',(0.476346406348365,0.0484515872079441,0.471974713577888));
#7988=CARTESIAN_POINT('',(0.476346406348365,0.0484515872079441,0.471974713577888));
#7989=CARTESIAN_POINT('',(0.554492713072006,0.232552519934701,0.471938456264932));
#7990=CARTESIAN_POINT('Origin',(-0.131976754370757,0.523926175768867,0.39218218406842));
#7991=CARTESIAN_POINT('',(0.554258408845289,0.232620121905406,0.310193869362309));
#7992=CARTESIAN_POINT('Origin',(-0.131976754370757,0.523926175768867,0.39218218406842));
#7993=CARTESIAN_POINT('',(0.476112102121647,0.0485191891786503,0.310230126675265));
#7994=CARTESIAN_POINT('Origin',(-0.210123061094396,0.33982524304211,0.392218441381376));
#7995=CARTESIAN_POINT('',(0.554258408845289,0.232620121905406,0.310193869362309));
#7996=CARTESIAN_POINT('Origin',(0.776490731055819,0.138275199217654,0.245295252058418));
#7997=CARTESIAN_POINT('',(0.776490731055819,0.138275199217654,0.245295252058418));
#7998=CARTESIAN_POINT('',(0.554258408845289,0.232620121905406,0.310193869362309));
#7999=CARTESIAN_POINT('',(0.698344424332178,-0.0458257335091027,0.245331509371374));
#8000=CARTESIAN_POINT('',(0.476112102121647,0.0485191891786503,0.310230126675265));
#8001=CARTESIAN_POINT('',(0.776490731055819,0.138275199217654,0.245295252058418));
#8002=CARTESIAN_POINT('Origin',(0.767427593088488,0.142111426783882,0.190197777471704));
#8003=CARTESIAN_POINT('',(0.767427593088488,0.142111426783882,0.190197777471704));
#8004=CARTESIAN_POINT('',(0.776490731055819,0.138275199217654,0.245295252058418));
#8005=CARTESIAN_POINT('',(0.689281286364847,-0.0419895059428761,0.19023403478466));
#8006=CARTESIAN_POINT('',(0.698344424332178,-0.0458257335091027,0.245331509371374));
#8007=CARTESIAN_POINT('',(0.767427593088488,0.142111426783882,0.190197777471704));
#8008=CARTESIAN_POINT('Origin',(0.538185230205411,0.23942346477202,0.212067992888558));
#8009=CARTESIAN_POINT('',(0.538185230205411,0.23942346477202,0.212067992888558));
#8010=CARTESIAN_POINT('',(0.538185230205411,0.23942346477202,0.212067992888558));
#8011=CARTESIAN_POINT('',(0.460038923481771,0.0553225320452638,0.212104250201514));
#8012=CARTESIAN_POINT('',(0.460038923481771,0.0553225320452638,0.212104250201514));
#8013=CARTESIAN_POINT('',(0.538185230205411,0.23942346477202,0.212067992888558));
#8014=CARTESIAN_POINT('Origin',(-0.131976754370757,0.523926175768867,0.39218218406842));
#8015=CARTESIAN_POINT('',(0.487042828247914,0.261102236394228,0.0601605985860837));
#8016=CARTESIAN_POINT('Origin',(-0.131976754370757,0.523926175768867,0.39218218406842));
#8017=CARTESIAN_POINT('',(0.408896521524272,0.0770013036674716,0.06019685589904));
#8018=CARTESIAN_POINT('Origin',(-0.210123061094396,0.33982524304211,0.392218441381376));
#8019=CARTESIAN_POINT('',(0.487042828247914,0.261102236394228,0.0601605985860837));
#8020=CARTESIAN_POINT('Origin',(0.67543494632432,0.181106154516395,-0.0833978798499876));
#8021=CARTESIAN_POINT('',(0.67543494632432,0.181106154516395,-0.0833978798499876));
#8022=CARTESIAN_POINT('',(0.487042828247914,0.261102236394228,0.0601605985860837));
#8023=CARTESIAN_POINT('',(0.597288639600679,-0.00299477821036386,-0.0833616225370315));
#8024=CARTESIAN_POINT('',(0.408896521524272,0.0770013036674716,0.06019685589904));
#8025=CARTESIAN_POINT('',(0.67543494632432,0.181106154516395,-0.0833978798499876));
#8026=CARTESIAN_POINT('Origin',(0.649572219746091,0.192074710546069,-0.131806546121141));
#8027=CARTESIAN_POINT('',(0.649572219746091,0.192074710546069,-0.131806546121141));
#8028=CARTESIAN_POINT('',(0.67543494632432,0.181106154516395,-0.0833978798499876));
#8029=CARTESIAN_POINT('',(0.57142591302245,0.00797377781931207,-0.131770288808185));
#8030=CARTESIAN_POINT('',(0.597288639600679,-0.00299477821036386,-0.0833616225370315));
#8031=CARTESIAN_POINT('',(0.649572219746091,0.192074710546069,-0.131806546121141));
#8032=CARTESIAN_POINT('Origin',(0.441046321461413,0.280609635368388,-0.0260780408291696));
#8033=CARTESIAN_POINT('',(0.441046321461413,0.280609635368388,-0.0260780408291696));
#8034=CARTESIAN_POINT('',(0.441046321461413,0.280609635368388,-0.0260780408291696));
#8035=CARTESIAN_POINT('',(0.362900014737772,0.096508702641629,-0.0260417835162132));
#8036=CARTESIAN_POINT('',(0.362900014737772,0.096508702641629,-0.0260417835162132));
#8037=CARTESIAN_POINT('',(0.441046321461413,0.280609635368388,-0.0260780408291696));
#8038=CARTESIAN_POINT('Origin',(-0.131976754370757,0.523926175768867,0.39218218406842));
#8039=CARTESIAN_POINT('',(0.345164350230674,0.321284796839861,-0.149825968864245));
#8040=CARTESIAN_POINT('Origin',(-0.131976754370757,0.523926175768867,0.39218218406842));
#8041=CARTESIAN_POINT('',(0.267018043507033,0.137183864113105,-0.149789711551289));
#8042=CARTESIAN_POINT('Origin',(-0.210123061094396,0.33982524304211,0.392218441381376));
#8043=CARTESIAN_POINT('',(0.345164350230674,0.321284796839861,-0.149825968864245));
#8044=CARTESIAN_POINT('Origin',(0.476993394361397,0.265286263862841,-0.354729037235613));
#8045=CARTESIAN_POINT('',(0.476993394361397,0.265286263862841,-0.354729037235613));
#8046=CARTESIAN_POINT('',(0.345164350230674,0.321284796839861,-0.149825968864245));
#8047=CARTESIAN_POINT('',(0.398847087637756,0.0811853311360841,-0.354692779922657));
#8048=CARTESIAN_POINT('',(0.267018043507033,0.137183864113105,-0.149789711551289));
#8049=CARTESIAN_POINT('',(0.476993394361397,0.265286263862841,-0.354729037235613));
#8050=CARTESIAN_POINT('Origin',(0.437450505690797,0.282064178620143,-0.39061009560308));
#8051=CARTESIAN_POINT('',(0.437450505690797,0.282064178620143,-0.39061009560308));
#8052=CARTESIAN_POINT('',(0.476993394361397,0.265286263862841,-0.354729037235613));
#8053=CARTESIAN_POINT('',(0.359304198967156,0.0979632458933862,-0.390573838290125));
#8054=CARTESIAN_POINT('',(0.398847087637756,0.0811853311360841,-0.354692779922657));
#8055=CARTESIAN_POINT('',(0.437450505690797,0.282064178620143,-0.39061009560308));
#8056=CARTESIAN_POINT('Origin',(0.274792372852142,0.35114337170674,-0.213775718560756));
#8057=CARTESIAN_POINT('',(0.274792372852142,0.35114337170674,-0.213775718560756));
#8058=CARTESIAN_POINT('',(0.274792372852142,0.35114337170674,-0.213775718560756));
#8059=CARTESIAN_POINT('',(0.196646066128501,0.167042438979984,-0.2137394612478));
#8060=CARTESIAN_POINT('',(0.196646066128501,0.167042438979984,-0.2137394612478));
#8061=CARTESIAN_POINT('',(0.274792372852142,0.35114337170674,-0.213775718560756));
#8062=CARTESIAN_POINT('Origin',(-0.131976754370757,0.523926175768867,0.39218218406842));
#8063=CARTESIAN_POINT('',(0.145735613145775,0.405908898252578,-0.294438353882496));
#8064=CARTESIAN_POINT('Origin',(-0.131976754370757,0.523926175768867,0.39218218406842));
#8065=CARTESIAN_POINT('',(0.0675893064221349,0.221807965525817,-0.294402096569539));
#8066=CARTESIAN_POINT('Origin',(-0.210123061094396,0.33982524304211,0.392218441381376));
#8067=CARTESIAN_POINT('',(0.145735613145775,0.405908898252578,-0.294438353882496));
#8068=CARTESIAN_POINT('Origin',(0.20510105501917,0.380662163703724,-0.535971678096354));
#8069=CARTESIAN_POINT('',(0.20510105501917,0.380662163703724,-0.535971678096354));
#8070=CARTESIAN_POINT('',(0.145735613145775,0.405908898252578,-0.294438353882496));
#8071=CARTESIAN_POINT('',(0.12695474829553,0.196561230976967,-0.535935420783398));
#8072=CARTESIAN_POINT('',(0.0675893064221349,0.221807965525817,-0.294402096569539));
#8073=CARTESIAN_POINT('',(0.20510105501917,0.380662163703724,-0.535971678096354));
#8074=CARTESIAN_POINT('Origin',(0.156647460220757,0.401225773053268,-0.554997343372997));
#8075=CARTESIAN_POINT('',(0.156647460220757,0.401225773053268,-0.554997343372997));
#8076=CARTESIAN_POINT('',(0.20510105501917,0.380662163703724,-0.535971678096354));
#8077=CARTESIAN_POINT('',(0.0785011534971167,0.21712484032651,-0.554961086060041));
#8078=CARTESIAN_POINT('',(0.12695474829553,0.196561230976967,-0.535935420783398));
#8079=CARTESIAN_POINT('',(0.156647460220757,0.401225773053268,-0.554997343372997));
#8080=CARTESIAN_POINT('Origin',(0.0594760642268388,0.442517264217589,-0.328385930249077));
#8081=CARTESIAN_POINT('',(0.0594760642268388,0.442517264217589,-0.328385930249077));
#8082=CARTESIAN_POINT('',(0.0594760642268388,0.442517264217589,-0.328385930249077));
#8083=CARTESIAN_POINT('',(-0.0186702424968023,0.258416331490833,-0.328349672936121));
#8084=CARTESIAN_POINT('',(-0.0186702424968023,0.258416331490833,-0.328349672936121));
#8085=CARTESIAN_POINT('',(0.0594760642268388,0.442517264217589,-0.328385930249077));
#8086=CARTESIAN_POINT('Origin',(-0.131976754370757,0.523926175768867,0.39218218406842));
#8087=CARTESIAN_POINT('',(-0.0871893340596486,0.504767625083264,-0.356234168583968));
#8088=CARTESIAN_POINT('Origin',(-0.131976754370757,0.523926175768867,0.39218218406842));
#8089=CARTESIAN_POINT('',(-0.165335640783289,0.320666692356509,-0.356197911271011));
#8090=CARTESIAN_POINT('Origin',(-0.210123061094396,0.33982524304211,0.392218441381376));
#8091=CARTESIAN_POINT('',(-0.0871893340596486,0.504767625083264,-0.356234168583968));
#8092=CARTESIAN_POINT('Origin',(-0.107447842874123,0.513317817751297,-0.605265265087905));
#8093=CARTESIAN_POINT('',(-0.107447842874123,0.513317817751297,-0.605265265087905));
#8094=CARTESIAN_POINT('',(-0.0871893340596486,0.504767625083264,-0.356234168583968));
#8095=CARTESIAN_POINT('',(-0.185594149597764,0.32921688502454,-0.605229007774949));
#8096=CARTESIAN_POINT('',(-0.165335640783289,0.320666692356509,-0.356197911271011));
#8097=CARTESIAN_POINT('',(-0.107447842874123,0.513317817751297,-0.605265265087905));
#8098=CARTESIAN_POINT('Origin',(-0.158967925168765,0.535186846918976,-0.605140761252445));
#8099=CARTESIAN_POINT('',(-0.158967925168765,0.535186846918976,-0.605140761252445));
#8100=CARTESIAN_POINT('',(-0.107447842874123,0.513317817751297,-0.605265265087905));
#8101=CARTESIAN_POINT('',(-0.237114231892405,0.351085914192221,-0.605104503939489));
#8102=CARTESIAN_POINT('',(-0.185594149597764,0.32921688502454,-0.605229007774949));
#8103=CARTESIAN_POINT('',(-0.158967925168765,0.535186846918976,-0.605140761252445));
#8104=CARTESIAN_POINT('Origin',(-0.178932279864007,0.5437102729291,-0.35608499289794));
#8105=CARTESIAN_POINT('',(-0.178932279864007,0.5437102729291,-0.35608499289794));
#8106=CARTESIAN_POINT('',(-0.178932279864007,0.5437102729291,-0.35608499289794));
#8107=CARTESIAN_POINT('',(-0.257078586587648,0.359609340202341,-0.356048735584984));
#8108=CARTESIAN_POINT('',(-0.257078586587648,0.359609340202341,-0.356048735584984));
#8109=CARTESIAN_POINT('',(-0.178932279864007,0.5437102729291,-0.35608499289794));
#8110=CARTESIAN_POINT('Origin',(-0.131976754370757,0.523926175768867,0.39218218406842));
#8111=CARTESIAN_POINT('',(-0.325516305146516,0.605937155876733,-0.327759925706569));
#8112=CARTESIAN_POINT('Origin',(-0.131976754370757,0.523926175768867,0.39218218406842));
#8113=CARTESIAN_POINT('',(-0.403662611870157,0.421836223149977,-0.327723668393612));
#8114=CARTESIAN_POINT('Origin',(-0.210123061094396,0.33982524304211,0.392218441381376));
#8115=CARTESIAN_POINT('',(-0.325516305146516,0.605937155876733,-0.327759925706569));
#8116=CARTESIAN_POINT('Origin',(-0.422955289502092,0.647252996338474,-0.554251968954658));
#8117=CARTESIAN_POINT('',(-0.422955289502092,0.647252996338474,-0.554251968954658));
#8118=CARTESIAN_POINT('',(-0.325516305146516,0.605937155876733,-0.327759925706569));
#8119=CARTESIAN_POINT('',(-0.501101596225732,0.463152063611719,-0.554215711641702));
#8120=CARTESIAN_POINT('',(-0.403662611870157,0.421836223149977,-0.327723668393612));
#8121=CARTESIAN_POINT('',(-0.422955289502092,0.647252996338474,-0.554251968954658));
#8122=CARTESIAN_POINT('Origin',(-0.471327777012789,0.667789717654175,-0.534992313007132));
#8123=CARTESIAN_POINT('',(-0.471327777012789,0.667789717654175,-0.534992313007132));
#8124=CARTESIAN_POINT('',(-0.422955289502092,0.647252996338474,-0.554251968954658));
#8125=CARTESIAN_POINT('',(-0.549474083736429,0.483688784927417,-0.534956055694176));
#8126=CARTESIAN_POINT('',(-0.501101596225732,0.463152063611719,-0.554215711641702));
#8127=CARTESIAN_POINT('',(-0.471327777012789,0.667789717654175,-0.534992313007132));
#8128=CARTESIAN_POINT('Origin',(-0.411677094590619,0.642517027540906,-0.293531990757268));
#8129=CARTESIAN_POINT('',(-0.411677094590619,0.642517027540906,-0.293531990757268));
#8130=CARTESIAN_POINT('',(-0.411677094590619,0.642517027540906,-0.293531990757268));
#8131=CARTESIAN_POINT('',(-0.489823401314259,0.45841609481415,-0.293495733444312));
#8132=CARTESIAN_POINT('',(-0.489823401314259,0.45841609481415,-0.293495733444312));
#8133=CARTESIAN_POINT('',(-0.411677094590619,0.642517027540906,-0.293531990757268));
#8134=CARTESIAN_POINT('Origin',(-0.131976754370757,0.523926175768867,0.39218218406842));
#8135=CARTESIAN_POINT('',(-0.540499550070269,0.697214952116035,-0.212450039176384));
#8136=CARTESIAN_POINT('Origin',(-0.131976754370757,0.523926175768867,0.39218218406842));
#8137=CARTESIAN_POINT('',(-0.61864585679391,0.513114019389277,-0.212413781863428));
#8138=CARTESIAN_POINT('Origin',(-0.210123061094396,0.33982524304211,0.392218441381376));
#8139=CARTESIAN_POINT('',(-0.540499550070269,0.697214952116035,-0.212450039176384));
#8140=CARTESIAN_POINT('Origin',(-0.703366430407406,0.766313140254938,-0.389084746086351));
#8141=CARTESIAN_POINT('',(-0.703366430407406,0.766313140254938,-0.389084746086351));
#8142=CARTESIAN_POINT('',(-0.540499550070269,0.697214952116035,-0.212450039176384));
#8143=CARTESIAN_POINT('',(-0.781512737131046,0.58221220752818,-0.389048488773395));
#8144=CARTESIAN_POINT('',(-0.61864585679391,0.513114019389277,-0.212413781863428));
#8145=CARTESIAN_POINT('',(-0.703366430407406,0.766313140254938,-0.389084746086351));
#8146=CARTESIAN_POINT('Origin',(-0.742756887238487,0.783040522038253,-0.35301293677628));
#8147=CARTESIAN_POINT('',(-0.742756887238487,0.783040522038253,-0.35301293677628));
#8148=CARTESIAN_POINT('',(-0.703366430407406,0.766313140254938,-0.389084746086351));
#8149=CARTESIAN_POINT('',(-0.820903193962129,0.598939589311497,-0.352976679463324));
#8150=CARTESIAN_POINT('',(-0.781512737131046,0.58221220752818,-0.389048488773395));
#8151=CARTESIAN_POINT('',(-0.742756887238487,0.783040522038253,-0.35301293677628));
#8152=CARTESIAN_POINT('Origin',(-0.610685920349331,0.727019975214438,-0.148271739069214));
#8153=CARTESIAN_POINT('',(-0.610685920349331,0.727019975214438,-0.148271739069214));
#8154=CARTESIAN_POINT('',(-0.610685920349331,0.727019975214438,-0.148271739069214));
#8155=CARTESIAN_POINT('',(-0.688832227072971,0.542919042487681,-0.148235481756258));
#8156=CARTESIAN_POINT('',(-0.688832227072971,0.542919042487681,-0.148235481756258));
#8157=CARTESIAN_POINT('',(-0.610685920349331,0.727019975214438,-0.148271739069214));
#8158=CARTESIAN_POINT('Origin',(-0.131976754370757,0.523926175768867,0.39218218406842));
#8159=CARTESIAN_POINT('',(-0.706208916678318,0.767591564457906,-0.0242125831016313));
#8160=CARTESIAN_POINT('Origin',(-0.131976754370757,0.523926175768867,0.39218218406842));
#8161=CARTESIAN_POINT('',(-0.78435522340196,0.583490631731148,-0.024176325788675));
#8162=CARTESIAN_POINT('Origin',(-0.210123061094396,0.33982524304211,0.392218441381376));
#8163=CARTESIAN_POINT('',(-0.706208916678318,0.767591564457906,-0.0242125831016313));
#8164=CARTESIAN_POINT('Origin',(-0.914859543569203,0.856137839003771,-0.129685201169496));
#8165=CARTESIAN_POINT('',(-0.914859543569203,0.856137839003771,-0.129685201169496));
#8166=CARTESIAN_POINT('',(-0.706208916678318,0.767591564457906,-0.0242125831016313));
#8167=CARTESIAN_POINT('',(-0.993005850292843,0.672036906277014,-0.12964894385654));
#8168=CARTESIAN_POINT('',(-0.78435522340196,0.583490631731148,-0.024176325788675));
#8169=CARTESIAN_POINT('',(-0.914859543569203,0.856137839003771,-0.129685201169496));
#8170=CARTESIAN_POINT('Origin',(-0.940516899285611,0.867038312141775,-0.0811520310628831));
#8171=CARTESIAN_POINT('',(-0.940516899285611,0.867038312141775,-0.0811520310628831));
#8172=CARTESIAN_POINT('',(-0.914859543569203,0.856137839003771,-0.129685201169496));
#8173=CARTESIAN_POINT('',(-1.01866320600925,0.682937379415017,-0.0811157737499269));
#8174=CARTESIAN_POINT('',(-0.993005850292843,0.672036906277014,-0.12964894385654));
#8175=CARTESIAN_POINT('',(-0.940516899285611,0.867038312141775,-0.0811520310628831));
#8176=CARTESIAN_POINT('Origin',(-0.751955355696179,0.787026813329579,0.0621752319996492));
#8177=CARTESIAN_POINT('',(-0.751955355696179,0.787026813329579,0.0621752319996492));
#8178=CARTESIAN_POINT('',(-0.751955355696179,0.787026813329579,0.0621752319996492));
#8179=CARTESIAN_POINT('',(-0.83010166241982,0.602925880602823,0.0622114893126055));
#8180=CARTESIAN_POINT('',(-0.83010166241982,0.602925880602823,0.0622114893126055));
#8181=CARTESIAN_POINT('',(-0.751955355696179,0.787026813329579,0.0621752319996492));
#8182=CARTESIAN_POINT('Origin',(-0.131976754370757,0.523926175768867,0.39218218406842));
#8183=CARTESIAN_POINT('',(-0.802657409747946,0.808578534805737,0.214248227226097));
#8184=CARTESIAN_POINT('Origin',(-0.131976754370757,0.523926175768867,0.39218218406842));
#8185=CARTESIAN_POINT('',(-0.880803716471587,0.624477602078981,0.214284484539053));
#8186=CARTESIAN_POINT('Origin',(-0.210123061094396,0.33982524304211,0.392218441381376));
#8187=CARTESIAN_POINT('',(-0.802657409747946,0.808578534805737,0.214248227226097));
#8188=CARTESIAN_POINT('Origin',(-1.03192543823424,0.9058929082445,0.192659252349376));
#8189=CARTESIAN_POINT('',(-1.03192543823424,0.9058929082445,0.192659252349376));
#8190=CARTESIAN_POINT('',(-0.802657409747946,0.808578534805737,0.214248227226097));
#8191=CARTESIAN_POINT('',(-1.11007174495789,0.721791975517745,0.192695509662332));
#8192=CARTESIAN_POINT('',(-0.880803716471587,0.624477602078981,0.214284484539053));
#8193=CARTESIAN_POINT('',(-1.03192543823424,0.9058929082445,0.192659252349376));
#8194=CARTESIAN_POINT('Origin',(-1.04075503707434,0.909651714802898,0.247799966664369));
#8195=CARTESIAN_POINT('',(-1.04075503707434,0.909651714802898,0.247799966664369));
#8196=CARTESIAN_POINT('',(-1.03192543823424,0.9058929082445,0.192659252349376));
#8197=CARTESIAN_POINT('',(-1.11890134379798,0.725550782076141,0.247836223977325));
#8198=CARTESIAN_POINT('',(-1.11007174495789,0.721791975517745,0.192695509662332));
#8199=CARTESIAN_POINT('',(-1.04075503707434,0.909651714802898,0.247799966664369));
#8200=CARTESIAN_POINT('Origin',(-0.818446221813517,0.815299831603034,0.312425911871909));
#8201=CARTESIAN_POINT('',(-0.818446221813517,0.815299831603034,0.312425911871909));
#8202=CARTESIAN_POINT('',(-0.818446221813517,0.815299831603034,0.312425911871909));
#8203=CARTESIAN_POINT('',(-0.896592528537158,0.631198898876276,0.312462169184865));
#8204=CARTESIAN_POINT('',(-0.896592528537158,0.631198898876276,0.312462169184865));
#8205=CARTESIAN_POINT('',(-0.818446221813517,0.815299831603034,0.312425911871909));
#8206=CARTESIAN_POINT('Origin',(-0.131976754370757,0.523926175768867,0.39218218406842));
#8207=CARTESIAN_POINT('',(-0.8182119175868,0.815232229632327,0.474170498774532));
#8208=CARTESIAN_POINT('Origin',(-0.131976754370757,0.523926175768867,0.39218218406842));
#8209=CARTESIAN_POINT('',(-0.896358224310442,0.631131296905569,0.474206756087488));
#8210=CARTESIAN_POINT('Origin',(-0.210123061094396,0.33982524304211,0.392218441381376));
#8211=CARTESIAN_POINT('',(-0.8182119175868,0.815232229632327,0.474170498774532));
#8212=CARTESIAN_POINT('Origin',(-1.04044423979733,0.909577152320079,0.539069116078424));
#8213=CARTESIAN_POINT('',(-1.04044423979733,0.909577152320079,0.539069116078424));
#8214=CARTESIAN_POINT('',(-0.8182119175868,0.815232229632327,0.474170498774532));
#8215=CARTESIAN_POINT('',(-1.11859054652097,0.725476219593322,0.53910537339138));
#8216=CARTESIAN_POINT('',(-0.896358224310442,0.631131296905569,0.474206756087488));
#8217=CARTESIAN_POINT('',(-1.04044423979733,0.909577152320079,0.539069116078424));
#8218=CARTESIAN_POINT('Origin',(-1.03138110183,0.905740924753854,0.594166590665137));
#8219=CARTESIAN_POINT('',(-1.03138110183,0.905740924753854,0.594166590665137));
#8220=CARTESIAN_POINT('',(-1.04044423979733,0.909577152320079,0.539069116078424));
#8221=CARTESIAN_POINT('',(-1.10952740855364,0.721639992027095,0.594202847978093));
#8222=CARTESIAN_POINT('',(-1.11859054652097,0.725476219593322,0.53910537339138));
#8223=CARTESIAN_POINT('',(-1.03138110183,0.905740924753854,0.594166590665137));
#8224=CARTESIAN_POINT('Origin',(-0.802138738946924,0.808428886765714,0.572296375248283));
#8225=CARTESIAN_POINT('',(-0.802138738946924,0.808428886765714,0.572296375248283));
#8226=CARTESIAN_POINT('',(-0.802138738946924,0.808428886765714,0.572296375248283));
#8227=CARTESIAN_POINT('',(-0.880285045670565,0.624327954038956,0.572332632561239));
#8228=CARTESIAN_POINT('',(-0.880285045670565,0.624327954038956,0.572332632561239));
#8229=CARTESIAN_POINT('',(-0.802138738946924,0.808428886765714,0.572296375248283));
#8230=CARTESIAN_POINT('Origin',(-0.131976754370757,0.523926175768867,0.39218218406842));
#8231=CARTESIAN_POINT('',(-0.750996336989425,0.786750115143506,0.724203769550756));
#8232=CARTESIAN_POINT('Origin',(-0.131976754370757,0.523926175768867,0.39218218406842));
#8233=CARTESIAN_POINT('',(-0.829142643713065,0.602649182416748,0.724240026863712));
#8234=CARTESIAN_POINT('Origin',(-0.210123061094396,0.33982524304211,0.392218441381376));
#8235=CARTESIAN_POINT('',(-0.750996336989425,0.786750115143506,0.724203769550756));
#8236=CARTESIAN_POINT('Origin',(-0.939388455065831,0.866746197021342,0.867762247986827));
#8237=CARTESIAN_POINT('',(-0.939388455065831,0.866746197021342,0.867762247986827));
#8238=CARTESIAN_POINT('',(-0.750996336989425,0.786750115143506,0.724203769550756));
#8239=CARTESIAN_POINT('',(-1.01753476178947,0.682645264294584,0.867798505299784));
#8240=CARTESIAN_POINT('',(-0.829142643713065,0.602649182416748,0.724240026863712));
#8241=CARTESIAN_POINT('',(-0.939388455065831,0.866746197021342,0.867762247986827));
#8242=CARTESIAN_POINT('Origin',(-0.913525728487602,0.855777640991664,0.916170914257981));
#8243=CARTESIAN_POINT('',(-0.913525728487602,0.855777640991664,0.916170914257981));
#8244=CARTESIAN_POINT('',(-0.939388455065831,0.866746197021342,0.867762247986827));
#8245=CARTESIAN_POINT('',(-0.991672035211244,0.671676708264908,0.916207171570938));
#8246=CARTESIAN_POINT('',(-1.01753476178947,0.682645264294584,0.867798505299784));
#8247=CARTESIAN_POINT('',(-0.913525728487602,0.855777640991664,0.916170914257981));
#8248=CARTESIAN_POINT('Origin',(-0.704999830202925,0.767242716169345,0.81044240896601));
#8249=CARTESIAN_POINT('',(-0.704999830202925,0.767242716169345,0.81044240896601));
#8250=CARTESIAN_POINT('',(-0.704999830202925,0.767242716169345,0.81044240896601));
#8251=CARTESIAN_POINT('',(-0.783146136926564,0.583141783442591,0.810478666278966));
#8252=CARTESIAN_POINT('',(-0.783146136926564,0.583141783442591,0.810478666278966));
#8253=CARTESIAN_POINT('',(-0.704999830202925,0.767242716169345,0.81044240896601));
#8254=CARTESIAN_POINT('Origin',(-0.131976754370757,0.523926175768867,0.39218218406842));
#8255=CARTESIAN_POINT('',(-0.609117858972184,0.726567554697871,0.934190337001086));
#8256=CARTESIAN_POINT('Origin',(-0.131976754370757,0.523926175768867,0.39218218406842));
#8257=CARTESIAN_POINT('',(-0.687264165695824,0.542466621971113,0.934226594314042));
#8258=CARTESIAN_POINT('Origin',(-0.210123061094396,0.33982524304211,0.392218441381376));
#8259=CARTESIAN_POINT('',(-0.609117858972184,0.726567554697871,0.934190337001086));
#8260=CARTESIAN_POINT('Origin',(-0.740946903102908,0.782566087674891,1.13909340537245));
#8261=CARTESIAN_POINT('',(-0.740946903102908,0.782566087674891,1.13909340537245));
#8262=CARTESIAN_POINT('',(-0.609117858972184,0.726567554697871,0.934190337001086));
#8263=CARTESIAN_POINT('',(-0.819093209826549,0.598465154948134,1.13912966268541));
#8264=CARTESIAN_POINT('',(-0.687264165695824,0.542466621971113,0.934226594314042));
#8265=CARTESIAN_POINT('',(-0.740946903102908,0.782566087674891,1.13909340537245));
#8266=CARTESIAN_POINT('Origin',(-0.701404014432309,0.76578817291759,1.17497446373992));
#8267=CARTESIAN_POINT('',(-0.701404014432309,0.76578817291759,1.17497446373992));
#8268=CARTESIAN_POINT('',(-0.740946903102908,0.782566087674891,1.13909340537245));
#8269=CARTESIAN_POINT('',(-0.77955032115595,0.581687240190833,1.17501072105288));
#8270=CARTESIAN_POINT('',(-0.819093209826549,0.598465154948134,1.13912966268541));
#8271=CARTESIAN_POINT('',(-0.701404014432309,0.76578817291759,1.17497446373992));
#8272=CARTESIAN_POINT('Origin',(-0.538745881593653,0.696708979830993,0.998140086697597));
#8273=CARTESIAN_POINT('',(-0.538745881593653,0.696708979830993,0.998140086697597));
#8274=CARTESIAN_POINT('',(-0.538745881593653,0.696708979830993,0.998140086697597));
#8275=CARTESIAN_POINT('',(-0.616892188317294,0.512608047104236,0.998176344010554));
#8276=CARTESIAN_POINT('',(-0.616892188317294,0.512608047104236,0.998176344010554));
#8277=CARTESIAN_POINT('',(-0.538745881593653,0.696708979830993,0.998140086697597));
#8278=CARTESIAN_POINT('Origin',(-0.131976754370757,0.523926175768867,0.39218218406842));
#8279=CARTESIAN_POINT('',(-0.409689121887286,0.641943453285158,1.07880272201934));
#8280=CARTESIAN_POINT('Origin',(-0.131976754370757,0.523926175768867,0.39218218406842));
#8281=CARTESIAN_POINT('',(-0.487835428610927,0.457842520558403,1.07883897933229));
#8282=CARTESIAN_POINT('Origin',(-0.210123061094396,0.33982524304211,0.392218441381376));
#8283=CARTESIAN_POINT('',(-0.409689121887286,0.641943453285158,1.07880272201934));
#8284=CARTESIAN_POINT('Origin',(-0.46905456376068,0.667190187834009,1.32033604623319));
#8285=CARTESIAN_POINT('',(-0.46905456376068,0.667190187834009,1.32033604623319));
#8286=CARTESIAN_POINT('',(-0.409689121887286,0.641943453285158,1.07880272201934));
#8287=CARTESIAN_POINT('',(-0.547200870484322,0.483089255107252,1.32037230354615));
#8288=CARTESIAN_POINT('',(-0.487835428610927,0.457842520558403,1.07883897933229));
#8289=CARTESIAN_POINT('',(-0.46905456376068,0.667190187834009,1.32033604623319));
#8290=CARTESIAN_POINT('Origin',(-0.420600968962267,0.646626578484465,1.33936171150984));
#8291=CARTESIAN_POINT('',(-0.420600968962267,0.646626578484465,1.33936171150984));
#8292=CARTESIAN_POINT('',(-0.46905456376068,0.667190187834009,1.32033604623319));
#8293=CARTESIAN_POINT('',(-0.49874727568591,0.462525645757709,1.33939796882279));
#8294=CARTESIAN_POINT('',(-0.547200870484322,0.483089255107252,1.32037230354615));
#8295=CARTESIAN_POINT('',(-0.420600968962267,0.646626578484465,1.33936171150984));
#8296=CARTESIAN_POINT('Origin',(-0.32342957296835,0.605335087320145,1.11275029838592));
#8297=CARTESIAN_POINT('',(-0.32342957296835,0.605335087320145,1.11275029838592));
#8298=CARTESIAN_POINT('',(-0.32342957296835,0.605335087320145,1.11275029838592));
#8299=CARTESIAN_POINT('',(-0.401575879691991,0.421234154593387,1.11278655569887));
#8300=CARTESIAN_POINT('',(-0.401575879691991,0.421234154593387,1.11278655569887));
#8301=CARTESIAN_POINT('',(-0.32342957296835,0.605335087320145,1.11275029838592));
#8302=CARTESIAN_POINT('Origin',(-0.131976754370757,0.523926175768867,0.39218218406842));
#8303=CARTESIAN_POINT('',(-0.176764174681863,0.543084726454469,1.14059853672081));
#8304=CARTESIAN_POINT('Origin',(-0.131976754370757,0.523926175768867,0.39218218406842));
#8305=CARTESIAN_POINT('',(-0.254910481405504,0.35898379372771,1.14063479403376));
#8306=CARTESIAN_POINT('Origin',(-0.210123061094396,0.33982524304211,0.392218441381376));
#8307=CARTESIAN_POINT('',(-0.176764174681863,0.543084726454469,1.14059853672081));
#8308=CARTESIAN_POINT('Origin',(-0.156505665867387,0.534534533786438,1.38962963322475));
#8309=CARTESIAN_POINT('',(-0.156505665867387,0.534534533786438,1.38962963322475));
#8310=CARTESIAN_POINT('',(-0.176764174681863,0.543084726454469,1.14059853672081));
#8311=CARTESIAN_POINT('',(-0.234651972591028,0.350433601059681,1.3896658905377));
#8312=CARTESIAN_POINT('',(-0.254910481405504,0.35898379372771,1.14063479403376));
#8313=CARTESIAN_POINT('',(-0.156505665867387,0.534534533786438,1.38962963322475));
#8314=CARTESIAN_POINT('Origin',(-0.104985583572747,0.512665504618758,1.38950512938929));
#8315=CARTESIAN_POINT('',(-0.104985583572747,0.512665504618758,1.38950512938929));
#8316=CARTESIAN_POINT('',(-0.156505665867387,0.534534533786438,1.38962963322475));
#8317=CARTESIAN_POINT('',(-0.183131890296388,0.328564571892,1.38954138670224));
#8318=CARTESIAN_POINT('',(-0.234651972591028,0.350433601059681,1.3896658905377));
#8319=CARTESIAN_POINT('',(-0.104985583572747,0.512665504618758,1.38950512938929));
#8320=CARTESIAN_POINT('Origin',(-0.0850212288775025,0.504142078608639,1.14044936103478));
#8321=CARTESIAN_POINT('',(-0.0850212288775025,0.504142078608639,1.14044936103478));
#8322=CARTESIAN_POINT('',(-0.163167535601144,0.32004114588188,1.14048561834774));
#8323=CARTESIAN_POINT('Origin',(-0.210123061094396,0.33982524304211,0.392218441381376));
#8324=CARTESIAN_POINT('Origin',(-0.131976754370757,0.523926175768867,0.39218218406842));
#8325=CARTESIAN_POINT('Origin',(-0.358601043869314,-0.00996652913872838,
0.392287330275993));
#8326=CARTESIAN_POINT('',(-0.2205254068202,-0.0685762590829503,0.392153131366491));
#8327=CARTESIAN_POINT('Origin',(-0.358601043869314,-0.00996652913872838,
0.392287330275993));
#8328=CARTESIAN_POINT('Origin',(0.590876582822921,2.22685980349137,0.391846803923576));
#8329=CARTESIAN_POINT('',(0.728952219872035,2.16825007354715,0.391712605014074));
#8330=CARTESIAN_POINT('Origin',(0.590876582822921,2.22685980349137,0.391846803923576));
#8331=CARTESIAN_POINT('Origin',(0.141535319161987,1.16827944031252,0.392055283473074));
#8332=CARTESIAN_POINT('',(0.2796109562111,1.1096697103683,0.391921084563572));
#8333=UNCERTAINTY_MEASURE_WITH_UNIT(LENGTH_MEASURE(0.000393700787401575),
#8338,'DISTANCE_ACCURACY_VALUE',
'Maximum model space distance between geometric entities at asserted c
onnectivities');
#8334=UNCERTAINTY_MEASURE_WITH_UNIT(LENGTH_MEASURE(0.000393700787401575),
#8338,'DISTANCE_ACCURACY_VALUE',
'Maximum model space distance between geometric entities at asserted c
onnectivities');
#8335=(
GEOMETRIC_REPRESENTATION_CONTEXT(3)
GLOBAL_UNCERTAINTY_ASSIGNED_CONTEXT((#8333))
GLOBAL_UNIT_ASSIGNED_CONTEXT((#8338,#8342,#8343))
REPRESENTATION_CONTEXT('','3D')
);
#8336=(
GEOMETRIC_REPRESENTATION_CONTEXT(3)
GLOBAL_UNCERTAINTY_ASSIGNED_CONTEXT((#8334))
GLOBAL_UNIT_ASSIGNED_CONTEXT((#8338,#8342,#8343))
REPRESENTATION_CONTEXT('','3D')
);
#8337=DIMENSIONAL_EXPONENTS(1.,0.,0.,0.,0.,0.,0.);
#8338=(
CONVERSION_BASED_UNIT('inch',#8341)
LENGTH_UNIT()
NAMED_UNIT(#8337)
);
#8339=(
LENGTH_UNIT()
NAMED_UNIT(*)
SI_UNIT(.MILLI.,.METRE.)
);
#8340=(
LENGTH_UNIT()
NAMED_UNIT(*)
SI_UNIT($,.METRE.)
);
#8341=LENGTH_MEASURE_WITH_UNIT(LENGTH_MEASURE(25.4),#8339);
#8342=(
NAMED_UNIT(*)
PLANE_ANGLE_UNIT()
SI_UNIT($,.RADIAN.)
);
#8343=(
NAMED_UNIT(*)
SI_UNIT($,.STERADIAN.)
SOLID_ANGLE_UNIT()
);
#8344=SHAPE_DEFINITION_REPRESENTATION(#8345,#8346);
#8345=PRODUCT_DEFINITION_SHAPE('',$,#8348);
#8346=SHAPE_REPRESENTATION('',(#5113),#8335);
#8347=PRODUCT_DEFINITION_CONTEXT('part definition',#8352,'design');
#8348=PRODUCT_DEFINITION('2026-03-20-16-49-33-089','Fingers',#8349,#8347);
#8349=PRODUCT_DEFINITION_FORMATION('',$,#8354);
#8350=PRODUCT_RELATED_PRODUCT_CATEGORY('Fingers','Fingers',(#8354));
#8351=APPLICATION_PROTOCOL_DEFINITION('international standard',
'automotive_design',2009,#8352);
#8352=APPLICATION_CONTEXT(
'Core Data for Automotive Mechanical Design Process');
#8353=PRODUCT_CONTEXT('part definition',#8352,'mechanical');
#8354=PRODUCT('2026-03-20-16-49-33-089','Fingers',$,(#8353));
#8355=PRESENTATION_STYLE_ASSIGNMENT((#8356));
#8356=SURFACE_STYLE_USAGE(.BOTH.,#8357);
#8357=SURFACE_SIDE_STYLE('',(#8358));
#8358=SURFACE_STYLE_FILL_AREA(#8359);
#8359=FILL_AREA_STYLE('Steel - Satin',(#8360));
#8360=FILL_AREA_STYLE_COLOUR('Steel - Satin',#8361);
#8361=COLOUR_RGB('Steel - Satin',0.627450980392157,0.627450980392157,0.627450980392157);
ENDSEC;
END-ISO-10303-21;
