ISO-10303-21;
HEADER;
/* Generated by software containing ST-Developer
 * from STEP Tools, Inc. (www.steptools.com) 
 */

FILE_DESCRIPTION(
/* description */ (''),
/* implementation_level */ '2;1');

FILE_NAME(
/* name */ 'finger_gears.step',
/* time_stamp */ '2026-08-19T17:06:00-05:00',
/* author */ (''),
/* organization */ (''),
/* preprocessor_version */ 'ST-DEVELOPER v20.1',
/* originating_system */ 'Autodesk Translation Framework v15.8.0.0',
/* authorisation */ '');

FILE_SCHEMA (('AUTOMOTIVE_DESIGN { 1 0 10303 214 3 1 1 }'));
ENDSEC;

DATA;
#10=MECHANICAL_DESIGN_GEOMETRIC_PRESENTATION_REPRESENTATION('',(#13,#14,
#15,#16),#9322);
#11=SHAPE_REPRESENTATION_RELATIONSHIP('SRR','None',#9332,#12);
#12=ADVANCED_BREP_SHAPE_REPRESENTATION('',(#17,#18,#19,#20),#9321);
#13=STYLED_ITEM('',(#9341),#17);
#14=STYLED_ITEM('',(#9341),#18);
#15=STYLED_ITEM('',(#9341),#19);
#16=STYLED_ITEM('',(#9341),#20);
#17=MANIFOLD_SOLID_BREP('Body6',#5683);
#18=MANIFOLD_SOLID_BREP('Body9',#5684);
#19=MANIFOLD_SOLID_BREP('Body12',#5685);
#20=MANIFOLD_SOLID_BREP('Body13',#5686);
#21=CYLINDRICAL_SURFACE('',#5721,0.65);
#22=CYLINDRICAL_SURFACE('',#5726,0.65);
#23=CYLINDRICAL_SURFACE('',#5731,0.65);
#24=CYLINDRICAL_SURFACE('',#5736,0.65);
#25=CYLINDRICAL_SURFACE('',#5741,0.65);
#26=CYLINDRICAL_SURFACE('',#5746,0.65);
#27=CYLINDRICAL_SURFACE('',#5751,0.65);
#28=CYLINDRICAL_SURFACE('',#5756,0.65);
#29=CYLINDRICAL_SURFACE('',#5761,0.65);
#30=CYLINDRICAL_SURFACE('',#5765,0.16);
#31=CYLINDRICAL_SURFACE('',#5770,0.65);
#32=CYLINDRICAL_SURFACE('',#5775,0.65);
#33=CYLINDRICAL_SURFACE('',#5780,0.65);
#34=CYLINDRICAL_SURFACE('',#5785,0.65);
#35=CYLINDRICAL_SURFACE('',#5790,0.65);
#36=CYLINDRICAL_SURFACE('',#5795,0.65);
#37=CYLINDRICAL_SURFACE('',#5800,0.65);
#38=CYLINDRICAL_SURFACE('',#5805,0.65);
#39=CYLINDRICAL_SURFACE('',#5810,0.65);
#40=CYLINDRICAL_SURFACE('',#5813,0.0500000000000001);
#41=CYLINDRICAL_SURFACE('',#5825,0.086118436409482);
#42=CYLINDRICAL_SURFACE('',#5829,0.0861184364094818);
#43=CYLINDRICAL_SURFACE('',#5833,0.0861184364094817);
#44=CYLINDRICAL_SURFACE('',#5837,0.0861184364094818);
#45=CYLINDRICAL_SURFACE('',#5841,0.0861184364094816);
#46=CYLINDRICAL_SURFACE('',#5845,0.0861184364094817);
#47=CYLINDRICAL_SURFACE('',#5850,0.75);
#48=CYLINDRICAL_SURFACE('',#5856,0.75);
#49=CYLINDRICAL_SURFACE('',#5862,0.75);
#50=CYLINDRICAL_SURFACE('',#5868,0.75);
#51=CYLINDRICAL_SURFACE('',#5874,0.75);
#52=CYLINDRICAL_SURFACE('',#5880,0.75);
#53=CYLINDRICAL_SURFACE('',#5886,0.75);
#54=CYLINDRICAL_SURFACE('',#5892,0.75);
#55=CYLINDRICAL_SURFACE('',#5898,0.75);
#56=CYLINDRICAL_SURFACE('',#5924,0.65);
#57=CYLINDRICAL_SURFACE('',#5929,0.65);
#58=CYLINDRICAL_SURFACE('',#5934,0.65);
#59=CYLINDRICAL_SURFACE('',#5939,0.65);
#60=CYLINDRICAL_SURFACE('',#5944,0.65);
#61=CYLINDRICAL_SURFACE('',#5949,0.65);
#62=CYLINDRICAL_SURFACE('',#5954,0.65);
#63=CYLINDRICAL_SURFACE('',#5959,0.65);
#64=CYLINDRICAL_SURFACE('',#5964,0.65);
#65=CYLINDRICAL_SURFACE('',#5968,0.16);
#66=CYLINDRICAL_SURFACE('',#5973,0.65);
#67=CYLINDRICAL_SURFACE('',#5978,0.65);
#68=CYLINDRICAL_SURFACE('',#5983,0.65);
#69=CYLINDRICAL_SURFACE('',#5988,0.65);
#70=CYLINDRICAL_SURFACE('',#5993,0.65);
#71=CYLINDRICAL_SURFACE('',#5998,0.65);
#72=CYLINDRICAL_SURFACE('',#6003,0.65);
#73=CYLINDRICAL_SURFACE('',#6008,0.65);
#74=CYLINDRICAL_SURFACE('',#6013,0.65);
#75=CYLINDRICAL_SURFACE('',#6037,0.65);
#76=CYLINDRICAL_SURFACE('',#6042,0.65);
#77=CYLINDRICAL_SURFACE('',#6047,0.65);
#78=CYLINDRICAL_SURFACE('',#6052,0.65);
#79=CYLINDRICAL_SURFACE('',#6057,0.65);
#80=CYLINDRICAL_SURFACE('',#6062,0.65);
#81=CYLINDRICAL_SURFACE('',#6067,0.65);
#82=CYLINDRICAL_SURFACE('',#6072,0.65);
#83=CYLINDRICAL_SURFACE('',#6077,0.65);
#84=CYLINDRICAL_SURFACE('',#6081,0.16);
#85=CYLINDRICAL_SURFACE('',#6086,0.65);
#86=CYLINDRICAL_SURFACE('',#6091,0.65);
#87=CYLINDRICAL_SURFACE('',#6096,0.65);
#88=CYLINDRICAL_SURFACE('',#6101,0.65);
#89=CYLINDRICAL_SURFACE('',#6106,0.65);
#90=CYLINDRICAL_SURFACE('',#6111,0.65);
#91=CYLINDRICAL_SURFACE('',#6116,0.65);
#92=CYLINDRICAL_SURFACE('',#6121,0.65);
#93=CYLINDRICAL_SURFACE('',#6126,0.65);
#94=FACE_BOUND('',#387,.T.);
#95=FACE_BOUND('',#462,.T.);
#96=FACE_BOUND('',#465,.T.);
#97=FACE_BOUND('',#521,.T.);
#98=FACE_BOUND('',#523,.T.);
#99=FACE_BOUND('',#525,.T.);
#100=FACE_BOUND('',#600,.T.);
#101=FACE_BOUND('',#602,.T.);
#102=FACE_BOUND('',#677,.T.);
#103=FACE_OUTER_BOUND('',#386,.T.);
#104=FACE_OUTER_BOUND('',#388,.T.);
#105=FACE_OUTER_BOUND('',#389,.T.);
#106=FACE_OUTER_BOUND('',#390,.T.);
#107=FACE_OUTER_BOUND('',#391,.T.);
#108=FACE_OUTER_BOUND('',#392,.T.);
#109=FACE_OUTER_BOUND('',#393,.T.);
#110=FACE_OUTER_BOUND('',#394,.T.);
#111=FACE_OUTER_BOUND('',#395,.T.);
#112=FACE_OUTER_BOUND('',#396,.T.);
#113=FACE_OUTER_BOUND('',#397,.T.);
#114=FACE_OUTER_BOUND('',#398,.T.);
#115=FACE_OUTER_BOUND('',#399,.T.);
#116=FACE_OUTER_BOUND('',#400,.T.);
#117=FACE_OUTER_BOUND('',#401,.T.);
#118=FACE_OUTER_BOUND('',#402,.T.);
#119=FACE_OUTER_BOUND('',#403,.T.);
#120=FACE_OUTER_BOUND('',#404,.T.);
#121=FACE_OUTER_BOUND('',#405,.T.);
#122=FACE_OUTER_BOUND('',#406,.T.);
#123=FACE_OUTER_BOUND('',#407,.T.);
#124=FACE_OUTER_BOUND('',#408,.T.);
#125=FACE_OUTER_BOUND('',#409,.T.);
#126=FACE_OUTER_BOUND('',#410,.T.);
#127=FACE_OUTER_BOUND('',#411,.T.);
#128=FACE_OUTER_BOUND('',#412,.T.);
#129=FACE_OUTER_BOUND('',#413,.T.);
#130=FACE_OUTER_BOUND('',#414,.T.);
#131=FACE_OUTER_BOUND('',#415,.T.);
#132=FACE_OUTER_BOUND('',#416,.T.);
#133=FACE_OUTER_BOUND('',#417,.T.);
#134=FACE_OUTER_BOUND('',#418,.T.);
#135=FACE_OUTER_BOUND('',#419,.T.);
#136=FACE_OUTER_BOUND('',#420,.T.);
#137=FACE_OUTER_BOUND('',#421,.T.);
#138=FACE_OUTER_BOUND('',#422,.T.);
#139=FACE_OUTER_BOUND('',#423,.T.);
#140=FACE_OUTER_BOUND('',#424,.T.);
#141=FACE_OUTER_BOUND('',#425,.T.);
#142=FACE_OUTER_BOUND('',#426,.T.);
#143=FACE_OUTER_BOUND('',#427,.T.);
#144=FACE_OUTER_BOUND('',#428,.T.);
#145=FACE_OUTER_BOUND('',#429,.T.);
#146=FACE_OUTER_BOUND('',#430,.T.);
#147=FACE_OUTER_BOUND('',#431,.T.);
#148=FACE_OUTER_BOUND('',#432,.T.);
#149=FACE_OUTER_BOUND('',#433,.T.);
#150=FACE_OUTER_BOUND('',#434,.T.);
#151=FACE_OUTER_BOUND('',#435,.T.);
#152=FACE_OUTER_BOUND('',#436,.T.);
#153=FACE_OUTER_BOUND('',#437,.T.);
#154=FACE_OUTER_BOUND('',#438,.T.);
#155=FACE_OUTER_BOUND('',#439,.T.);
#156=FACE_OUTER_BOUND('',#440,.T.);
#157=FACE_OUTER_BOUND('',#441,.T.);
#158=FACE_OUTER_BOUND('',#442,.T.);
#159=FACE_OUTER_BOUND('',#443,.T.);
#160=FACE_OUTER_BOUND('',#444,.T.);
#161=FACE_OUTER_BOUND('',#445,.T.);
#162=FACE_OUTER_BOUND('',#446,.T.);
#163=FACE_OUTER_BOUND('',#447,.T.);
#164=FACE_OUTER_BOUND('',#448,.T.);
#165=FACE_OUTER_BOUND('',#449,.T.);
#166=FACE_OUTER_BOUND('',#450,.T.);
#167=FACE_OUTER_BOUND('',#451,.T.);
#168=FACE_OUTER_BOUND('',#452,.T.);
#169=FACE_OUTER_BOUND('',#453,.T.);
#170=FACE_OUTER_BOUND('',#454,.T.);
#171=FACE_OUTER_BOUND('',#455,.T.);
#172=FACE_OUTER_BOUND('',#456,.T.);
#173=FACE_OUTER_BOUND('',#457,.T.);
#174=FACE_OUTER_BOUND('',#458,.T.);
#175=FACE_OUTER_BOUND('',#459,.T.);
#176=FACE_OUTER_BOUND('',#460,.T.);
#177=FACE_OUTER_BOUND('',#461,.T.);
#178=FACE_OUTER_BOUND('',#463,.T.);
#179=FACE_OUTER_BOUND('',#464,.T.);
#180=FACE_OUTER_BOUND('',#466,.T.);
#181=FACE_OUTER_BOUND('',#467,.T.);
#182=FACE_OUTER_BOUND('',#468,.T.);
#183=FACE_OUTER_BOUND('',#469,.T.);
#184=FACE_OUTER_BOUND('',#470,.T.);
#185=FACE_OUTER_BOUND('',#471,.T.);
#186=FACE_OUTER_BOUND('',#472,.T.);
#187=FACE_OUTER_BOUND('',#473,.T.);
#188=FACE_OUTER_BOUND('',#474,.T.);
#189=FACE_OUTER_BOUND('',#475,.T.);
#190=FACE_OUTER_BOUND('',#476,.T.);
#191=FACE_OUTER_BOUND('',#477,.T.);
#192=FACE_OUTER_BOUND('',#478,.T.);
#193=FACE_OUTER_BOUND('',#479,.T.);
#194=FACE_OUTER_BOUND('',#480,.T.);
#195=FACE_OUTER_BOUND('',#481,.T.);
#196=FACE_OUTER_BOUND('',#482,.T.);
#197=FACE_OUTER_BOUND('',#483,.T.);
#198=FACE_OUTER_BOUND('',#484,.T.);
#199=FACE_OUTER_BOUND('',#485,.T.);
#200=FACE_OUTER_BOUND('',#486,.T.);
#201=FACE_OUTER_BOUND('',#487,.T.);
#202=FACE_OUTER_BOUND('',#488,.T.);
#203=FACE_OUTER_BOUND('',#489,.T.);
#204=FACE_OUTER_BOUND('',#490,.T.);
#205=FACE_OUTER_BOUND('',#491,.T.);
#206=FACE_OUTER_BOUND('',#492,.T.);
#207=FACE_OUTER_BOUND('',#493,.T.);
#208=FACE_OUTER_BOUND('',#494,.T.);
#209=FACE_OUTER_BOUND('',#495,.T.);
#210=FACE_OUTER_BOUND('',#496,.T.);
#211=FACE_OUTER_BOUND('',#497,.T.);
#212=FACE_OUTER_BOUND('',#498,.T.);
#213=FACE_OUTER_BOUND('',#499,.T.);
#214=FACE_OUTER_BOUND('',#500,.T.);
#215=FACE_OUTER_BOUND('',#501,.T.);
#216=FACE_OUTER_BOUND('',#502,.T.);
#217=FACE_OUTER_BOUND('',#503,.T.);
#218=FACE_OUTER_BOUND('',#504,.T.);
#219=FACE_OUTER_BOUND('',#505,.T.);
#220=FACE_OUTER_BOUND('',#506,.T.);
#221=FACE_OUTER_BOUND('',#507,.T.);
#222=FACE_OUTER_BOUND('',#508,.T.);
#223=FACE_OUTER_BOUND('',#509,.T.);
#224=FACE_OUTER_BOUND('',#510,.T.);
#225=FACE_OUTER_BOUND('',#511,.T.);
#226=FACE_OUTER_BOUND('',#512,.T.);
#227=FACE_OUTER_BOUND('',#513,.T.);
#228=FACE_OUTER_BOUND('',#514,.T.);
#229=FACE_OUTER_BOUND('',#515,.T.);
#230=FACE_OUTER_BOUND('',#516,.T.);
#231=FACE_OUTER_BOUND('',#517,.T.);
#232=FACE_OUTER_BOUND('',#518,.T.);
#233=FACE_OUTER_BOUND('',#519,.T.);
#234=FACE_OUTER_BOUND('',#520,.T.);
#235=FACE_OUTER_BOUND('',#522,.T.);
#236=FACE_OUTER_BOUND('',#524,.T.);
#237=FACE_OUTER_BOUND('',#526,.T.);
#238=FACE_OUTER_BOUND('',#527,.T.);
#239=FACE_OUTER_BOUND('',#528,.T.);
#240=FACE_OUTER_BOUND('',#529,.T.);
#241=FACE_OUTER_BOUND('',#530,.T.);
#242=FACE_OUTER_BOUND('',#531,.T.);
#243=FACE_OUTER_BOUND('',#532,.T.);
#244=FACE_OUTER_BOUND('',#533,.T.);
#245=FACE_OUTER_BOUND('',#534,.T.);
#246=FACE_OUTER_BOUND('',#535,.T.);
#247=FACE_OUTER_BOUND('',#536,.T.);
#248=FACE_OUTER_BOUND('',#537,.T.);
#249=FACE_OUTER_BOUND('',#538,.T.);
#250=FACE_OUTER_BOUND('',#539,.T.);
#251=FACE_OUTER_BOUND('',#540,.T.);
#252=FACE_OUTER_BOUND('',#541,.T.);
#253=FACE_OUTER_BOUND('',#542,.T.);
#254=FACE_OUTER_BOUND('',#543,.T.);
#255=FACE_OUTER_BOUND('',#544,.T.);
#256=FACE_OUTER_BOUND('',#545,.T.);
#257=FACE_OUTER_BOUND('',#546,.T.);
#258=FACE_OUTER_BOUND('',#547,.T.);
#259=FACE_OUTER_BOUND('',#548,.T.);
#260=FACE_OUTER_BOUND('',#549,.T.);
#261=FACE_OUTER_BOUND('',#550,.T.);
#262=FACE_OUTER_BOUND('',#551,.T.);
#263=FACE_OUTER_BOUND('',#552,.T.);
#264=FACE_OUTER_BOUND('',#553,.T.);
#265=FACE_OUTER_BOUND('',#554,.T.);
#266=FACE_OUTER_BOUND('',#555,.T.);
#267=FACE_OUTER_BOUND('',#556,.T.);
#268=FACE_OUTER_BOUND('',#557,.T.);
#269=FACE_OUTER_BOUND('',#558,.T.);
#270=FACE_OUTER_BOUND('',#559,.T.);
#271=FACE_OUTER_BOUND('',#560,.T.);
#272=FACE_OUTER_BOUND('',#561,.T.);
#273=FACE_OUTER_BOUND('',#562,.T.);
#274=FACE_OUTER_BOUND('',#563,.T.);
#275=FACE_OUTER_BOUND('',#564,.T.);
#276=FACE_OUTER_BOUND('',#565,.T.);
#277=FACE_OUTER_BOUND('',#566,.T.);
#278=FACE_OUTER_BOUND('',#567,.T.);
#279=FACE_OUTER_BOUND('',#568,.T.);
#280=FACE_OUTER_BOUND('',#569,.T.);
#281=FACE_OUTER_BOUND('',#570,.T.);
#282=FACE_OUTER_BOUND('',#571,.T.);
#283=FACE_OUTER_BOUND('',#572,.T.);
#284=FACE_OUTER_BOUND('',#573,.T.);
#285=FACE_OUTER_BOUND('',#574,.T.);
#286=FACE_OUTER_BOUND('',#575,.T.);
#287=FACE_OUTER_BOUND('',#576,.T.);
#288=FACE_OUTER_BOUND('',#577,.T.);
#289=FACE_OUTER_BOUND('',#578,.T.);
#290=FACE_OUTER_BOUND('',#579,.T.);
#291=FACE_OUTER_BOUND('',#580,.T.);
#292=FACE_OUTER_BOUND('',#581,.T.);
#293=FACE_OUTER_BOUND('',#582,.T.);
#294=FACE_OUTER_BOUND('',#583,.T.);
#295=FACE_OUTER_BOUND('',#584,.T.);
#296=FACE_OUTER_BOUND('',#585,.T.);
#297=FACE_OUTER_BOUND('',#586,.T.);
#298=FACE_OUTER_BOUND('',#587,.T.);
#299=FACE_OUTER_BOUND('',#588,.T.);
#300=FACE_OUTER_BOUND('',#589,.T.);
#301=FACE_OUTER_BOUND('',#590,.T.);
#302=FACE_OUTER_BOUND('',#591,.T.);
#303=FACE_OUTER_BOUND('',#592,.T.);
#304=FACE_OUTER_BOUND('',#593,.T.);
#305=FACE_OUTER_BOUND('',#594,.T.);
#306=FACE_OUTER_BOUND('',#595,.T.);
#307=FACE_OUTER_BOUND('',#596,.T.);
#308=FACE_OUTER_BOUND('',#597,.T.);
#309=FACE_OUTER_BOUND('',#598,.T.);
#310=FACE_OUTER_BOUND('',#599,.T.);
#311=FACE_OUTER_BOUND('',#601,.T.);
#312=FACE_OUTER_BOUND('',#603,.T.);
#313=FACE_OUTER_BOUND('',#604,.T.);
#314=FACE_OUTER_BOUND('',#605,.T.);
#315=FACE_OUTER_BOUND('',#606,.T.);
#316=FACE_OUTER_BOUND('',#607,.T.);
#317=FACE_OUTER_BOUND('',#608,.T.);
#318=FACE_OUTER_BOUND('',#609,.T.);
#319=FACE_OUTER_BOUND('',#610,.T.);
#320=FACE_OUTER_BOUND('',#611,.T.);
#321=FACE_OUTER_BOUND('',#612,.T.);
#322=FACE_OUTER_BOUND('',#613,.T.);
#323=FACE_OUTER_BOUND('',#614,.T.);
#324=FACE_OUTER_BOUND('',#615,.T.);
#325=FACE_OUTER_BOUND('',#616,.T.);
#326=FACE_OUTER_BOUND('',#617,.T.);
#327=FACE_OUTER_BOUND('',#618,.T.);
#328=FACE_OUTER_BOUND('',#619,.T.);
#329=FACE_OUTER_BOUND('',#620,.T.);
#330=FACE_OUTER_BOUND('',#621,.T.);
#331=FACE_OUTER_BOUND('',#622,.T.);
#332=FACE_OUTER_BOUND('',#623,.T.);
#333=FACE_OUTER_BOUND('',#624,.T.);
#334=FACE_OUTER_BOUND('',#625,.T.);
#335=FACE_OUTER_BOUND('',#626,.T.);
#336=FACE_OUTER_BOUND('',#627,.T.);
#337=FACE_OUTER_BOUND('',#628,.T.);
#338=FACE_OUTER_BOUND('',#629,.T.);
#339=FACE_OUTER_BOUND('',#630,.T.);
#340=FACE_OUTER_BOUND('',#631,.T.);
#341=FACE_OUTER_BOUND('',#632,.T.);
#342=FACE_OUTER_BOUND('',#633,.T.);
#343=FACE_OUTER_BOUND('',#634,.T.);
#344=FACE_OUTER_BOUND('',#635,.T.);
#345=FACE_OUTER_BOUND('',#636,.T.);
#346=FACE_OUTER_BOUND('',#637,.T.);
#347=FACE_OUTER_BOUND('',#638,.T.);
#348=FACE_OUTER_BOUND('',#639,.T.);
#349=FACE_OUTER_BOUND('',#640,.T.);
#350=FACE_OUTER_BOUND('',#641,.T.);
#351=FACE_OUTER_BOUND('',#642,.T.);
#352=FACE_OUTER_BOUND('',#643,.T.);
#353=FACE_OUTER_BOUND('',#644,.T.);
#354=FACE_OUTER_BOUND('',#645,.T.);
#355=FACE_OUTER_BOUND('',#646,.T.);
#356=FACE_OUTER_BOUND('',#647,.T.);
#357=FACE_OUTER_BOUND('',#648,.T.);
#358=FACE_OUTER_BOUND('',#649,.T.);
#359=FACE_OUTER_BOUND('',#650,.T.);
#360=FACE_OUTER_BOUND('',#651,.T.);
#361=FACE_OUTER_BOUND('',#652,.T.);
#362=FACE_OUTER_BOUND('',#653,.T.);
#363=FACE_OUTER_BOUND('',#654,.T.);
#364=FACE_OUTER_BOUND('',#655,.T.);
#365=FACE_OUTER_BOUND('',#656,.T.);
#366=FACE_OUTER_BOUND('',#657,.T.);
#367=FACE_OUTER_BOUND('',#658,.T.);
#368=FACE_OUTER_BOUND('',#659,.T.);
#369=FACE_OUTER_BOUND('',#660,.T.);
#370=FACE_OUTER_BOUND('',#661,.T.);
#371=FACE_OUTER_BOUND('',#662,.T.);
#372=FACE_OUTER_BOUND('',#663,.T.);
#373=FACE_OUTER_BOUND('',#664,.T.);
#374=FACE_OUTER_BOUND('',#665,.T.);
#375=FACE_OUTER_BOUND('',#666,.T.);
#376=FACE_OUTER_BOUND('',#667,.T.);
#377=FACE_OUTER_BOUND('',#668,.T.);
#378=FACE_OUTER_BOUND('',#669,.T.);
#379=FACE_OUTER_BOUND('',#670,.T.);
#380=FACE_OUTER_BOUND('',#671,.T.);
#381=FACE_OUTER_BOUND('',#672,.T.);
#382=FACE_OUTER_BOUND('',#673,.T.);
#383=FACE_OUTER_BOUND('',#674,.T.);
#384=FACE_OUTER_BOUND('',#675,.T.);
#385=FACE_OUTER_BOUND('',#676,.T.);
#386=EDGE_LOOP('',(#3546,#3547,#3548,#3549,#3550,#3551,#3552,#3553,#3554,
#3555,#3556,#3557,#3558,#3559,#3560,#3561,#3562,#3563,#3564,#3565,#3566,
#3567,#3568,#3569,#3570,#3571,#3572,#3573,#3574,#3575,#3576,#3577,#3578,
#3579,#3580,#3581,#3582,#3583,#3584,#3585,#3586,#3587,#3588,#3589,#3590,
#3591,#3592,#3593,#3594,#3595,#3596,#3597,#3598,#3599,#3600,#3601,#3602,
#3603,#3604,#3605,#3606,#3607,#3608,#3609,#3610,#3611,#3612,#3613,#3614,
#3615,#3616,#3617));
#387=EDGE_LOOP('',(#3618));
#388=EDGE_LOOP('',(#3619,#3620,#3621,#3622));
#389=EDGE_LOOP('',(#3623,#3624,#3625,#3626));
#390=EDGE_LOOP('',(#3627,#3628,#3629,#3630));
#391=EDGE_LOOP('',(#3631,#3632,#3633,#3634));
#392=EDGE_LOOP('',(#3635,#3636,#3637,#3638));
#393=EDGE_LOOP('',(#3639,#3640,#3641,#3642));
#394=EDGE_LOOP('',(#3643,#3644,#3645,#3646));
#395=EDGE_LOOP('',(#3647,#3648,#3649,#3650));
#396=EDGE_LOOP('',(#3651,#3652,#3653,#3654));
#397=EDGE_LOOP('',(#3655,#3656,#3657,#3658));
#398=EDGE_LOOP('',(#3659,#3660,#3661,#3662));
#399=EDGE_LOOP('',(#3663,#3664,#3665,#3666));
#400=EDGE_LOOP('',(#3667,#3668,#3669,#3670));
#401=EDGE_LOOP('',(#3671,#3672,#3673,#3674));
#402=EDGE_LOOP('',(#3675,#3676,#3677,#3678));
#403=EDGE_LOOP('',(#3679,#3680,#3681,#3682));
#404=EDGE_LOOP('',(#3683,#3684,#3685,#3686));
#405=EDGE_LOOP('',(#3687,#3688,#3689,#3690));
#406=EDGE_LOOP('',(#3691,#3692,#3693,#3694));
#407=EDGE_LOOP('',(#3695,#3696,#3697,#3698));
#408=EDGE_LOOP('',(#3699,#3700,#3701,#3702));
#409=EDGE_LOOP('',(#3703,#3704,#3705,#3706));
#410=EDGE_LOOP('',(#3707,#3708,#3709,#3710));
#411=EDGE_LOOP('',(#3711,#3712,#3713,#3714));
#412=EDGE_LOOP('',(#3715,#3716,#3717,#3718));
#413=EDGE_LOOP('',(#3719,#3720,#3721,#3722));
#414=EDGE_LOOP('',(#3723,#3724,#3725,#3726));
#415=EDGE_LOOP('',(#3727,#3728,#3729,#3730));
#416=EDGE_LOOP('',(#3731,#3732,#3733,#3734));
#417=EDGE_LOOP('',(#3735,#3736,#3737,#3738));
#418=EDGE_LOOP('',(#3739,#3740,#3741,#3742));
#419=EDGE_LOOP('',(#3743,#3744,#3745,#3746));
#420=EDGE_LOOP('',(#3747,#3748,#3749,#3750));
#421=EDGE_LOOP('',(#3751,#3752,#3753,#3754));
#422=EDGE_LOOP('',(#3755,#3756,#3757,#3758));
#423=EDGE_LOOP('',(#3759,#3760,#3761,#3762));
#424=EDGE_LOOP('',(#3763,#3764,#3765,#3766));
#425=EDGE_LOOP('',(#3767,#3768,#3769,#3770));
#426=EDGE_LOOP('',(#3771,#3772,#3773,#3774));
#427=EDGE_LOOP('',(#3775,#3776,#3777,#3778));
#428=EDGE_LOOP('',(#3779,#3780,#3781,#3782));
#429=EDGE_LOOP('',(#3783,#3784,#3785,#3786));
#430=EDGE_LOOP('',(#3787,#3788,#3789,#3790));
#431=EDGE_LOOP('',(#3791,#3792,#3793,#3794));
#432=EDGE_LOOP('',(#3795,#3796,#3797,#3798));
#433=EDGE_LOOP('',(#3799,#3800,#3801,#3802));
#434=EDGE_LOOP('',(#3803,#3804,#3805,#3806));
#435=EDGE_LOOP('',(#3807,#3808,#3809,#3810));
#436=EDGE_LOOP('',(#3811,#3812,#3813,#3814));
#437=EDGE_LOOP('',(#3815,#3816,#3817,#3818));
#438=EDGE_LOOP('',(#3819,#3820,#3821,#3822));
#439=EDGE_LOOP('',(#3823,#3824,#3825,#3826));
#440=EDGE_LOOP('',(#3827,#3828,#3829,#3830));
#441=EDGE_LOOP('',(#3831,#3832,#3833,#3834));
#442=EDGE_LOOP('',(#3835,#3836,#3837,#3838));
#443=EDGE_LOOP('',(#3839,#3840,#3841,#3842));
#444=EDGE_LOOP('',(#3843,#3844,#3845,#3846));
#445=EDGE_LOOP('',(#3847,#3848,#3849,#3850));
#446=EDGE_LOOP('',(#3851,#3852,#3853,#3854));
#447=EDGE_LOOP('',(#3855,#3856,#3857,#3858));
#448=EDGE_LOOP('',(#3859,#3860,#3861,#3862));
#449=EDGE_LOOP('',(#3863,#3864,#3865,#3866));
#450=EDGE_LOOP('',(#3867,#3868,#3869,#3870));
#451=EDGE_LOOP('',(#3871,#3872,#3873,#3874));
#452=EDGE_LOOP('',(#3875,#3876,#3877,#3878));
#453=EDGE_LOOP('',(#3879,#3880,#3881,#3882));
#454=EDGE_LOOP('',(#3883,#3884,#3885,#3886));
#455=EDGE_LOOP('',(#3887,#3888,#3889,#3890));
#456=EDGE_LOOP('',(#3891,#3892,#3893,#3894));
#457=EDGE_LOOP('',(#3895,#3896,#3897,#3898));
#458=EDGE_LOOP('',(#3899,#3900,#3901,#3902));
#459=EDGE_LOOP('',(#3903,#3904,#3905,#3906));
#460=EDGE_LOOP('',(#3907,#3908,#3909,#3910));
#461=EDGE_LOOP('',(#3911,#3912,#3913,#3914,#3915,#3916,#3917,#3918,#3919,
#3920,#3921,#3922,#3923,#3924,#3925,#3926,#3927,#3928,#3929,#3930,#3931,
#3932,#3933,#3934,#3935,#3936,#3937,#3938,#3939,#3940,#3941,#3942,#3943,
#3944,#3945,#3946,#3947,#3948,#3949,#3950,#3951,#3952,#3953,#3954,#3955,
#3956,#3957,#3958,#3959,#3960,#3961,#3962,#3963,#3964,#3965,#3966,#3967,
#3968,#3969,#3970,#3971,#3972,#3973,#3974,#3975,#3976,#3977,#3978,#3979,
#3980,#3981,#3982));
#462=EDGE_LOOP('',(#3983));
#463=EDGE_LOOP('',(#3984,#3985,#3986,#3987));
#464=EDGE_LOOP('',(#3988,#3989,#3990,#3991,#3992,#3993,#3994,#3995,#3996,
#3997,#3998,#3999,#4000,#4001,#4002,#4003,#4004,#4005));
#465=EDGE_LOOP('',(#4006));
#466=EDGE_LOOP('',(#4007,#4008,#4009,#4010));
#467=EDGE_LOOP('',(#4011,#4012,#4013,#4014));
#468=EDGE_LOOP('',(#4015,#4016,#4017,#4018));
#469=EDGE_LOOP('',(#4019,#4020,#4021,#4022));
#470=EDGE_LOOP('',(#4023,#4024,#4025,#4026));
#471=EDGE_LOOP('',(#4027,#4028,#4029,#4030));
#472=EDGE_LOOP('',(#4031,#4032,#4033,#4034));
#473=EDGE_LOOP('',(#4035,#4036,#4037,#4038));
#474=EDGE_LOOP('',(#4039,#4040,#4041,#4042));
#475=EDGE_LOOP('',(#4043,#4044,#4045,#4046));
#476=EDGE_LOOP('',(#4047,#4048,#4049,#4050));
#477=EDGE_LOOP('',(#4051,#4052,#4053,#4054));
#478=EDGE_LOOP('',(#4055,#4056,#4057,#4058));
#479=EDGE_LOOP('',(#4059,#4060,#4061,#4062));
#480=EDGE_LOOP('',(#4063,#4064,#4065,#4066));
#481=EDGE_LOOP('',(#4067,#4068,#4069,#4070));
#482=EDGE_LOOP('',(#4071,#4072,#4073,#4074));
#483=EDGE_LOOP('',(#4075,#4076,#4077,#4078));
#484=EDGE_LOOP('',(#4079,#4080,#4081,#4082));
#485=EDGE_LOOP('',(#4083,#4084,#4085,#4086));
#486=EDGE_LOOP('',(#4087,#4088,#4089,#4090));
#487=EDGE_LOOP('',(#4091,#4092,#4093,#4094));
#488=EDGE_LOOP('',(#4095,#4096,#4097,#4098));
#489=EDGE_LOOP('',(#4099,#4100,#4101,#4102));
#490=EDGE_LOOP('',(#4103,#4104,#4105,#4106));
#491=EDGE_LOOP('',(#4107,#4108,#4109,#4110));
#492=EDGE_LOOP('',(#4111,#4112,#4113,#4114));
#493=EDGE_LOOP('',(#4115,#4116,#4117,#4118));
#494=EDGE_LOOP('',(#4119,#4120,#4121,#4122));
#495=EDGE_LOOP('',(#4123,#4124,#4125,#4126));
#496=EDGE_LOOP('',(#4127,#4128,#4129,#4130));
#497=EDGE_LOOP('',(#4131,#4132,#4133,#4134));
#498=EDGE_LOOP('',(#4135,#4136,#4137,#4138));
#499=EDGE_LOOP('',(#4139,#4140,#4141,#4142));
#500=EDGE_LOOP('',(#4143,#4144,#4145,#4146));
#501=EDGE_LOOP('',(#4147,#4148,#4149,#4150));
#502=EDGE_LOOP('',(#4151,#4152,#4153,#4154));
#503=EDGE_LOOP('',(#4155,#4156,#4157,#4158));
#504=EDGE_LOOP('',(#4159,#4160,#4161,#4162));
#505=EDGE_LOOP('',(#4163,#4164,#4165,#4166));
#506=EDGE_LOOP('',(#4167,#4168,#4169,#4170));
#507=EDGE_LOOP('',(#4171,#4172,#4173,#4174));
#508=EDGE_LOOP('',(#4175,#4176,#4177,#4178));
#509=EDGE_LOOP('',(#4179,#4180,#4181,#4182));
#510=EDGE_LOOP('',(#4183,#4184,#4185,#4186));
#511=EDGE_LOOP('',(#4187,#4188,#4189,#4190));
#512=EDGE_LOOP('',(#4191,#4192,#4193,#4194));
#513=EDGE_LOOP('',(#4195,#4196,#4197,#4198));
#514=EDGE_LOOP('',(#4199,#4200,#4201,#4202));
#515=EDGE_LOOP('',(#4203,#4204,#4205,#4206));
#516=EDGE_LOOP('',(#4207,#4208,#4209,#4210));
#517=EDGE_LOOP('',(#4211,#4212,#4213,#4214));
#518=EDGE_LOOP('',(#4215,#4216,#4217,#4218));
#519=EDGE_LOOP('',(#4219,#4220,#4221,#4222));
#520=EDGE_LOOP('',(#4223,#4224,#4225,#4226,#4227,#4228,#4229,#4230,#4231,
#4232,#4233,#4234,#4235,#4236,#4237,#4238,#4239,#4240,#4241,#4242,#4243,
#4244,#4245,#4246,#4247,#4248,#4249,#4250,#4251,#4252,#4253,#4254,#4255,
#4256,#4257,#4258));
#521=EDGE_LOOP('',(#4259,#4260,#4261,#4262,#4263,#4264,#4265,#4266,#4267,
#4268,#4269,#4270,#4271,#4272,#4273,#4274,#4275,#4276));
#522=EDGE_LOOP('',(#4277,#4278,#4279,#4280,#4281,#4282,#4283,#4284,#4285,
#4286,#4287,#4288,#4289,#4290,#4291,#4292,#4293,#4294,#4295,#4296,#4297,
#4298,#4299,#4300,#4301,#4302,#4303,#4304,#4305,#4306,#4307,#4308,#4309,
#4310,#4311,#4312));
#523=EDGE_LOOP('',(#4313));
#524=EDGE_LOOP('',(#4314,#4315,#4316,#4317,#4318,#4319,#4320,#4321,#4322,
#4323,#4324,#4325,#4326,#4327,#4328,#4329,#4330,#4331,#4332,#4333,#4334,
#4335,#4336,#4337,#4338,#4339,#4340,#4341,#4342,#4343,#4344,#4345,#4346,
#4347,#4348,#4349,#4350,#4351,#4352,#4353,#4354,#4355,#4356,#4357,#4358,
#4359,#4360,#4361,#4362,#4363,#4364,#4365,#4366,#4367,#4368,#4369,#4370,
#4371,#4372,#4373,#4374,#4375,#4376,#4377,#4378,#4379,#4380,#4381,#4382,
#4383,#4384,#4385));
#525=EDGE_LOOP('',(#4386));
#526=EDGE_LOOP('',(#4387,#4388,#4389,#4390));
#527=EDGE_LOOP('',(#4391,#4392,#4393,#4394));
#528=EDGE_LOOP('',(#4395,#4396,#4397,#4398));
#529=EDGE_LOOP('',(#4399,#4400,#4401,#4402));
#530=EDGE_LOOP('',(#4403,#4404,#4405,#4406));
#531=EDGE_LOOP('',(#4407,#4408,#4409,#4410));
#532=EDGE_LOOP('',(#4411,#4412,#4413,#4414));
#533=EDGE_LOOP('',(#4415,#4416,#4417,#4418));
#534=EDGE_LOOP('',(#4419,#4420,#4421,#4422));
#535=EDGE_LOOP('',(#4423,#4424,#4425,#4426));
#536=EDGE_LOOP('',(#4427,#4428,#4429,#4430));
#537=EDGE_LOOP('',(#4431,#4432,#4433,#4434));
#538=EDGE_LOOP('',(#4435,#4436,#4437,#4438));
#539=EDGE_LOOP('',(#4439,#4440,#4441,#4442));
#540=EDGE_LOOP('',(#4443,#4444,#4445,#4446));
#541=EDGE_LOOP('',(#4447,#4448,#4449,#4450));
#542=EDGE_LOOP('',(#4451,#4452,#4453,#4454));
#543=EDGE_LOOP('',(#4455,#4456,#4457,#4458));
#544=EDGE_LOOP('',(#4459,#4460,#4461,#4462));
#545=EDGE_LOOP('',(#4463,#4464,#4465,#4466));
#546=EDGE_LOOP('',(#4467,#4468,#4469,#4470));
#547=EDGE_LOOP('',(#4471,#4472,#4473,#4474));
#548=EDGE_LOOP('',(#4475,#4476,#4477,#4478));
#549=EDGE_LOOP('',(#4479,#4480,#4481,#4482));
#550=EDGE_LOOP('',(#4483,#4484,#4485,#4486));
#551=EDGE_LOOP('',(#4487,#4488,#4489,#4490));
#552=EDGE_LOOP('',(#4491,#4492,#4493,#4494));
#553=EDGE_LOOP('',(#4495,#4496,#4497,#4498));
#554=EDGE_LOOP('',(#4499,#4500,#4501,#4502));
#555=EDGE_LOOP('',(#4503,#4504,#4505,#4506));
#556=EDGE_LOOP('',(#4507,#4508,#4509,#4510));
#557=EDGE_LOOP('',(#4511,#4512,#4513,#4514));
#558=EDGE_LOOP('',(#4515,#4516,#4517,#4518));
#559=EDGE_LOOP('',(#4519,#4520,#4521,#4522));
#560=EDGE_LOOP('',(#4523,#4524,#4525,#4526));
#561=EDGE_LOOP('',(#4527,#4528,#4529,#4530));
#562=EDGE_LOOP('',(#4531,#4532,#4533,#4534));
#563=EDGE_LOOP('',(#4535,#4536,#4537,#4538));
#564=EDGE_LOOP('',(#4539,#4540,#4541,#4542));
#565=EDGE_LOOP('',(#4543,#4544,#4545,#4546));
#566=EDGE_LOOP('',(#4547,#4548,#4549,#4550));
#567=EDGE_LOOP('',(#4551,#4552,#4553,#4554));
#568=EDGE_LOOP('',(#4555,#4556,#4557,#4558));
#569=EDGE_LOOP('',(#4559,#4560,#4561,#4562));
#570=EDGE_LOOP('',(#4563,#4564,#4565,#4566));
#571=EDGE_LOOP('',(#4567,#4568,#4569,#4570));
#572=EDGE_LOOP('',(#4571,#4572,#4573,#4574));
#573=EDGE_LOOP('',(#4575,#4576,#4577,#4578));
#574=EDGE_LOOP('',(#4579,#4580,#4581,#4582));
#575=EDGE_LOOP('',(#4583,#4584,#4585,#4586));
#576=EDGE_LOOP('',(#4587,#4588,#4589,#4590));
#577=EDGE_LOOP('',(#4591,#4592,#4593,#4594));
#578=EDGE_LOOP('',(#4595,#4596,#4597,#4598));
#579=EDGE_LOOP('',(#4599,#4600,#4601,#4602));
#580=EDGE_LOOP('',(#4603,#4604,#4605,#4606));
#581=EDGE_LOOP('',(#4607,#4608,#4609,#4610));
#582=EDGE_LOOP('',(#4611,#4612,#4613,#4614));
#583=EDGE_LOOP('',(#4615,#4616,#4617,#4618));
#584=EDGE_LOOP('',(#4619,#4620,#4621,#4622));
#585=EDGE_LOOP('',(#4623,#4624,#4625,#4626));
#586=EDGE_LOOP('',(#4627,#4628,#4629,#4630));
#587=EDGE_LOOP('',(#4631,#4632,#4633,#4634));
#588=EDGE_LOOP('',(#4635,#4636,#4637,#4638));
#589=EDGE_LOOP('',(#4639,#4640,#4641,#4642));
#590=EDGE_LOOP('',(#4643,#4644,#4645,#4646));
#591=EDGE_LOOP('',(#4647,#4648,#4649,#4650));
#592=EDGE_LOOP('',(#4651,#4652,#4653,#4654));
#593=EDGE_LOOP('',(#4655,#4656,#4657,#4658));
#594=EDGE_LOOP('',(#4659,#4660,#4661,#4662));
#595=EDGE_LOOP('',(#4663,#4664,#4665,#4666));
#596=EDGE_LOOP('',(#4667,#4668,#4669,#4670));
#597=EDGE_LOOP('',(#4671,#4672,#4673,#4674));
#598=EDGE_LOOP('',(#4675,#4676,#4677,#4678));
#599=EDGE_LOOP('',(#4679,#4680,#4681,#4682,#4683,#4684,#4685,#4686,#4687,
#4688,#4689,#4690,#4691,#4692,#4693,#4694,#4695,#4696,#4697,#4698,#4699,
#4700,#4701,#4702,#4703,#4704,#4705,#4706,#4707,#4708,#4709,#4710,#4711,
#4712,#4713,#4714,#4715,#4716,#4717,#4718,#4719,#4720,#4721,#4722,#4723,
#4724,#4725,#4726,#4727,#4728,#4729,#4730,#4731,#4732,#4733,#4734,#4735,
#4736,#4737,#4738,#4739,#4740,#4741,#4742,#4743,#4744,#4745,#4746,#4747,
#4748,#4749,#4750));
#600=EDGE_LOOP('',(#4751));
#601=EDGE_LOOP('',(#4752,#4753,#4754,#4755,#4756,#4757,#4758,#4759,#4760,
#4761,#4762,#4763,#4764,#4765,#4766,#4767,#4768,#4769,#4770,#4771,#4772,
#4773,#4774,#4775,#4776,#4777,#4778,#4779,#4780,#4781,#4782,#4783,#4784,
#4785,#4786,#4787,#4788,#4789,#4790,#4791,#4792,#4793,#4794,#4795,#4796,
#4797,#4798,#4799,#4800,#4801,#4802,#4803,#4804,#4805,#4806,#4807,#4808,
#4809,#4810,#4811,#4812,#4813,#4814,#4815,#4816,#4817,#4818,#4819,#4820,
#4821,#4822,#4823));
#602=EDGE_LOOP('',(#4824));
#603=EDGE_LOOP('',(#4825,#4826,#4827,#4828));
#604=EDGE_LOOP('',(#4829,#4830,#4831,#4832));
#605=EDGE_LOOP('',(#4833,#4834,#4835,#4836));
#606=EDGE_LOOP('',(#4837,#4838,#4839,#4840));
#607=EDGE_LOOP('',(#4841,#4842,#4843,#4844));
#608=EDGE_LOOP('',(#4845,#4846,#4847,#4848));
#609=EDGE_LOOP('',(#4849,#4850,#4851,#4852));
#610=EDGE_LOOP('',(#4853,#4854,#4855,#4856));
#611=EDGE_LOOP('',(#4857,#4858,#4859,#4860));
#612=EDGE_LOOP('',(#4861,#4862,#4863,#4864));
#613=EDGE_LOOP('',(#4865,#4866,#4867,#4868));
#614=EDGE_LOOP('',(#4869,#4870,#4871,#4872));
#615=EDGE_LOOP('',(#4873,#4874,#4875,#4876));
#616=EDGE_LOOP('',(#4877,#4878,#4879,#4880));
#617=EDGE_LOOP('',(#4881,#4882,#4883,#4884));
#618=EDGE_LOOP('',(#4885,#4886,#4887,#4888));
#619=EDGE_LOOP('',(#4889,#4890,#4891,#4892));
#620=EDGE_LOOP('',(#4893,#4894,#4895,#4896));
#621=EDGE_LOOP('',(#4897,#4898,#4899,#4900));
#622=EDGE_LOOP('',(#4901,#4902,#4903,#4904));
#623=EDGE_LOOP('',(#4905,#4906,#4907,#4908));
#624=EDGE_LOOP('',(#4909,#4910,#4911,#4912));
#625=EDGE_LOOP('',(#4913,#4914,#4915,#4916));
#626=EDGE_LOOP('',(#4917,#4918,#4919,#4920));
#627=EDGE_LOOP('',(#4921,#4922,#4923,#4924));
#628=EDGE_LOOP('',(#4925,#4926,#4927,#4928));
#629=EDGE_LOOP('',(#4929,#4930,#4931,#4932));
#630=EDGE_LOOP('',(#4933,#4934,#4935,#4936));
#631=EDGE_LOOP('',(#4937,#4938,#4939,#4940));
#632=EDGE_LOOP('',(#4941,#4942,#4943,#4944));
#633=EDGE_LOOP('',(#4945,#4946,#4947,#4948));
#634=EDGE_LOOP('',(#4949,#4950,#4951,#4952));
#635=EDGE_LOOP('',(#4953,#4954,#4955,#4956));
#636=EDGE_LOOP('',(#4957,#4958,#4959,#4960));
#637=EDGE_LOOP('',(#4961,#4962,#4963,#4964));
#638=EDGE_LOOP('',(#4965,#4966,#4967,#4968));
#639=EDGE_LOOP('',(#4969,#4970,#4971,#4972));
#640=EDGE_LOOP('',(#4973,#4974,#4975,#4976));
#641=EDGE_LOOP('',(#4977,#4978,#4979,#4980));
#642=EDGE_LOOP('',(#4981,#4982,#4983,#4984));
#643=EDGE_LOOP('',(#4985,#4986,#4987,#4988));
#644=EDGE_LOOP('',(#4989,#4990,#4991,#4992));
#645=EDGE_LOOP('',(#4993,#4994,#4995,#4996));
#646=EDGE_LOOP('',(#4997,#4998,#4999,#5000));
#647=EDGE_LOOP('',(#5001,#5002,#5003,#5004));
#648=EDGE_LOOP('',(#5005,#5006,#5007,#5008));
#649=EDGE_LOOP('',(#5009,#5010,#5011,#5012));
#650=EDGE_LOOP('',(#5013,#5014,#5015,#5016));
#651=EDGE_LOOP('',(#5017,#5018,#5019,#5020));
#652=EDGE_LOOP('',(#5021,#5022,#5023,#5024));
#653=EDGE_LOOP('',(#5025,#5026,#5027,#5028));
#654=EDGE_LOOP('',(#5029,#5030,#5031,#5032));
#655=EDGE_LOOP('',(#5033,#5034,#5035,#5036));
#656=EDGE_LOOP('',(#5037,#5038,#5039,#5040));
#657=EDGE_LOOP('',(#5041,#5042,#5043,#5044));
#658=EDGE_LOOP('',(#5045,#5046,#5047,#5048));
#659=EDGE_LOOP('',(#5049,#5050,#5051,#5052));
#660=EDGE_LOOP('',(#5053,#5054,#5055,#5056));
#661=EDGE_LOOP('',(#5057,#5058,#5059,#5060));
#662=EDGE_LOOP('',(#5061,#5062,#5063,#5064));
#663=EDGE_LOOP('',(#5065,#5066,#5067,#5068));
#664=EDGE_LOOP('',(#5069,#5070,#5071,#5072));
#665=EDGE_LOOP('',(#5073,#5074,#5075,#5076));
#666=EDGE_LOOP('',(#5077,#5078,#5079,#5080));
#667=EDGE_LOOP('',(#5081,#5082,#5083,#5084));
#668=EDGE_LOOP('',(#5085,#5086,#5087,#5088));
#669=EDGE_LOOP('',(#5089,#5090,#5091,#5092));
#670=EDGE_LOOP('',(#5093,#5094,#5095,#5096));
#671=EDGE_LOOP('',(#5097,#5098,#5099,#5100));
#672=EDGE_LOOP('',(#5101,#5102,#5103,#5104));
#673=EDGE_LOOP('',(#5105,#5106,#5107,#5108));
#674=EDGE_LOOP('',(#5109,#5110,#5111,#5112));
#675=EDGE_LOOP('',(#5113,#5114,#5115,#5116));
#676=EDGE_LOOP('',(#5117,#5118,#5119,#5120,#5121,#5122,#5123,#5124,#5125,
#5126,#5127,#5128,#5129,#5130,#5131,#5132,#5133,#5134,#5135,#5136,#5137,
#5138,#5139,#5140,#5141,#5142,#5143,#5144,#5145,#5146,#5147,#5148,#5149,
#5150,#5151,#5152,#5153,#5154,#5155,#5156,#5157,#5158,#5159,#5160,#5161,
#5162,#5163,#5164,#5165,#5166,#5167,#5168,#5169,#5170,#5171,#5172,#5173,
#5174,#5175,#5176,#5177,#5178,#5179,#5180,#5181,#5182,#5183,#5184,#5185,
#5186,#5187,#5188));
#677=EDGE_LOOP('',(#5189));
#678=LINE('',#7671,#1354);
#679=LINE('',#7673,#1355);
#680=LINE('',#7675,#1356);
#681=LINE('',#7679,#1357);
#682=LINE('',#7681,#1358);
#683=LINE('',#7683,#1359);
#684=LINE('',#7687,#1360);
#685=LINE('',#7689,#1361);
#686=LINE('',#7691,#1362);
#687=LINE('',#7695,#1363);
#688=LINE('',#7697,#1364);
#689=LINE('',#7699,#1365);
#690=LINE('',#7703,#1366);
#691=LINE('',#7705,#1367);
#692=LINE('',#7707,#1368);
#693=LINE('',#7711,#1369);
#694=LINE('',#7713,#1370);
#695=LINE('',#7715,#1371);
#696=LINE('',#7719,#1372);
#697=LINE('',#7721,#1373);
#698=LINE('',#7723,#1374);
#699=LINE('',#7727,#1375);
#700=LINE('',#7729,#1376);
#701=LINE('',#7731,#1377);
#702=LINE('',#7735,#1378);
#703=LINE('',#7737,#1379);
#704=LINE('',#7739,#1380);
#705=LINE('',#7743,#1381);
#706=LINE('',#7745,#1382);
#707=LINE('',#7747,#1383);
#708=LINE('',#7751,#1384);
#709=LINE('',#7753,#1385);
#710=LINE('',#7755,#1386);
#711=LINE('',#7759,#1387);
#712=LINE('',#7761,#1388);
#713=LINE('',#7763,#1389);
#714=LINE('',#7767,#1390);
#715=LINE('',#7769,#1391);
#716=LINE('',#7771,#1392);
#717=LINE('',#7775,#1393);
#718=LINE('',#7777,#1394);
#719=LINE('',#7779,#1395);
#720=LINE('',#7783,#1396);
#721=LINE('',#7785,#1397);
#722=LINE('',#7787,#1398);
#723=LINE('',#7791,#1399);
#724=LINE('',#7793,#1400);
#725=LINE('',#7795,#1401);
#726=LINE('',#7799,#1402);
#727=LINE('',#7801,#1403);
#728=LINE('',#7803,#1404);
#729=LINE('',#7807,#1405);
#730=LINE('',#7809,#1406);
#731=LINE('',#7810,#1407);
#732=LINE('',#7815,#1408);
#733=LINE('',#7817,#1409);
#734=LINE('',#7818,#1410);
#735=LINE('',#7821,#1411);
#736=LINE('',#7825,#1412);
#737=LINE('',#7826,#1413);
#738=LINE('',#7829,#1414);
#739=LINE('',#7830,#1415);
#740=LINE('',#7833,#1416);
#741=LINE('',#7834,#1417);
#742=LINE('',#7837,#1418);
#743=LINE('',#7841,#1419);
#744=LINE('',#7842,#1420);
#745=LINE('',#7845,#1421);
#746=LINE('',#7846,#1422);
#747=LINE('',#7849,#1423);
#748=LINE('',#7850,#1424);
#749=LINE('',#7853,#1425);
#750=LINE('',#7857,#1426);
#751=LINE('',#7858,#1427);
#752=LINE('',#7861,#1428);
#753=LINE('',#7862,#1429);
#754=LINE('',#7865,#1430);
#755=LINE('',#7866,#1431);
#756=LINE('',#7869,#1432);
#757=LINE('',#7873,#1433);
#758=LINE('',#7874,#1434);
#759=LINE('',#7877,#1435);
#760=LINE('',#7878,#1436);
#761=LINE('',#7881,#1437);
#762=LINE('',#7882,#1438);
#763=LINE('',#7885,#1439);
#764=LINE('',#7889,#1440);
#765=LINE('',#7890,#1441);
#766=LINE('',#7893,#1442);
#767=LINE('',#7894,#1443);
#768=LINE('',#7897,#1444);
#769=LINE('',#7898,#1445);
#770=LINE('',#7901,#1446);
#771=LINE('',#7905,#1447);
#772=LINE('',#7906,#1448);
#773=LINE('',#7909,#1449);
#774=LINE('',#7910,#1450);
#775=LINE('',#7913,#1451);
#776=LINE('',#7914,#1452);
#777=LINE('',#7917,#1453);
#778=LINE('',#7921,#1454);
#779=LINE('',#7922,#1455);
#780=LINE('',#7925,#1456);
#781=LINE('',#7926,#1457);
#782=LINE('',#7929,#1458);
#783=LINE('',#7930,#1459);
#784=LINE('',#7933,#1460);
#785=LINE('',#7937,#1461);
#786=LINE('',#7938,#1462);
#787=LINE('',#7941,#1463);
#788=LINE('',#7942,#1464);
#789=LINE('',#7945,#1465);
#790=LINE('',#7946,#1466);
#791=LINE('',#7949,#1467);
#792=LINE('',#7953,#1468);
#793=LINE('',#7954,#1469);
#794=LINE('',#7957,#1470);
#795=LINE('',#7958,#1471);
#796=LINE('',#7961,#1472);
#797=LINE('',#7965,#1473);
#798=LINE('',#7967,#1474);
#799=LINE('',#7968,#1475);
#800=LINE('',#7971,#1476);
#801=LINE('',#7972,#1477);
#802=LINE('',#7975,#1478);
#803=LINE('',#7976,#1479);
#804=LINE('',#7979,#1480);
#805=LINE('',#7983,#1481);
#806=LINE('',#7984,#1482);
#807=LINE('',#7987,#1483);
#808=LINE('',#7988,#1484);
#809=LINE('',#7991,#1485);
#810=LINE('',#7992,#1486);
#811=LINE('',#7995,#1487);
#812=LINE('',#7999,#1488);
#813=LINE('',#8000,#1489);
#814=LINE('',#8003,#1490);
#815=LINE('',#8004,#1491);
#816=LINE('',#8007,#1492);
#817=LINE('',#8008,#1493);
#818=LINE('',#8011,#1494);
#819=LINE('',#8015,#1495);
#820=LINE('',#8016,#1496);
#821=LINE('',#8019,#1497);
#822=LINE('',#8020,#1498);
#823=LINE('',#8023,#1499);
#824=LINE('',#8024,#1500);
#825=LINE('',#8027,#1501);
#826=LINE('',#8031,#1502);
#827=LINE('',#8032,#1503);
#828=LINE('',#8035,#1504);
#829=LINE('',#8036,#1505);
#830=LINE('',#8039,#1506);
#831=LINE('',#8040,#1507);
#832=LINE('',#8043,#1508);
#833=LINE('',#8047,#1509);
#834=LINE('',#8048,#1510);
#835=LINE('',#8051,#1511);
#836=LINE('',#8052,#1512);
#837=LINE('',#8055,#1513);
#838=LINE('',#8056,#1514);
#839=LINE('',#8059,#1515);
#840=LINE('',#8063,#1516);
#841=LINE('',#8064,#1517);
#842=LINE('',#8067,#1518);
#843=LINE('',#8068,#1519);
#844=LINE('',#8071,#1520);
#845=LINE('',#8072,#1521);
#846=LINE('',#8075,#1522);
#847=LINE('',#8079,#1523);
#848=LINE('',#8080,#1524);
#849=LINE('',#8083,#1525);
#850=LINE('',#8084,#1526);
#851=LINE('',#8087,#1527);
#852=LINE('',#8088,#1528);
#853=LINE('',#8091,#1529);
#854=LINE('',#8095,#1530);
#855=LINE('',#8096,#1531);
#856=LINE('',#8098,#1532);
#857=LINE('',#8101,#1533);
#858=LINE('',#8102,#1534);
#859=LINE('',#8110,#1535);
#860=LINE('',#8117,#1536);
#861=LINE('',#8119,#1537);
#862=LINE('',#8123,#1538);
#863=LINE('',#8125,#1539);
#864=LINE('',#8129,#1540);
#865=LINE('',#8131,#1541);
#866=LINE('',#8135,#1542);
#867=LINE('',#8137,#1543);
#868=LINE('',#8141,#1544);
#869=LINE('',#8143,#1545);
#870=LINE('',#8147,#1546);
#871=LINE('',#8148,#1547);
#872=LINE('',#8152,#1548);
#873=LINE('',#8153,#1549);
#874=LINE('',#8154,#1550);
#875=LINE('',#8157,#1551);
#876=LINE('',#8158,#1552);
#877=LINE('',#8162,#1553);
#878=LINE('',#8165,#1554);
#879=LINE('',#8166,#1555);
#880=LINE('',#8169,#1556);
#881=LINE('',#8170,#1557);
#882=LINE('',#8174,#1558);
#883=LINE('',#8177,#1559);
#884=LINE('',#8178,#1560);
#885=LINE('',#8181,#1561);
#886=LINE('',#8182,#1562);
#887=LINE('',#8186,#1563);
#888=LINE('',#8189,#1564);
#889=LINE('',#8190,#1565);
#890=LINE('',#8193,#1566);
#891=LINE('',#8194,#1567);
#892=LINE('',#8198,#1568);
#893=LINE('',#8201,#1569);
#894=LINE('',#8202,#1570);
#895=LINE('',#8205,#1571);
#896=LINE('',#8206,#1572);
#897=LINE('',#8210,#1573);
#898=LINE('',#8213,#1574);
#899=LINE('',#8214,#1575);
#900=LINE('',#8217,#1576);
#901=LINE('',#8218,#1577);
#902=LINE('',#8224,#1578);
#903=LINE('',#8226,#1579);
#904=LINE('',#8228,#1580);
#905=LINE('',#8229,#1581);
#906=LINE('',#8232,#1582);
#907=LINE('',#8234,#1583);
#908=LINE('',#8235,#1584);
#909=LINE('',#8238,#1585);
#910=LINE('',#8240,#1586);
#911=LINE('',#8241,#1587);
#912=LINE('',#8247,#1588);
#913=LINE('',#8250,#1589);
#914=LINE('',#8252,#1590);
#915=LINE('',#8253,#1591);
#916=LINE('',#8256,#1592);
#917=LINE('',#8258,#1593);
#918=LINE('',#8259,#1594);
#919=LINE('',#8262,#1595);
#920=LINE('',#8264,#1596);
#921=LINE('',#8265,#1597);
#922=LINE('',#8271,#1598);
#923=LINE('',#8274,#1599);
#924=LINE('',#8276,#1600);
#925=LINE('',#8277,#1601);
#926=LINE('',#8280,#1602);
#927=LINE('',#8282,#1603);
#928=LINE('',#8283,#1604);
#929=LINE('',#8286,#1605);
#930=LINE('',#8288,#1606);
#931=LINE('',#8289,#1607);
#932=LINE('',#8295,#1608);
#933=LINE('',#8298,#1609);
#934=LINE('',#8300,#1610);
#935=LINE('',#8301,#1611);
#936=LINE('',#8304,#1612);
#937=LINE('',#8306,#1613);
#938=LINE('',#8307,#1614);
#939=LINE('',#8310,#1615);
#940=LINE('',#8312,#1616);
#941=LINE('',#8313,#1617);
#942=LINE('',#8319,#1618);
#943=LINE('',#8322,#1619);
#944=LINE('',#8324,#1620);
#945=LINE('',#8325,#1621);
#946=LINE('',#8328,#1622);
#947=LINE('',#8330,#1623);
#948=LINE('',#8331,#1624);
#949=LINE('',#8334,#1625);
#950=LINE('',#8336,#1626);
#951=LINE('',#8337,#1627);
#952=LINE('',#8343,#1628);
#953=LINE('',#8346,#1629);
#954=LINE('',#8348,#1630);
#955=LINE('',#8349,#1631);
#956=LINE('',#8352,#1632);
#957=LINE('',#8354,#1633);
#958=LINE('',#8355,#1634);
#959=LINE('',#8358,#1635);
#960=LINE('',#8360,#1636);
#961=LINE('',#8361,#1637);
#962=LINE('',#8367,#1638);
#963=LINE('',#8370,#1639);
#964=LINE('',#8372,#1640);
#965=LINE('',#8373,#1641);
#966=LINE('',#8376,#1642);
#967=LINE('',#8378,#1643);
#968=LINE('',#8379,#1644);
#969=LINE('',#8382,#1645);
#970=LINE('',#8384,#1646);
#971=LINE('',#8385,#1647);
#972=LINE('',#8391,#1648);
#973=LINE('',#8394,#1649);
#974=LINE('',#8396,#1650);
#975=LINE('',#8397,#1651);
#976=LINE('',#8400,#1652);
#977=LINE('',#8402,#1653);
#978=LINE('',#8403,#1654);
#979=LINE('',#8406,#1655);
#980=LINE('',#8408,#1656);
#981=LINE('',#8409,#1657);
#982=LINE('',#8415,#1658);
#983=LINE('',#8418,#1659);
#984=LINE('',#8420,#1660);
#985=LINE('',#8421,#1661);
#986=LINE('',#8424,#1662);
#987=LINE('',#8426,#1663);
#988=LINE('',#8427,#1664);
#989=LINE('',#8430,#1665);
#990=LINE('',#8432,#1666);
#991=LINE('',#8433,#1667);
#992=LINE('',#8444,#1668);
#993=LINE('',#8446,#1669);
#994=LINE('',#8448,#1670);
#995=LINE('',#8452,#1671);
#996=LINE('',#8454,#1672);
#997=LINE('',#8456,#1673);
#998=LINE('',#8460,#1674);
#999=LINE('',#8462,#1675);
#1000=LINE('',#8464,#1676);
#1001=LINE('',#8468,#1677);
#1002=LINE('',#8470,#1678);
#1003=LINE('',#8472,#1679);
#1004=LINE('',#8476,#1680);
#1005=LINE('',#8478,#1681);
#1006=LINE('',#8480,#1682);
#1007=LINE('',#8484,#1683);
#1008=LINE('',#8486,#1684);
#1009=LINE('',#8488,#1685);
#1010=LINE('',#8492,#1686);
#1011=LINE('',#8494,#1687);
#1012=LINE('',#8496,#1688);
#1013=LINE('',#8500,#1689);
#1014=LINE('',#8502,#1690);
#1015=LINE('',#8504,#1691);
#1016=LINE('',#8508,#1692);
#1017=LINE('',#8510,#1693);
#1018=LINE('',#8512,#1694);
#1019=LINE('',#8516,#1695);
#1020=LINE('',#8518,#1696);
#1021=LINE('',#8520,#1697);
#1022=LINE('',#8524,#1698);
#1023=LINE('',#8526,#1699);
#1024=LINE('',#8528,#1700);
#1025=LINE('',#8532,#1701);
#1026=LINE('',#8534,#1702);
#1027=LINE('',#8536,#1703);
#1028=LINE('',#8540,#1704);
#1029=LINE('',#8542,#1705);
#1030=LINE('',#8544,#1706);
#1031=LINE('',#8548,#1707);
#1032=LINE('',#8550,#1708);
#1033=LINE('',#8552,#1709);
#1034=LINE('',#8556,#1710);
#1035=LINE('',#8558,#1711);
#1036=LINE('',#8560,#1712);
#1037=LINE('',#8564,#1713);
#1038=LINE('',#8566,#1714);
#1039=LINE('',#8568,#1715);
#1040=LINE('',#8572,#1716);
#1041=LINE('',#8574,#1717);
#1042=LINE('',#8576,#1718);
#1043=LINE('',#8580,#1719);
#1044=LINE('',#8582,#1720);
#1045=LINE('',#8583,#1721);
#1046=LINE('',#8588,#1722);
#1047=LINE('',#8590,#1723);
#1048=LINE('',#8591,#1724);
#1049=LINE('',#8594,#1725);
#1050=LINE('',#8598,#1726);
#1051=LINE('',#8599,#1727);
#1052=LINE('',#8602,#1728);
#1053=LINE('',#8603,#1729);
#1054=LINE('',#8606,#1730);
#1055=LINE('',#8607,#1731);
#1056=LINE('',#8610,#1732);
#1057=LINE('',#8614,#1733);
#1058=LINE('',#8615,#1734);
#1059=LINE('',#8618,#1735);
#1060=LINE('',#8619,#1736);
#1061=LINE('',#8622,#1737);
#1062=LINE('',#8623,#1738);
#1063=LINE('',#8626,#1739);
#1064=LINE('',#8630,#1740);
#1065=LINE('',#8631,#1741);
#1066=LINE('',#8634,#1742);
#1067=LINE('',#8635,#1743);
#1068=LINE('',#8638,#1744);
#1069=LINE('',#8639,#1745);
#1070=LINE('',#8642,#1746);
#1071=LINE('',#8646,#1747);
#1072=LINE('',#8647,#1748);
#1073=LINE('',#8650,#1749);
#1074=LINE('',#8651,#1750);
#1075=LINE('',#8654,#1751);
#1076=LINE('',#8655,#1752);
#1077=LINE('',#8658,#1753);
#1078=LINE('',#8662,#1754);
#1079=LINE('',#8663,#1755);
#1080=LINE('',#8666,#1756);
#1081=LINE('',#8667,#1757);
#1082=LINE('',#8670,#1758);
#1083=LINE('',#8671,#1759);
#1084=LINE('',#8674,#1760);
#1085=LINE('',#8678,#1761);
#1086=LINE('',#8679,#1762);
#1087=LINE('',#8682,#1763);
#1088=LINE('',#8683,#1764);
#1089=LINE('',#8686,#1765);
#1090=LINE('',#8687,#1766);
#1091=LINE('',#8690,#1767);
#1092=LINE('',#8694,#1768);
#1093=LINE('',#8695,#1769);
#1094=LINE('',#8698,#1770);
#1095=LINE('',#8699,#1771);
#1096=LINE('',#8702,#1772);
#1097=LINE('',#8703,#1773);
#1098=LINE('',#8706,#1774);
#1099=LINE('',#8710,#1775);
#1100=LINE('',#8711,#1776);
#1101=LINE('',#8714,#1777);
#1102=LINE('',#8715,#1778);
#1103=LINE('',#8718,#1779);
#1104=LINE('',#8719,#1780);
#1105=LINE('',#8722,#1781);
#1106=LINE('',#8726,#1782);
#1107=LINE('',#8727,#1783);
#1108=LINE('',#8730,#1784);
#1109=LINE('',#8731,#1785);
#1110=LINE('',#8734,#1786);
#1111=LINE('',#8738,#1787);
#1112=LINE('',#8740,#1788);
#1113=LINE('',#8741,#1789);
#1114=LINE('',#8744,#1790);
#1115=LINE('',#8745,#1791);
#1116=LINE('',#8748,#1792);
#1117=LINE('',#8749,#1793);
#1118=LINE('',#8752,#1794);
#1119=LINE('',#8756,#1795);
#1120=LINE('',#8757,#1796);
#1121=LINE('',#8760,#1797);
#1122=LINE('',#8761,#1798);
#1123=LINE('',#8764,#1799);
#1124=LINE('',#8765,#1800);
#1125=LINE('',#8768,#1801);
#1126=LINE('',#8772,#1802);
#1127=LINE('',#8773,#1803);
#1128=LINE('',#8776,#1804);
#1129=LINE('',#8777,#1805);
#1130=LINE('',#8780,#1806);
#1131=LINE('',#8781,#1807);
#1132=LINE('',#8784,#1808);
#1133=LINE('',#8788,#1809);
#1134=LINE('',#8789,#1810);
#1135=LINE('',#8792,#1811);
#1136=LINE('',#8793,#1812);
#1137=LINE('',#8796,#1813);
#1138=LINE('',#8797,#1814);
#1139=LINE('',#8800,#1815);
#1140=LINE('',#8804,#1816);
#1141=LINE('',#8805,#1817);
#1142=LINE('',#8808,#1818);
#1143=LINE('',#8809,#1819);
#1144=LINE('',#8812,#1820);
#1145=LINE('',#8813,#1821);
#1146=LINE('',#8816,#1822);
#1147=LINE('',#8820,#1823);
#1148=LINE('',#8821,#1824);
#1149=LINE('',#8824,#1825);
#1150=LINE('',#8825,#1826);
#1151=LINE('',#8828,#1827);
#1152=LINE('',#8829,#1828);
#1153=LINE('',#8832,#1829);
#1154=LINE('',#8836,#1830);
#1155=LINE('',#8837,#1831);
#1156=LINE('',#8840,#1832);
#1157=LINE('',#8841,#1833);
#1158=LINE('',#8844,#1834);
#1159=LINE('',#8845,#1835);
#1160=LINE('',#8848,#1836);
#1161=LINE('',#8852,#1837);
#1162=LINE('',#8853,#1838);
#1163=LINE('',#8856,#1839);
#1164=LINE('',#8857,#1840);
#1165=LINE('',#8860,#1841);
#1166=LINE('',#8861,#1842);
#1167=LINE('',#8864,#1843);
#1168=LINE('',#8868,#1844);
#1169=LINE('',#8869,#1845);
#1170=LINE('',#8871,#1846);
#1171=LINE('',#8874,#1847);
#1172=LINE('',#8875,#1848);
#1173=LINE('',#8884,#1849);
#1174=LINE('',#8886,#1850);
#1175=LINE('',#8888,#1851);
#1176=LINE('',#8892,#1852);
#1177=LINE('',#8894,#1853);
#1178=LINE('',#8896,#1854);
#1179=LINE('',#8900,#1855);
#1180=LINE('',#8902,#1856);
#1181=LINE('',#8904,#1857);
#1182=LINE('',#8908,#1858);
#1183=LINE('',#8910,#1859);
#1184=LINE('',#8912,#1860);
#1185=LINE('',#8916,#1861);
#1186=LINE('',#8918,#1862);
#1187=LINE('',#8920,#1863);
#1188=LINE('',#8924,#1864);
#1189=LINE('',#8926,#1865);
#1190=LINE('',#8928,#1866);
#1191=LINE('',#8932,#1867);
#1192=LINE('',#8934,#1868);
#1193=LINE('',#8936,#1869);
#1194=LINE('',#8940,#1870);
#1195=LINE('',#8942,#1871);
#1196=LINE('',#8944,#1872);
#1197=LINE('',#8948,#1873);
#1198=LINE('',#8950,#1874);
#1199=LINE('',#8952,#1875);
#1200=LINE('',#8956,#1876);
#1201=LINE('',#8958,#1877);
#1202=LINE('',#8960,#1878);
#1203=LINE('',#8964,#1879);
#1204=LINE('',#8966,#1880);
#1205=LINE('',#8968,#1881);
#1206=LINE('',#8972,#1882);
#1207=LINE('',#8974,#1883);
#1208=LINE('',#8976,#1884);
#1209=LINE('',#8980,#1885);
#1210=LINE('',#8982,#1886);
#1211=LINE('',#8984,#1887);
#1212=LINE('',#8988,#1888);
#1213=LINE('',#8990,#1889);
#1214=LINE('',#8992,#1890);
#1215=LINE('',#8996,#1891);
#1216=LINE('',#8998,#1892);
#1217=LINE('',#9000,#1893);
#1218=LINE('',#9004,#1894);
#1219=LINE('',#9006,#1895);
#1220=LINE('',#9008,#1896);
#1221=LINE('',#9012,#1897);
#1222=LINE('',#9014,#1898);
#1223=LINE('',#9016,#1899);
#1224=LINE('',#9020,#1900);
#1225=LINE('',#9022,#1901);
#1226=LINE('',#9023,#1902);
#1227=LINE('',#9028,#1903);
#1228=LINE('',#9030,#1904);
#1229=LINE('',#9031,#1905);
#1230=LINE('',#9034,#1906);
#1231=LINE('',#9038,#1907);
#1232=LINE('',#9039,#1908);
#1233=LINE('',#9042,#1909);
#1234=LINE('',#9043,#1910);
#1235=LINE('',#9046,#1911);
#1236=LINE('',#9047,#1912);
#1237=LINE('',#9050,#1913);
#1238=LINE('',#9054,#1914);
#1239=LINE('',#9055,#1915);
#1240=LINE('',#9058,#1916);
#1241=LINE('',#9059,#1917);
#1242=LINE('',#9062,#1918);
#1243=LINE('',#9063,#1919);
#1244=LINE('',#9066,#1920);
#1245=LINE('',#9070,#1921);
#1246=LINE('',#9071,#1922);
#1247=LINE('',#9074,#1923);
#1248=LINE('',#9075,#1924);
#1249=LINE('',#9078,#1925);
#1250=LINE('',#9079,#1926);
#1251=LINE('',#9082,#1927);
#1252=LINE('',#9086,#1928);
#1253=LINE('',#9087,#1929);
#1254=LINE('',#9090,#1930);
#1255=LINE('',#9091,#1931);
#1256=LINE('',#9094,#1932);
#1257=LINE('',#9095,#1933);
#1258=LINE('',#9098,#1934);
#1259=LINE('',#9102,#1935);
#1260=LINE('',#9103,#1936);
#1261=LINE('',#9106,#1937);
#1262=LINE('',#9107,#1938);
#1263=LINE('',#9110,#1939);
#1264=LINE('',#9111,#1940);
#1265=LINE('',#9114,#1941);
#1266=LINE('',#9118,#1942);
#1267=LINE('',#9119,#1943);
#1268=LINE('',#9122,#1944);
#1269=LINE('',#9123,#1945);
#1270=LINE('',#9126,#1946);
#1271=LINE('',#9127,#1947);
#1272=LINE('',#9130,#1948);
#1273=LINE('',#9134,#1949);
#1274=LINE('',#9135,#1950);
#1275=LINE('',#9138,#1951);
#1276=LINE('',#9139,#1952);
#1277=LINE('',#9142,#1953);
#1278=LINE('',#9143,#1954);
#1279=LINE('',#9146,#1955);
#1280=LINE('',#9150,#1956);
#1281=LINE('',#9151,#1957);
#1282=LINE('',#9154,#1958);
#1283=LINE('',#9155,#1959);
#1284=LINE('',#9158,#1960);
#1285=LINE('',#9159,#1961);
#1286=LINE('',#9162,#1962);
#1287=LINE('',#9166,#1963);
#1288=LINE('',#9167,#1964);
#1289=LINE('',#9170,#1965);
#1290=LINE('',#9171,#1966);
#1291=LINE('',#9174,#1967);
#1292=LINE('',#9178,#1968);
#1293=LINE('',#9180,#1969);
#1294=LINE('',#9181,#1970);
#1295=LINE('',#9184,#1971);
#1296=LINE('',#9185,#1972);
#1297=LINE('',#9188,#1973);
#1298=LINE('',#9189,#1974);
#1299=LINE('',#9192,#1975);
#1300=LINE('',#9196,#1976);
#1301=LINE('',#9197,#1977);
#1302=LINE('',#9200,#1978);
#1303=LINE('',#9201,#1979);
#1304=LINE('',#9204,#1980);
#1305=LINE('',#9205,#1981);
#1306=LINE('',#9208,#1982);
#1307=LINE('',#9212,#1983);
#1308=LINE('',#9213,#1984);
#1309=LINE('',#9216,#1985);
#1310=LINE('',#9217,#1986);
#1311=LINE('',#9220,#1987);
#1312=LINE('',#9221,#1988);
#1313=LINE('',#9224,#1989);
#1314=LINE('',#9228,#1990);
#1315=LINE('',#9229,#1991);
#1316=LINE('',#9232,#1992);
#1317=LINE('',#9233,#1993);
#1318=LINE('',#9236,#1994);
#1319=LINE('',#9237,#1995);
#1320=LINE('',#9240,#1996);
#1321=LINE('',#9244,#1997);
#1322=LINE('',#9245,#1998);
#1323=LINE('',#9248,#1999);
#1324=LINE('',#9249,#2000);
#1325=LINE('',#9252,#2001);
#1326=LINE('',#9253,#2002);
#1327=LINE('',#9256,#2003);
#1328=LINE('',#9260,#2004);
#1329=LINE('',#9261,#2005);
#1330=LINE('',#9264,#2006);
#1331=LINE('',#9265,#2007);
#1332=LINE('',#9268,#2008);
#1333=LINE('',#9269,#2009);
#1334=LINE('',#9272,#2010);
#1335=LINE('',#9276,#2011);
#1336=LINE('',#9277,#2012);
#1337=LINE('',#9280,#2013);
#1338=LINE('',#9281,#2014);
#1339=LINE('',#9284,#2015);
#1340=LINE('',#9285,#2016);
#1341=LINE('',#9288,#2017);
#1342=LINE('',#9292,#2018);
#1343=LINE('',#9293,#2019);
#1344=LINE('',#9296,#2020);
#1345=LINE('',#9297,#2021);
#1346=LINE('',#9300,#2022);
#1347=LINE('',#9301,#2023);
#1348=LINE('',#9304,#2024);
#1349=LINE('',#9308,#2025);
#1350=LINE('',#9309,#2026);
#1351=LINE('',#9311,#2027);
#1352=LINE('',#9314,#2028);
#1353=LINE('',#9315,#2029);
#1354=VECTOR('',#6135,0.393700787401575);
#1355=VECTOR('',#6136,0.393700787401575);
#1356=VECTOR('',#6137,0.393700787401575);
#1357=VECTOR('',#6140,0.393700787401575);
#1358=VECTOR('',#6141,0.393700787401575);
#1359=VECTOR('',#6142,0.393700787401575);
#1360=VECTOR('',#6145,0.393700787401575);
#1361=VECTOR('',#6146,0.393700787401575);
#1362=VECTOR('',#6147,0.393700787401575);
#1363=VECTOR('',#6150,0.393700787401575);
#1364=VECTOR('',#6151,0.393700787401575);
#1365=VECTOR('',#6152,0.393700787401575);
#1366=VECTOR('',#6155,0.393700787401575);
#1367=VECTOR('',#6156,0.393700787401575);
#1368=VECTOR('',#6157,0.393700787401575);
#1369=VECTOR('',#6160,0.393700787401575);
#1370=VECTOR('',#6161,0.393700787401575);
#1371=VECTOR('',#6162,0.393700787401575);
#1372=VECTOR('',#6165,0.393700787401575);
#1373=VECTOR('',#6166,0.393700787401575);
#1374=VECTOR('',#6167,0.393700787401575);
#1375=VECTOR('',#6170,0.393700787401575);
#1376=VECTOR('',#6171,0.393700787401575);
#1377=VECTOR('',#6172,0.393700787401575);
#1378=VECTOR('',#6175,0.393700787401575);
#1379=VECTOR('',#6176,0.393700787401575);
#1380=VECTOR('',#6177,0.393700787401575);
#1381=VECTOR('',#6180,0.393700787401575);
#1382=VECTOR('',#6181,0.393700787401575);
#1383=VECTOR('',#6182,0.393700787401575);
#1384=VECTOR('',#6185,0.393700787401575);
#1385=VECTOR('',#6186,0.393700787401575);
#1386=VECTOR('',#6187,0.393700787401575);
#1387=VECTOR('',#6190,0.393700787401575);
#1388=VECTOR('',#6191,0.393700787401575);
#1389=VECTOR('',#6192,0.393700787401575);
#1390=VECTOR('',#6195,0.393700787401575);
#1391=VECTOR('',#6196,0.393700787401575);
#1392=VECTOR('',#6197,0.393700787401575);
#1393=VECTOR('',#6200,0.393700787401575);
#1394=VECTOR('',#6201,0.393700787401575);
#1395=VECTOR('',#6202,0.393700787401575);
#1396=VECTOR('',#6205,0.393700787401575);
#1397=VECTOR('',#6206,0.393700787401575);
#1398=VECTOR('',#6207,0.393700787401575);
#1399=VECTOR('',#6210,0.393700787401575);
#1400=VECTOR('',#6211,0.393700787401575);
#1401=VECTOR('',#6212,0.393700787401575);
#1402=VECTOR('',#6215,0.393700787401575);
#1403=VECTOR('',#6216,0.393700787401575);
#1404=VECTOR('',#6217,0.393700787401575);
#1405=VECTOR('',#6220,0.393700787401575);
#1406=VECTOR('',#6221,0.393700787401575);
#1407=VECTOR('',#6222,0.393700787401575);
#1408=VECTOR('',#6227,0.393700787401575);
#1409=VECTOR('',#6228,0.393700787401575);
#1410=VECTOR('',#6229,0.393700787401575);
#1411=VECTOR('',#6232,0.393700787401575);
#1412=VECTOR('',#6237,0.393700787401575);
#1413=VECTOR('',#6238,0.393700787401575);
#1414=VECTOR('',#6241,0.393700787401575);
#1415=VECTOR('',#6242,0.393700787401575);
#1416=VECTOR('',#6245,0.393700787401575);
#1417=VECTOR('',#6246,0.393700787401575);
#1418=VECTOR('',#6249,0.393700787401575);
#1419=VECTOR('',#6254,0.393700787401575);
#1420=VECTOR('',#6255,0.393700787401575);
#1421=VECTOR('',#6258,0.393700787401575);
#1422=VECTOR('',#6259,0.393700787401575);
#1423=VECTOR('',#6262,0.393700787401575);
#1424=VECTOR('',#6263,0.393700787401575);
#1425=VECTOR('',#6266,0.393700787401575);
#1426=VECTOR('',#6271,0.393700787401575);
#1427=VECTOR('',#6272,0.393700787401575);
#1428=VECTOR('',#6275,0.393700787401575);
#1429=VECTOR('',#6276,0.393700787401575);
#1430=VECTOR('',#6279,0.393700787401575);
#1431=VECTOR('',#6280,0.393700787401575);
#1432=VECTOR('',#6283,0.393700787401575);
#1433=VECTOR('',#6288,0.393700787401575);
#1434=VECTOR('',#6289,0.393700787401575);
#1435=VECTOR('',#6292,0.393700787401575);
#1436=VECTOR('',#6293,0.393700787401575);
#1437=VECTOR('',#6296,0.393700787401575);
#1438=VECTOR('',#6297,0.393700787401575);
#1439=VECTOR('',#6300,0.393700787401575);
#1440=VECTOR('',#6305,0.393700787401575);
#1441=VECTOR('',#6306,0.393700787401575);
#1442=VECTOR('',#6309,0.393700787401575);
#1443=VECTOR('',#6310,0.393700787401575);
#1444=VECTOR('',#6313,0.393700787401575);
#1445=VECTOR('',#6314,0.393700787401575);
#1446=VECTOR('',#6317,0.393700787401575);
#1447=VECTOR('',#6322,0.393700787401575);
#1448=VECTOR('',#6323,0.393700787401575);
#1449=VECTOR('',#6326,0.393700787401575);
#1450=VECTOR('',#6327,0.393700787401575);
#1451=VECTOR('',#6330,0.393700787401575);
#1452=VECTOR('',#6331,0.393700787401575);
#1453=VECTOR('',#6334,0.393700787401575);
#1454=VECTOR('',#6339,0.393700787401575);
#1455=VECTOR('',#6340,0.393700787401575);
#1456=VECTOR('',#6343,0.393700787401575);
#1457=VECTOR('',#6344,0.393700787401575);
#1458=VECTOR('',#6347,0.393700787401575);
#1459=VECTOR('',#6348,0.393700787401575);
#1460=VECTOR('',#6351,0.393700787401575);
#1461=VECTOR('',#6356,0.393700787401575);
#1462=VECTOR('',#6357,0.393700787401575);
#1463=VECTOR('',#6360,0.393700787401575);
#1464=VECTOR('',#6361,0.393700787401575);
#1465=VECTOR('',#6364,0.393700787401575);
#1466=VECTOR('',#6365,0.393700787401575);
#1467=VECTOR('',#6368,0.393700787401575);
#1468=VECTOR('',#6373,0.393700787401575);
#1469=VECTOR('',#6374,0.393700787401575);
#1470=VECTOR('',#6377,0.393700787401575);
#1471=VECTOR('',#6378,0.393700787401575);
#1472=VECTOR('',#6381,0.16);
#1473=VECTOR('',#6386,0.393700787401575);
#1474=VECTOR('',#6387,0.393700787401575);
#1475=VECTOR('',#6388,0.393700787401575);
#1476=VECTOR('',#6391,0.393700787401575);
#1477=VECTOR('',#6392,0.393700787401575);
#1478=VECTOR('',#6395,0.393700787401575);
#1479=VECTOR('',#6396,0.393700787401575);
#1480=VECTOR('',#6399,0.393700787401575);
#1481=VECTOR('',#6404,0.393700787401575);
#1482=VECTOR('',#6405,0.393700787401575);
#1483=VECTOR('',#6408,0.393700787401575);
#1484=VECTOR('',#6409,0.393700787401575);
#1485=VECTOR('',#6412,0.393700787401575);
#1486=VECTOR('',#6413,0.393700787401575);
#1487=VECTOR('',#6416,0.393700787401575);
#1488=VECTOR('',#6421,0.393700787401575);
#1489=VECTOR('',#6422,0.393700787401575);
#1490=VECTOR('',#6425,0.393700787401575);
#1491=VECTOR('',#6426,0.393700787401575);
#1492=VECTOR('',#6429,0.393700787401575);
#1493=VECTOR('',#6430,0.393700787401575);
#1494=VECTOR('',#6433,0.393700787401575);
#1495=VECTOR('',#6438,0.393700787401575);
#1496=VECTOR('',#6439,0.393700787401575);
#1497=VECTOR('',#6442,0.393700787401575);
#1498=VECTOR('',#6443,0.393700787401575);
#1499=VECTOR('',#6446,0.393700787401575);
#1500=VECTOR('',#6447,0.393700787401575);
#1501=VECTOR('',#6450,0.393700787401575);
#1502=VECTOR('',#6455,0.393700787401575);
#1503=VECTOR('',#6456,0.393700787401575);
#1504=VECTOR('',#6459,0.393700787401575);
#1505=VECTOR('',#6460,0.393700787401575);
#1506=VECTOR('',#6463,0.393700787401575);
#1507=VECTOR('',#6464,0.393700787401575);
#1508=VECTOR('',#6467,0.393700787401575);
#1509=VECTOR('',#6472,0.393700787401575);
#1510=VECTOR('',#6473,0.393700787401575);
#1511=VECTOR('',#6476,0.393700787401575);
#1512=VECTOR('',#6477,0.393700787401575);
#1513=VECTOR('',#6480,0.393700787401575);
#1514=VECTOR('',#6481,0.393700787401575);
#1515=VECTOR('',#6484,0.393700787401575);
#1516=VECTOR('',#6489,0.393700787401575);
#1517=VECTOR('',#6490,0.393700787401575);
#1518=VECTOR('',#6493,0.393700787401575);
#1519=VECTOR('',#6494,0.393700787401575);
#1520=VECTOR('',#6497,0.393700787401575);
#1521=VECTOR('',#6498,0.393700787401575);
#1522=VECTOR('',#6501,0.393700787401575);
#1523=VECTOR('',#6506,0.393700787401575);
#1524=VECTOR('',#6507,0.393700787401575);
#1525=VECTOR('',#6510,0.393700787401575);
#1526=VECTOR('',#6511,0.393700787401575);
#1527=VECTOR('',#6514,0.393700787401575);
#1528=VECTOR('',#6515,0.393700787401575);
#1529=VECTOR('',#6518,0.393700787401575);
#1530=VECTOR('',#6523,0.393700787401575);
#1531=VECTOR('',#6524,0.393700787401575);
#1532=VECTOR('',#6527,0.393700787401575);
#1533=VECTOR('',#6530,0.393700787401575);
#1534=VECTOR('',#6531,0.393700787401575);
#1535=VECTOR('',#6542,0.0500000000000001);
#1536=VECTOR('',#6549,0.393700787401575);
#1537=VECTOR('',#6550,0.393700787401575);
#1538=VECTOR('',#6553,0.393700787401575);
#1539=VECTOR('',#6554,0.393700787401575);
#1540=VECTOR('',#6557,0.393700787401575);
#1541=VECTOR('',#6558,0.393700787401575);
#1542=VECTOR('',#6561,0.393700787401575);
#1543=VECTOR('',#6562,0.393700787401575);
#1544=VECTOR('',#6565,0.393700787401575);
#1545=VECTOR('',#6566,0.393700787401575);
#1546=VECTOR('',#6569,0.393700787401575);
#1547=VECTOR('',#6570,0.393700787401575);
#1548=VECTOR('',#6573,0.393700787401575);
#1549=VECTOR('',#6574,0.393700787401575);
#1550=VECTOR('',#6575,0.393700787401575);
#1551=VECTOR('',#6578,0.393700787401575);
#1552=VECTOR('',#6579,0.393700787401575);
#1553=VECTOR('',#6584,0.393700787401575);
#1554=VECTOR('',#6587,0.393700787401575);
#1555=VECTOR('',#6588,0.393700787401575);
#1556=VECTOR('',#6591,0.393700787401575);
#1557=VECTOR('',#6592,0.393700787401575);
#1558=VECTOR('',#6597,0.393700787401575);
#1559=VECTOR('',#6600,0.393700787401575);
#1560=VECTOR('',#6601,0.393700787401575);
#1561=VECTOR('',#6604,0.393700787401575);
#1562=VECTOR('',#6605,0.393700787401575);
#1563=VECTOR('',#6610,0.393700787401575);
#1564=VECTOR('',#6613,0.393700787401575);
#1565=VECTOR('',#6614,0.393700787401575);
#1566=VECTOR('',#6617,0.393700787401575);
#1567=VECTOR('',#6618,0.393700787401575);
#1568=VECTOR('',#6623,0.393700787401575);
#1569=VECTOR('',#6626,0.393700787401575);
#1570=VECTOR('',#6627,0.393700787401575);
#1571=VECTOR('',#6630,0.393700787401575);
#1572=VECTOR('',#6631,0.393700787401575);
#1573=VECTOR('',#6636,0.393700787401575);
#1574=VECTOR('',#6639,0.393700787401575);
#1575=VECTOR('',#6640,0.393700787401575);
#1576=VECTOR('',#6643,0.393700787401575);
#1577=VECTOR('',#6644,0.393700787401575);
#1578=VECTOR('',#6651,0.393700787401575);
#1579=VECTOR('',#6652,0.393700787401575);
#1580=VECTOR('',#6653,0.393700787401575);
#1581=VECTOR('',#6654,0.393700787401575);
#1582=VECTOR('',#6657,0.393700787401575);
#1583=VECTOR('',#6658,0.393700787401575);
#1584=VECTOR('',#6659,0.393700787401575);
#1585=VECTOR('',#6662,0.393700787401575);
#1586=VECTOR('',#6663,0.393700787401575);
#1587=VECTOR('',#6664,0.393700787401575);
#1588=VECTOR('',#6671,0.393700787401575);
#1589=VECTOR('',#6674,0.393700787401575);
#1590=VECTOR('',#6675,0.393700787401575);
#1591=VECTOR('',#6676,0.393700787401575);
#1592=VECTOR('',#6679,0.393700787401575);
#1593=VECTOR('',#6680,0.393700787401575);
#1594=VECTOR('',#6681,0.393700787401575);
#1595=VECTOR('',#6684,0.393700787401575);
#1596=VECTOR('',#6685,0.393700787401575);
#1597=VECTOR('',#6686,0.393700787401575);
#1598=VECTOR('',#6693,0.393700787401575);
#1599=VECTOR('',#6696,0.393700787401575);
#1600=VECTOR('',#6697,0.393700787401575);
#1601=VECTOR('',#6698,0.393700787401575);
#1602=VECTOR('',#6701,0.393700787401575);
#1603=VECTOR('',#6702,0.393700787401575);
#1604=VECTOR('',#6703,0.393700787401575);
#1605=VECTOR('',#6706,0.393700787401575);
#1606=VECTOR('',#6707,0.393700787401575);
#1607=VECTOR('',#6708,0.393700787401575);
#1608=VECTOR('',#6715,0.393700787401575);
#1609=VECTOR('',#6718,0.393700787401575);
#1610=VECTOR('',#6719,0.393700787401575);
#1611=VECTOR('',#6720,0.393700787401575);
#1612=VECTOR('',#6723,0.393700787401575);
#1613=VECTOR('',#6724,0.393700787401575);
#1614=VECTOR('',#6725,0.393700787401575);
#1615=VECTOR('',#6728,0.393700787401575);
#1616=VECTOR('',#6729,0.393700787401575);
#1617=VECTOR('',#6730,0.393700787401575);
#1618=VECTOR('',#6737,0.393700787401575);
#1619=VECTOR('',#6740,0.393700787401575);
#1620=VECTOR('',#6741,0.393700787401575);
#1621=VECTOR('',#6742,0.393700787401575);
#1622=VECTOR('',#6745,0.393700787401575);
#1623=VECTOR('',#6746,0.393700787401575);
#1624=VECTOR('',#6747,0.393700787401575);
#1625=VECTOR('',#6750,0.393700787401575);
#1626=VECTOR('',#6751,0.393700787401575);
#1627=VECTOR('',#6752,0.393700787401575);
#1628=VECTOR('',#6759,0.393700787401575);
#1629=VECTOR('',#6762,0.393700787401575);
#1630=VECTOR('',#6763,0.393700787401575);
#1631=VECTOR('',#6764,0.393700787401575);
#1632=VECTOR('',#6767,0.393700787401575);
#1633=VECTOR('',#6768,0.393700787401575);
#1634=VECTOR('',#6769,0.393700787401575);
#1635=VECTOR('',#6772,0.393700787401575);
#1636=VECTOR('',#6773,0.393700787401575);
#1637=VECTOR('',#6774,0.393700787401575);
#1638=VECTOR('',#6781,0.393700787401575);
#1639=VECTOR('',#6784,0.393700787401575);
#1640=VECTOR('',#6785,0.393700787401575);
#1641=VECTOR('',#6786,0.393700787401575);
#1642=VECTOR('',#6789,0.393700787401575);
#1643=VECTOR('',#6790,0.393700787401575);
#1644=VECTOR('',#6791,0.393700787401575);
#1645=VECTOR('',#6794,0.393700787401575);
#1646=VECTOR('',#6795,0.393700787401575);
#1647=VECTOR('',#6796,0.393700787401575);
#1648=VECTOR('',#6803,0.393700787401575);
#1649=VECTOR('',#6806,0.393700787401575);
#1650=VECTOR('',#6807,0.393700787401575);
#1651=VECTOR('',#6808,0.393700787401575);
#1652=VECTOR('',#6811,0.393700787401575);
#1653=VECTOR('',#6812,0.393700787401575);
#1654=VECTOR('',#6813,0.393700787401575);
#1655=VECTOR('',#6816,0.393700787401575);
#1656=VECTOR('',#6817,0.393700787401575);
#1657=VECTOR('',#6818,0.393700787401575);
#1658=VECTOR('',#6825,0.393700787401575);
#1659=VECTOR('',#6828,0.393700787401575);
#1660=VECTOR('',#6829,0.393700787401575);
#1661=VECTOR('',#6830,0.393700787401575);
#1662=VECTOR('',#6833,0.393700787401575);
#1663=VECTOR('',#6834,0.393700787401575);
#1664=VECTOR('',#6835,0.393700787401575);
#1665=VECTOR('',#6838,0.393700787401575);
#1666=VECTOR('',#6839,0.393700787401575);
#1667=VECTOR('',#6840,0.393700787401575);
#1668=VECTOR('',#6855,0.393700787401575);
#1669=VECTOR('',#6856,0.393700787401575);
#1670=VECTOR('',#6857,0.393700787401575);
#1671=VECTOR('',#6860,0.393700787401575);
#1672=VECTOR('',#6861,0.393700787401575);
#1673=VECTOR('',#6862,0.393700787401575);
#1674=VECTOR('',#6865,0.393700787401575);
#1675=VECTOR('',#6866,0.393700787401575);
#1676=VECTOR('',#6867,0.393700787401575);
#1677=VECTOR('',#6870,0.393700787401575);
#1678=VECTOR('',#6871,0.393700787401575);
#1679=VECTOR('',#6872,0.393700787401575);
#1680=VECTOR('',#6875,0.393700787401575);
#1681=VECTOR('',#6876,0.393700787401575);
#1682=VECTOR('',#6877,0.393700787401575);
#1683=VECTOR('',#6880,0.393700787401575);
#1684=VECTOR('',#6881,0.393700787401575);
#1685=VECTOR('',#6882,0.393700787401575);
#1686=VECTOR('',#6885,0.393700787401575);
#1687=VECTOR('',#6886,0.393700787401575);
#1688=VECTOR('',#6887,0.393700787401575);
#1689=VECTOR('',#6890,0.393700787401575);
#1690=VECTOR('',#6891,0.393700787401575);
#1691=VECTOR('',#6892,0.393700787401575);
#1692=VECTOR('',#6895,0.393700787401575);
#1693=VECTOR('',#6896,0.393700787401575);
#1694=VECTOR('',#6897,0.393700787401575);
#1695=VECTOR('',#6900,0.393700787401575);
#1696=VECTOR('',#6901,0.393700787401575);
#1697=VECTOR('',#6902,0.393700787401575);
#1698=VECTOR('',#6905,0.393700787401575);
#1699=VECTOR('',#6906,0.393700787401575);
#1700=VECTOR('',#6907,0.393700787401575);
#1701=VECTOR('',#6910,0.393700787401575);
#1702=VECTOR('',#6911,0.393700787401575);
#1703=VECTOR('',#6912,0.393700787401575);
#1704=VECTOR('',#6915,0.393700787401575);
#1705=VECTOR('',#6916,0.393700787401575);
#1706=VECTOR('',#6917,0.393700787401575);
#1707=VECTOR('',#6920,0.393700787401575);
#1708=VECTOR('',#6921,0.393700787401575);
#1709=VECTOR('',#6922,0.393700787401575);
#1710=VECTOR('',#6925,0.393700787401575);
#1711=VECTOR('',#6926,0.393700787401575);
#1712=VECTOR('',#6927,0.393700787401575);
#1713=VECTOR('',#6930,0.393700787401575);
#1714=VECTOR('',#6931,0.393700787401575);
#1715=VECTOR('',#6932,0.393700787401575);
#1716=VECTOR('',#6935,0.393700787401575);
#1717=VECTOR('',#6936,0.393700787401575);
#1718=VECTOR('',#6937,0.393700787401575);
#1719=VECTOR('',#6940,0.393700787401575);
#1720=VECTOR('',#6941,0.393700787401575);
#1721=VECTOR('',#6942,0.393700787401575);
#1722=VECTOR('',#6947,0.393700787401575);
#1723=VECTOR('',#6948,0.393700787401575);
#1724=VECTOR('',#6949,0.393700787401575);
#1725=VECTOR('',#6952,0.393700787401575);
#1726=VECTOR('',#6957,0.393700787401575);
#1727=VECTOR('',#6958,0.393700787401575);
#1728=VECTOR('',#6961,0.393700787401575);
#1729=VECTOR('',#6962,0.393700787401575);
#1730=VECTOR('',#6965,0.393700787401575);
#1731=VECTOR('',#6966,0.393700787401575);
#1732=VECTOR('',#6969,0.393700787401575);
#1733=VECTOR('',#6974,0.393700787401575);
#1734=VECTOR('',#6975,0.393700787401575);
#1735=VECTOR('',#6978,0.393700787401575);
#1736=VECTOR('',#6979,0.393700787401575);
#1737=VECTOR('',#6982,0.393700787401575);
#1738=VECTOR('',#6983,0.393700787401575);
#1739=VECTOR('',#6986,0.393700787401575);
#1740=VECTOR('',#6991,0.393700787401575);
#1741=VECTOR('',#6992,0.393700787401575);
#1742=VECTOR('',#6995,0.393700787401575);
#1743=VECTOR('',#6996,0.393700787401575);
#1744=VECTOR('',#6999,0.393700787401575);
#1745=VECTOR('',#7000,0.393700787401575);
#1746=VECTOR('',#7003,0.393700787401575);
#1747=VECTOR('',#7008,0.393700787401575);
#1748=VECTOR('',#7009,0.393700787401575);
#1749=VECTOR('',#7012,0.393700787401575);
#1750=VECTOR('',#7013,0.393700787401575);
#1751=VECTOR('',#7016,0.393700787401575);
#1752=VECTOR('',#7017,0.393700787401575);
#1753=VECTOR('',#7020,0.393700787401575);
#1754=VECTOR('',#7025,0.393700787401575);
#1755=VECTOR('',#7026,0.393700787401575);
#1756=VECTOR('',#7029,0.393700787401575);
#1757=VECTOR('',#7030,0.393700787401575);
#1758=VECTOR('',#7033,0.393700787401575);
#1759=VECTOR('',#7034,0.393700787401575);
#1760=VECTOR('',#7037,0.393700787401575);
#1761=VECTOR('',#7042,0.393700787401575);
#1762=VECTOR('',#7043,0.393700787401575);
#1763=VECTOR('',#7046,0.393700787401575);
#1764=VECTOR('',#7047,0.393700787401575);
#1765=VECTOR('',#7050,0.393700787401575);
#1766=VECTOR('',#7051,0.393700787401575);
#1767=VECTOR('',#7054,0.393700787401575);
#1768=VECTOR('',#7059,0.393700787401575);
#1769=VECTOR('',#7060,0.393700787401575);
#1770=VECTOR('',#7063,0.393700787401575);
#1771=VECTOR('',#7064,0.393700787401575);
#1772=VECTOR('',#7067,0.393700787401575);
#1773=VECTOR('',#7068,0.393700787401575);
#1774=VECTOR('',#7071,0.393700787401575);
#1775=VECTOR('',#7076,0.393700787401575);
#1776=VECTOR('',#7077,0.393700787401575);
#1777=VECTOR('',#7080,0.393700787401575);
#1778=VECTOR('',#7081,0.393700787401575);
#1779=VECTOR('',#7084,0.393700787401575);
#1780=VECTOR('',#7085,0.393700787401575);
#1781=VECTOR('',#7088,0.393700787401575);
#1782=VECTOR('',#7093,0.393700787401575);
#1783=VECTOR('',#7094,0.393700787401575);
#1784=VECTOR('',#7097,0.393700787401575);
#1785=VECTOR('',#7098,0.393700787401575);
#1786=VECTOR('',#7101,0.16);
#1787=VECTOR('',#7106,0.393700787401575);
#1788=VECTOR('',#7107,0.393700787401575);
#1789=VECTOR('',#7108,0.393700787401575);
#1790=VECTOR('',#7111,0.393700787401575);
#1791=VECTOR('',#7112,0.393700787401575);
#1792=VECTOR('',#7115,0.393700787401575);
#1793=VECTOR('',#7116,0.393700787401575);
#1794=VECTOR('',#7119,0.393700787401575);
#1795=VECTOR('',#7124,0.393700787401575);
#1796=VECTOR('',#7125,0.393700787401575);
#1797=VECTOR('',#7128,0.393700787401575);
#1798=VECTOR('',#7129,0.393700787401575);
#1799=VECTOR('',#7132,0.393700787401575);
#1800=VECTOR('',#7133,0.393700787401575);
#1801=VECTOR('',#7136,0.393700787401575);
#1802=VECTOR('',#7141,0.393700787401575);
#1803=VECTOR('',#7142,0.393700787401575);
#1804=VECTOR('',#7145,0.393700787401575);
#1805=VECTOR('',#7146,0.393700787401575);
#1806=VECTOR('',#7149,0.393700787401575);
#1807=VECTOR('',#7150,0.393700787401575);
#1808=VECTOR('',#7153,0.393700787401575);
#1809=VECTOR('',#7158,0.393700787401575);
#1810=VECTOR('',#7159,0.393700787401575);
#1811=VECTOR('',#7162,0.393700787401575);
#1812=VECTOR('',#7163,0.393700787401575);
#1813=VECTOR('',#7166,0.393700787401575);
#1814=VECTOR('',#7167,0.393700787401575);
#1815=VECTOR('',#7170,0.393700787401575);
#1816=VECTOR('',#7175,0.393700787401575);
#1817=VECTOR('',#7176,0.393700787401575);
#1818=VECTOR('',#7179,0.393700787401575);
#1819=VECTOR('',#7180,0.393700787401575);
#1820=VECTOR('',#7183,0.393700787401575);
#1821=VECTOR('',#7184,0.393700787401575);
#1822=VECTOR('',#7187,0.393700787401575);
#1823=VECTOR('',#7192,0.393700787401575);
#1824=VECTOR('',#7193,0.393700787401575);
#1825=VECTOR('',#7196,0.393700787401575);
#1826=VECTOR('',#7197,0.393700787401575);
#1827=VECTOR('',#7200,0.393700787401575);
#1828=VECTOR('',#7201,0.393700787401575);
#1829=VECTOR('',#7204,0.393700787401575);
#1830=VECTOR('',#7209,0.393700787401575);
#1831=VECTOR('',#7210,0.393700787401575);
#1832=VECTOR('',#7213,0.393700787401575);
#1833=VECTOR('',#7214,0.393700787401575);
#1834=VECTOR('',#7217,0.393700787401575);
#1835=VECTOR('',#7218,0.393700787401575);
#1836=VECTOR('',#7221,0.393700787401575);
#1837=VECTOR('',#7226,0.393700787401575);
#1838=VECTOR('',#7227,0.393700787401575);
#1839=VECTOR('',#7230,0.393700787401575);
#1840=VECTOR('',#7231,0.393700787401575);
#1841=VECTOR('',#7234,0.393700787401575);
#1842=VECTOR('',#7235,0.393700787401575);
#1843=VECTOR('',#7238,0.393700787401575);
#1844=VECTOR('',#7243,0.393700787401575);
#1845=VECTOR('',#7244,0.393700787401575);
#1846=VECTOR('',#7247,0.393700787401575);
#1847=VECTOR('',#7250,0.393700787401575);
#1848=VECTOR('',#7251,0.393700787401575);
#1849=VECTOR('',#7262,0.393700787401575);
#1850=VECTOR('',#7263,0.393700787401575);
#1851=VECTOR('',#7264,0.393700787401575);
#1852=VECTOR('',#7267,0.393700787401575);
#1853=VECTOR('',#7268,0.393700787401575);
#1854=VECTOR('',#7269,0.393700787401575);
#1855=VECTOR('',#7272,0.393700787401575);
#1856=VECTOR('',#7273,0.393700787401575);
#1857=VECTOR('',#7274,0.393700787401575);
#1858=VECTOR('',#7277,0.393700787401575);
#1859=VECTOR('',#7278,0.393700787401575);
#1860=VECTOR('',#7279,0.393700787401575);
#1861=VECTOR('',#7282,0.393700787401575);
#1862=VECTOR('',#7283,0.393700787401575);
#1863=VECTOR('',#7284,0.393700787401575);
#1864=VECTOR('',#7287,0.393700787401575);
#1865=VECTOR('',#7288,0.393700787401575);
#1866=VECTOR('',#7289,0.393700787401575);
#1867=VECTOR('',#7292,0.393700787401575);
#1868=VECTOR('',#7293,0.393700787401575);
#1869=VECTOR('',#7294,0.393700787401575);
#1870=VECTOR('',#7297,0.393700787401575);
#1871=VECTOR('',#7298,0.393700787401575);
#1872=VECTOR('',#7299,0.393700787401575);
#1873=VECTOR('',#7302,0.393700787401575);
#1874=VECTOR('',#7303,0.393700787401575);
#1875=VECTOR('',#7304,0.393700787401575);
#1876=VECTOR('',#7307,0.393700787401575);
#1877=VECTOR('',#7308,0.393700787401575);
#1878=VECTOR('',#7309,0.393700787401575);
#1879=VECTOR('',#7312,0.393700787401575);
#1880=VECTOR('',#7313,0.393700787401575);
#1881=VECTOR('',#7314,0.393700787401575);
#1882=VECTOR('',#7317,0.393700787401575);
#1883=VECTOR('',#7318,0.393700787401575);
#1884=VECTOR('',#7319,0.393700787401575);
#1885=VECTOR('',#7322,0.393700787401575);
#1886=VECTOR('',#7323,0.393700787401575);
#1887=VECTOR('',#7324,0.393700787401575);
#1888=VECTOR('',#7327,0.393700787401575);
#1889=VECTOR('',#7328,0.393700787401575);
#1890=VECTOR('',#7329,0.393700787401575);
#1891=VECTOR('',#7332,0.393700787401575);
#1892=VECTOR('',#7333,0.393700787401575);
#1893=VECTOR('',#7334,0.393700787401575);
#1894=VECTOR('',#7337,0.393700787401575);
#1895=VECTOR('',#7338,0.393700787401575);
#1896=VECTOR('',#7339,0.393700787401575);
#1897=VECTOR('',#7342,0.393700787401575);
#1898=VECTOR('',#7343,0.393700787401575);
#1899=VECTOR('',#7344,0.393700787401575);
#1900=VECTOR('',#7347,0.393700787401575);
#1901=VECTOR('',#7348,0.393700787401575);
#1902=VECTOR('',#7349,0.393700787401575);
#1903=VECTOR('',#7354,0.393700787401575);
#1904=VECTOR('',#7355,0.393700787401575);
#1905=VECTOR('',#7356,0.393700787401575);
#1906=VECTOR('',#7359,0.393700787401575);
#1907=VECTOR('',#7364,0.393700787401575);
#1908=VECTOR('',#7365,0.393700787401575);
#1909=VECTOR('',#7368,0.393700787401575);
#1910=VECTOR('',#7369,0.393700787401575);
#1911=VECTOR('',#7372,0.393700787401575);
#1912=VECTOR('',#7373,0.393700787401575);
#1913=VECTOR('',#7376,0.393700787401575);
#1914=VECTOR('',#7381,0.393700787401575);
#1915=VECTOR('',#7382,0.393700787401575);
#1916=VECTOR('',#7385,0.393700787401575);
#1917=VECTOR('',#7386,0.393700787401575);
#1918=VECTOR('',#7389,0.393700787401575);
#1919=VECTOR('',#7390,0.393700787401575);
#1920=VECTOR('',#7393,0.393700787401575);
#1921=VECTOR('',#7398,0.393700787401575);
#1922=VECTOR('',#7399,0.393700787401575);
#1923=VECTOR('',#7402,0.393700787401575);
#1924=VECTOR('',#7403,0.393700787401575);
#1925=VECTOR('',#7406,0.393700787401575);
#1926=VECTOR('',#7407,0.393700787401575);
#1927=VECTOR('',#7410,0.393700787401575);
#1928=VECTOR('',#7415,0.393700787401575);
#1929=VECTOR('',#7416,0.393700787401575);
#1930=VECTOR('',#7419,0.393700787401575);
#1931=VECTOR('',#7420,0.393700787401575);
#1932=VECTOR('',#7423,0.393700787401575);
#1933=VECTOR('',#7424,0.393700787401575);
#1934=VECTOR('',#7427,0.393700787401575);
#1935=VECTOR('',#7432,0.393700787401575);
#1936=VECTOR('',#7433,0.393700787401575);
#1937=VECTOR('',#7436,0.393700787401575);
#1938=VECTOR('',#7437,0.393700787401575);
#1939=VECTOR('',#7440,0.393700787401575);
#1940=VECTOR('',#7441,0.393700787401575);
#1941=VECTOR('',#7444,0.393700787401575);
#1942=VECTOR('',#7449,0.393700787401575);
#1943=VECTOR('',#7450,0.393700787401575);
#1944=VECTOR('',#7453,0.393700787401575);
#1945=VECTOR('',#7454,0.393700787401575);
#1946=VECTOR('',#7457,0.393700787401575);
#1947=VECTOR('',#7458,0.393700787401575);
#1948=VECTOR('',#7461,0.393700787401575);
#1949=VECTOR('',#7466,0.393700787401575);
#1950=VECTOR('',#7467,0.393700787401575);
#1951=VECTOR('',#7470,0.393700787401575);
#1952=VECTOR('',#7471,0.393700787401575);
#1953=VECTOR('',#7474,0.393700787401575);
#1954=VECTOR('',#7475,0.393700787401575);
#1955=VECTOR('',#7478,0.393700787401575);
#1956=VECTOR('',#7483,0.393700787401575);
#1957=VECTOR('',#7484,0.393700787401575);
#1958=VECTOR('',#7487,0.393700787401575);
#1959=VECTOR('',#7488,0.393700787401575);
#1960=VECTOR('',#7491,0.393700787401575);
#1961=VECTOR('',#7492,0.393700787401575);
#1962=VECTOR('',#7495,0.393700787401575);
#1963=VECTOR('',#7500,0.393700787401575);
#1964=VECTOR('',#7501,0.393700787401575);
#1965=VECTOR('',#7504,0.393700787401575);
#1966=VECTOR('',#7505,0.393700787401575);
#1967=VECTOR('',#7508,0.16);
#1968=VECTOR('',#7513,0.393700787401575);
#1969=VECTOR('',#7514,0.393700787401575);
#1970=VECTOR('',#7515,0.393700787401575);
#1971=VECTOR('',#7518,0.393700787401575);
#1972=VECTOR('',#7519,0.393700787401575);
#1973=VECTOR('',#7522,0.393700787401575);
#1974=VECTOR('',#7523,0.393700787401575);
#1975=VECTOR('',#7526,0.393700787401575);
#1976=VECTOR('',#7531,0.393700787401575);
#1977=VECTOR('',#7532,0.393700787401575);
#1978=VECTOR('',#7535,0.393700787401575);
#1979=VECTOR('',#7536,0.393700787401575);
#1980=VECTOR('',#7539,0.393700787401575);
#1981=VECTOR('',#7540,0.393700787401575);
#1982=VECTOR('',#7543,0.393700787401575);
#1983=VECTOR('',#7548,0.393700787401575);
#1984=VECTOR('',#7549,0.393700787401575);
#1985=VECTOR('',#7552,0.393700787401575);
#1986=VECTOR('',#7553,0.393700787401575);
#1987=VECTOR('',#7556,0.393700787401575);
#1988=VECTOR('',#7557,0.393700787401575);
#1989=VECTOR('',#7560,0.393700787401575);
#1990=VECTOR('',#7565,0.393700787401575);
#1991=VECTOR('',#7566,0.393700787401575);
#1992=VECTOR('',#7569,0.393700787401575);
#1993=VECTOR('',#7570,0.393700787401575);
#1994=VECTOR('',#7573,0.393700787401575);
#1995=VECTOR('',#7574,0.393700787401575);
#1996=VECTOR('',#7577,0.393700787401575);
#1997=VECTOR('',#7582,0.393700787401575);
#1998=VECTOR('',#7583,0.393700787401575);
#1999=VECTOR('',#7586,0.393700787401575);
#2000=VECTOR('',#7587,0.393700787401575);
#2001=VECTOR('',#7590,0.393700787401575);
#2002=VECTOR('',#7591,0.393700787401575);
#2003=VECTOR('',#7594,0.393700787401575);
#2004=VECTOR('',#7599,0.393700787401575);
#2005=VECTOR('',#7600,0.393700787401575);
#2006=VECTOR('',#7603,0.393700787401575);
#2007=VECTOR('',#7604,0.393700787401575);
#2008=VECTOR('',#7607,0.393700787401575);
#2009=VECTOR('',#7608,0.393700787401575);
#2010=VECTOR('',#7611,0.393700787401575);
#2011=VECTOR('',#7616,0.393700787401575);
#2012=VECTOR('',#7617,0.393700787401575);
#2013=VECTOR('',#7620,0.393700787401575);
#2014=VECTOR('',#7621,0.393700787401575);
#2015=VECTOR('',#7624,0.393700787401575);
#2016=VECTOR('',#7625,0.393700787401575);
#2017=VECTOR('',#7628,0.393700787401575);
#2018=VECTOR('',#7633,0.393700787401575);
#2019=VECTOR('',#7634,0.393700787401575);
#2020=VECTOR('',#7637,0.393700787401575);
#2021=VECTOR('',#7638,0.393700787401575);
#2022=VECTOR('',#7641,0.393700787401575);
#2023=VECTOR('',#7642,0.393700787401575);
#2024=VECTOR('',#7645,0.393700787401575);
#2025=VECTOR('',#7650,0.393700787401575);
#2026=VECTOR('',#7651,0.393700787401575);
#2027=VECTOR('',#7654,0.393700787401575);
#2028=VECTOR('',#7657,0.393700787401575);
#2029=VECTOR('',#7658,0.393700787401575);
#2030=CIRCLE('',#5701,0.65);
#2031=CIRCLE('',#5702,0.65);
#2032=CIRCLE('',#5703,0.65);
#2033=CIRCLE('',#5704,0.65);
#2034=CIRCLE('',#5705,0.65);
#2035=CIRCLE('',#5706,0.65);
#2036=CIRCLE('',#5707,0.65);
#2037=CIRCLE('',#5708,0.65);
#2038=CIRCLE('',#5709,0.65);
#2039=CIRCLE('',#5710,0.65);
#2040=CIRCLE('',#5711,0.65);
#2041=CIRCLE('',#5712,0.65);
#2042=CIRCLE('',#5713,0.65);
#2043=CIRCLE('',#5714,0.65);
#2044=CIRCLE('',#5715,0.65);
#2045=CIRCLE('',#5716,0.65);
#2046=CIRCLE('',#5717,0.65);
#2047=CIRCLE('',#5718,0.65);
#2048=CIRCLE('',#5719,0.16);
#2049=CIRCLE('',#5722,0.65);
#2050=CIRCLE('',#5727,0.65);
#2051=CIRCLE('',#5732,0.65);
#2052=CIRCLE('',#5737,0.65);
#2053=CIRCLE('',#5742,0.65);
#2054=CIRCLE('',#5747,0.65);
#2055=CIRCLE('',#5752,0.65);
#2056=CIRCLE('',#5757,0.65);
#2057=CIRCLE('',#5762,0.65);
#2058=CIRCLE('',#5766,0.16);
#2059=CIRCLE('',#5771,0.65);
#2060=CIRCLE('',#5776,0.65);
#2061=CIRCLE('',#5781,0.65);
#2062=CIRCLE('',#5786,0.65);
#2063=CIRCLE('',#5791,0.65);
#2064=CIRCLE('',#5796,0.65);
#2065=CIRCLE('',#5801,0.65);
#2066=CIRCLE('',#5806,0.65);
#2067=CIRCLE('',#5811,0.65);
#2068=CIRCLE('',#5814,0.0500000000000001);
#2069=CIRCLE('',#5815,0.0500000000000001);
#2070=CIRCLE('',#5817,0.0861184364094817);
#2071=CIRCLE('',#5818,0.086118436409482);
#2072=CIRCLE('',#5819,0.0861184364094818);
#2073=CIRCLE('',#5820,0.0861184364094817);
#2074=CIRCLE('',#5821,0.0861184364094818);
#2075=CIRCLE('',#5822,0.0861184364094816);
#2076=CIRCLE('',#5826,0.086118436409482);
#2077=CIRCLE('',#5830,0.0861184364094818);
#2078=CIRCLE('',#5834,0.0861184364094817);
#2079=CIRCLE('',#5838,0.0861184364094818);
#2080=CIRCLE('',#5842,0.0861184364094816);
#2081=CIRCLE('',#5846,0.0861184364094817);
#2082=CIRCLE('',#5851,0.75);
#2083=CIRCLE('',#5852,0.75);
#2084=CIRCLE('',#5857,0.75);
#2085=CIRCLE('',#5858,0.75);
#2086=CIRCLE('',#5863,0.75);
#2087=CIRCLE('',#5864,0.75);
#2088=CIRCLE('',#5869,0.75);
#2089=CIRCLE('',#5870,0.75);
#2090=CIRCLE('',#5875,0.75);
#2091=CIRCLE('',#5876,0.75);
#2092=CIRCLE('',#5881,0.75);
#2093=CIRCLE('',#5882,0.75);
#2094=CIRCLE('',#5887,0.75);
#2095=CIRCLE('',#5888,0.75);
#2096=CIRCLE('',#5893,0.75);
#2097=CIRCLE('',#5894,0.75);
#2098=CIRCLE('',#5899,0.75);
#2099=CIRCLE('',#5900,0.75);
#2100=CIRCLE('',#5904,0.65);
#2101=CIRCLE('',#5905,0.65);
#2102=CIRCLE('',#5906,0.65);
#2103=CIRCLE('',#5907,0.65);
#2104=CIRCLE('',#5908,0.65);
#2105=CIRCLE('',#5909,0.65);
#2106=CIRCLE('',#5910,0.65);
#2107=CIRCLE('',#5911,0.65);
#2108=CIRCLE('',#5912,0.65);
#2109=CIRCLE('',#5913,0.65);
#2110=CIRCLE('',#5914,0.65);
#2111=CIRCLE('',#5915,0.65);
#2112=CIRCLE('',#5916,0.65);
#2113=CIRCLE('',#5917,0.65);
#2114=CIRCLE('',#5918,0.65);
#2115=CIRCLE('',#5919,0.65);
#2116=CIRCLE('',#5920,0.65);
#2117=CIRCLE('',#5921,0.65);
#2118=CIRCLE('',#5922,0.16);
#2119=CIRCLE('',#5925,0.65);
#2120=CIRCLE('',#5930,0.65);
#2121=CIRCLE('',#5935,0.65);
#2122=CIRCLE('',#5940,0.65);
#2123=CIRCLE('',#5945,0.65);
#2124=CIRCLE('',#5950,0.65);
#2125=CIRCLE('',#5955,0.65);
#2126=CIRCLE('',#5960,0.65);
#2127=CIRCLE('',#5965,0.65);
#2128=CIRCLE('',#5969,0.16);
#2129=CIRCLE('',#5974,0.65);
#2130=CIRCLE('',#5979,0.65);
#2131=CIRCLE('',#5984,0.65);
#2132=CIRCLE('',#5989,0.65);
#2133=CIRCLE('',#5994,0.65);
#2134=CIRCLE('',#5999,0.65);
#2135=CIRCLE('',#6004,0.65);
#2136=CIRCLE('',#6009,0.65);
#2137=CIRCLE('',#6014,0.65);
#2138=CIRCLE('',#6017,0.65);
#2139=CIRCLE('',#6018,0.65);
#2140=CIRCLE('',#6019,0.65);
#2141=CIRCLE('',#6020,0.65);
#2142=CIRCLE('',#6021,0.65);
#2143=CIRCLE('',#6022,0.65);
#2144=CIRCLE('',#6023,0.65);
#2145=CIRCLE('',#6024,0.65);
#2146=CIRCLE('',#6025,0.65);
#2147=CIRCLE('',#6026,0.65);
#2148=CIRCLE('',#6027,0.65);
#2149=CIRCLE('',#6028,0.65);
#2150=CIRCLE('',#6029,0.65);
#2151=CIRCLE('',#6030,0.65);
#2152=CIRCLE('',#6031,0.65);
#2153=CIRCLE('',#6032,0.65);
#2154=CIRCLE('',#6033,0.65);
#2155=CIRCLE('',#6034,0.65);
#2156=CIRCLE('',#6035,0.16);
#2157=CIRCLE('',#6038,0.65);
#2158=CIRCLE('',#6043,0.65);
#2159=CIRCLE('',#6048,0.65);
#2160=CIRCLE('',#6053,0.65);
#2161=CIRCLE('',#6058,0.65);
#2162=CIRCLE('',#6063,0.65);
#2163=CIRCLE('',#6068,0.65);
#2164=CIRCLE('',#6073,0.65);
#2165=CIRCLE('',#6078,0.65);
#2166=CIRCLE('',#6082,0.16);
#2167=CIRCLE('',#6087,0.65);
#2168=CIRCLE('',#6092,0.65);
#2169=CIRCLE('',#6097,0.65);
#2170=CIRCLE('',#6102,0.65);
#2171=CIRCLE('',#6107,0.65);
#2172=CIRCLE('',#6112,0.65);
#2173=CIRCLE('',#6117,0.65);
#2174=CIRCLE('',#6122,0.65);
#2175=CIRCLE('',#6127,0.65);
#2176=VERTEX_POINT('',#7667);
#2177=VERTEX_POINT('',#7668);
#2178=VERTEX_POINT('',#7670);
#2179=VERTEX_POINT('',#7672);
#2180=VERTEX_POINT('',#7674);
#2181=VERTEX_POINT('',#7676);
#2182=VERTEX_POINT('',#7678);
#2183=VERTEX_POINT('',#7680);
#2184=VERTEX_POINT('',#7682);
#2185=VERTEX_POINT('',#7684);
#2186=VERTEX_POINT('',#7686);
#2187=VERTEX_POINT('',#7688);
#2188=VERTEX_POINT('',#7690);
#2189=VERTEX_POINT('',#7692);
#2190=VERTEX_POINT('',#7694);
#2191=VERTEX_POINT('',#7696);
#2192=VERTEX_POINT('',#7698);
#2193=VERTEX_POINT('',#7700);
#2194=VERTEX_POINT('',#7702);
#2195=VERTEX_POINT('',#7704);
#2196=VERTEX_POINT('',#7706);
#2197=VERTEX_POINT('',#7708);
#2198=VERTEX_POINT('',#7710);
#2199=VERTEX_POINT('',#7712);
#2200=VERTEX_POINT('',#7714);
#2201=VERTEX_POINT('',#7716);
#2202=VERTEX_POINT('',#7718);
#2203=VERTEX_POINT('',#7720);
#2204=VERTEX_POINT('',#7722);
#2205=VERTEX_POINT('',#7724);
#2206=VERTEX_POINT('',#7726);
#2207=VERTEX_POINT('',#7728);
#2208=VERTEX_POINT('',#7730);
#2209=VERTEX_POINT('',#7732);
#2210=VERTEX_POINT('',#7734);
#2211=VERTEX_POINT('',#7736);
#2212=VERTEX_POINT('',#7738);
#2213=VERTEX_POINT('',#7740);
#2214=VERTEX_POINT('',#7742);
#2215=VERTEX_POINT('',#7744);
#2216=VERTEX_POINT('',#7746);
#2217=VERTEX_POINT('',#7748);
#2218=VERTEX_POINT('',#7750);
#2219=VERTEX_POINT('',#7752);
#2220=VERTEX_POINT('',#7754);
#2221=VERTEX_POINT('',#7756);
#2222=VERTEX_POINT('',#7758);
#2223=VERTEX_POINT('',#7760);
#2224=VERTEX_POINT('',#7762);
#2225=VERTEX_POINT('',#7764);
#2226=VERTEX_POINT('',#7766);
#2227=VERTEX_POINT('',#7768);
#2228=VERTEX_POINT('',#7770);
#2229=VERTEX_POINT('',#7772);
#2230=VERTEX_POINT('',#7774);
#2231=VERTEX_POINT('',#7776);
#2232=VERTEX_POINT('',#7778);
#2233=VERTEX_POINT('',#7780);
#2234=VERTEX_POINT('',#7782);
#2235=VERTEX_POINT('',#7784);
#2236=VERTEX_POINT('',#7786);
#2237=VERTEX_POINT('',#7788);
#2238=VERTEX_POINT('',#7790);
#2239=VERTEX_POINT('',#7792);
#2240=VERTEX_POINT('',#7794);
#2241=VERTEX_POINT('',#7796);
#2242=VERTEX_POINT('',#7798);
#2243=VERTEX_POINT('',#7800);
#2244=VERTEX_POINT('',#7802);
#2245=VERTEX_POINT('',#7804);
#2246=VERTEX_POINT('',#7806);
#2247=VERTEX_POINT('',#7808);
#2248=VERTEX_POINT('',#7811);
#2249=VERTEX_POINT('',#7814);
#2250=VERTEX_POINT('',#7816);
#2251=VERTEX_POINT('',#7820);
#2252=VERTEX_POINT('',#7824);
#2253=VERTEX_POINT('',#7828);
#2254=VERTEX_POINT('',#7832);
#2255=VERTEX_POINT('',#7836);
#2256=VERTEX_POINT('',#7840);
#2257=VERTEX_POINT('',#7844);
#2258=VERTEX_POINT('',#7848);
#2259=VERTEX_POINT('',#7852);
#2260=VERTEX_POINT('',#7856);
#2261=VERTEX_POINT('',#7860);
#2262=VERTEX_POINT('',#7864);
#2263=VERTEX_POINT('',#7868);
#2264=VERTEX_POINT('',#7872);
#2265=VERTEX_POINT('',#7876);
#2266=VERTEX_POINT('',#7880);
#2267=VERTEX_POINT('',#7884);
#2268=VERTEX_POINT('',#7888);
#2269=VERTEX_POINT('',#7892);
#2270=VERTEX_POINT('',#7896);
#2271=VERTEX_POINT('',#7900);
#2272=VERTEX_POINT('',#7904);
#2273=VERTEX_POINT('',#7908);
#2274=VERTEX_POINT('',#7912);
#2275=VERTEX_POINT('',#7916);
#2276=VERTEX_POINT('',#7920);
#2277=VERTEX_POINT('',#7924);
#2278=VERTEX_POINT('',#7928);
#2279=VERTEX_POINT('',#7932);
#2280=VERTEX_POINT('',#7936);
#2281=VERTEX_POINT('',#7940);
#2282=VERTEX_POINT('',#7944);
#2283=VERTEX_POINT('',#7948);
#2284=VERTEX_POINT('',#7952);
#2285=VERTEX_POINT('',#7956);
#2286=VERTEX_POINT('',#7960);
#2287=VERTEX_POINT('',#7964);
#2288=VERTEX_POINT('',#7966);
#2289=VERTEX_POINT('',#7970);
#2290=VERTEX_POINT('',#7974);
#2291=VERTEX_POINT('',#7978);
#2292=VERTEX_POINT('',#7982);
#2293=VERTEX_POINT('',#7986);
#2294=VERTEX_POINT('',#7990);
#2295=VERTEX_POINT('',#7994);
#2296=VERTEX_POINT('',#7998);
#2297=VERTEX_POINT('',#8002);
#2298=VERTEX_POINT('',#8006);
#2299=VERTEX_POINT('',#8010);
#2300=VERTEX_POINT('',#8014);
#2301=VERTEX_POINT('',#8018);
#2302=VERTEX_POINT('',#8022);
#2303=VERTEX_POINT('',#8026);
#2304=VERTEX_POINT('',#8030);
#2305=VERTEX_POINT('',#8034);
#2306=VERTEX_POINT('',#8038);
#2307=VERTEX_POINT('',#8042);
#2308=VERTEX_POINT('',#8046);
#2309=VERTEX_POINT('',#8050);
#2310=VERTEX_POINT('',#8054);
#2311=VERTEX_POINT('',#8058);
#2312=VERTEX_POINT('',#8062);
#2313=VERTEX_POINT('',#8066);
#2314=VERTEX_POINT('',#8070);
#2315=VERTEX_POINT('',#8074);
#2316=VERTEX_POINT('',#8078);
#2317=VERTEX_POINT('',#8082);
#2318=VERTEX_POINT('',#8086);
#2319=VERTEX_POINT('',#8090);
#2320=VERTEX_POINT('',#8094);
#2321=VERTEX_POINT('',#8100);
#2322=VERTEX_POINT('',#8107);
#2323=VERTEX_POINT('',#8109);
#2324=VERTEX_POINT('',#8113);
#2325=VERTEX_POINT('',#8114);
#2326=VERTEX_POINT('',#8116);
#2327=VERTEX_POINT('',#8118);
#2328=VERTEX_POINT('',#8120);
#2329=VERTEX_POINT('',#8122);
#2330=VERTEX_POINT('',#8124);
#2331=VERTEX_POINT('',#8126);
#2332=VERTEX_POINT('',#8128);
#2333=VERTEX_POINT('',#8130);
#2334=VERTEX_POINT('',#8132);
#2335=VERTEX_POINT('',#8134);
#2336=VERTEX_POINT('',#8136);
#2337=VERTEX_POINT('',#8138);
#2338=VERTEX_POINT('',#8140);
#2339=VERTEX_POINT('',#8142);
#2340=VERTEX_POINT('',#8144);
#2341=VERTEX_POINT('',#8146);
#2342=VERTEX_POINT('',#8150);
#2343=VERTEX_POINT('',#8151);
#2344=VERTEX_POINT('',#8156);
#2345=VERTEX_POINT('',#8160);
#2346=VERTEX_POINT('',#8164);
#2347=VERTEX_POINT('',#8168);
#2348=VERTEX_POINT('',#8172);
#2349=VERTEX_POINT('',#8176);
#2350=VERTEX_POINT('',#8180);
#2351=VERTEX_POINT('',#8184);
#2352=VERTEX_POINT('',#8188);
#2353=VERTEX_POINT('',#8192);
#2354=VERTEX_POINT('',#8196);
#2355=VERTEX_POINT('',#8200);
#2356=VERTEX_POINT('',#8204);
#2357=VERTEX_POINT('',#8208);
#2358=VERTEX_POINT('',#8212);
#2359=VERTEX_POINT('',#8216);
#2360=VERTEX_POINT('',#8222);
#2361=VERTEX_POINT('',#8223);
#2362=VERTEX_POINT('',#8225);
#2363=VERTEX_POINT('',#8227);
#2364=VERTEX_POINT('',#8231);
#2365=VERTEX_POINT('',#8233);
#2366=VERTEX_POINT('',#8237);
#2367=VERTEX_POINT('',#8239);
#2368=VERTEX_POINT('',#8243);
#2369=VERTEX_POINT('',#8245);
#2370=VERTEX_POINT('',#8249);
#2371=VERTEX_POINT('',#8251);
#2372=VERTEX_POINT('',#8255);
#2373=VERTEX_POINT('',#8257);
#2374=VERTEX_POINT('',#8261);
#2375=VERTEX_POINT('',#8263);
#2376=VERTEX_POINT('',#8267);
#2377=VERTEX_POINT('',#8269);
#2378=VERTEX_POINT('',#8273);
#2379=VERTEX_POINT('',#8275);
#2380=VERTEX_POINT('',#8279);
#2381=VERTEX_POINT('',#8281);
#2382=VERTEX_POINT('',#8285);
#2383=VERTEX_POINT('',#8287);
#2384=VERTEX_POINT('',#8291);
#2385=VERTEX_POINT('',#8293);
#2386=VERTEX_POINT('',#8297);
#2387=VERTEX_POINT('',#8299);
#2388=VERTEX_POINT('',#8303);
#2389=VERTEX_POINT('',#8305);
#2390=VERTEX_POINT('',#8309);
#2391=VERTEX_POINT('',#8311);
#2392=VERTEX_POINT('',#8315);
#2393=VERTEX_POINT('',#8317);
#2394=VERTEX_POINT('',#8321);
#2395=VERTEX_POINT('',#8323);
#2396=VERTEX_POINT('',#8327);
#2397=VERTEX_POINT('',#8329);
#2398=VERTEX_POINT('',#8333);
#2399=VERTEX_POINT('',#8335);
#2400=VERTEX_POINT('',#8339);
#2401=VERTEX_POINT('',#8341);
#2402=VERTEX_POINT('',#8345);
#2403=VERTEX_POINT('',#8347);
#2404=VERTEX_POINT('',#8351);
#2405=VERTEX_POINT('',#8353);
#2406=VERTEX_POINT('',#8357);
#2407=VERTEX_POINT('',#8359);
#2408=VERTEX_POINT('',#8363);
#2409=VERTEX_POINT('',#8365);
#2410=VERTEX_POINT('',#8369);
#2411=VERTEX_POINT('',#8371);
#2412=VERTEX_POINT('',#8375);
#2413=VERTEX_POINT('',#8377);
#2414=VERTEX_POINT('',#8381);
#2415=VERTEX_POINT('',#8383);
#2416=VERTEX_POINT('',#8387);
#2417=VERTEX_POINT('',#8389);
#2418=VERTEX_POINT('',#8393);
#2419=VERTEX_POINT('',#8395);
#2420=VERTEX_POINT('',#8399);
#2421=VERTEX_POINT('',#8401);
#2422=VERTEX_POINT('',#8405);
#2423=VERTEX_POINT('',#8407);
#2424=VERTEX_POINT('',#8411);
#2425=VERTEX_POINT('',#8413);
#2426=VERTEX_POINT('',#8417);
#2427=VERTEX_POINT('',#8419);
#2428=VERTEX_POINT('',#8423);
#2429=VERTEX_POINT('',#8425);
#2430=VERTEX_POINT('',#8429);
#2431=VERTEX_POINT('',#8431);
#2432=VERTEX_POINT('',#8440);
#2433=VERTEX_POINT('',#8441);
#2434=VERTEX_POINT('',#8443);
#2435=VERTEX_POINT('',#8445);
#2436=VERTEX_POINT('',#8447);
#2437=VERTEX_POINT('',#8449);
#2438=VERTEX_POINT('',#8451);
#2439=VERTEX_POINT('',#8453);
#2440=VERTEX_POINT('',#8455);
#2441=VERTEX_POINT('',#8457);
#2442=VERTEX_POINT('',#8459);
#2443=VERTEX_POINT('',#8461);
#2444=VERTEX_POINT('',#8463);
#2445=VERTEX_POINT('',#8465);
#2446=VERTEX_POINT('',#8467);
#2447=VERTEX_POINT('',#8469);
#2448=VERTEX_POINT('',#8471);
#2449=VERTEX_POINT('',#8473);
#2450=VERTEX_POINT('',#8475);
#2451=VERTEX_POINT('',#8477);
#2452=VERTEX_POINT('',#8479);
#2453=VERTEX_POINT('',#8481);
#2454=VERTEX_POINT('',#8483);
#2455=VERTEX_POINT('',#8485);
#2456=VERTEX_POINT('',#8487);
#2457=VERTEX_POINT('',#8489);
#2458=VERTEX_POINT('',#8491);
#2459=VERTEX_POINT('',#8493);
#2460=VERTEX_POINT('',#8495);
#2461=VERTEX_POINT('',#8497);
#2462=VERTEX_POINT('',#8499);
#2463=VERTEX_POINT('',#8501);
#2464=VERTEX_POINT('',#8503);
#2465=VERTEX_POINT('',#8505);
#2466=VERTEX_POINT('',#8507);
#2467=VERTEX_POINT('',#8509);
#2468=VERTEX_POINT('',#8511);
#2469=VERTEX_POINT('',#8513);
#2470=VERTEX_POINT('',#8515);
#2471=VERTEX_POINT('',#8517);
#2472=VERTEX_POINT('',#8519);
#2473=VERTEX_POINT('',#8521);
#2474=VERTEX_POINT('',#8523);
#2475=VERTEX_POINT('',#8525);
#2476=VERTEX_POINT('',#8527);
#2477=VERTEX_POINT('',#8529);
#2478=VERTEX_POINT('',#8531);
#2479=VERTEX_POINT('',#8533);
#2480=VERTEX_POINT('',#8535);
#2481=VERTEX_POINT('',#8537);
#2482=VERTEX_POINT('',#8539);
#2483=VERTEX_POINT('',#8541);
#2484=VERTEX_POINT('',#8543);
#2485=VERTEX_POINT('',#8545);
#2486=VERTEX_POINT('',#8547);
#2487=VERTEX_POINT('',#8549);
#2488=VERTEX_POINT('',#8551);
#2489=VERTEX_POINT('',#8553);
#2490=VERTEX_POINT('',#8555);
#2491=VERTEX_POINT('',#8557);
#2492=VERTEX_POINT('',#8559);
#2493=VERTEX_POINT('',#8561);
#2494=VERTEX_POINT('',#8563);
#2495=VERTEX_POINT('',#8565);
#2496=VERTEX_POINT('',#8567);
#2497=VERTEX_POINT('',#8569);
#2498=VERTEX_POINT('',#8571);
#2499=VERTEX_POINT('',#8573);
#2500=VERTEX_POINT('',#8575);
#2501=VERTEX_POINT('',#8577);
#2502=VERTEX_POINT('',#8579);
#2503=VERTEX_POINT('',#8581);
#2504=VERTEX_POINT('',#8584);
#2505=VERTEX_POINT('',#8587);
#2506=VERTEX_POINT('',#8589);
#2507=VERTEX_POINT('',#8593);
#2508=VERTEX_POINT('',#8597);
#2509=VERTEX_POINT('',#8601);
#2510=VERTEX_POINT('',#8605);
#2511=VERTEX_POINT('',#8609);
#2512=VERTEX_POINT('',#8613);
#2513=VERTEX_POINT('',#8617);
#2514=VERTEX_POINT('',#8621);
#2515=VERTEX_POINT('',#8625);
#2516=VERTEX_POINT('',#8629);
#2517=VERTEX_POINT('',#8633);
#2518=VERTEX_POINT('',#8637);
#2519=VERTEX_POINT('',#8641);
#2520=VERTEX_POINT('',#8645);
#2521=VERTEX_POINT('',#8649);
#2522=VERTEX_POINT('',#8653);
#2523=VERTEX_POINT('',#8657);
#2524=VERTEX_POINT('',#8661);
#2525=VERTEX_POINT('',#8665);
#2526=VERTEX_POINT('',#8669);
#2527=VERTEX_POINT('',#8673);
#2528=VERTEX_POINT('',#8677);
#2529=VERTEX_POINT('',#8681);
#2530=VERTEX_POINT('',#8685);
#2531=VERTEX_POINT('',#8689);
#2532=VERTEX_POINT('',#8693);
#2533=VERTEX_POINT('',#8697);
#2534=VERTEX_POINT('',#8701);
#2535=VERTEX_POINT('',#8705);
#2536=VERTEX_POINT('',#8709);
#2537=VERTEX_POINT('',#8713);
#2538=VERTEX_POINT('',#8717);
#2539=VERTEX_POINT('',#8721);
#2540=VERTEX_POINT('',#8725);
#2541=VERTEX_POINT('',#8729);
#2542=VERTEX_POINT('',#8733);
#2543=VERTEX_POINT('',#8737);
#2544=VERTEX_POINT('',#8739);
#2545=VERTEX_POINT('',#8743);
#2546=VERTEX_POINT('',#8747);
#2547=VERTEX_POINT('',#8751);
#2548=VERTEX_POINT('',#8755);
#2549=VERTEX_POINT('',#8759);
#2550=VERTEX_POINT('',#8763);
#2551=VERTEX_POINT('',#8767);
#2552=VERTEX_POINT('',#8771);
#2553=VERTEX_POINT('',#8775);
#2554=VERTEX_POINT('',#8779);
#2555=VERTEX_POINT('',#8783);
#2556=VERTEX_POINT('',#8787);
#2557=VERTEX_POINT('',#8791);
#2558=VERTEX_POINT('',#8795);
#2559=VERTEX_POINT('',#8799);
#2560=VERTEX_POINT('',#8803);
#2561=VERTEX_POINT('',#8807);
#2562=VERTEX_POINT('',#8811);
#2563=VERTEX_POINT('',#8815);
#2564=VERTEX_POINT('',#8819);
#2565=VERTEX_POINT('',#8823);
#2566=VERTEX_POINT('',#8827);
#2567=VERTEX_POINT('',#8831);
#2568=VERTEX_POINT('',#8835);
#2569=VERTEX_POINT('',#8839);
#2570=VERTEX_POINT('',#8843);
#2571=VERTEX_POINT('',#8847);
#2572=VERTEX_POINT('',#8851);
#2573=VERTEX_POINT('',#8855);
#2574=VERTEX_POINT('',#8859);
#2575=VERTEX_POINT('',#8863);
#2576=VERTEX_POINT('',#8867);
#2577=VERTEX_POINT('',#8873);
#2578=VERTEX_POINT('',#8880);
#2579=VERTEX_POINT('',#8881);
#2580=VERTEX_POINT('',#8883);
#2581=VERTEX_POINT('',#8885);
#2582=VERTEX_POINT('',#8887);
#2583=VERTEX_POINT('',#8889);
#2584=VERTEX_POINT('',#8891);
#2585=VERTEX_POINT('',#8893);
#2586=VERTEX_POINT('',#8895);
#2587=VERTEX_POINT('',#8897);
#2588=VERTEX_POINT('',#8899);
#2589=VERTEX_POINT('',#8901);
#2590=VERTEX_POINT('',#8903);
#2591=VERTEX_POINT('',#8905);
#2592=VERTEX_POINT('',#8907);
#2593=VERTEX_POINT('',#8909);
#2594=VERTEX_POINT('',#8911);
#2595=VERTEX_POINT('',#8913);
#2596=VERTEX_POINT('',#8915);
#2597=VERTEX_POINT('',#8917);
#2598=VERTEX_POINT('',#8919);
#2599=VERTEX_POINT('',#8921);
#2600=VERTEX_POINT('',#8923);
#2601=VERTEX_POINT('',#8925);
#2602=VERTEX_POINT('',#8927);
#2603=VERTEX_POINT('',#8929);
#2604=VERTEX_POINT('',#8931);
#2605=VERTEX_POINT('',#8933);
#2606=VERTEX_POINT('',#8935);
#2607=VERTEX_POINT('',#8937);
#2608=VERTEX_POINT('',#8939);
#2609=VERTEX_POINT('',#8941);
#2610=VERTEX_POINT('',#8943);
#2611=VERTEX_POINT('',#8945);
#2612=VERTEX_POINT('',#8947);
#2613=VERTEX_POINT('',#8949);
#2614=VERTEX_POINT('',#8951);
#2615=VERTEX_POINT('',#8953);
#2616=VERTEX_POINT('',#8955);
#2617=VERTEX_POINT('',#8957);
#2618=VERTEX_POINT('',#8959);
#2619=VERTEX_POINT('',#8961);
#2620=VERTEX_POINT('',#8963);
#2621=VERTEX_POINT('',#8965);
#2622=VERTEX_POINT('',#8967);
#2623=VERTEX_POINT('',#8969);
#2624=VERTEX_POINT('',#8971);
#2625=VERTEX_POINT('',#8973);
#2626=VERTEX_POINT('',#8975);
#2627=VERTEX_POINT('',#8977);
#2628=VERTEX_POINT('',#8979);
#2629=VERTEX_POINT('',#8981);
#2630=VERTEX_POINT('',#8983);
#2631=VERTEX_POINT('',#8985);
#2632=VERTEX_POINT('',#8987);
#2633=VERTEX_POINT('',#8989);
#2634=VERTEX_POINT('',#8991);
#2635=VERTEX_POINT('',#8993);
#2636=VERTEX_POINT('',#8995);
#2637=VERTEX_POINT('',#8997);
#2638=VERTEX_POINT('',#8999);
#2639=VERTEX_POINT('',#9001);
#2640=VERTEX_POINT('',#9003);
#2641=VERTEX_POINT('',#9005);
#2642=VERTEX_POINT('',#9007);
#2643=VERTEX_POINT('',#9009);
#2644=VERTEX_POINT('',#9011);
#2645=VERTEX_POINT('',#9013);
#2646=VERTEX_POINT('',#9015);
#2647=VERTEX_POINT('',#9017);
#2648=VERTEX_POINT('',#9019);
#2649=VERTEX_POINT('',#9021);
#2650=VERTEX_POINT('',#9024);
#2651=VERTEX_POINT('',#9027);
#2652=VERTEX_POINT('',#9029);
#2653=VERTEX_POINT('',#9033);
#2654=VERTEX_POINT('',#9037);
#2655=VERTEX_POINT('',#9041);
#2656=VERTEX_POINT('',#9045);
#2657=VERTEX_POINT('',#9049);
#2658=VERTEX_POINT('',#9053);
#2659=VERTEX_POINT('',#9057);
#2660=VERTEX_POINT('',#9061);
#2661=VERTEX_POINT('',#9065);
#2662=VERTEX_POINT('',#9069);
#2663=VERTEX_POINT('',#9073);
#2664=VERTEX_POINT('',#9077);
#2665=VERTEX_POINT('',#9081);
#2666=VERTEX_POINT('',#9085);
#2667=VERTEX_POINT('',#9089);
#2668=VERTEX_POINT('',#9093);
#2669=VERTEX_POINT('',#9097);
#2670=VERTEX_POINT('',#9101);
#2671=VERTEX_POINT('',#9105);
#2672=VERTEX_POINT('',#9109);
#2673=VERTEX_POINT('',#9113);
#2674=VERTEX_POINT('',#9117);
#2675=VERTEX_POINT('',#9121);
#2676=VERTEX_POINT('',#9125);
#2677=VERTEX_POINT('',#9129);
#2678=VERTEX_POINT('',#9133);
#2679=VERTEX_POINT('',#9137);
#2680=VERTEX_POINT('',#9141);
#2681=VERTEX_POINT('',#9145);
#2682=VERTEX_POINT('',#9149);
#2683=VERTEX_POINT('',#9153);
#2684=VERTEX_POINT('',#9157);
#2685=VERTEX_POINT('',#9161);
#2686=VERTEX_POINT('',#9165);
#2687=VERTEX_POINT('',#9169);
#2688=VERTEX_POINT('',#9173);
#2689=VERTEX_POINT('',#9177);
#2690=VERTEX_POINT('',#9179);
#2691=VERTEX_POINT('',#9183);
#2692=VERTEX_POINT('',#9187);
#2693=VERTEX_POINT('',#9191);
#2694=VERTEX_POINT('',#9195);
#2695=VERTEX_POINT('',#9199);
#2696=VERTEX_POINT('',#9203);
#2697=VERTEX_POINT('',#9207);
#2698=VERTEX_POINT('',#9211);
#2699=VERTEX_POINT('',#9215);
#2700=VERTEX_POINT('',#9219);
#2701=VERTEX_POINT('',#9223);
#2702=VERTEX_POINT('',#9227);
#2703=VERTEX_POINT('',#9231);
#2704=VERTEX_POINT('',#9235);
#2705=VERTEX_POINT('',#9239);
#2706=VERTEX_POINT('',#9243);
#2707=VERTEX_POINT('',#9247);
#2708=VERTEX_POINT('',#9251);
#2709=VERTEX_POINT('',#9255);
#2710=VERTEX_POINT('',#9259);
#2711=VERTEX_POINT('',#9263);
#2712=VERTEX_POINT('',#9267);
#2713=VERTEX_POINT('',#9271);
#2714=VERTEX_POINT('',#9275);
#2715=VERTEX_POINT('',#9279);
#2716=VERTEX_POINT('',#9283);
#2717=VERTEX_POINT('',#9287);
#2718=VERTEX_POINT('',#9291);
#2719=VERTEX_POINT('',#9295);
#2720=VERTEX_POINT('',#9299);
#2721=VERTEX_POINT('',#9303);
#2722=VERTEX_POINT('',#9307);
#2723=VERTEX_POINT('',#9313);
#2724=EDGE_CURVE('',#2176,#2177,#2030,.T.);
#2725=EDGE_CURVE('',#2178,#2176,#678,.T.);
#2726=EDGE_CURVE('',#2179,#2178,#679,.T.);
#2727=EDGE_CURVE('',#2180,#2179,#680,.T.);
#2728=EDGE_CURVE('',#2181,#2180,#2031,.T.);
#2729=EDGE_CURVE('',#2182,#2181,#681,.T.);
#2730=EDGE_CURVE('',#2183,#2182,#682,.T.);
#2731=EDGE_CURVE('',#2184,#2183,#683,.T.);
#2732=EDGE_CURVE('',#2185,#2184,#2032,.T.);
#2733=EDGE_CURVE('',#2186,#2185,#684,.T.);
#2734=EDGE_CURVE('',#2187,#2186,#685,.T.);
#2735=EDGE_CURVE('',#2188,#2187,#686,.T.);
#2736=EDGE_CURVE('',#2189,#2188,#2033,.T.);
#2737=EDGE_CURVE('',#2190,#2189,#687,.T.);
#2738=EDGE_CURVE('',#2191,#2190,#688,.T.);
#2739=EDGE_CURVE('',#2192,#2191,#689,.T.);
#2740=EDGE_CURVE('',#2193,#2192,#2034,.T.);
#2741=EDGE_CURVE('',#2194,#2193,#690,.T.);
#2742=EDGE_CURVE('',#2195,#2194,#691,.T.);
#2743=EDGE_CURVE('',#2196,#2195,#692,.T.);
#2744=EDGE_CURVE('',#2197,#2196,#2035,.T.);
#2745=EDGE_CURVE('',#2198,#2197,#693,.T.);
#2746=EDGE_CURVE('',#2199,#2198,#694,.T.);
#2747=EDGE_CURVE('',#2200,#2199,#695,.T.);
#2748=EDGE_CURVE('',#2201,#2200,#2036,.T.);
#2749=EDGE_CURVE('',#2202,#2201,#696,.T.);
#2750=EDGE_CURVE('',#2203,#2202,#697,.T.);
#2751=EDGE_CURVE('',#2204,#2203,#698,.T.);
#2752=EDGE_CURVE('',#2205,#2204,#2037,.T.);
#2753=EDGE_CURVE('',#2206,#2205,#699,.T.);
#2754=EDGE_CURVE('',#2207,#2206,#700,.T.);
#2755=EDGE_CURVE('',#2208,#2207,#701,.T.);
#2756=EDGE_CURVE('',#2209,#2208,#2038,.T.);
#2757=EDGE_CURVE('',#2210,#2209,#702,.T.);
#2758=EDGE_CURVE('',#2211,#2210,#703,.T.);
#2759=EDGE_CURVE('',#2212,#2211,#704,.T.);
#2760=EDGE_CURVE('',#2213,#2212,#2039,.T.);
#2761=EDGE_CURVE('',#2214,#2213,#705,.T.);
#2762=EDGE_CURVE('',#2215,#2214,#706,.T.);
#2763=EDGE_CURVE('',#2216,#2215,#707,.T.);
#2764=EDGE_CURVE('',#2217,#2216,#2040,.T.);
#2765=EDGE_CURVE('',#2218,#2217,#708,.T.);
#2766=EDGE_CURVE('',#2219,#2218,#709,.T.);
#2767=EDGE_CURVE('',#2220,#2219,#710,.T.);
#2768=EDGE_CURVE('',#2221,#2220,#2041,.T.);
#2769=EDGE_CURVE('',#2222,#2221,#711,.T.);
#2770=EDGE_CURVE('',#2223,#2222,#712,.T.);
#2771=EDGE_CURVE('',#2224,#2223,#713,.T.);
#2772=EDGE_CURVE('',#2225,#2224,#2042,.T.);
#2773=EDGE_CURVE('',#2226,#2225,#714,.T.);
#2774=EDGE_CURVE('',#2227,#2226,#715,.T.);
#2775=EDGE_CURVE('',#2228,#2227,#716,.T.);
#2776=EDGE_CURVE('',#2229,#2228,#2043,.T.);
#2777=EDGE_CURVE('',#2230,#2229,#717,.T.);
#2778=EDGE_CURVE('',#2231,#2230,#718,.T.);
#2779=EDGE_CURVE('',#2232,#2231,#719,.T.);
#2780=EDGE_CURVE('',#2233,#2232,#2044,.T.);
#2781=EDGE_CURVE('',#2234,#2233,#720,.T.);
#2782=EDGE_CURVE('',#2235,#2234,#721,.T.);
#2783=EDGE_CURVE('',#2236,#2235,#722,.T.);
#2784=EDGE_CURVE('',#2237,#2236,#2045,.T.);
#2785=EDGE_CURVE('',#2238,#2237,#723,.T.);
#2786=EDGE_CURVE('',#2239,#2238,#724,.T.);
#2787=EDGE_CURVE('',#2240,#2239,#725,.T.);
#2788=EDGE_CURVE('',#2241,#2240,#2046,.T.);
#2789=EDGE_CURVE('',#2242,#2241,#726,.T.);
#2790=EDGE_CURVE('',#2243,#2242,#727,.T.);
#2791=EDGE_CURVE('',#2244,#2243,#728,.T.);
#2792=EDGE_CURVE('',#2245,#2244,#2047,.T.);
#2793=EDGE_CURVE('',#2246,#2245,#729,.T.);
#2794=EDGE_CURVE('',#2247,#2246,#730,.T.);
#2795=EDGE_CURVE('',#2177,#2247,#731,.T.);
#2796=EDGE_CURVE('',#2248,#2248,#2048,.T.);
#2797=EDGE_CURVE('',#2249,#2213,#732,.F.);
#2798=EDGE_CURVE('',#2249,#2250,#733,.T.);
#2799=EDGE_CURVE('',#2250,#2214,#734,.T.);
#2800=EDGE_CURVE('',#2251,#2212,#735,.T.);
#2801=EDGE_CURVE('',#2251,#2249,#2049,.F.);
#2802=EDGE_CURVE('',#2252,#2211,#736,.T.);
#2803=EDGE_CURVE('',#2251,#2252,#737,.T.);
#2804=EDGE_CURVE('',#2253,#2210,#738,.T.);
#2805=EDGE_CURVE('',#2252,#2253,#739,.T.);
#2806=EDGE_CURVE('',#2254,#2209,#740,.F.);
#2807=EDGE_CURVE('',#2254,#2253,#741,.T.);
#2808=EDGE_CURVE('',#2255,#2208,#742,.T.);
#2809=EDGE_CURVE('',#2255,#2254,#2050,.F.);
#2810=EDGE_CURVE('',#2256,#2207,#743,.T.);
#2811=EDGE_CURVE('',#2255,#2256,#744,.T.);
#2812=EDGE_CURVE('',#2257,#2206,#745,.T.);
#2813=EDGE_CURVE('',#2256,#2257,#746,.T.);
#2814=EDGE_CURVE('',#2258,#2205,#747,.F.);
#2815=EDGE_CURVE('',#2258,#2257,#748,.T.);
#2816=EDGE_CURVE('',#2259,#2204,#749,.T.);
#2817=EDGE_CURVE('',#2259,#2258,#2051,.F.);
#2818=EDGE_CURVE('',#2260,#2203,#750,.T.);
#2819=EDGE_CURVE('',#2259,#2260,#751,.T.);
#2820=EDGE_CURVE('',#2261,#2202,#752,.T.);
#2821=EDGE_CURVE('',#2260,#2261,#753,.T.);
#2822=EDGE_CURVE('',#2262,#2201,#754,.F.);
#2823=EDGE_CURVE('',#2262,#2261,#755,.T.);
#2824=EDGE_CURVE('',#2263,#2200,#756,.T.);
#2825=EDGE_CURVE('',#2263,#2262,#2052,.F.);
#2826=EDGE_CURVE('',#2264,#2199,#757,.T.);
#2827=EDGE_CURVE('',#2263,#2264,#758,.T.);
#2828=EDGE_CURVE('',#2265,#2198,#759,.T.);
#2829=EDGE_CURVE('',#2264,#2265,#760,.T.);
#2830=EDGE_CURVE('',#2266,#2197,#761,.F.);
#2831=EDGE_CURVE('',#2266,#2265,#762,.T.);
#2832=EDGE_CURVE('',#2267,#2196,#763,.T.);
#2833=EDGE_CURVE('',#2267,#2266,#2053,.F.);
#2834=EDGE_CURVE('',#2268,#2195,#764,.T.);
#2835=EDGE_CURVE('',#2267,#2268,#765,.T.);
#2836=EDGE_CURVE('',#2269,#2194,#766,.T.);
#2837=EDGE_CURVE('',#2268,#2269,#767,.T.);
#2838=EDGE_CURVE('',#2270,#2193,#768,.F.);
#2839=EDGE_CURVE('',#2270,#2269,#769,.T.);
#2840=EDGE_CURVE('',#2271,#2192,#770,.T.);
#2841=EDGE_CURVE('',#2271,#2270,#2054,.F.);
#2842=EDGE_CURVE('',#2272,#2191,#771,.T.);
#2843=EDGE_CURVE('',#2271,#2272,#772,.T.);
#2844=EDGE_CURVE('',#2273,#2190,#773,.T.);
#2845=EDGE_CURVE('',#2272,#2273,#774,.T.);
#2846=EDGE_CURVE('',#2274,#2189,#775,.F.);
#2847=EDGE_CURVE('',#2274,#2273,#776,.T.);
#2848=EDGE_CURVE('',#2275,#2188,#777,.T.);
#2849=EDGE_CURVE('',#2275,#2274,#2055,.F.);
#2850=EDGE_CURVE('',#2276,#2187,#778,.T.);
#2851=EDGE_CURVE('',#2275,#2276,#779,.T.);
#2852=EDGE_CURVE('',#2277,#2186,#780,.T.);
#2853=EDGE_CURVE('',#2276,#2277,#781,.T.);
#2854=EDGE_CURVE('',#2278,#2185,#782,.F.);
#2855=EDGE_CURVE('',#2278,#2277,#783,.T.);
#2856=EDGE_CURVE('',#2279,#2184,#784,.T.);
#2857=EDGE_CURVE('',#2279,#2278,#2056,.F.);
#2858=EDGE_CURVE('',#2280,#2183,#785,.T.);
#2859=EDGE_CURVE('',#2279,#2280,#786,.T.);
#2860=EDGE_CURVE('',#2281,#2182,#787,.T.);
#2861=EDGE_CURVE('',#2280,#2281,#788,.T.);
#2862=EDGE_CURVE('',#2282,#2181,#789,.F.);
#2863=EDGE_CURVE('',#2282,#2281,#790,.T.);
#2864=EDGE_CURVE('',#2283,#2180,#791,.T.);
#2865=EDGE_CURVE('',#2283,#2282,#2057,.F.);
#2866=EDGE_CURVE('',#2284,#2179,#792,.T.);
#2867=EDGE_CURVE('',#2283,#2284,#793,.T.);
#2868=EDGE_CURVE('',#2285,#2178,#794,.T.);
#2869=EDGE_CURVE('',#2284,#2285,#795,.T.);
#2870=EDGE_CURVE('',#2248,#2286,#796,.T.);
#2871=EDGE_CURVE('',#2286,#2286,#2058,.T.);
#2872=EDGE_CURVE('',#2287,#2247,#797,.T.);
#2873=EDGE_CURVE('',#2288,#2287,#798,.T.);
#2874=EDGE_CURVE('',#2288,#2177,#799,.T.);
#2875=EDGE_CURVE('',#2289,#2246,#800,.T.);
#2876=EDGE_CURVE('',#2287,#2289,#801,.T.);
#2877=EDGE_CURVE('',#2290,#2245,#802,.F.);
#2878=EDGE_CURVE('',#2290,#2289,#803,.T.);
#2879=EDGE_CURVE('',#2291,#2244,#804,.T.);
#2880=EDGE_CURVE('',#2291,#2290,#2059,.F.);
#2881=EDGE_CURVE('',#2292,#2243,#805,.T.);
#2882=EDGE_CURVE('',#2291,#2292,#806,.T.);
#2883=EDGE_CURVE('',#2293,#2242,#807,.T.);
#2884=EDGE_CURVE('',#2292,#2293,#808,.T.);
#2885=EDGE_CURVE('',#2294,#2241,#809,.F.);
#2886=EDGE_CURVE('',#2294,#2293,#810,.T.);
#2887=EDGE_CURVE('',#2295,#2240,#811,.T.);
#2888=EDGE_CURVE('',#2295,#2294,#2060,.F.);
#2889=EDGE_CURVE('',#2296,#2239,#812,.T.);
#2890=EDGE_CURVE('',#2295,#2296,#813,.T.);
#2891=EDGE_CURVE('',#2297,#2238,#814,.T.);
#2892=EDGE_CURVE('',#2296,#2297,#815,.T.);
#2893=EDGE_CURVE('',#2298,#2237,#816,.F.);
#2894=EDGE_CURVE('',#2298,#2297,#817,.T.);
#2895=EDGE_CURVE('',#2299,#2236,#818,.T.);
#2896=EDGE_CURVE('',#2299,#2298,#2061,.F.);
#2897=EDGE_CURVE('',#2300,#2235,#819,.T.);
#2898=EDGE_CURVE('',#2299,#2300,#820,.T.);
#2899=EDGE_CURVE('',#2301,#2234,#821,.T.);
#2900=EDGE_CURVE('',#2300,#2301,#822,.T.);
#2901=EDGE_CURVE('',#2302,#2233,#823,.F.);
#2902=EDGE_CURVE('',#2302,#2301,#824,.T.);
#2903=EDGE_CURVE('',#2303,#2232,#825,.T.);
#2904=EDGE_CURVE('',#2303,#2302,#2062,.F.);
#2905=EDGE_CURVE('',#2304,#2231,#826,.T.);
#2906=EDGE_CURVE('',#2303,#2304,#827,.T.);
#2907=EDGE_CURVE('',#2305,#2230,#828,.T.);
#2908=EDGE_CURVE('',#2304,#2305,#829,.T.);
#2909=EDGE_CURVE('',#2306,#2229,#830,.F.);
#2910=EDGE_CURVE('',#2306,#2305,#831,.T.);
#2911=EDGE_CURVE('',#2307,#2228,#832,.T.);
#2912=EDGE_CURVE('',#2307,#2306,#2063,.F.);
#2913=EDGE_CURVE('',#2308,#2227,#833,.T.);
#2914=EDGE_CURVE('',#2307,#2308,#834,.T.);
#2915=EDGE_CURVE('',#2309,#2226,#835,.T.);
#2916=EDGE_CURVE('',#2308,#2309,#836,.T.);
#2917=EDGE_CURVE('',#2310,#2225,#837,.F.);
#2918=EDGE_CURVE('',#2310,#2309,#838,.T.);
#2919=EDGE_CURVE('',#2311,#2224,#839,.T.);
#2920=EDGE_CURVE('',#2311,#2310,#2064,.F.);
#2921=EDGE_CURVE('',#2312,#2223,#840,.T.);
#2922=EDGE_CURVE('',#2311,#2312,#841,.T.);
#2923=EDGE_CURVE('',#2313,#2222,#842,.T.);
#2924=EDGE_CURVE('',#2312,#2313,#843,.T.);
#2925=EDGE_CURVE('',#2314,#2221,#844,.F.);
#2926=EDGE_CURVE('',#2314,#2313,#845,.T.);
#2927=EDGE_CURVE('',#2315,#2220,#846,.T.);
#2928=EDGE_CURVE('',#2315,#2314,#2065,.F.);
#2929=EDGE_CURVE('',#2316,#2219,#847,.T.);
#2930=EDGE_CURVE('',#2315,#2316,#848,.T.);
#2931=EDGE_CURVE('',#2317,#2218,#849,.T.);
#2932=EDGE_CURVE('',#2316,#2317,#850,.T.);
#2933=EDGE_CURVE('',#2318,#2217,#851,.F.);
#2934=EDGE_CURVE('',#2318,#2317,#852,.T.);
#2935=EDGE_CURVE('',#2319,#2216,#853,.T.);
#2936=EDGE_CURVE('',#2319,#2318,#2066,.F.);
#2937=EDGE_CURVE('',#2320,#2215,#854,.T.);
#2938=EDGE_CURVE('',#2319,#2320,#855,.T.);
#2939=EDGE_CURVE('',#2320,#2250,#856,.T.);
#2940=EDGE_CURVE('',#2321,#2176,#857,.F.);
#2941=EDGE_CURVE('',#2321,#2285,#858,.T.);
#2942=EDGE_CURVE('',#2288,#2321,#2067,.F.);
#2943=EDGE_CURVE('',#2322,#2322,#2068,.T.);
#2944=EDGE_CURVE('',#2322,#2323,#859,.T.);
#2945=EDGE_CURVE('',#2323,#2323,#2069,.T.);
#2946=EDGE_CURVE('',#2324,#2325,#2070,.T.);
#2947=EDGE_CURVE('',#2326,#2324,#860,.T.);
#2948=EDGE_CURVE('',#2327,#2326,#861,.T.);
#2949=EDGE_CURVE('',#2328,#2327,#2071,.T.);
#2950=EDGE_CURVE('',#2329,#2328,#862,.T.);
#2951=EDGE_CURVE('',#2330,#2329,#863,.T.);
#2952=EDGE_CURVE('',#2331,#2330,#2072,.T.);
#2953=EDGE_CURVE('',#2332,#2331,#864,.T.);
#2954=EDGE_CURVE('',#2333,#2332,#865,.T.);
#2955=EDGE_CURVE('',#2334,#2333,#2073,.T.);
#2956=EDGE_CURVE('',#2335,#2334,#866,.T.);
#2957=EDGE_CURVE('',#2336,#2335,#867,.T.);
#2958=EDGE_CURVE('',#2337,#2336,#2074,.T.);
#2959=EDGE_CURVE('',#2338,#2337,#868,.T.);
#2960=EDGE_CURVE('',#2339,#2338,#869,.T.);
#2961=EDGE_CURVE('',#2340,#2339,#2075,.T.);
#2962=EDGE_CURVE('',#2341,#2340,#870,.T.);
#2963=EDGE_CURVE('',#2325,#2341,#871,.T.);
#2964=EDGE_CURVE('',#2342,#2343,#872,.T.);
#2965=EDGE_CURVE('',#2342,#2326,#873,.T.);
#2966=EDGE_CURVE('',#2343,#2324,#874,.T.);
#2967=EDGE_CURVE('',#2344,#2342,#875,.T.);
#2968=EDGE_CURVE('',#2344,#2327,#876,.T.);
#2969=EDGE_CURVE('',#2345,#2344,#2076,.T.);
#2970=EDGE_CURVE('',#2345,#2328,#877,.T.);
#2971=EDGE_CURVE('',#2346,#2345,#878,.T.);
#2972=EDGE_CURVE('',#2346,#2329,#879,.T.);
#2973=EDGE_CURVE('',#2347,#2346,#880,.T.);
#2974=EDGE_CURVE('',#2347,#2330,#881,.T.);
#2975=EDGE_CURVE('',#2348,#2347,#2077,.T.);
#2976=EDGE_CURVE('',#2348,#2331,#882,.T.);
#2977=EDGE_CURVE('',#2349,#2348,#883,.T.);
#2978=EDGE_CURVE('',#2349,#2332,#884,.T.);
#2979=EDGE_CURVE('',#2350,#2349,#885,.T.);
#2980=EDGE_CURVE('',#2350,#2333,#886,.T.);
#2981=EDGE_CURVE('',#2351,#2350,#2078,.T.);
#2982=EDGE_CURVE('',#2351,#2334,#887,.T.);
#2983=EDGE_CURVE('',#2352,#2351,#888,.T.);
#2984=EDGE_CURVE('',#2352,#2335,#889,.T.);
#2985=EDGE_CURVE('',#2353,#2352,#890,.T.);
#2986=EDGE_CURVE('',#2353,#2336,#891,.T.);
#2987=EDGE_CURVE('',#2354,#2353,#2079,.T.);
#2988=EDGE_CURVE('',#2354,#2337,#892,.T.);
#2989=EDGE_CURVE('',#2355,#2354,#893,.T.);
#2990=EDGE_CURVE('',#2355,#2338,#894,.T.);
#2991=EDGE_CURVE('',#2356,#2355,#895,.T.);
#2992=EDGE_CURVE('',#2356,#2339,#896,.T.);
#2993=EDGE_CURVE('',#2357,#2356,#2080,.T.);
#2994=EDGE_CURVE('',#2357,#2340,#897,.T.);
#2995=EDGE_CURVE('',#2358,#2357,#898,.T.);
#2996=EDGE_CURVE('',#2358,#2341,#899,.T.);
#2997=EDGE_CURVE('',#2359,#2358,#900,.T.);
#2998=EDGE_CURVE('',#2359,#2325,#901,.T.);
#2999=EDGE_CURVE('',#2343,#2359,#2081,.T.);
#3000=EDGE_CURVE('',#2360,#2361,#902,.T.);
#3001=EDGE_CURVE('',#2360,#2362,#903,.T.);
#3002=EDGE_CURVE('',#2363,#2362,#904,.T.);
#3003=EDGE_CURVE('',#2361,#2363,#905,.T.);
#3004=EDGE_CURVE('',#2361,#2364,#906,.T.);
#3005=EDGE_CURVE('',#2365,#2363,#907,.T.);
#3006=EDGE_CURVE('',#2364,#2365,#908,.T.);
#3007=EDGE_CURVE('',#2366,#2364,#909,.T.);
#3008=EDGE_CURVE('',#2367,#2365,#910,.T.);
#3009=EDGE_CURVE('',#2366,#2367,#911,.T.);
#3010=EDGE_CURVE('',#2368,#2366,#2082,.T.);
#3011=EDGE_CURVE('',#2369,#2367,#2083,.T.);
#3012=EDGE_CURVE('',#2368,#2369,#912,.T.);
#3013=EDGE_CURVE('',#2368,#2370,#913,.T.);
#3014=EDGE_CURVE('',#2371,#2369,#914,.T.);
#3015=EDGE_CURVE('',#2370,#2371,#915,.T.);
#3016=EDGE_CURVE('',#2370,#2372,#916,.T.);
#3017=EDGE_CURVE('',#2373,#2371,#917,.T.);
#3018=EDGE_CURVE('',#2372,#2373,#918,.T.);
#3019=EDGE_CURVE('',#2374,#2372,#919,.T.);
#3020=EDGE_CURVE('',#2375,#2373,#920,.T.);
#3021=EDGE_CURVE('',#2374,#2375,#921,.T.);
#3022=EDGE_CURVE('',#2376,#2374,#2084,.T.);
#3023=EDGE_CURVE('',#2377,#2375,#2085,.T.);
#3024=EDGE_CURVE('',#2376,#2377,#922,.T.);
#3025=EDGE_CURVE('',#2376,#2378,#923,.T.);
#3026=EDGE_CURVE('',#2379,#2377,#924,.T.);
#3027=EDGE_CURVE('',#2378,#2379,#925,.T.);
#3028=EDGE_CURVE('',#2378,#2380,#926,.T.);
#3029=EDGE_CURVE('',#2381,#2379,#927,.T.);
#3030=EDGE_CURVE('',#2380,#2381,#928,.T.);
#3031=EDGE_CURVE('',#2382,#2380,#929,.T.);
#3032=EDGE_CURVE('',#2383,#2381,#930,.T.);
#3033=EDGE_CURVE('',#2382,#2383,#931,.T.);
#3034=EDGE_CURVE('',#2384,#2382,#2086,.T.);
#3035=EDGE_CURVE('',#2385,#2383,#2087,.T.);
#3036=EDGE_CURVE('',#2384,#2385,#932,.T.);
#3037=EDGE_CURVE('',#2384,#2386,#933,.T.);
#3038=EDGE_CURVE('',#2387,#2385,#934,.T.);
#3039=EDGE_CURVE('',#2386,#2387,#935,.T.);
#3040=EDGE_CURVE('',#2386,#2388,#936,.T.);
#3041=EDGE_CURVE('',#2389,#2387,#937,.T.);
#3042=EDGE_CURVE('',#2388,#2389,#938,.T.);
#3043=EDGE_CURVE('',#2390,#2388,#939,.T.);
#3044=EDGE_CURVE('',#2391,#2389,#940,.T.);
#3045=EDGE_CURVE('',#2390,#2391,#941,.T.);
#3046=EDGE_CURVE('',#2392,#2390,#2088,.T.);
#3047=EDGE_CURVE('',#2393,#2391,#2089,.T.);
#3048=EDGE_CURVE('',#2392,#2393,#942,.T.);
#3049=EDGE_CURVE('',#2392,#2394,#943,.T.);
#3050=EDGE_CURVE('',#2395,#2393,#944,.T.);
#3051=EDGE_CURVE('',#2394,#2395,#945,.T.);
#3052=EDGE_CURVE('',#2394,#2396,#946,.T.);
#3053=EDGE_CURVE('',#2397,#2395,#947,.T.);
#3054=EDGE_CURVE('',#2396,#2397,#948,.T.);
#3055=EDGE_CURVE('',#2398,#2396,#949,.T.);
#3056=EDGE_CURVE('',#2399,#2397,#950,.T.);
#3057=EDGE_CURVE('',#2398,#2399,#951,.T.);
#3058=EDGE_CURVE('',#2400,#2398,#2090,.T.);
#3059=EDGE_CURVE('',#2401,#2399,#2091,.T.);
#3060=EDGE_CURVE('',#2400,#2401,#952,.T.);
#3061=EDGE_CURVE('',#2400,#2402,#953,.T.);
#3062=EDGE_CURVE('',#2403,#2401,#954,.T.);
#3063=EDGE_CURVE('',#2402,#2403,#955,.T.);
#3064=EDGE_CURVE('',#2402,#2404,#956,.T.);
#3065=EDGE_CURVE('',#2405,#2403,#957,.T.);
#3066=EDGE_CURVE('',#2404,#2405,#958,.T.);
#3067=EDGE_CURVE('',#2406,#2404,#959,.T.);
#3068=EDGE_CURVE('',#2407,#2405,#960,.T.);
#3069=EDGE_CURVE('',#2406,#2407,#961,.T.);
#3070=EDGE_CURVE('',#2408,#2406,#2092,.T.);
#3071=EDGE_CURVE('',#2409,#2407,#2093,.T.);
#3072=EDGE_CURVE('',#2408,#2409,#962,.T.);
#3073=EDGE_CURVE('',#2408,#2410,#963,.T.);
#3074=EDGE_CURVE('',#2411,#2409,#964,.T.);
#3075=EDGE_CURVE('',#2410,#2411,#965,.T.);
#3076=EDGE_CURVE('',#2410,#2412,#966,.T.);
#3077=EDGE_CURVE('',#2413,#2411,#967,.T.);
#3078=EDGE_CURVE('',#2412,#2413,#968,.T.);
#3079=EDGE_CURVE('',#2414,#2412,#969,.T.);
#3080=EDGE_CURVE('',#2415,#2413,#970,.T.);
#3081=EDGE_CURVE('',#2414,#2415,#971,.T.);
#3082=EDGE_CURVE('',#2416,#2414,#2094,.T.);
#3083=EDGE_CURVE('',#2417,#2415,#2095,.T.);
#3084=EDGE_CURVE('',#2416,#2417,#972,.T.);
#3085=EDGE_CURVE('',#2416,#2418,#973,.T.);
#3086=EDGE_CURVE('',#2419,#2417,#974,.T.);
#3087=EDGE_CURVE('',#2418,#2419,#975,.T.);
#3088=EDGE_CURVE('',#2418,#2420,#976,.T.);
#3089=EDGE_CURVE('',#2421,#2419,#977,.T.);
#3090=EDGE_CURVE('',#2420,#2421,#978,.T.);
#3091=EDGE_CURVE('',#2422,#2420,#979,.T.);
#3092=EDGE_CURVE('',#2423,#2421,#980,.T.);
#3093=EDGE_CURVE('',#2422,#2423,#981,.T.);
#3094=EDGE_CURVE('',#2424,#2422,#2096,.T.);
#3095=EDGE_CURVE('',#2425,#2423,#2097,.T.);
#3096=EDGE_CURVE('',#2424,#2425,#982,.T.);
#3097=EDGE_CURVE('',#2424,#2426,#983,.T.);
#3098=EDGE_CURVE('',#2427,#2425,#984,.T.);
#3099=EDGE_CURVE('',#2426,#2427,#985,.T.);
#3100=EDGE_CURVE('',#2426,#2428,#986,.T.);
#3101=EDGE_CURVE('',#2429,#2427,#987,.T.);
#3102=EDGE_CURVE('',#2428,#2429,#988,.T.);
#3103=EDGE_CURVE('',#2430,#2428,#989,.T.);
#3104=EDGE_CURVE('',#2431,#2429,#990,.T.);
#3105=EDGE_CURVE('',#2430,#2431,#991,.T.);
#3106=EDGE_CURVE('',#2360,#2430,#2098,.T.);
#3107=EDGE_CURVE('',#2362,#2431,#2099,.T.);
#3108=EDGE_CURVE('',#2432,#2433,#2100,.T.);
#3109=EDGE_CURVE('',#2434,#2432,#992,.T.);
#3110=EDGE_CURVE('',#2435,#2434,#993,.T.);
#3111=EDGE_CURVE('',#2436,#2435,#994,.T.);
#3112=EDGE_CURVE('',#2437,#2436,#2101,.T.);
#3113=EDGE_CURVE('',#2438,#2437,#995,.T.);
#3114=EDGE_CURVE('',#2439,#2438,#996,.T.);
#3115=EDGE_CURVE('',#2440,#2439,#997,.T.);
#3116=EDGE_CURVE('',#2441,#2440,#2102,.T.);
#3117=EDGE_CURVE('',#2442,#2441,#998,.T.);
#3118=EDGE_CURVE('',#2443,#2442,#999,.T.);
#3119=EDGE_CURVE('',#2444,#2443,#1000,.T.);
#3120=EDGE_CURVE('',#2445,#2444,#2103,.T.);
#3121=EDGE_CURVE('',#2446,#2445,#1001,.T.);
#3122=EDGE_CURVE('',#2447,#2446,#1002,.T.);
#3123=EDGE_CURVE('',#2448,#2447,#1003,.T.);
#3124=EDGE_CURVE('',#2449,#2448,#2104,.T.);
#3125=EDGE_CURVE('',#2450,#2449,#1004,.T.);
#3126=EDGE_CURVE('',#2451,#2450,#1005,.T.);
#3127=EDGE_CURVE('',#2452,#2451,#1006,.T.);
#3128=EDGE_CURVE('',#2453,#2452,#2105,.T.);
#3129=EDGE_CURVE('',#2454,#2453,#1007,.T.);
#3130=EDGE_CURVE('',#2455,#2454,#1008,.T.);
#3131=EDGE_CURVE('',#2456,#2455,#1009,.T.);
#3132=EDGE_CURVE('',#2457,#2456,#2106,.T.);
#3133=EDGE_CURVE('',#2458,#2457,#1010,.T.);
#3134=EDGE_CURVE('',#2459,#2458,#1011,.T.);
#3135=EDGE_CURVE('',#2460,#2459,#1012,.T.);
#3136=EDGE_CURVE('',#2461,#2460,#2107,.T.);
#3137=EDGE_CURVE('',#2462,#2461,#1013,.T.);
#3138=EDGE_CURVE('',#2463,#2462,#1014,.T.);
#3139=EDGE_CURVE('',#2464,#2463,#1015,.T.);
#3140=EDGE_CURVE('',#2465,#2464,#2108,.T.);
#3141=EDGE_CURVE('',#2466,#2465,#1016,.T.);
#3142=EDGE_CURVE('',#2467,#2466,#1017,.T.);
#3143=EDGE_CURVE('',#2468,#2467,#1018,.T.);
#3144=EDGE_CURVE('',#2469,#2468,#2109,.T.);
#3145=EDGE_CURVE('',#2470,#2469,#1019,.T.);
#3146=EDGE_CURVE('',#2471,#2470,#1020,.T.);
#3147=EDGE_CURVE('',#2472,#2471,#1021,.T.);
#3148=EDGE_CURVE('',#2473,#2472,#2110,.T.);
#3149=EDGE_CURVE('',#2474,#2473,#1022,.T.);
#3150=EDGE_CURVE('',#2475,#2474,#1023,.T.);
#3151=EDGE_CURVE('',#2476,#2475,#1024,.T.);
#3152=EDGE_CURVE('',#2477,#2476,#2111,.T.);
#3153=EDGE_CURVE('',#2478,#2477,#1025,.T.);
#3154=EDGE_CURVE('',#2479,#2478,#1026,.T.);
#3155=EDGE_CURVE('',#2480,#2479,#1027,.T.);
#3156=EDGE_CURVE('',#2481,#2480,#2112,.T.);
#3157=EDGE_CURVE('',#2482,#2481,#1028,.T.);
#3158=EDGE_CURVE('',#2483,#2482,#1029,.T.);
#3159=EDGE_CURVE('',#2484,#2483,#1030,.T.);
#3160=EDGE_CURVE('',#2485,#2484,#2113,.T.);
#3161=EDGE_CURVE('',#2486,#2485,#1031,.T.);
#3162=EDGE_CURVE('',#2487,#2486,#1032,.T.);
#3163=EDGE_CURVE('',#2488,#2487,#1033,.T.);
#3164=EDGE_CURVE('',#2489,#2488,#2114,.T.);
#3165=EDGE_CURVE('',#2490,#2489,#1034,.T.);
#3166=EDGE_CURVE('',#2491,#2490,#1035,.T.);
#3167=EDGE_CURVE('',#2492,#2491,#1036,.T.);
#3168=EDGE_CURVE('',#2493,#2492,#2115,.T.);
#3169=EDGE_CURVE('',#2494,#2493,#1037,.T.);
#3170=EDGE_CURVE('',#2495,#2494,#1038,.T.);
#3171=EDGE_CURVE('',#2496,#2495,#1039,.T.);
#3172=EDGE_CURVE('',#2497,#2496,#2116,.T.);
#3173=EDGE_CURVE('',#2498,#2497,#1040,.T.);
#3174=EDGE_CURVE('',#2499,#2498,#1041,.T.);
#3175=EDGE_CURVE('',#2500,#2499,#1042,.T.);
#3176=EDGE_CURVE('',#2501,#2500,#2117,.T.);
#3177=EDGE_CURVE('',#2502,#2501,#1043,.T.);
#3178=EDGE_CURVE('',#2503,#2502,#1044,.T.);
#3179=EDGE_CURVE('',#2433,#2503,#1045,.T.);
#3180=EDGE_CURVE('',#2504,#2504,#2118,.T.);
#3181=EDGE_CURVE('',#2505,#2469,#1046,.F.);
#3182=EDGE_CURVE('',#2505,#2506,#1047,.T.);
#3183=EDGE_CURVE('',#2506,#2470,#1048,.T.);
#3184=EDGE_CURVE('',#2507,#2468,#1049,.T.);
#3185=EDGE_CURVE('',#2507,#2505,#2119,.F.);
#3186=EDGE_CURVE('',#2508,#2467,#1050,.T.);
#3187=EDGE_CURVE('',#2507,#2508,#1051,.T.);
#3188=EDGE_CURVE('',#2509,#2466,#1052,.T.);
#3189=EDGE_CURVE('',#2508,#2509,#1053,.T.);
#3190=EDGE_CURVE('',#2510,#2465,#1054,.F.);
#3191=EDGE_CURVE('',#2510,#2509,#1055,.T.);
#3192=EDGE_CURVE('',#2511,#2464,#1056,.T.);
#3193=EDGE_CURVE('',#2511,#2510,#2120,.F.);
#3194=EDGE_CURVE('',#2512,#2463,#1057,.T.);
#3195=EDGE_CURVE('',#2511,#2512,#1058,.T.);
#3196=EDGE_CURVE('',#2513,#2462,#1059,.T.);
#3197=EDGE_CURVE('',#2512,#2513,#1060,.T.);
#3198=EDGE_CURVE('',#2514,#2461,#1061,.F.);
#3199=EDGE_CURVE('',#2514,#2513,#1062,.T.);
#3200=EDGE_CURVE('',#2515,#2460,#1063,.T.);
#3201=EDGE_CURVE('',#2515,#2514,#2121,.F.);
#3202=EDGE_CURVE('',#2516,#2459,#1064,.T.);
#3203=EDGE_CURVE('',#2515,#2516,#1065,.T.);
#3204=EDGE_CURVE('',#2517,#2458,#1066,.T.);
#3205=EDGE_CURVE('',#2516,#2517,#1067,.T.);
#3206=EDGE_CURVE('',#2518,#2457,#1068,.F.);
#3207=EDGE_CURVE('',#2518,#2517,#1069,.T.);
#3208=EDGE_CURVE('',#2519,#2456,#1070,.T.);
#3209=EDGE_CURVE('',#2519,#2518,#2122,.F.);
#3210=EDGE_CURVE('',#2520,#2455,#1071,.T.);
#3211=EDGE_CURVE('',#2519,#2520,#1072,.T.);
#3212=EDGE_CURVE('',#2521,#2454,#1073,.T.);
#3213=EDGE_CURVE('',#2520,#2521,#1074,.T.);
#3214=EDGE_CURVE('',#2522,#2453,#1075,.F.);
#3215=EDGE_CURVE('',#2522,#2521,#1076,.T.);
#3216=EDGE_CURVE('',#2523,#2452,#1077,.T.);
#3217=EDGE_CURVE('',#2523,#2522,#2123,.F.);
#3218=EDGE_CURVE('',#2524,#2451,#1078,.T.);
#3219=EDGE_CURVE('',#2523,#2524,#1079,.T.);
#3220=EDGE_CURVE('',#2525,#2450,#1080,.T.);
#3221=EDGE_CURVE('',#2524,#2525,#1081,.T.);
#3222=EDGE_CURVE('',#2526,#2449,#1082,.F.);
#3223=EDGE_CURVE('',#2526,#2525,#1083,.T.);
#3224=EDGE_CURVE('',#2527,#2448,#1084,.T.);
#3225=EDGE_CURVE('',#2527,#2526,#2124,.F.);
#3226=EDGE_CURVE('',#2528,#2447,#1085,.T.);
#3227=EDGE_CURVE('',#2527,#2528,#1086,.T.);
#3228=EDGE_CURVE('',#2529,#2446,#1087,.T.);
#3229=EDGE_CURVE('',#2528,#2529,#1088,.T.);
#3230=EDGE_CURVE('',#2530,#2445,#1089,.F.);
#3231=EDGE_CURVE('',#2530,#2529,#1090,.T.);
#3232=EDGE_CURVE('',#2531,#2444,#1091,.T.);
#3233=EDGE_CURVE('',#2531,#2530,#2125,.F.);
#3234=EDGE_CURVE('',#2532,#2443,#1092,.T.);
#3235=EDGE_CURVE('',#2531,#2532,#1093,.T.);
#3236=EDGE_CURVE('',#2533,#2442,#1094,.T.);
#3237=EDGE_CURVE('',#2532,#2533,#1095,.T.);
#3238=EDGE_CURVE('',#2534,#2441,#1096,.F.);
#3239=EDGE_CURVE('',#2534,#2533,#1097,.T.);
#3240=EDGE_CURVE('',#2535,#2440,#1098,.T.);
#3241=EDGE_CURVE('',#2535,#2534,#2126,.F.);
#3242=EDGE_CURVE('',#2536,#2439,#1099,.T.);
#3243=EDGE_CURVE('',#2535,#2536,#1100,.T.);
#3244=EDGE_CURVE('',#2537,#2438,#1101,.T.);
#3245=EDGE_CURVE('',#2536,#2537,#1102,.T.);
#3246=EDGE_CURVE('',#2538,#2437,#1103,.F.);
#3247=EDGE_CURVE('',#2538,#2537,#1104,.T.);
#3248=EDGE_CURVE('',#2539,#2436,#1105,.T.);
#3249=EDGE_CURVE('',#2539,#2538,#2127,.F.);
#3250=EDGE_CURVE('',#2540,#2435,#1106,.T.);
#3251=EDGE_CURVE('',#2539,#2540,#1107,.T.);
#3252=EDGE_CURVE('',#2541,#2434,#1108,.T.);
#3253=EDGE_CURVE('',#2540,#2541,#1109,.T.);
#3254=EDGE_CURVE('',#2504,#2542,#1110,.T.);
#3255=EDGE_CURVE('',#2542,#2542,#2128,.T.);
#3256=EDGE_CURVE('',#2543,#2503,#1111,.T.);
#3257=EDGE_CURVE('',#2544,#2543,#1112,.T.);
#3258=EDGE_CURVE('',#2544,#2433,#1113,.T.);
#3259=EDGE_CURVE('',#2545,#2502,#1114,.T.);
#3260=EDGE_CURVE('',#2543,#2545,#1115,.T.);
#3261=EDGE_CURVE('',#2546,#2501,#1116,.F.);
#3262=EDGE_CURVE('',#2546,#2545,#1117,.T.);
#3263=EDGE_CURVE('',#2547,#2500,#1118,.T.);
#3264=EDGE_CURVE('',#2547,#2546,#2129,.F.);
#3265=EDGE_CURVE('',#2548,#2499,#1119,.T.);
#3266=EDGE_CURVE('',#2547,#2548,#1120,.T.);
#3267=EDGE_CURVE('',#2549,#2498,#1121,.T.);
#3268=EDGE_CURVE('',#2548,#2549,#1122,.T.);
#3269=EDGE_CURVE('',#2550,#2497,#1123,.F.);
#3270=EDGE_CURVE('',#2550,#2549,#1124,.T.);
#3271=EDGE_CURVE('',#2551,#2496,#1125,.T.);
#3272=EDGE_CURVE('',#2551,#2550,#2130,.F.);
#3273=EDGE_CURVE('',#2552,#2495,#1126,.T.);
#3274=EDGE_CURVE('',#2551,#2552,#1127,.T.);
#3275=EDGE_CURVE('',#2553,#2494,#1128,.T.);
#3276=EDGE_CURVE('',#2552,#2553,#1129,.T.);
#3277=EDGE_CURVE('',#2554,#2493,#1130,.F.);
#3278=EDGE_CURVE('',#2554,#2553,#1131,.T.);
#3279=EDGE_CURVE('',#2555,#2492,#1132,.T.);
#3280=EDGE_CURVE('',#2555,#2554,#2131,.F.);
#3281=EDGE_CURVE('',#2556,#2491,#1133,.T.);
#3282=EDGE_CURVE('',#2555,#2556,#1134,.T.);
#3283=EDGE_CURVE('',#2557,#2490,#1135,.T.);
#3284=EDGE_CURVE('',#2556,#2557,#1136,.T.);
#3285=EDGE_CURVE('',#2558,#2489,#1137,.F.);
#3286=EDGE_CURVE('',#2558,#2557,#1138,.T.);
#3287=EDGE_CURVE('',#2559,#2488,#1139,.T.);
#3288=EDGE_CURVE('',#2559,#2558,#2132,.F.);
#3289=EDGE_CURVE('',#2560,#2487,#1140,.T.);
#3290=EDGE_CURVE('',#2559,#2560,#1141,.T.);
#3291=EDGE_CURVE('',#2561,#2486,#1142,.T.);
#3292=EDGE_CURVE('',#2560,#2561,#1143,.T.);
#3293=EDGE_CURVE('',#2562,#2485,#1144,.F.);
#3294=EDGE_CURVE('',#2562,#2561,#1145,.T.);
#3295=EDGE_CURVE('',#2563,#2484,#1146,.T.);
#3296=EDGE_CURVE('',#2563,#2562,#2133,.F.);
#3297=EDGE_CURVE('',#2564,#2483,#1147,.T.);
#3298=EDGE_CURVE('',#2563,#2564,#1148,.T.);
#3299=EDGE_CURVE('',#2565,#2482,#1149,.T.);
#3300=EDGE_CURVE('',#2564,#2565,#1150,.T.);
#3301=EDGE_CURVE('',#2566,#2481,#1151,.F.);
#3302=EDGE_CURVE('',#2566,#2565,#1152,.T.);
#3303=EDGE_CURVE('',#2567,#2480,#1153,.T.);
#3304=EDGE_CURVE('',#2567,#2566,#2134,.F.);
#3305=EDGE_CURVE('',#2568,#2479,#1154,.T.);
#3306=EDGE_CURVE('',#2567,#2568,#1155,.T.);
#3307=EDGE_CURVE('',#2569,#2478,#1156,.T.);
#3308=EDGE_CURVE('',#2568,#2569,#1157,.T.);
#3309=EDGE_CURVE('',#2570,#2477,#1158,.F.);
#3310=EDGE_CURVE('',#2570,#2569,#1159,.T.);
#3311=EDGE_CURVE('',#2571,#2476,#1160,.T.);
#3312=EDGE_CURVE('',#2571,#2570,#2135,.F.);
#3313=EDGE_CURVE('',#2572,#2475,#1161,.T.);
#3314=EDGE_CURVE('',#2571,#2572,#1162,.T.);
#3315=EDGE_CURVE('',#2573,#2474,#1163,.T.);
#3316=EDGE_CURVE('',#2572,#2573,#1164,.T.);
#3317=EDGE_CURVE('',#2574,#2473,#1165,.F.);
#3318=EDGE_CURVE('',#2574,#2573,#1166,.T.);
#3319=EDGE_CURVE('',#2575,#2472,#1167,.T.);
#3320=EDGE_CURVE('',#2575,#2574,#2136,.F.);
#3321=EDGE_CURVE('',#2576,#2471,#1168,.T.);
#3322=EDGE_CURVE('',#2575,#2576,#1169,.T.);
#3323=EDGE_CURVE('',#2576,#2506,#1170,.T.);
#3324=EDGE_CURVE('',#2577,#2432,#1171,.F.);
#3325=EDGE_CURVE('',#2577,#2541,#1172,.T.);
#3326=EDGE_CURVE('',#2544,#2577,#2137,.F.);
#3327=EDGE_CURVE('',#2578,#2579,#2138,.T.);
#3328=EDGE_CURVE('',#2580,#2578,#1173,.T.);
#3329=EDGE_CURVE('',#2581,#2580,#1174,.T.);
#3330=EDGE_CURVE('',#2582,#2581,#1175,.T.);
#3331=EDGE_CURVE('',#2583,#2582,#2139,.T.);
#3332=EDGE_CURVE('',#2584,#2583,#1176,.T.);
#3333=EDGE_CURVE('',#2585,#2584,#1177,.T.);
#3334=EDGE_CURVE('',#2586,#2585,#1178,.T.);
#3335=EDGE_CURVE('',#2587,#2586,#2140,.T.);
#3336=EDGE_CURVE('',#2588,#2587,#1179,.T.);
#3337=EDGE_CURVE('',#2589,#2588,#1180,.T.);
#3338=EDGE_CURVE('',#2590,#2589,#1181,.T.);
#3339=EDGE_CURVE('',#2591,#2590,#2141,.T.);
#3340=EDGE_CURVE('',#2592,#2591,#1182,.T.);
#3341=EDGE_CURVE('',#2593,#2592,#1183,.T.);
#3342=EDGE_CURVE('',#2594,#2593,#1184,.T.);
#3343=EDGE_CURVE('',#2595,#2594,#2142,.T.);
#3344=EDGE_CURVE('',#2596,#2595,#1185,.T.);
#3345=EDGE_CURVE('',#2597,#2596,#1186,.T.);
#3346=EDGE_CURVE('',#2598,#2597,#1187,.T.);
#3347=EDGE_CURVE('',#2599,#2598,#2143,.T.);
#3348=EDGE_CURVE('',#2600,#2599,#1188,.T.);
#3349=EDGE_CURVE('',#2601,#2600,#1189,.T.);
#3350=EDGE_CURVE('',#2602,#2601,#1190,.T.);
#3351=EDGE_CURVE('',#2603,#2602,#2144,.T.);
#3352=EDGE_CURVE('',#2604,#2603,#1191,.T.);
#3353=EDGE_CURVE('',#2605,#2604,#1192,.T.);
#3354=EDGE_CURVE('',#2606,#2605,#1193,.T.);
#3355=EDGE_CURVE('',#2607,#2606,#2145,.T.);
#3356=EDGE_CURVE('',#2608,#2607,#1194,.T.);
#3357=EDGE_CURVE('',#2609,#2608,#1195,.T.);
#3358=EDGE_CURVE('',#2610,#2609,#1196,.T.);
#3359=EDGE_CURVE('',#2611,#2610,#2146,.T.);
#3360=EDGE_CURVE('',#2612,#2611,#1197,.T.);
#3361=EDGE_CURVE('',#2613,#2612,#1198,.T.);
#3362=EDGE_CURVE('',#2614,#2613,#1199,.T.);
#3363=EDGE_CURVE('',#2615,#2614,#2147,.T.);
#3364=EDGE_CURVE('',#2616,#2615,#1200,.T.);
#3365=EDGE_CURVE('',#2617,#2616,#1201,.T.);
#3366=EDGE_CURVE('',#2618,#2617,#1202,.T.);
#3367=EDGE_CURVE('',#2619,#2618,#2148,.T.);
#3368=EDGE_CURVE('',#2620,#2619,#1203,.T.);
#3369=EDGE_CURVE('',#2621,#2620,#1204,.T.);
#3370=EDGE_CURVE('',#2622,#2621,#1205,.T.);
#3371=EDGE_CURVE('',#2623,#2622,#2149,.T.);
#3372=EDGE_CURVE('',#2624,#2623,#1206,.T.);
#3373=EDGE_CURVE('',#2625,#2624,#1207,.T.);
#3374=EDGE_CURVE('',#2626,#2625,#1208,.T.);
#3375=EDGE_CURVE('',#2627,#2626,#2150,.T.);
#3376=EDGE_CURVE('',#2628,#2627,#1209,.T.);
#3377=EDGE_CURVE('',#2629,#2628,#1210,.T.);
#3378=EDGE_CURVE('',#2630,#2629,#1211,.T.);
#3379=EDGE_CURVE('',#2631,#2630,#2151,.T.);
#3380=EDGE_CURVE('',#2632,#2631,#1212,.T.);
#3381=EDGE_CURVE('',#2633,#2632,#1213,.T.);
#3382=EDGE_CURVE('',#2634,#2633,#1214,.T.);
#3383=EDGE_CURVE('',#2635,#2634,#2152,.T.);
#3384=EDGE_CURVE('',#2636,#2635,#1215,.T.);
#3385=EDGE_CURVE('',#2637,#2636,#1216,.T.);
#3386=EDGE_CURVE('',#2638,#2637,#1217,.T.);
#3387=EDGE_CURVE('',#2639,#2638,#2153,.T.);
#3388=EDGE_CURVE('',#2640,#2639,#1218,.T.);
#3389=EDGE_CURVE('',#2641,#2640,#1219,.T.);
#3390=EDGE_CURVE('',#2642,#2641,#1220,.T.);
#3391=EDGE_CURVE('',#2643,#2642,#2154,.T.);
#3392=EDGE_CURVE('',#2644,#2643,#1221,.T.);
#3393=EDGE_CURVE('',#2645,#2644,#1222,.T.);
#3394=EDGE_CURVE('',#2646,#2645,#1223,.T.);
#3395=EDGE_CURVE('',#2647,#2646,#2155,.T.);
#3396=EDGE_CURVE('',#2648,#2647,#1224,.T.);
#3397=EDGE_CURVE('',#2649,#2648,#1225,.T.);
#3398=EDGE_CURVE('',#2579,#2649,#1226,.T.);
#3399=EDGE_CURVE('',#2650,#2650,#2156,.T.);
#3400=EDGE_CURVE('',#2651,#2615,#1227,.F.);
#3401=EDGE_CURVE('',#2651,#2652,#1228,.T.);
#3402=EDGE_CURVE('',#2652,#2616,#1229,.T.);
#3403=EDGE_CURVE('',#2653,#2614,#1230,.T.);
#3404=EDGE_CURVE('',#2653,#2651,#2157,.F.);
#3405=EDGE_CURVE('',#2654,#2613,#1231,.T.);
#3406=EDGE_CURVE('',#2653,#2654,#1232,.T.);
#3407=EDGE_CURVE('',#2655,#2612,#1233,.T.);
#3408=EDGE_CURVE('',#2654,#2655,#1234,.T.);
#3409=EDGE_CURVE('',#2656,#2611,#1235,.F.);
#3410=EDGE_CURVE('',#2656,#2655,#1236,.T.);
#3411=EDGE_CURVE('',#2657,#2610,#1237,.T.);
#3412=EDGE_CURVE('',#2657,#2656,#2158,.F.);
#3413=EDGE_CURVE('',#2658,#2609,#1238,.T.);
#3414=EDGE_CURVE('',#2657,#2658,#1239,.T.);
#3415=EDGE_CURVE('',#2659,#2608,#1240,.T.);
#3416=EDGE_CURVE('',#2658,#2659,#1241,.T.);
#3417=EDGE_CURVE('',#2660,#2607,#1242,.F.);
#3418=EDGE_CURVE('',#2660,#2659,#1243,.T.);
#3419=EDGE_CURVE('',#2661,#2606,#1244,.T.);
#3420=EDGE_CURVE('',#2661,#2660,#2159,.F.);
#3421=EDGE_CURVE('',#2662,#2605,#1245,.T.);
#3422=EDGE_CURVE('',#2661,#2662,#1246,.T.);
#3423=EDGE_CURVE('',#2663,#2604,#1247,.T.);
#3424=EDGE_CURVE('',#2662,#2663,#1248,.T.);
#3425=EDGE_CURVE('',#2664,#2603,#1249,.F.);
#3426=EDGE_CURVE('',#2664,#2663,#1250,.T.);
#3427=EDGE_CURVE('',#2665,#2602,#1251,.T.);
#3428=EDGE_CURVE('',#2665,#2664,#2160,.F.);
#3429=EDGE_CURVE('',#2666,#2601,#1252,.T.);
#3430=EDGE_CURVE('',#2665,#2666,#1253,.T.);
#3431=EDGE_CURVE('',#2667,#2600,#1254,.T.);
#3432=EDGE_CURVE('',#2666,#2667,#1255,.T.);
#3433=EDGE_CURVE('',#2668,#2599,#1256,.F.);
#3434=EDGE_CURVE('',#2668,#2667,#1257,.T.);
#3435=EDGE_CURVE('',#2669,#2598,#1258,.T.);
#3436=EDGE_CURVE('',#2669,#2668,#2161,.F.);
#3437=EDGE_CURVE('',#2670,#2597,#1259,.T.);
#3438=EDGE_CURVE('',#2669,#2670,#1260,.T.);
#3439=EDGE_CURVE('',#2671,#2596,#1261,.T.);
#3440=EDGE_CURVE('',#2670,#2671,#1262,.T.);
#3441=EDGE_CURVE('',#2672,#2595,#1263,.F.);
#3442=EDGE_CURVE('',#2672,#2671,#1264,.T.);
#3443=EDGE_CURVE('',#2673,#2594,#1265,.T.);
#3444=EDGE_CURVE('',#2673,#2672,#2162,.F.);
#3445=EDGE_CURVE('',#2674,#2593,#1266,.T.);
#3446=EDGE_CURVE('',#2673,#2674,#1267,.T.);
#3447=EDGE_CURVE('',#2675,#2592,#1268,.T.);
#3448=EDGE_CURVE('',#2674,#2675,#1269,.T.);
#3449=EDGE_CURVE('',#2676,#2591,#1270,.F.);
#3450=EDGE_CURVE('',#2676,#2675,#1271,.T.);
#3451=EDGE_CURVE('',#2677,#2590,#1272,.T.);
#3452=EDGE_CURVE('',#2677,#2676,#2163,.F.);
#3453=EDGE_CURVE('',#2678,#2589,#1273,.T.);
#3454=EDGE_CURVE('',#2677,#2678,#1274,.T.);
#3455=EDGE_CURVE('',#2679,#2588,#1275,.T.);
#3456=EDGE_CURVE('',#2678,#2679,#1276,.T.);
#3457=EDGE_CURVE('',#2680,#2587,#1277,.F.);
#3458=EDGE_CURVE('',#2680,#2679,#1278,.T.);
#3459=EDGE_CURVE('',#2681,#2586,#1279,.T.);
#3460=EDGE_CURVE('',#2681,#2680,#2164,.F.);
#3461=EDGE_CURVE('',#2682,#2585,#1280,.T.);
#3462=EDGE_CURVE('',#2681,#2682,#1281,.T.);
#3463=EDGE_CURVE('',#2683,#2584,#1282,.T.);
#3464=EDGE_CURVE('',#2682,#2683,#1283,.T.);
#3465=EDGE_CURVE('',#2684,#2583,#1284,.F.);
#3466=EDGE_CURVE('',#2684,#2683,#1285,.T.);
#3467=EDGE_CURVE('',#2685,#2582,#1286,.T.);
#3468=EDGE_CURVE('',#2685,#2684,#2165,.F.);
#3469=EDGE_CURVE('',#2686,#2581,#1287,.T.);
#3470=EDGE_CURVE('',#2685,#2686,#1288,.T.);
#3471=EDGE_CURVE('',#2687,#2580,#1289,.T.);
#3472=EDGE_CURVE('',#2686,#2687,#1290,.T.);
#3473=EDGE_CURVE('',#2650,#2688,#1291,.T.);
#3474=EDGE_CURVE('',#2688,#2688,#2166,.T.);
#3475=EDGE_CURVE('',#2689,#2649,#1292,.T.);
#3476=EDGE_CURVE('',#2690,#2689,#1293,.T.);
#3477=EDGE_CURVE('',#2690,#2579,#1294,.T.);
#3478=EDGE_CURVE('',#2691,#2648,#1295,.T.);
#3479=EDGE_CURVE('',#2689,#2691,#1296,.T.);
#3480=EDGE_CURVE('',#2692,#2647,#1297,.F.);
#3481=EDGE_CURVE('',#2692,#2691,#1298,.T.);
#3482=EDGE_CURVE('',#2693,#2646,#1299,.T.);
#3483=EDGE_CURVE('',#2693,#2692,#2167,.F.);
#3484=EDGE_CURVE('',#2694,#2645,#1300,.T.);
#3485=EDGE_CURVE('',#2693,#2694,#1301,.T.);
#3486=EDGE_CURVE('',#2695,#2644,#1302,.T.);
#3487=EDGE_CURVE('',#2694,#2695,#1303,.T.);
#3488=EDGE_CURVE('',#2696,#2643,#1304,.F.);
#3489=EDGE_CURVE('',#2696,#2695,#1305,.T.);
#3490=EDGE_CURVE('',#2697,#2642,#1306,.T.);
#3491=EDGE_CURVE('',#2697,#2696,#2168,.F.);
#3492=EDGE_CURVE('',#2698,#2641,#1307,.T.);
#3493=EDGE_CURVE('',#2697,#2698,#1308,.T.);
#3494=EDGE_CURVE('',#2699,#2640,#1309,.T.);
#3495=EDGE_CURVE('',#2698,#2699,#1310,.T.);
#3496=EDGE_CURVE('',#2700,#2639,#1311,.F.);
#3497=EDGE_CURVE('',#2700,#2699,#1312,.T.);
#3498=EDGE_CURVE('',#2701,#2638,#1313,.T.);
#3499=EDGE_CURVE('',#2701,#2700,#2169,.F.);
#3500=EDGE_CURVE('',#2702,#2637,#1314,.T.);
#3501=EDGE_CURVE('',#2701,#2702,#1315,.T.);
#3502=EDGE_CURVE('',#2703,#2636,#1316,.T.);
#3503=EDGE_CURVE('',#2702,#2703,#1317,.T.);
#3504=EDGE_CURVE('',#2704,#2635,#1318,.F.);
#3505=EDGE_CURVE('',#2704,#2703,#1319,.T.);
#3506=EDGE_CURVE('',#2705,#2634,#1320,.T.);
#3507=EDGE_CURVE('',#2705,#2704,#2170,.F.);
#3508=EDGE_CURVE('',#2706,#2633,#1321,.T.);
#3509=EDGE_CURVE('',#2705,#2706,#1322,.T.);
#3510=EDGE_CURVE('',#2707,#2632,#1323,.T.);
#3511=EDGE_CURVE('',#2706,#2707,#1324,.T.);
#3512=EDGE_CURVE('',#2708,#2631,#1325,.F.);
#3513=EDGE_CURVE('',#2708,#2707,#1326,.T.);
#3514=EDGE_CURVE('',#2709,#2630,#1327,.T.);
#3515=EDGE_CURVE('',#2709,#2708,#2171,.F.);
#3516=EDGE_CURVE('',#2710,#2629,#1328,.T.);
#3517=EDGE_CURVE('',#2709,#2710,#1329,.T.);
#3518=EDGE_CURVE('',#2711,#2628,#1330,.T.);
#3519=EDGE_CURVE('',#2710,#2711,#1331,.T.);
#3520=EDGE_CURVE('',#2712,#2627,#1332,.F.);
#3521=EDGE_CURVE('',#2712,#2711,#1333,.T.);
#3522=EDGE_CURVE('',#2713,#2626,#1334,.T.);
#3523=EDGE_CURVE('',#2713,#2712,#2172,.F.);
#3524=EDGE_CURVE('',#2714,#2625,#1335,.T.);
#3525=EDGE_CURVE('',#2713,#2714,#1336,.T.);
#3526=EDGE_CURVE('',#2715,#2624,#1337,.T.);
#3527=EDGE_CURVE('',#2714,#2715,#1338,.T.);
#3528=EDGE_CURVE('',#2716,#2623,#1339,.F.);
#3529=EDGE_CURVE('',#2716,#2715,#1340,.T.);
#3530=EDGE_CURVE('',#2717,#2622,#1341,.T.);
#3531=EDGE_CURVE('',#2717,#2716,#2173,.F.);
#3532=EDGE_CURVE('',#2718,#2621,#1342,.T.);
#3533=EDGE_CURVE('',#2717,#2718,#1343,.T.);
#3534=EDGE_CURVE('',#2719,#2620,#1344,.T.);
#3535=EDGE_CURVE('',#2718,#2719,#1345,.T.);
#3536=EDGE_CURVE('',#2720,#2619,#1346,.F.);
#3537=EDGE_CURVE('',#2720,#2719,#1347,.T.);
#3538=EDGE_CURVE('',#2721,#2618,#1348,.T.);
#3539=EDGE_CURVE('',#2721,#2720,#2174,.F.);
#3540=EDGE_CURVE('',#2722,#2617,#1349,.T.);
#3541=EDGE_CURVE('',#2721,#2722,#1350,.T.);
#3542=EDGE_CURVE('',#2722,#2652,#1351,.T.);
#3543=EDGE_CURVE('',#2723,#2578,#1352,.F.);
#3544=EDGE_CURVE('',#2723,#2687,#1353,.T.);
#3545=EDGE_CURVE('',#2690,#2723,#2175,.F.);
#3546=ORIENTED_EDGE('',*,*,#2724,.F.);
#3547=ORIENTED_EDGE('',*,*,#2725,.F.);
#3548=ORIENTED_EDGE('',*,*,#2726,.F.);
#3549=ORIENTED_EDGE('',*,*,#2727,.F.);
#3550=ORIENTED_EDGE('',*,*,#2728,.F.);
#3551=ORIENTED_EDGE('',*,*,#2729,.F.);
#3552=ORIENTED_EDGE('',*,*,#2730,.F.);
#3553=ORIENTED_EDGE('',*,*,#2731,.F.);
#3554=ORIENTED_EDGE('',*,*,#2732,.F.);
#3555=ORIENTED_EDGE('',*,*,#2733,.F.);
#3556=ORIENTED_EDGE('',*,*,#2734,.F.);
#3557=ORIENTED_EDGE('',*,*,#2735,.F.);
#3558=ORIENTED_EDGE('',*,*,#2736,.F.);
#3559=ORIENTED_EDGE('',*,*,#2737,.F.);
#3560=ORIENTED_EDGE('',*,*,#2738,.F.);
#3561=ORIENTED_EDGE('',*,*,#2739,.F.);
#3562=ORIENTED_EDGE('',*,*,#2740,.F.);
#3563=ORIENTED_EDGE('',*,*,#2741,.F.);
#3564=ORIENTED_EDGE('',*,*,#2742,.F.);
#3565=ORIENTED_EDGE('',*,*,#2743,.F.);
#3566=ORIENTED_EDGE('',*,*,#2744,.F.);
#3567=ORIENTED_EDGE('',*,*,#2745,.F.);
#3568=ORIENTED_EDGE('',*,*,#2746,.F.);
#3569=ORIENTED_EDGE('',*,*,#2747,.F.);
#3570=ORIENTED_EDGE('',*,*,#2748,.F.);
#3571=ORIENTED_EDGE('',*,*,#2749,.F.);
#3572=ORIENTED_EDGE('',*,*,#2750,.F.);
#3573=ORIENTED_EDGE('',*,*,#2751,.F.);
#3574=ORIENTED_EDGE('',*,*,#2752,.F.);
#3575=ORIENTED_EDGE('',*,*,#2753,.F.);
#3576=ORIENTED_EDGE('',*,*,#2754,.F.);
#3577=ORIENTED_EDGE('',*,*,#2755,.F.);
#3578=ORIENTED_EDGE('',*,*,#2756,.F.);
#3579=ORIENTED_EDGE('',*,*,#2757,.F.);
#3580=ORIENTED_EDGE('',*,*,#2758,.F.);
#3581=ORIENTED_EDGE('',*,*,#2759,.F.);
#3582=ORIENTED_EDGE('',*,*,#2760,.F.);
#3583=ORIENTED_EDGE('',*,*,#2761,.F.);
#3584=ORIENTED_EDGE('',*,*,#2762,.F.);
#3585=ORIENTED_EDGE('',*,*,#2763,.F.);
#3586=ORIENTED_EDGE('',*,*,#2764,.F.);
#3587=ORIENTED_EDGE('',*,*,#2765,.F.);
#3588=ORIENTED_EDGE('',*,*,#2766,.F.);
#3589=ORIENTED_EDGE('',*,*,#2767,.F.);
#3590=ORIENTED_EDGE('',*,*,#2768,.F.);
#3591=ORIENTED_EDGE('',*,*,#2769,.F.);
#3592=ORIENTED_EDGE('',*,*,#2770,.F.);
#3593=ORIENTED_EDGE('',*,*,#2771,.F.);
#3594=ORIENTED_EDGE('',*,*,#2772,.F.);
#3595=ORIENTED_EDGE('',*,*,#2773,.F.);
#3596=ORIENTED_EDGE('',*,*,#2774,.F.);
#3597=ORIENTED_EDGE('',*,*,#2775,.F.);
#3598=ORIENTED_EDGE('',*,*,#2776,.F.);
#3599=ORIENTED_EDGE('',*,*,#2777,.F.);
#3600=ORIENTED_EDGE('',*,*,#2778,.F.);
#3601=ORIENTED_EDGE('',*,*,#2779,.F.);
#3602=ORIENTED_EDGE('',*,*,#2780,.F.);
#3603=ORIENTED_EDGE('',*,*,#2781,.F.);
#3604=ORIENTED_EDGE('',*,*,#2782,.F.);
#3605=ORIENTED_EDGE('',*,*,#2783,.F.);
#3606=ORIENTED_EDGE('',*,*,#2784,.F.);
#3607=ORIENTED_EDGE('',*,*,#2785,.F.);
#3608=ORIENTED_EDGE('',*,*,#2786,.F.);
#3609=ORIENTED_EDGE('',*,*,#2787,.F.);
#3610=ORIENTED_EDGE('',*,*,#2788,.F.);
#3611=ORIENTED_EDGE('',*,*,#2789,.F.);
#3612=ORIENTED_EDGE('',*,*,#2790,.F.);
#3613=ORIENTED_EDGE('',*,*,#2791,.F.);
#3614=ORIENTED_EDGE('',*,*,#2792,.F.);
#3615=ORIENTED_EDGE('',*,*,#2793,.F.);
#3616=ORIENTED_EDGE('',*,*,#2794,.F.);
#3617=ORIENTED_EDGE('',*,*,#2795,.F.);
#3618=ORIENTED_EDGE('',*,*,#2796,.F.);
#3619=ORIENTED_EDGE('',*,*,#2761,.T.);
#3620=ORIENTED_EDGE('',*,*,#2797,.F.);
#3621=ORIENTED_EDGE('',*,*,#2798,.T.);
#3622=ORIENTED_EDGE('',*,*,#2799,.T.);
#3623=ORIENTED_EDGE('',*,*,#2760,.T.);
#3624=ORIENTED_EDGE('',*,*,#2800,.F.);
#3625=ORIENTED_EDGE('',*,*,#2801,.T.);
#3626=ORIENTED_EDGE('',*,*,#2797,.T.);
#3627=ORIENTED_EDGE('',*,*,#2759,.T.);
#3628=ORIENTED_EDGE('',*,*,#2802,.F.);
#3629=ORIENTED_EDGE('',*,*,#2803,.F.);
#3630=ORIENTED_EDGE('',*,*,#2800,.T.);
#3631=ORIENTED_EDGE('',*,*,#2758,.T.);
#3632=ORIENTED_EDGE('',*,*,#2804,.F.);
#3633=ORIENTED_EDGE('',*,*,#2805,.F.);
#3634=ORIENTED_EDGE('',*,*,#2802,.T.);
#3635=ORIENTED_EDGE('',*,*,#2757,.T.);
#3636=ORIENTED_EDGE('',*,*,#2806,.F.);
#3637=ORIENTED_EDGE('',*,*,#2807,.T.);
#3638=ORIENTED_EDGE('',*,*,#2804,.T.);
#3639=ORIENTED_EDGE('',*,*,#2756,.T.);
#3640=ORIENTED_EDGE('',*,*,#2808,.F.);
#3641=ORIENTED_EDGE('',*,*,#2809,.T.);
#3642=ORIENTED_EDGE('',*,*,#2806,.T.);
#3643=ORIENTED_EDGE('',*,*,#2755,.T.);
#3644=ORIENTED_EDGE('',*,*,#2810,.F.);
#3645=ORIENTED_EDGE('',*,*,#2811,.F.);
#3646=ORIENTED_EDGE('',*,*,#2808,.T.);
#3647=ORIENTED_EDGE('',*,*,#2754,.T.);
#3648=ORIENTED_EDGE('',*,*,#2812,.F.);
#3649=ORIENTED_EDGE('',*,*,#2813,.F.);
#3650=ORIENTED_EDGE('',*,*,#2810,.T.);
#3651=ORIENTED_EDGE('',*,*,#2753,.T.);
#3652=ORIENTED_EDGE('',*,*,#2814,.F.);
#3653=ORIENTED_EDGE('',*,*,#2815,.T.);
#3654=ORIENTED_EDGE('',*,*,#2812,.T.);
#3655=ORIENTED_EDGE('',*,*,#2752,.T.);
#3656=ORIENTED_EDGE('',*,*,#2816,.F.);
#3657=ORIENTED_EDGE('',*,*,#2817,.T.);
#3658=ORIENTED_EDGE('',*,*,#2814,.T.);
#3659=ORIENTED_EDGE('',*,*,#2751,.T.);
#3660=ORIENTED_EDGE('',*,*,#2818,.F.);
#3661=ORIENTED_EDGE('',*,*,#2819,.F.);
#3662=ORIENTED_EDGE('',*,*,#2816,.T.);
#3663=ORIENTED_EDGE('',*,*,#2750,.T.);
#3664=ORIENTED_EDGE('',*,*,#2820,.F.);
#3665=ORIENTED_EDGE('',*,*,#2821,.F.);
#3666=ORIENTED_EDGE('',*,*,#2818,.T.);
#3667=ORIENTED_EDGE('',*,*,#2749,.T.);
#3668=ORIENTED_EDGE('',*,*,#2822,.F.);
#3669=ORIENTED_EDGE('',*,*,#2823,.T.);
#3670=ORIENTED_EDGE('',*,*,#2820,.T.);
#3671=ORIENTED_EDGE('',*,*,#2748,.T.);
#3672=ORIENTED_EDGE('',*,*,#2824,.F.);
#3673=ORIENTED_EDGE('',*,*,#2825,.T.);
#3674=ORIENTED_EDGE('',*,*,#2822,.T.);
#3675=ORIENTED_EDGE('',*,*,#2747,.T.);
#3676=ORIENTED_EDGE('',*,*,#2826,.F.);
#3677=ORIENTED_EDGE('',*,*,#2827,.F.);
#3678=ORIENTED_EDGE('',*,*,#2824,.T.);
#3679=ORIENTED_EDGE('',*,*,#2746,.T.);
#3680=ORIENTED_EDGE('',*,*,#2828,.F.);
#3681=ORIENTED_EDGE('',*,*,#2829,.F.);
#3682=ORIENTED_EDGE('',*,*,#2826,.T.);
#3683=ORIENTED_EDGE('',*,*,#2745,.T.);
#3684=ORIENTED_EDGE('',*,*,#2830,.F.);
#3685=ORIENTED_EDGE('',*,*,#2831,.T.);
#3686=ORIENTED_EDGE('',*,*,#2828,.T.);
#3687=ORIENTED_EDGE('',*,*,#2744,.T.);
#3688=ORIENTED_EDGE('',*,*,#2832,.F.);
#3689=ORIENTED_EDGE('',*,*,#2833,.T.);
#3690=ORIENTED_EDGE('',*,*,#2830,.T.);
#3691=ORIENTED_EDGE('',*,*,#2743,.T.);
#3692=ORIENTED_EDGE('',*,*,#2834,.F.);
#3693=ORIENTED_EDGE('',*,*,#2835,.F.);
#3694=ORIENTED_EDGE('',*,*,#2832,.T.);
#3695=ORIENTED_EDGE('',*,*,#2742,.T.);
#3696=ORIENTED_EDGE('',*,*,#2836,.F.);
#3697=ORIENTED_EDGE('',*,*,#2837,.F.);
#3698=ORIENTED_EDGE('',*,*,#2834,.T.);
#3699=ORIENTED_EDGE('',*,*,#2741,.T.);
#3700=ORIENTED_EDGE('',*,*,#2838,.F.);
#3701=ORIENTED_EDGE('',*,*,#2839,.T.);
#3702=ORIENTED_EDGE('',*,*,#2836,.T.);
#3703=ORIENTED_EDGE('',*,*,#2740,.T.);
#3704=ORIENTED_EDGE('',*,*,#2840,.F.);
#3705=ORIENTED_EDGE('',*,*,#2841,.T.);
#3706=ORIENTED_EDGE('',*,*,#2838,.T.);
#3707=ORIENTED_EDGE('',*,*,#2739,.T.);
#3708=ORIENTED_EDGE('',*,*,#2842,.F.);
#3709=ORIENTED_EDGE('',*,*,#2843,.F.);
#3710=ORIENTED_EDGE('',*,*,#2840,.T.);
#3711=ORIENTED_EDGE('',*,*,#2738,.T.);
#3712=ORIENTED_EDGE('',*,*,#2844,.F.);
#3713=ORIENTED_EDGE('',*,*,#2845,.F.);
#3714=ORIENTED_EDGE('',*,*,#2842,.T.);
#3715=ORIENTED_EDGE('',*,*,#2737,.T.);
#3716=ORIENTED_EDGE('',*,*,#2846,.F.);
#3717=ORIENTED_EDGE('',*,*,#2847,.T.);
#3718=ORIENTED_EDGE('',*,*,#2844,.T.);
#3719=ORIENTED_EDGE('',*,*,#2736,.T.);
#3720=ORIENTED_EDGE('',*,*,#2848,.F.);
#3721=ORIENTED_EDGE('',*,*,#2849,.T.);
#3722=ORIENTED_EDGE('',*,*,#2846,.T.);
#3723=ORIENTED_EDGE('',*,*,#2735,.T.);
#3724=ORIENTED_EDGE('',*,*,#2850,.F.);
#3725=ORIENTED_EDGE('',*,*,#2851,.F.);
#3726=ORIENTED_EDGE('',*,*,#2848,.T.);
#3727=ORIENTED_EDGE('',*,*,#2734,.T.);
#3728=ORIENTED_EDGE('',*,*,#2852,.F.);
#3729=ORIENTED_EDGE('',*,*,#2853,.F.);
#3730=ORIENTED_EDGE('',*,*,#2850,.T.);
#3731=ORIENTED_EDGE('',*,*,#2733,.T.);
#3732=ORIENTED_EDGE('',*,*,#2854,.F.);
#3733=ORIENTED_EDGE('',*,*,#2855,.T.);
#3734=ORIENTED_EDGE('',*,*,#2852,.T.);
#3735=ORIENTED_EDGE('',*,*,#2732,.T.);
#3736=ORIENTED_EDGE('',*,*,#2856,.F.);
#3737=ORIENTED_EDGE('',*,*,#2857,.T.);
#3738=ORIENTED_EDGE('',*,*,#2854,.T.);
#3739=ORIENTED_EDGE('',*,*,#2731,.T.);
#3740=ORIENTED_EDGE('',*,*,#2858,.F.);
#3741=ORIENTED_EDGE('',*,*,#2859,.F.);
#3742=ORIENTED_EDGE('',*,*,#2856,.T.);
#3743=ORIENTED_EDGE('',*,*,#2730,.T.);
#3744=ORIENTED_EDGE('',*,*,#2860,.F.);
#3745=ORIENTED_EDGE('',*,*,#2861,.F.);
#3746=ORIENTED_EDGE('',*,*,#2858,.T.);
#3747=ORIENTED_EDGE('',*,*,#2729,.T.);
#3748=ORIENTED_EDGE('',*,*,#2862,.F.);
#3749=ORIENTED_EDGE('',*,*,#2863,.T.);
#3750=ORIENTED_EDGE('',*,*,#2860,.T.);
#3751=ORIENTED_EDGE('',*,*,#2728,.T.);
#3752=ORIENTED_EDGE('',*,*,#2864,.F.);
#3753=ORIENTED_EDGE('',*,*,#2865,.T.);
#3754=ORIENTED_EDGE('',*,*,#2862,.T.);
#3755=ORIENTED_EDGE('',*,*,#2727,.T.);
#3756=ORIENTED_EDGE('',*,*,#2866,.F.);
#3757=ORIENTED_EDGE('',*,*,#2867,.F.);
#3758=ORIENTED_EDGE('',*,*,#2864,.T.);
#3759=ORIENTED_EDGE('',*,*,#2726,.T.);
#3760=ORIENTED_EDGE('',*,*,#2868,.F.);
#3761=ORIENTED_EDGE('',*,*,#2869,.F.);
#3762=ORIENTED_EDGE('',*,*,#2866,.T.);
#3763=ORIENTED_EDGE('',*,*,#2796,.T.);
#3764=ORIENTED_EDGE('',*,*,#2870,.T.);
#3765=ORIENTED_EDGE('',*,*,#2871,.F.);
#3766=ORIENTED_EDGE('',*,*,#2870,.F.);
#3767=ORIENTED_EDGE('',*,*,#2795,.T.);
#3768=ORIENTED_EDGE('',*,*,#2872,.F.);
#3769=ORIENTED_EDGE('',*,*,#2873,.F.);
#3770=ORIENTED_EDGE('',*,*,#2874,.T.);
#3771=ORIENTED_EDGE('',*,*,#2794,.T.);
#3772=ORIENTED_EDGE('',*,*,#2875,.F.);
#3773=ORIENTED_EDGE('',*,*,#2876,.F.);
#3774=ORIENTED_EDGE('',*,*,#2872,.T.);
#3775=ORIENTED_EDGE('',*,*,#2793,.T.);
#3776=ORIENTED_EDGE('',*,*,#2877,.F.);
#3777=ORIENTED_EDGE('',*,*,#2878,.T.);
#3778=ORIENTED_EDGE('',*,*,#2875,.T.);
#3779=ORIENTED_EDGE('',*,*,#2792,.T.);
#3780=ORIENTED_EDGE('',*,*,#2879,.F.);
#3781=ORIENTED_EDGE('',*,*,#2880,.T.);
#3782=ORIENTED_EDGE('',*,*,#2877,.T.);
#3783=ORIENTED_EDGE('',*,*,#2791,.T.);
#3784=ORIENTED_EDGE('',*,*,#2881,.F.);
#3785=ORIENTED_EDGE('',*,*,#2882,.F.);
#3786=ORIENTED_EDGE('',*,*,#2879,.T.);
#3787=ORIENTED_EDGE('',*,*,#2790,.T.);
#3788=ORIENTED_EDGE('',*,*,#2883,.F.);
#3789=ORIENTED_EDGE('',*,*,#2884,.F.);
#3790=ORIENTED_EDGE('',*,*,#2881,.T.);
#3791=ORIENTED_EDGE('',*,*,#2789,.T.);
#3792=ORIENTED_EDGE('',*,*,#2885,.F.);
#3793=ORIENTED_EDGE('',*,*,#2886,.T.);
#3794=ORIENTED_EDGE('',*,*,#2883,.T.);
#3795=ORIENTED_EDGE('',*,*,#2788,.T.);
#3796=ORIENTED_EDGE('',*,*,#2887,.F.);
#3797=ORIENTED_EDGE('',*,*,#2888,.T.);
#3798=ORIENTED_EDGE('',*,*,#2885,.T.);
#3799=ORIENTED_EDGE('',*,*,#2787,.T.);
#3800=ORIENTED_EDGE('',*,*,#2889,.F.);
#3801=ORIENTED_EDGE('',*,*,#2890,.F.);
#3802=ORIENTED_EDGE('',*,*,#2887,.T.);
#3803=ORIENTED_EDGE('',*,*,#2786,.T.);
#3804=ORIENTED_EDGE('',*,*,#2891,.F.);
#3805=ORIENTED_EDGE('',*,*,#2892,.F.);
#3806=ORIENTED_EDGE('',*,*,#2889,.T.);
#3807=ORIENTED_EDGE('',*,*,#2785,.T.);
#3808=ORIENTED_EDGE('',*,*,#2893,.F.);
#3809=ORIENTED_EDGE('',*,*,#2894,.T.);
#3810=ORIENTED_EDGE('',*,*,#2891,.T.);
#3811=ORIENTED_EDGE('',*,*,#2784,.T.);
#3812=ORIENTED_EDGE('',*,*,#2895,.F.);
#3813=ORIENTED_EDGE('',*,*,#2896,.T.);
#3814=ORIENTED_EDGE('',*,*,#2893,.T.);
#3815=ORIENTED_EDGE('',*,*,#2783,.T.);
#3816=ORIENTED_EDGE('',*,*,#2897,.F.);
#3817=ORIENTED_EDGE('',*,*,#2898,.F.);
#3818=ORIENTED_EDGE('',*,*,#2895,.T.);
#3819=ORIENTED_EDGE('',*,*,#2782,.T.);
#3820=ORIENTED_EDGE('',*,*,#2899,.F.);
#3821=ORIENTED_EDGE('',*,*,#2900,.F.);
#3822=ORIENTED_EDGE('',*,*,#2897,.T.);
#3823=ORIENTED_EDGE('',*,*,#2781,.T.);
#3824=ORIENTED_EDGE('',*,*,#2901,.F.);
#3825=ORIENTED_EDGE('',*,*,#2902,.T.);
#3826=ORIENTED_EDGE('',*,*,#2899,.T.);
#3827=ORIENTED_EDGE('',*,*,#2780,.T.);
#3828=ORIENTED_EDGE('',*,*,#2903,.F.);
#3829=ORIENTED_EDGE('',*,*,#2904,.T.);
#3830=ORIENTED_EDGE('',*,*,#2901,.T.);
#3831=ORIENTED_EDGE('',*,*,#2779,.T.);
#3832=ORIENTED_EDGE('',*,*,#2905,.F.);
#3833=ORIENTED_EDGE('',*,*,#2906,.F.);
#3834=ORIENTED_EDGE('',*,*,#2903,.T.);
#3835=ORIENTED_EDGE('',*,*,#2778,.T.);
#3836=ORIENTED_EDGE('',*,*,#2907,.F.);
#3837=ORIENTED_EDGE('',*,*,#2908,.F.);
#3838=ORIENTED_EDGE('',*,*,#2905,.T.);
#3839=ORIENTED_EDGE('',*,*,#2777,.T.);
#3840=ORIENTED_EDGE('',*,*,#2909,.F.);
#3841=ORIENTED_EDGE('',*,*,#2910,.T.);
#3842=ORIENTED_EDGE('',*,*,#2907,.T.);
#3843=ORIENTED_EDGE('',*,*,#2776,.T.);
#3844=ORIENTED_EDGE('',*,*,#2911,.F.);
#3845=ORIENTED_EDGE('',*,*,#2912,.T.);
#3846=ORIENTED_EDGE('',*,*,#2909,.T.);
#3847=ORIENTED_EDGE('',*,*,#2775,.T.);
#3848=ORIENTED_EDGE('',*,*,#2913,.F.);
#3849=ORIENTED_EDGE('',*,*,#2914,.F.);
#3850=ORIENTED_EDGE('',*,*,#2911,.T.);
#3851=ORIENTED_EDGE('',*,*,#2774,.T.);
#3852=ORIENTED_EDGE('',*,*,#2915,.F.);
#3853=ORIENTED_EDGE('',*,*,#2916,.F.);
#3854=ORIENTED_EDGE('',*,*,#2913,.T.);
#3855=ORIENTED_EDGE('',*,*,#2773,.T.);
#3856=ORIENTED_EDGE('',*,*,#2917,.F.);
#3857=ORIENTED_EDGE('',*,*,#2918,.T.);
#3858=ORIENTED_EDGE('',*,*,#2915,.T.);
#3859=ORIENTED_EDGE('',*,*,#2772,.T.);
#3860=ORIENTED_EDGE('',*,*,#2919,.F.);
#3861=ORIENTED_EDGE('',*,*,#2920,.T.);
#3862=ORIENTED_EDGE('',*,*,#2917,.T.);
#3863=ORIENTED_EDGE('',*,*,#2771,.T.);
#3864=ORIENTED_EDGE('',*,*,#2921,.F.);
#3865=ORIENTED_EDGE('',*,*,#2922,.F.);
#3866=ORIENTED_EDGE('',*,*,#2919,.T.);
#3867=ORIENTED_EDGE('',*,*,#2770,.T.);
#3868=ORIENTED_EDGE('',*,*,#2923,.F.);
#3869=ORIENTED_EDGE('',*,*,#2924,.F.);
#3870=ORIENTED_EDGE('',*,*,#2921,.T.);
#3871=ORIENTED_EDGE('',*,*,#2769,.T.);
#3872=ORIENTED_EDGE('',*,*,#2925,.F.);
#3873=ORIENTED_EDGE('',*,*,#2926,.T.);
#3874=ORIENTED_EDGE('',*,*,#2923,.T.);
#3875=ORIENTED_EDGE('',*,*,#2768,.T.);
#3876=ORIENTED_EDGE('',*,*,#2927,.F.);
#3877=ORIENTED_EDGE('',*,*,#2928,.T.);
#3878=ORIENTED_EDGE('',*,*,#2925,.T.);
#3879=ORIENTED_EDGE('',*,*,#2767,.T.);
#3880=ORIENTED_EDGE('',*,*,#2929,.F.);
#3881=ORIENTED_EDGE('',*,*,#2930,.F.);
#3882=ORIENTED_EDGE('',*,*,#2927,.T.);
#3883=ORIENTED_EDGE('',*,*,#2766,.T.);
#3884=ORIENTED_EDGE('',*,*,#2931,.F.);
#3885=ORIENTED_EDGE('',*,*,#2932,.F.);
#3886=ORIENTED_EDGE('',*,*,#2929,.T.);
#3887=ORIENTED_EDGE('',*,*,#2765,.T.);
#3888=ORIENTED_EDGE('',*,*,#2933,.F.);
#3889=ORIENTED_EDGE('',*,*,#2934,.T.);
#3890=ORIENTED_EDGE('',*,*,#2931,.T.);
#3891=ORIENTED_EDGE('',*,*,#2764,.T.);
#3892=ORIENTED_EDGE('',*,*,#2935,.F.);
#3893=ORIENTED_EDGE('',*,*,#2936,.T.);
#3894=ORIENTED_EDGE('',*,*,#2933,.T.);
#3895=ORIENTED_EDGE('',*,*,#2763,.T.);
#3896=ORIENTED_EDGE('',*,*,#2937,.F.);
#3897=ORIENTED_EDGE('',*,*,#2938,.F.);
#3898=ORIENTED_EDGE('',*,*,#2935,.T.);
#3899=ORIENTED_EDGE('',*,*,#2762,.T.);
#3900=ORIENTED_EDGE('',*,*,#2799,.F.);
#3901=ORIENTED_EDGE('',*,*,#2939,.F.);
#3902=ORIENTED_EDGE('',*,*,#2937,.T.);
#3903=ORIENTED_EDGE('',*,*,#2725,.T.);
#3904=ORIENTED_EDGE('',*,*,#2940,.F.);
#3905=ORIENTED_EDGE('',*,*,#2941,.T.);
#3906=ORIENTED_EDGE('',*,*,#2868,.T.);
#3907=ORIENTED_EDGE('',*,*,#2724,.T.);
#3908=ORIENTED_EDGE('',*,*,#2874,.F.);
#3909=ORIENTED_EDGE('',*,*,#2942,.T.);
#3910=ORIENTED_EDGE('',*,*,#2940,.T.);
#3911=ORIENTED_EDGE('',*,*,#2942,.F.);
#3912=ORIENTED_EDGE('',*,*,#2873,.T.);
#3913=ORIENTED_EDGE('',*,*,#2876,.T.);
#3914=ORIENTED_EDGE('',*,*,#2878,.F.);
#3915=ORIENTED_EDGE('',*,*,#2880,.F.);
#3916=ORIENTED_EDGE('',*,*,#2882,.T.);
#3917=ORIENTED_EDGE('',*,*,#2884,.T.);
#3918=ORIENTED_EDGE('',*,*,#2886,.F.);
#3919=ORIENTED_EDGE('',*,*,#2888,.F.);
#3920=ORIENTED_EDGE('',*,*,#2890,.T.);
#3921=ORIENTED_EDGE('',*,*,#2892,.T.);
#3922=ORIENTED_EDGE('',*,*,#2894,.F.);
#3923=ORIENTED_EDGE('',*,*,#2896,.F.);
#3924=ORIENTED_EDGE('',*,*,#2898,.T.);
#3925=ORIENTED_EDGE('',*,*,#2900,.T.);
#3926=ORIENTED_EDGE('',*,*,#2902,.F.);
#3927=ORIENTED_EDGE('',*,*,#2904,.F.);
#3928=ORIENTED_EDGE('',*,*,#2906,.T.);
#3929=ORIENTED_EDGE('',*,*,#2908,.T.);
#3930=ORIENTED_EDGE('',*,*,#2910,.F.);
#3931=ORIENTED_EDGE('',*,*,#2912,.F.);
#3932=ORIENTED_EDGE('',*,*,#2914,.T.);
#3933=ORIENTED_EDGE('',*,*,#2916,.T.);
#3934=ORIENTED_EDGE('',*,*,#2918,.F.);
#3935=ORIENTED_EDGE('',*,*,#2920,.F.);
#3936=ORIENTED_EDGE('',*,*,#2922,.T.);
#3937=ORIENTED_EDGE('',*,*,#2924,.T.);
#3938=ORIENTED_EDGE('',*,*,#2926,.F.);
#3939=ORIENTED_EDGE('',*,*,#2928,.F.);
#3940=ORIENTED_EDGE('',*,*,#2930,.T.);
#3941=ORIENTED_EDGE('',*,*,#2932,.T.);
#3942=ORIENTED_EDGE('',*,*,#2934,.F.);
#3943=ORIENTED_EDGE('',*,*,#2936,.F.);
#3944=ORIENTED_EDGE('',*,*,#2938,.T.);
#3945=ORIENTED_EDGE('',*,*,#2939,.T.);
#3946=ORIENTED_EDGE('',*,*,#2798,.F.);
#3947=ORIENTED_EDGE('',*,*,#2801,.F.);
#3948=ORIENTED_EDGE('',*,*,#2803,.T.);
#3949=ORIENTED_EDGE('',*,*,#2805,.T.);
#3950=ORIENTED_EDGE('',*,*,#2807,.F.);
#3951=ORIENTED_EDGE('',*,*,#2809,.F.);
#3952=ORIENTED_EDGE('',*,*,#2811,.T.);
#3953=ORIENTED_EDGE('',*,*,#2813,.T.);
#3954=ORIENTED_EDGE('',*,*,#2815,.F.);
#3955=ORIENTED_EDGE('',*,*,#2817,.F.);
#3956=ORIENTED_EDGE('',*,*,#2819,.T.);
#3957=ORIENTED_EDGE('',*,*,#2821,.T.);
#3958=ORIENTED_EDGE('',*,*,#2823,.F.);
#3959=ORIENTED_EDGE('',*,*,#2825,.F.);
#3960=ORIENTED_EDGE('',*,*,#2827,.T.);
#3961=ORIENTED_EDGE('',*,*,#2829,.T.);
#3962=ORIENTED_EDGE('',*,*,#2831,.F.);
#3963=ORIENTED_EDGE('',*,*,#2833,.F.);
#3964=ORIENTED_EDGE('',*,*,#2835,.T.);
#3965=ORIENTED_EDGE('',*,*,#2837,.T.);
#3966=ORIENTED_EDGE('',*,*,#2839,.F.);
#3967=ORIENTED_EDGE('',*,*,#2841,.F.);
#3968=ORIENTED_EDGE('',*,*,#2843,.T.);
#3969=ORIENTED_EDGE('',*,*,#2845,.T.);
#3970=ORIENTED_EDGE('',*,*,#2847,.F.);
#3971=ORIENTED_EDGE('',*,*,#2849,.F.);
#3972=ORIENTED_EDGE('',*,*,#2851,.T.);
#3973=ORIENTED_EDGE('',*,*,#2853,.T.);
#3974=ORIENTED_EDGE('',*,*,#2855,.F.);
#3975=ORIENTED_EDGE('',*,*,#2857,.F.);
#3976=ORIENTED_EDGE('',*,*,#2859,.T.);
#3977=ORIENTED_EDGE('',*,*,#2861,.T.);
#3978=ORIENTED_EDGE('',*,*,#2863,.F.);
#3979=ORIENTED_EDGE('',*,*,#2865,.F.);
#3980=ORIENTED_EDGE('',*,*,#2867,.T.);
#3981=ORIENTED_EDGE('',*,*,#2869,.T.);
#3982=ORIENTED_EDGE('',*,*,#2941,.F.);
#3983=ORIENTED_EDGE('',*,*,#2871,.T.);
#3984=ORIENTED_EDGE('',*,*,#2943,.F.);
#3985=ORIENTED_EDGE('',*,*,#2944,.T.);
#3986=ORIENTED_EDGE('',*,*,#2945,.F.);
#3987=ORIENTED_EDGE('',*,*,#2944,.F.);
#3988=ORIENTED_EDGE('',*,*,#2946,.F.);
#3989=ORIENTED_EDGE('',*,*,#2947,.F.);
#3990=ORIENTED_EDGE('',*,*,#2948,.F.);
#3991=ORIENTED_EDGE('',*,*,#2949,.F.);
#3992=ORIENTED_EDGE('',*,*,#2950,.F.);
#3993=ORIENTED_EDGE('',*,*,#2951,.F.);
#3994=ORIENTED_EDGE('',*,*,#2952,.F.);
#3995=ORIENTED_EDGE('',*,*,#2953,.F.);
#3996=ORIENTED_EDGE('',*,*,#2954,.F.);
#3997=ORIENTED_EDGE('',*,*,#2955,.F.);
#3998=ORIENTED_EDGE('',*,*,#2956,.F.);
#3999=ORIENTED_EDGE('',*,*,#2957,.F.);
#4000=ORIENTED_EDGE('',*,*,#2958,.F.);
#4001=ORIENTED_EDGE('',*,*,#2959,.F.);
#4002=ORIENTED_EDGE('',*,*,#2960,.F.);
#4003=ORIENTED_EDGE('',*,*,#2961,.F.);
#4004=ORIENTED_EDGE('',*,*,#2962,.F.);
#4005=ORIENTED_EDGE('',*,*,#2963,.F.);
#4006=ORIENTED_EDGE('',*,*,#2945,.T.);
#4007=ORIENTED_EDGE('',*,*,#2964,.F.);
#4008=ORIENTED_EDGE('',*,*,#2965,.T.);
#4009=ORIENTED_EDGE('',*,*,#2947,.T.);
#4010=ORIENTED_EDGE('',*,*,#2966,.F.);
#4011=ORIENTED_EDGE('',*,*,#2967,.F.);
#4012=ORIENTED_EDGE('',*,*,#2968,.T.);
#4013=ORIENTED_EDGE('',*,*,#2948,.T.);
#4014=ORIENTED_EDGE('',*,*,#2965,.F.);
#4015=ORIENTED_EDGE('',*,*,#2969,.F.);
#4016=ORIENTED_EDGE('',*,*,#2970,.T.);
#4017=ORIENTED_EDGE('',*,*,#2949,.T.);
#4018=ORIENTED_EDGE('',*,*,#2968,.F.);
#4019=ORIENTED_EDGE('',*,*,#2971,.F.);
#4020=ORIENTED_EDGE('',*,*,#2972,.T.);
#4021=ORIENTED_EDGE('',*,*,#2950,.T.);
#4022=ORIENTED_EDGE('',*,*,#2970,.F.);
#4023=ORIENTED_EDGE('',*,*,#2973,.F.);
#4024=ORIENTED_EDGE('',*,*,#2974,.T.);
#4025=ORIENTED_EDGE('',*,*,#2951,.T.);
#4026=ORIENTED_EDGE('',*,*,#2972,.F.);
#4027=ORIENTED_EDGE('',*,*,#2975,.F.);
#4028=ORIENTED_EDGE('',*,*,#2976,.T.);
#4029=ORIENTED_EDGE('',*,*,#2952,.T.);
#4030=ORIENTED_EDGE('',*,*,#2974,.F.);
#4031=ORIENTED_EDGE('',*,*,#2977,.F.);
#4032=ORIENTED_EDGE('',*,*,#2978,.T.);
#4033=ORIENTED_EDGE('',*,*,#2953,.T.);
#4034=ORIENTED_EDGE('',*,*,#2976,.F.);
#4035=ORIENTED_EDGE('',*,*,#2979,.F.);
#4036=ORIENTED_EDGE('',*,*,#2980,.T.);
#4037=ORIENTED_EDGE('',*,*,#2954,.T.);
#4038=ORIENTED_EDGE('',*,*,#2978,.F.);
#4039=ORIENTED_EDGE('',*,*,#2981,.F.);
#4040=ORIENTED_EDGE('',*,*,#2982,.T.);
#4041=ORIENTED_EDGE('',*,*,#2955,.T.);
#4042=ORIENTED_EDGE('',*,*,#2980,.F.);
#4043=ORIENTED_EDGE('',*,*,#2983,.F.);
#4044=ORIENTED_EDGE('',*,*,#2984,.T.);
#4045=ORIENTED_EDGE('',*,*,#2956,.T.);
#4046=ORIENTED_EDGE('',*,*,#2982,.F.);
#4047=ORIENTED_EDGE('',*,*,#2985,.F.);
#4048=ORIENTED_EDGE('',*,*,#2986,.T.);
#4049=ORIENTED_EDGE('',*,*,#2957,.T.);
#4050=ORIENTED_EDGE('',*,*,#2984,.F.);
#4051=ORIENTED_EDGE('',*,*,#2987,.F.);
#4052=ORIENTED_EDGE('',*,*,#2988,.T.);
#4053=ORIENTED_EDGE('',*,*,#2958,.T.);
#4054=ORIENTED_EDGE('',*,*,#2986,.F.);
#4055=ORIENTED_EDGE('',*,*,#2989,.F.);
#4056=ORIENTED_EDGE('',*,*,#2990,.T.);
#4057=ORIENTED_EDGE('',*,*,#2959,.T.);
#4058=ORIENTED_EDGE('',*,*,#2988,.F.);
#4059=ORIENTED_EDGE('',*,*,#2991,.F.);
#4060=ORIENTED_EDGE('',*,*,#2992,.T.);
#4061=ORIENTED_EDGE('',*,*,#2960,.T.);
#4062=ORIENTED_EDGE('',*,*,#2990,.F.);
#4063=ORIENTED_EDGE('',*,*,#2993,.F.);
#4064=ORIENTED_EDGE('',*,*,#2994,.T.);
#4065=ORIENTED_EDGE('',*,*,#2961,.T.);
#4066=ORIENTED_EDGE('',*,*,#2992,.F.);
#4067=ORIENTED_EDGE('',*,*,#2995,.F.);
#4068=ORIENTED_EDGE('',*,*,#2996,.T.);
#4069=ORIENTED_EDGE('',*,*,#2962,.T.);
#4070=ORIENTED_EDGE('',*,*,#2994,.F.);
#4071=ORIENTED_EDGE('',*,*,#2997,.F.);
#4072=ORIENTED_EDGE('',*,*,#2998,.T.);
#4073=ORIENTED_EDGE('',*,*,#2963,.T.);
#4074=ORIENTED_EDGE('',*,*,#2996,.F.);
#4075=ORIENTED_EDGE('',*,*,#2999,.F.);
#4076=ORIENTED_EDGE('',*,*,#2966,.T.);
#4077=ORIENTED_EDGE('',*,*,#2946,.T.);
#4078=ORIENTED_EDGE('',*,*,#2998,.F.);
#4079=ORIENTED_EDGE('',*,*,#3000,.F.);
#4080=ORIENTED_EDGE('',*,*,#3001,.T.);
#4081=ORIENTED_EDGE('',*,*,#3002,.F.);
#4082=ORIENTED_EDGE('',*,*,#3003,.F.);
#4083=ORIENTED_EDGE('',*,*,#3004,.F.);
#4084=ORIENTED_EDGE('',*,*,#3003,.T.);
#4085=ORIENTED_EDGE('',*,*,#3005,.F.);
#4086=ORIENTED_EDGE('',*,*,#3006,.F.);
#4087=ORIENTED_EDGE('',*,*,#3007,.T.);
#4088=ORIENTED_EDGE('',*,*,#3006,.T.);
#4089=ORIENTED_EDGE('',*,*,#3008,.F.);
#4090=ORIENTED_EDGE('',*,*,#3009,.F.);
#4091=ORIENTED_EDGE('',*,*,#3010,.T.);
#4092=ORIENTED_EDGE('',*,*,#3009,.T.);
#4093=ORIENTED_EDGE('',*,*,#3011,.F.);
#4094=ORIENTED_EDGE('',*,*,#3012,.F.);
#4095=ORIENTED_EDGE('',*,*,#3013,.F.);
#4096=ORIENTED_EDGE('',*,*,#3012,.T.);
#4097=ORIENTED_EDGE('',*,*,#3014,.F.);
#4098=ORIENTED_EDGE('',*,*,#3015,.F.);
#4099=ORIENTED_EDGE('',*,*,#3016,.F.);
#4100=ORIENTED_EDGE('',*,*,#3015,.T.);
#4101=ORIENTED_EDGE('',*,*,#3017,.F.);
#4102=ORIENTED_EDGE('',*,*,#3018,.F.);
#4103=ORIENTED_EDGE('',*,*,#3019,.T.);
#4104=ORIENTED_EDGE('',*,*,#3018,.T.);
#4105=ORIENTED_EDGE('',*,*,#3020,.F.);
#4106=ORIENTED_EDGE('',*,*,#3021,.F.);
#4107=ORIENTED_EDGE('',*,*,#3022,.T.);
#4108=ORIENTED_EDGE('',*,*,#3021,.T.);
#4109=ORIENTED_EDGE('',*,*,#3023,.F.);
#4110=ORIENTED_EDGE('',*,*,#3024,.F.);
#4111=ORIENTED_EDGE('',*,*,#3025,.F.);
#4112=ORIENTED_EDGE('',*,*,#3024,.T.);
#4113=ORIENTED_EDGE('',*,*,#3026,.F.);
#4114=ORIENTED_EDGE('',*,*,#3027,.F.);
#4115=ORIENTED_EDGE('',*,*,#3028,.F.);
#4116=ORIENTED_EDGE('',*,*,#3027,.T.);
#4117=ORIENTED_EDGE('',*,*,#3029,.F.);
#4118=ORIENTED_EDGE('',*,*,#3030,.F.);
#4119=ORIENTED_EDGE('',*,*,#3031,.T.);
#4120=ORIENTED_EDGE('',*,*,#3030,.T.);
#4121=ORIENTED_EDGE('',*,*,#3032,.F.);
#4122=ORIENTED_EDGE('',*,*,#3033,.F.);
#4123=ORIENTED_EDGE('',*,*,#3034,.T.);
#4124=ORIENTED_EDGE('',*,*,#3033,.T.);
#4125=ORIENTED_EDGE('',*,*,#3035,.F.);
#4126=ORIENTED_EDGE('',*,*,#3036,.F.);
#4127=ORIENTED_EDGE('',*,*,#3037,.F.);
#4128=ORIENTED_EDGE('',*,*,#3036,.T.);
#4129=ORIENTED_EDGE('',*,*,#3038,.F.);
#4130=ORIENTED_EDGE('',*,*,#3039,.F.);
#4131=ORIENTED_EDGE('',*,*,#3040,.F.);
#4132=ORIENTED_EDGE('',*,*,#3039,.T.);
#4133=ORIENTED_EDGE('',*,*,#3041,.F.);
#4134=ORIENTED_EDGE('',*,*,#3042,.F.);
#4135=ORIENTED_EDGE('',*,*,#3043,.T.);
#4136=ORIENTED_EDGE('',*,*,#3042,.T.);
#4137=ORIENTED_EDGE('',*,*,#3044,.F.);
#4138=ORIENTED_EDGE('',*,*,#3045,.F.);
#4139=ORIENTED_EDGE('',*,*,#3046,.T.);
#4140=ORIENTED_EDGE('',*,*,#3045,.T.);
#4141=ORIENTED_EDGE('',*,*,#3047,.F.);
#4142=ORIENTED_EDGE('',*,*,#3048,.F.);
#4143=ORIENTED_EDGE('',*,*,#3049,.F.);
#4144=ORIENTED_EDGE('',*,*,#3048,.T.);
#4145=ORIENTED_EDGE('',*,*,#3050,.F.);
#4146=ORIENTED_EDGE('',*,*,#3051,.F.);
#4147=ORIENTED_EDGE('',*,*,#3052,.F.);
#4148=ORIENTED_EDGE('',*,*,#3051,.T.);
#4149=ORIENTED_EDGE('',*,*,#3053,.F.);
#4150=ORIENTED_EDGE('',*,*,#3054,.F.);
#4151=ORIENTED_EDGE('',*,*,#3055,.T.);
#4152=ORIENTED_EDGE('',*,*,#3054,.T.);
#4153=ORIENTED_EDGE('',*,*,#3056,.F.);
#4154=ORIENTED_EDGE('',*,*,#3057,.F.);
#4155=ORIENTED_EDGE('',*,*,#3058,.T.);
#4156=ORIENTED_EDGE('',*,*,#3057,.T.);
#4157=ORIENTED_EDGE('',*,*,#3059,.F.);
#4158=ORIENTED_EDGE('',*,*,#3060,.F.);
#4159=ORIENTED_EDGE('',*,*,#3061,.F.);
#4160=ORIENTED_EDGE('',*,*,#3060,.T.);
#4161=ORIENTED_EDGE('',*,*,#3062,.F.);
#4162=ORIENTED_EDGE('',*,*,#3063,.F.);
#4163=ORIENTED_EDGE('',*,*,#3064,.F.);
#4164=ORIENTED_EDGE('',*,*,#3063,.T.);
#4165=ORIENTED_EDGE('',*,*,#3065,.F.);
#4166=ORIENTED_EDGE('',*,*,#3066,.F.);
#4167=ORIENTED_EDGE('',*,*,#3067,.T.);
#4168=ORIENTED_EDGE('',*,*,#3066,.T.);
#4169=ORIENTED_EDGE('',*,*,#3068,.F.);
#4170=ORIENTED_EDGE('',*,*,#3069,.F.);
#4171=ORIENTED_EDGE('',*,*,#3070,.T.);
#4172=ORIENTED_EDGE('',*,*,#3069,.T.);
#4173=ORIENTED_EDGE('',*,*,#3071,.F.);
#4174=ORIENTED_EDGE('',*,*,#3072,.F.);
#4175=ORIENTED_EDGE('',*,*,#3073,.F.);
#4176=ORIENTED_EDGE('',*,*,#3072,.T.);
#4177=ORIENTED_EDGE('',*,*,#3074,.F.);
#4178=ORIENTED_EDGE('',*,*,#3075,.F.);
#4179=ORIENTED_EDGE('',*,*,#3076,.F.);
#4180=ORIENTED_EDGE('',*,*,#3075,.T.);
#4181=ORIENTED_EDGE('',*,*,#3077,.F.);
#4182=ORIENTED_EDGE('',*,*,#3078,.F.);
#4183=ORIENTED_EDGE('',*,*,#3079,.T.);
#4184=ORIENTED_EDGE('',*,*,#3078,.T.);
#4185=ORIENTED_EDGE('',*,*,#3080,.F.);
#4186=ORIENTED_EDGE('',*,*,#3081,.F.);
#4187=ORIENTED_EDGE('',*,*,#3082,.T.);
#4188=ORIENTED_EDGE('',*,*,#3081,.T.);
#4189=ORIENTED_EDGE('',*,*,#3083,.F.);
#4190=ORIENTED_EDGE('',*,*,#3084,.F.);
#4191=ORIENTED_EDGE('',*,*,#3085,.F.);
#4192=ORIENTED_EDGE('',*,*,#3084,.T.);
#4193=ORIENTED_EDGE('',*,*,#3086,.F.);
#4194=ORIENTED_EDGE('',*,*,#3087,.F.);
#4195=ORIENTED_EDGE('',*,*,#3088,.F.);
#4196=ORIENTED_EDGE('',*,*,#3087,.T.);
#4197=ORIENTED_EDGE('',*,*,#3089,.F.);
#4198=ORIENTED_EDGE('',*,*,#3090,.F.);
#4199=ORIENTED_EDGE('',*,*,#3091,.T.);
#4200=ORIENTED_EDGE('',*,*,#3090,.T.);
#4201=ORIENTED_EDGE('',*,*,#3092,.F.);
#4202=ORIENTED_EDGE('',*,*,#3093,.F.);
#4203=ORIENTED_EDGE('',*,*,#3094,.T.);
#4204=ORIENTED_EDGE('',*,*,#3093,.T.);
#4205=ORIENTED_EDGE('',*,*,#3095,.F.);
#4206=ORIENTED_EDGE('',*,*,#3096,.F.);
#4207=ORIENTED_EDGE('',*,*,#3097,.F.);
#4208=ORIENTED_EDGE('',*,*,#3096,.T.);
#4209=ORIENTED_EDGE('',*,*,#3098,.F.);
#4210=ORIENTED_EDGE('',*,*,#3099,.F.);
#4211=ORIENTED_EDGE('',*,*,#3100,.F.);
#4212=ORIENTED_EDGE('',*,*,#3099,.T.);
#4213=ORIENTED_EDGE('',*,*,#3101,.F.);
#4214=ORIENTED_EDGE('',*,*,#3102,.F.);
#4215=ORIENTED_EDGE('',*,*,#3103,.T.);
#4216=ORIENTED_EDGE('',*,*,#3102,.T.);
#4217=ORIENTED_EDGE('',*,*,#3104,.F.);
#4218=ORIENTED_EDGE('',*,*,#3105,.F.);
#4219=ORIENTED_EDGE('',*,*,#3106,.T.);
#4220=ORIENTED_EDGE('',*,*,#3105,.T.);
#4221=ORIENTED_EDGE('',*,*,#3107,.F.);
#4222=ORIENTED_EDGE('',*,*,#3001,.F.);
#4223=ORIENTED_EDGE('',*,*,#3107,.T.);
#4224=ORIENTED_EDGE('',*,*,#3104,.T.);
#4225=ORIENTED_EDGE('',*,*,#3101,.T.);
#4226=ORIENTED_EDGE('',*,*,#3098,.T.);
#4227=ORIENTED_EDGE('',*,*,#3095,.T.);
#4228=ORIENTED_EDGE('',*,*,#3092,.T.);
#4229=ORIENTED_EDGE('',*,*,#3089,.T.);
#4230=ORIENTED_EDGE('',*,*,#3086,.T.);
#4231=ORIENTED_EDGE('',*,*,#3083,.T.);
#4232=ORIENTED_EDGE('',*,*,#3080,.T.);
#4233=ORIENTED_EDGE('',*,*,#3077,.T.);
#4234=ORIENTED_EDGE('',*,*,#3074,.T.);
#4235=ORIENTED_EDGE('',*,*,#3071,.T.);
#4236=ORIENTED_EDGE('',*,*,#3068,.T.);
#4237=ORIENTED_EDGE('',*,*,#3065,.T.);
#4238=ORIENTED_EDGE('',*,*,#3062,.T.);
#4239=ORIENTED_EDGE('',*,*,#3059,.T.);
#4240=ORIENTED_EDGE('',*,*,#3056,.T.);
#4241=ORIENTED_EDGE('',*,*,#3053,.T.);
#4242=ORIENTED_EDGE('',*,*,#3050,.T.);
#4243=ORIENTED_EDGE('',*,*,#3047,.T.);
#4244=ORIENTED_EDGE('',*,*,#3044,.T.);
#4245=ORIENTED_EDGE('',*,*,#3041,.T.);
#4246=ORIENTED_EDGE('',*,*,#3038,.T.);
#4247=ORIENTED_EDGE('',*,*,#3035,.T.);
#4248=ORIENTED_EDGE('',*,*,#3032,.T.);
#4249=ORIENTED_EDGE('',*,*,#3029,.T.);
#4250=ORIENTED_EDGE('',*,*,#3026,.T.);
#4251=ORIENTED_EDGE('',*,*,#3023,.T.);
#4252=ORIENTED_EDGE('',*,*,#3020,.T.);
#4253=ORIENTED_EDGE('',*,*,#3017,.T.);
#4254=ORIENTED_EDGE('',*,*,#3014,.T.);
#4255=ORIENTED_EDGE('',*,*,#3011,.T.);
#4256=ORIENTED_EDGE('',*,*,#3008,.T.);
#4257=ORIENTED_EDGE('',*,*,#3005,.T.);
#4258=ORIENTED_EDGE('',*,*,#3002,.T.);
#4259=ORIENTED_EDGE('',*,*,#2964,.T.);
#4260=ORIENTED_EDGE('',*,*,#2999,.T.);
#4261=ORIENTED_EDGE('',*,*,#2997,.T.);
#4262=ORIENTED_EDGE('',*,*,#2995,.T.);
#4263=ORIENTED_EDGE('',*,*,#2993,.T.);
#4264=ORIENTED_EDGE('',*,*,#2991,.T.);
#4265=ORIENTED_EDGE('',*,*,#2989,.T.);
#4266=ORIENTED_EDGE('',*,*,#2987,.T.);
#4267=ORIENTED_EDGE('',*,*,#2985,.T.);
#4268=ORIENTED_EDGE('',*,*,#2983,.T.);
#4269=ORIENTED_EDGE('',*,*,#2981,.T.);
#4270=ORIENTED_EDGE('',*,*,#2979,.T.);
#4271=ORIENTED_EDGE('',*,*,#2977,.T.);
#4272=ORIENTED_EDGE('',*,*,#2975,.T.);
#4273=ORIENTED_EDGE('',*,*,#2973,.T.);
#4274=ORIENTED_EDGE('',*,*,#2971,.T.);
#4275=ORIENTED_EDGE('',*,*,#2969,.T.);
#4276=ORIENTED_EDGE('',*,*,#2967,.T.);
#4277=ORIENTED_EDGE('',*,*,#3106,.F.);
#4278=ORIENTED_EDGE('',*,*,#3000,.T.);
#4279=ORIENTED_EDGE('',*,*,#3004,.T.);
#4280=ORIENTED_EDGE('',*,*,#3007,.F.);
#4281=ORIENTED_EDGE('',*,*,#3010,.F.);
#4282=ORIENTED_EDGE('',*,*,#3013,.T.);
#4283=ORIENTED_EDGE('',*,*,#3016,.T.);
#4284=ORIENTED_EDGE('',*,*,#3019,.F.);
#4285=ORIENTED_EDGE('',*,*,#3022,.F.);
#4286=ORIENTED_EDGE('',*,*,#3025,.T.);
#4287=ORIENTED_EDGE('',*,*,#3028,.T.);
#4288=ORIENTED_EDGE('',*,*,#3031,.F.);
#4289=ORIENTED_EDGE('',*,*,#3034,.F.);
#4290=ORIENTED_EDGE('',*,*,#3037,.T.);
#4291=ORIENTED_EDGE('',*,*,#3040,.T.);
#4292=ORIENTED_EDGE('',*,*,#3043,.F.);
#4293=ORIENTED_EDGE('',*,*,#3046,.F.);
#4294=ORIENTED_EDGE('',*,*,#3049,.T.);
#4295=ORIENTED_EDGE('',*,*,#3052,.T.);
#4296=ORIENTED_EDGE('',*,*,#3055,.F.);
#4297=ORIENTED_EDGE('',*,*,#3058,.F.);
#4298=ORIENTED_EDGE('',*,*,#3061,.T.);
#4299=ORIENTED_EDGE('',*,*,#3064,.T.);
#4300=ORIENTED_EDGE('',*,*,#3067,.F.);
#4301=ORIENTED_EDGE('',*,*,#3070,.F.);
#4302=ORIENTED_EDGE('',*,*,#3073,.T.);
#4303=ORIENTED_EDGE('',*,*,#3076,.T.);
#4304=ORIENTED_EDGE('',*,*,#3079,.F.);
#4305=ORIENTED_EDGE('',*,*,#3082,.F.);
#4306=ORIENTED_EDGE('',*,*,#3085,.T.);
#4307=ORIENTED_EDGE('',*,*,#3088,.T.);
#4308=ORIENTED_EDGE('',*,*,#3091,.F.);
#4309=ORIENTED_EDGE('',*,*,#3094,.F.);
#4310=ORIENTED_EDGE('',*,*,#3097,.T.);
#4311=ORIENTED_EDGE('',*,*,#3100,.T.);
#4312=ORIENTED_EDGE('',*,*,#3103,.F.);
#4313=ORIENTED_EDGE('',*,*,#2943,.T.);
#4314=ORIENTED_EDGE('',*,*,#3108,.F.);
#4315=ORIENTED_EDGE('',*,*,#3109,.F.);
#4316=ORIENTED_EDGE('',*,*,#3110,.F.);
#4317=ORIENTED_EDGE('',*,*,#3111,.F.);
#4318=ORIENTED_EDGE('',*,*,#3112,.F.);
#4319=ORIENTED_EDGE('',*,*,#3113,.F.);
#4320=ORIENTED_EDGE('',*,*,#3114,.F.);
#4321=ORIENTED_EDGE('',*,*,#3115,.F.);
#4322=ORIENTED_EDGE('',*,*,#3116,.F.);
#4323=ORIENTED_EDGE('',*,*,#3117,.F.);
#4324=ORIENTED_EDGE('',*,*,#3118,.F.);
#4325=ORIENTED_EDGE('',*,*,#3119,.F.);
#4326=ORIENTED_EDGE('',*,*,#3120,.F.);
#4327=ORIENTED_EDGE('',*,*,#3121,.F.);
#4328=ORIENTED_EDGE('',*,*,#3122,.F.);
#4329=ORIENTED_EDGE('',*,*,#3123,.F.);
#4330=ORIENTED_EDGE('',*,*,#3124,.F.);
#4331=ORIENTED_EDGE('',*,*,#3125,.F.);
#4332=ORIENTED_EDGE('',*,*,#3126,.F.);
#4333=ORIENTED_EDGE('',*,*,#3127,.F.);
#4334=ORIENTED_EDGE('',*,*,#3128,.F.);
#4335=ORIENTED_EDGE('',*,*,#3129,.F.);
#4336=ORIENTED_EDGE('',*,*,#3130,.F.);
#4337=ORIENTED_EDGE('',*,*,#3131,.F.);
#4338=ORIENTED_EDGE('',*,*,#3132,.F.);
#4339=ORIENTED_EDGE('',*,*,#3133,.F.);
#4340=ORIENTED_EDGE('',*,*,#3134,.F.);
#4341=ORIENTED_EDGE('',*,*,#3135,.F.);
#4342=ORIENTED_EDGE('',*,*,#3136,.F.);
#4343=ORIENTED_EDGE('',*,*,#3137,.F.);
#4344=ORIENTED_EDGE('',*,*,#3138,.F.);
#4345=ORIENTED_EDGE('',*,*,#3139,.F.);
#4346=ORIENTED_EDGE('',*,*,#3140,.F.);
#4347=ORIENTED_EDGE('',*,*,#3141,.F.);
#4348=ORIENTED_EDGE('',*,*,#3142,.F.);
#4349=ORIENTED_EDGE('',*,*,#3143,.F.);
#4350=ORIENTED_EDGE('',*,*,#3144,.F.);
#4351=ORIENTED_EDGE('',*,*,#3145,.F.);
#4352=ORIENTED_EDGE('',*,*,#3146,.F.);
#4353=ORIENTED_EDGE('',*,*,#3147,.F.);
#4354=ORIENTED_EDGE('',*,*,#3148,.F.);
#4355=ORIENTED_EDGE('',*,*,#3149,.F.);
#4356=ORIENTED_EDGE('',*,*,#3150,.F.);
#4357=ORIENTED_EDGE('',*,*,#3151,.F.);
#4358=ORIENTED_EDGE('',*,*,#3152,.F.);
#4359=ORIENTED_EDGE('',*,*,#3153,.F.);
#4360=ORIENTED_EDGE('',*,*,#3154,.F.);
#4361=ORIENTED_EDGE('',*,*,#3155,.F.);
#4362=ORIENTED_EDGE('',*,*,#3156,.F.);
#4363=ORIENTED_EDGE('',*,*,#3157,.F.);
#4364=ORIENTED_EDGE('',*,*,#3158,.F.);
#4365=ORIENTED_EDGE('',*,*,#3159,.F.);
#4366=ORIENTED_EDGE('',*,*,#3160,.F.);
#4367=ORIENTED_EDGE('',*,*,#3161,.F.);
#4368=ORIENTED_EDGE('',*,*,#3162,.F.);
#4369=ORIENTED_EDGE('',*,*,#3163,.F.);
#4370=ORIENTED_EDGE('',*,*,#3164,.F.);
#4371=ORIENTED_EDGE('',*,*,#3165,.F.);
#4372=ORIENTED_EDGE('',*,*,#3166,.F.);
#4373=ORIENTED_EDGE('',*,*,#3167,.F.);
#4374=ORIENTED_EDGE('',*,*,#3168,.F.);
#4375=ORIENTED_EDGE('',*,*,#3169,.F.);
#4376=ORIENTED_EDGE('',*,*,#3170,.F.);
#4377=ORIENTED_EDGE('',*,*,#3171,.F.);
#4378=ORIENTED_EDGE('',*,*,#3172,.F.);
#4379=ORIENTED_EDGE('',*,*,#3173,.F.);
#4380=ORIENTED_EDGE('',*,*,#3174,.F.);
#4381=ORIENTED_EDGE('',*,*,#3175,.F.);
#4382=ORIENTED_EDGE('',*,*,#3176,.F.);
#4383=ORIENTED_EDGE('',*,*,#3177,.F.);
#4384=ORIENTED_EDGE('',*,*,#3178,.F.);
#4385=ORIENTED_EDGE('',*,*,#3179,.F.);
#4386=ORIENTED_EDGE('',*,*,#3180,.F.);
#4387=ORIENTED_EDGE('',*,*,#3145,.T.);
#4388=ORIENTED_EDGE('',*,*,#3181,.F.);
#4389=ORIENTED_EDGE('',*,*,#3182,.T.);
#4390=ORIENTED_EDGE('',*,*,#3183,.T.);
#4391=ORIENTED_EDGE('',*,*,#3144,.T.);
#4392=ORIENTED_EDGE('',*,*,#3184,.F.);
#4393=ORIENTED_EDGE('',*,*,#3185,.T.);
#4394=ORIENTED_EDGE('',*,*,#3181,.T.);
#4395=ORIENTED_EDGE('',*,*,#3143,.T.);
#4396=ORIENTED_EDGE('',*,*,#3186,.F.);
#4397=ORIENTED_EDGE('',*,*,#3187,.F.);
#4398=ORIENTED_EDGE('',*,*,#3184,.T.);
#4399=ORIENTED_EDGE('',*,*,#3142,.T.);
#4400=ORIENTED_EDGE('',*,*,#3188,.F.);
#4401=ORIENTED_EDGE('',*,*,#3189,.F.);
#4402=ORIENTED_EDGE('',*,*,#3186,.T.);
#4403=ORIENTED_EDGE('',*,*,#3141,.T.);
#4404=ORIENTED_EDGE('',*,*,#3190,.F.);
#4405=ORIENTED_EDGE('',*,*,#3191,.T.);
#4406=ORIENTED_EDGE('',*,*,#3188,.T.);
#4407=ORIENTED_EDGE('',*,*,#3140,.T.);
#4408=ORIENTED_EDGE('',*,*,#3192,.F.);
#4409=ORIENTED_EDGE('',*,*,#3193,.T.);
#4410=ORIENTED_EDGE('',*,*,#3190,.T.);
#4411=ORIENTED_EDGE('',*,*,#3139,.T.);
#4412=ORIENTED_EDGE('',*,*,#3194,.F.);
#4413=ORIENTED_EDGE('',*,*,#3195,.F.);
#4414=ORIENTED_EDGE('',*,*,#3192,.T.);
#4415=ORIENTED_EDGE('',*,*,#3138,.T.);
#4416=ORIENTED_EDGE('',*,*,#3196,.F.);
#4417=ORIENTED_EDGE('',*,*,#3197,.F.);
#4418=ORIENTED_EDGE('',*,*,#3194,.T.);
#4419=ORIENTED_EDGE('',*,*,#3137,.T.);
#4420=ORIENTED_EDGE('',*,*,#3198,.F.);
#4421=ORIENTED_EDGE('',*,*,#3199,.T.);
#4422=ORIENTED_EDGE('',*,*,#3196,.T.);
#4423=ORIENTED_EDGE('',*,*,#3136,.T.);
#4424=ORIENTED_EDGE('',*,*,#3200,.F.);
#4425=ORIENTED_EDGE('',*,*,#3201,.T.);
#4426=ORIENTED_EDGE('',*,*,#3198,.T.);
#4427=ORIENTED_EDGE('',*,*,#3135,.T.);
#4428=ORIENTED_EDGE('',*,*,#3202,.F.);
#4429=ORIENTED_EDGE('',*,*,#3203,.F.);
#4430=ORIENTED_EDGE('',*,*,#3200,.T.);
#4431=ORIENTED_EDGE('',*,*,#3134,.T.);
#4432=ORIENTED_EDGE('',*,*,#3204,.F.);
#4433=ORIENTED_EDGE('',*,*,#3205,.F.);
#4434=ORIENTED_EDGE('',*,*,#3202,.T.);
#4435=ORIENTED_EDGE('',*,*,#3133,.T.);
#4436=ORIENTED_EDGE('',*,*,#3206,.F.);
#4437=ORIENTED_EDGE('',*,*,#3207,.T.);
#4438=ORIENTED_EDGE('',*,*,#3204,.T.);
#4439=ORIENTED_EDGE('',*,*,#3132,.T.);
#4440=ORIENTED_EDGE('',*,*,#3208,.F.);
#4441=ORIENTED_EDGE('',*,*,#3209,.T.);
#4442=ORIENTED_EDGE('',*,*,#3206,.T.);
#4443=ORIENTED_EDGE('',*,*,#3131,.T.);
#4444=ORIENTED_EDGE('',*,*,#3210,.F.);
#4445=ORIENTED_EDGE('',*,*,#3211,.F.);
#4446=ORIENTED_EDGE('',*,*,#3208,.T.);
#4447=ORIENTED_EDGE('',*,*,#3130,.T.);
#4448=ORIENTED_EDGE('',*,*,#3212,.F.);
#4449=ORIENTED_EDGE('',*,*,#3213,.F.);
#4450=ORIENTED_EDGE('',*,*,#3210,.T.);
#4451=ORIENTED_EDGE('',*,*,#3129,.T.);
#4452=ORIENTED_EDGE('',*,*,#3214,.F.);
#4453=ORIENTED_EDGE('',*,*,#3215,.T.);
#4454=ORIENTED_EDGE('',*,*,#3212,.T.);
#4455=ORIENTED_EDGE('',*,*,#3128,.T.);
#4456=ORIENTED_EDGE('',*,*,#3216,.F.);
#4457=ORIENTED_EDGE('',*,*,#3217,.T.);
#4458=ORIENTED_EDGE('',*,*,#3214,.T.);
#4459=ORIENTED_EDGE('',*,*,#3127,.T.);
#4460=ORIENTED_EDGE('',*,*,#3218,.F.);
#4461=ORIENTED_EDGE('',*,*,#3219,.F.);
#4462=ORIENTED_EDGE('',*,*,#3216,.T.);
#4463=ORIENTED_EDGE('',*,*,#3126,.T.);
#4464=ORIENTED_EDGE('',*,*,#3220,.F.);
#4465=ORIENTED_EDGE('',*,*,#3221,.F.);
#4466=ORIENTED_EDGE('',*,*,#3218,.T.);
#4467=ORIENTED_EDGE('',*,*,#3125,.T.);
#4468=ORIENTED_EDGE('',*,*,#3222,.F.);
#4469=ORIENTED_EDGE('',*,*,#3223,.T.);
#4470=ORIENTED_EDGE('',*,*,#3220,.T.);
#4471=ORIENTED_EDGE('',*,*,#3124,.T.);
#4472=ORIENTED_EDGE('',*,*,#3224,.F.);
#4473=ORIENTED_EDGE('',*,*,#3225,.T.);
#4474=ORIENTED_EDGE('',*,*,#3222,.T.);
#4475=ORIENTED_EDGE('',*,*,#3123,.T.);
#4476=ORIENTED_EDGE('',*,*,#3226,.F.);
#4477=ORIENTED_EDGE('',*,*,#3227,.F.);
#4478=ORIENTED_EDGE('',*,*,#3224,.T.);
#4479=ORIENTED_EDGE('',*,*,#3122,.T.);
#4480=ORIENTED_EDGE('',*,*,#3228,.F.);
#4481=ORIENTED_EDGE('',*,*,#3229,.F.);
#4482=ORIENTED_EDGE('',*,*,#3226,.T.);
#4483=ORIENTED_EDGE('',*,*,#3121,.T.);
#4484=ORIENTED_EDGE('',*,*,#3230,.F.);
#4485=ORIENTED_EDGE('',*,*,#3231,.T.);
#4486=ORIENTED_EDGE('',*,*,#3228,.T.);
#4487=ORIENTED_EDGE('',*,*,#3120,.T.);
#4488=ORIENTED_EDGE('',*,*,#3232,.F.);
#4489=ORIENTED_EDGE('',*,*,#3233,.T.);
#4490=ORIENTED_EDGE('',*,*,#3230,.T.);
#4491=ORIENTED_EDGE('',*,*,#3119,.T.);
#4492=ORIENTED_EDGE('',*,*,#3234,.F.);
#4493=ORIENTED_EDGE('',*,*,#3235,.F.);
#4494=ORIENTED_EDGE('',*,*,#3232,.T.);
#4495=ORIENTED_EDGE('',*,*,#3118,.T.);
#4496=ORIENTED_EDGE('',*,*,#3236,.F.);
#4497=ORIENTED_EDGE('',*,*,#3237,.F.);
#4498=ORIENTED_EDGE('',*,*,#3234,.T.);
#4499=ORIENTED_EDGE('',*,*,#3117,.T.);
#4500=ORIENTED_EDGE('',*,*,#3238,.F.);
#4501=ORIENTED_EDGE('',*,*,#3239,.T.);
#4502=ORIENTED_EDGE('',*,*,#3236,.T.);
#4503=ORIENTED_EDGE('',*,*,#3116,.T.);
#4504=ORIENTED_EDGE('',*,*,#3240,.F.);
#4505=ORIENTED_EDGE('',*,*,#3241,.T.);
#4506=ORIENTED_EDGE('',*,*,#3238,.T.);
#4507=ORIENTED_EDGE('',*,*,#3115,.T.);
#4508=ORIENTED_EDGE('',*,*,#3242,.F.);
#4509=ORIENTED_EDGE('',*,*,#3243,.F.);
#4510=ORIENTED_EDGE('',*,*,#3240,.T.);
#4511=ORIENTED_EDGE('',*,*,#3114,.T.);
#4512=ORIENTED_EDGE('',*,*,#3244,.F.);
#4513=ORIENTED_EDGE('',*,*,#3245,.F.);
#4514=ORIENTED_EDGE('',*,*,#3242,.T.);
#4515=ORIENTED_EDGE('',*,*,#3113,.T.);
#4516=ORIENTED_EDGE('',*,*,#3246,.F.);
#4517=ORIENTED_EDGE('',*,*,#3247,.T.);
#4518=ORIENTED_EDGE('',*,*,#3244,.T.);
#4519=ORIENTED_EDGE('',*,*,#3112,.T.);
#4520=ORIENTED_EDGE('',*,*,#3248,.F.);
#4521=ORIENTED_EDGE('',*,*,#3249,.T.);
#4522=ORIENTED_EDGE('',*,*,#3246,.T.);
#4523=ORIENTED_EDGE('',*,*,#3111,.T.);
#4524=ORIENTED_EDGE('',*,*,#3250,.F.);
#4525=ORIENTED_EDGE('',*,*,#3251,.F.);
#4526=ORIENTED_EDGE('',*,*,#3248,.T.);
#4527=ORIENTED_EDGE('',*,*,#3110,.T.);
#4528=ORIENTED_EDGE('',*,*,#3252,.F.);
#4529=ORIENTED_EDGE('',*,*,#3253,.F.);
#4530=ORIENTED_EDGE('',*,*,#3250,.T.);
#4531=ORIENTED_EDGE('',*,*,#3180,.T.);
#4532=ORIENTED_EDGE('',*,*,#3254,.T.);
#4533=ORIENTED_EDGE('',*,*,#3255,.F.);
#4534=ORIENTED_EDGE('',*,*,#3254,.F.);
#4535=ORIENTED_EDGE('',*,*,#3179,.T.);
#4536=ORIENTED_EDGE('',*,*,#3256,.F.);
#4537=ORIENTED_EDGE('',*,*,#3257,.F.);
#4538=ORIENTED_EDGE('',*,*,#3258,.T.);
#4539=ORIENTED_EDGE('',*,*,#3178,.T.);
#4540=ORIENTED_EDGE('',*,*,#3259,.F.);
#4541=ORIENTED_EDGE('',*,*,#3260,.F.);
#4542=ORIENTED_EDGE('',*,*,#3256,.T.);
#4543=ORIENTED_EDGE('',*,*,#3177,.T.);
#4544=ORIENTED_EDGE('',*,*,#3261,.F.);
#4545=ORIENTED_EDGE('',*,*,#3262,.T.);
#4546=ORIENTED_EDGE('',*,*,#3259,.T.);
#4547=ORIENTED_EDGE('',*,*,#3176,.T.);
#4548=ORIENTED_EDGE('',*,*,#3263,.F.);
#4549=ORIENTED_EDGE('',*,*,#3264,.T.);
#4550=ORIENTED_EDGE('',*,*,#3261,.T.);
#4551=ORIENTED_EDGE('',*,*,#3175,.T.);
#4552=ORIENTED_EDGE('',*,*,#3265,.F.);
#4553=ORIENTED_EDGE('',*,*,#3266,.F.);
#4554=ORIENTED_EDGE('',*,*,#3263,.T.);
#4555=ORIENTED_EDGE('',*,*,#3174,.T.);
#4556=ORIENTED_EDGE('',*,*,#3267,.F.);
#4557=ORIENTED_EDGE('',*,*,#3268,.F.);
#4558=ORIENTED_EDGE('',*,*,#3265,.T.);
#4559=ORIENTED_EDGE('',*,*,#3173,.T.);
#4560=ORIENTED_EDGE('',*,*,#3269,.F.);
#4561=ORIENTED_EDGE('',*,*,#3270,.T.);
#4562=ORIENTED_EDGE('',*,*,#3267,.T.);
#4563=ORIENTED_EDGE('',*,*,#3172,.T.);
#4564=ORIENTED_EDGE('',*,*,#3271,.F.);
#4565=ORIENTED_EDGE('',*,*,#3272,.T.);
#4566=ORIENTED_EDGE('',*,*,#3269,.T.);
#4567=ORIENTED_EDGE('',*,*,#3171,.T.);
#4568=ORIENTED_EDGE('',*,*,#3273,.F.);
#4569=ORIENTED_EDGE('',*,*,#3274,.F.);
#4570=ORIENTED_EDGE('',*,*,#3271,.T.);
#4571=ORIENTED_EDGE('',*,*,#3170,.T.);
#4572=ORIENTED_EDGE('',*,*,#3275,.F.);
#4573=ORIENTED_EDGE('',*,*,#3276,.F.);
#4574=ORIENTED_EDGE('',*,*,#3273,.T.);
#4575=ORIENTED_EDGE('',*,*,#3169,.T.);
#4576=ORIENTED_EDGE('',*,*,#3277,.F.);
#4577=ORIENTED_EDGE('',*,*,#3278,.T.);
#4578=ORIENTED_EDGE('',*,*,#3275,.T.);
#4579=ORIENTED_EDGE('',*,*,#3168,.T.);
#4580=ORIENTED_EDGE('',*,*,#3279,.F.);
#4581=ORIENTED_EDGE('',*,*,#3280,.T.);
#4582=ORIENTED_EDGE('',*,*,#3277,.T.);
#4583=ORIENTED_EDGE('',*,*,#3167,.T.);
#4584=ORIENTED_EDGE('',*,*,#3281,.F.);
#4585=ORIENTED_EDGE('',*,*,#3282,.F.);
#4586=ORIENTED_EDGE('',*,*,#3279,.T.);
#4587=ORIENTED_EDGE('',*,*,#3166,.T.);
#4588=ORIENTED_EDGE('',*,*,#3283,.F.);
#4589=ORIENTED_EDGE('',*,*,#3284,.F.);
#4590=ORIENTED_EDGE('',*,*,#3281,.T.);
#4591=ORIENTED_EDGE('',*,*,#3165,.T.);
#4592=ORIENTED_EDGE('',*,*,#3285,.F.);
#4593=ORIENTED_EDGE('',*,*,#3286,.T.);
#4594=ORIENTED_EDGE('',*,*,#3283,.T.);
#4595=ORIENTED_EDGE('',*,*,#3164,.T.);
#4596=ORIENTED_EDGE('',*,*,#3287,.F.);
#4597=ORIENTED_EDGE('',*,*,#3288,.T.);
#4598=ORIENTED_EDGE('',*,*,#3285,.T.);
#4599=ORIENTED_EDGE('',*,*,#3163,.T.);
#4600=ORIENTED_EDGE('',*,*,#3289,.F.);
#4601=ORIENTED_EDGE('',*,*,#3290,.F.);
#4602=ORIENTED_EDGE('',*,*,#3287,.T.);
#4603=ORIENTED_EDGE('',*,*,#3162,.T.);
#4604=ORIENTED_EDGE('',*,*,#3291,.F.);
#4605=ORIENTED_EDGE('',*,*,#3292,.F.);
#4606=ORIENTED_EDGE('',*,*,#3289,.T.);
#4607=ORIENTED_EDGE('',*,*,#3161,.T.);
#4608=ORIENTED_EDGE('',*,*,#3293,.F.);
#4609=ORIENTED_EDGE('',*,*,#3294,.T.);
#4610=ORIENTED_EDGE('',*,*,#3291,.T.);
#4611=ORIENTED_EDGE('',*,*,#3160,.T.);
#4612=ORIENTED_EDGE('',*,*,#3295,.F.);
#4613=ORIENTED_EDGE('',*,*,#3296,.T.);
#4614=ORIENTED_EDGE('',*,*,#3293,.T.);
#4615=ORIENTED_EDGE('',*,*,#3159,.T.);
#4616=ORIENTED_EDGE('',*,*,#3297,.F.);
#4617=ORIENTED_EDGE('',*,*,#3298,.F.);
#4618=ORIENTED_EDGE('',*,*,#3295,.T.);
#4619=ORIENTED_EDGE('',*,*,#3158,.T.);
#4620=ORIENTED_EDGE('',*,*,#3299,.F.);
#4621=ORIENTED_EDGE('',*,*,#3300,.F.);
#4622=ORIENTED_EDGE('',*,*,#3297,.T.);
#4623=ORIENTED_EDGE('',*,*,#3157,.T.);
#4624=ORIENTED_EDGE('',*,*,#3301,.F.);
#4625=ORIENTED_EDGE('',*,*,#3302,.T.);
#4626=ORIENTED_EDGE('',*,*,#3299,.T.);
#4627=ORIENTED_EDGE('',*,*,#3156,.T.);
#4628=ORIENTED_EDGE('',*,*,#3303,.F.);
#4629=ORIENTED_EDGE('',*,*,#3304,.T.);
#4630=ORIENTED_EDGE('',*,*,#3301,.T.);
#4631=ORIENTED_EDGE('',*,*,#3155,.T.);
#4632=ORIENTED_EDGE('',*,*,#3305,.F.);
#4633=ORIENTED_EDGE('',*,*,#3306,.F.);
#4634=ORIENTED_EDGE('',*,*,#3303,.T.);
#4635=ORIENTED_EDGE('',*,*,#3154,.T.);
#4636=ORIENTED_EDGE('',*,*,#3307,.F.);
#4637=ORIENTED_EDGE('',*,*,#3308,.F.);
#4638=ORIENTED_EDGE('',*,*,#3305,.T.);
#4639=ORIENTED_EDGE('',*,*,#3153,.T.);
#4640=ORIENTED_EDGE('',*,*,#3309,.F.);
#4641=ORIENTED_EDGE('',*,*,#3310,.T.);
#4642=ORIENTED_EDGE('',*,*,#3307,.T.);
#4643=ORIENTED_EDGE('',*,*,#3152,.T.);
#4644=ORIENTED_EDGE('',*,*,#3311,.F.);
#4645=ORIENTED_EDGE('',*,*,#3312,.T.);
#4646=ORIENTED_EDGE('',*,*,#3309,.T.);
#4647=ORIENTED_EDGE('',*,*,#3151,.T.);
#4648=ORIENTED_EDGE('',*,*,#3313,.F.);
#4649=ORIENTED_EDGE('',*,*,#3314,.F.);
#4650=ORIENTED_EDGE('',*,*,#3311,.T.);
#4651=ORIENTED_EDGE('',*,*,#3150,.T.);
#4652=ORIENTED_EDGE('',*,*,#3315,.F.);
#4653=ORIENTED_EDGE('',*,*,#3316,.F.);
#4654=ORIENTED_EDGE('',*,*,#3313,.T.);
#4655=ORIENTED_EDGE('',*,*,#3149,.T.);
#4656=ORIENTED_EDGE('',*,*,#3317,.F.);
#4657=ORIENTED_EDGE('',*,*,#3318,.T.);
#4658=ORIENTED_EDGE('',*,*,#3315,.T.);
#4659=ORIENTED_EDGE('',*,*,#3148,.T.);
#4660=ORIENTED_EDGE('',*,*,#3319,.F.);
#4661=ORIENTED_EDGE('',*,*,#3320,.T.);
#4662=ORIENTED_EDGE('',*,*,#3317,.T.);
#4663=ORIENTED_EDGE('',*,*,#3147,.T.);
#4664=ORIENTED_EDGE('',*,*,#3321,.F.);
#4665=ORIENTED_EDGE('',*,*,#3322,.F.);
#4666=ORIENTED_EDGE('',*,*,#3319,.T.);
#4667=ORIENTED_EDGE('',*,*,#3146,.T.);
#4668=ORIENTED_EDGE('',*,*,#3183,.F.);
#4669=ORIENTED_EDGE('',*,*,#3323,.F.);
#4670=ORIENTED_EDGE('',*,*,#3321,.T.);
#4671=ORIENTED_EDGE('',*,*,#3109,.T.);
#4672=ORIENTED_EDGE('',*,*,#3324,.F.);
#4673=ORIENTED_EDGE('',*,*,#3325,.T.);
#4674=ORIENTED_EDGE('',*,*,#3252,.T.);
#4675=ORIENTED_EDGE('',*,*,#3108,.T.);
#4676=ORIENTED_EDGE('',*,*,#3258,.F.);
#4677=ORIENTED_EDGE('',*,*,#3326,.T.);
#4678=ORIENTED_EDGE('',*,*,#3324,.T.);
#4679=ORIENTED_EDGE('',*,*,#3326,.F.);
#4680=ORIENTED_EDGE('',*,*,#3257,.T.);
#4681=ORIENTED_EDGE('',*,*,#3260,.T.);
#4682=ORIENTED_EDGE('',*,*,#3262,.F.);
#4683=ORIENTED_EDGE('',*,*,#3264,.F.);
#4684=ORIENTED_EDGE('',*,*,#3266,.T.);
#4685=ORIENTED_EDGE('',*,*,#3268,.T.);
#4686=ORIENTED_EDGE('',*,*,#3270,.F.);
#4687=ORIENTED_EDGE('',*,*,#3272,.F.);
#4688=ORIENTED_EDGE('',*,*,#3274,.T.);
#4689=ORIENTED_EDGE('',*,*,#3276,.T.);
#4690=ORIENTED_EDGE('',*,*,#3278,.F.);
#4691=ORIENTED_EDGE('',*,*,#3280,.F.);
#4692=ORIENTED_EDGE('',*,*,#3282,.T.);
#4693=ORIENTED_EDGE('',*,*,#3284,.T.);
#4694=ORIENTED_EDGE('',*,*,#3286,.F.);
#4695=ORIENTED_EDGE('',*,*,#3288,.F.);
#4696=ORIENTED_EDGE('',*,*,#3290,.T.);
#4697=ORIENTED_EDGE('',*,*,#3292,.T.);
#4698=ORIENTED_EDGE('',*,*,#3294,.F.);
#4699=ORIENTED_EDGE('',*,*,#3296,.F.);
#4700=ORIENTED_EDGE('',*,*,#3298,.T.);
#4701=ORIENTED_EDGE('',*,*,#3300,.T.);
#4702=ORIENTED_EDGE('',*,*,#3302,.F.);
#4703=ORIENTED_EDGE('',*,*,#3304,.F.);
#4704=ORIENTED_EDGE('',*,*,#3306,.T.);
#4705=ORIENTED_EDGE('',*,*,#3308,.T.);
#4706=ORIENTED_EDGE('',*,*,#3310,.F.);
#4707=ORIENTED_EDGE('',*,*,#3312,.F.);
#4708=ORIENTED_EDGE('',*,*,#3314,.T.);
#4709=ORIENTED_EDGE('',*,*,#3316,.T.);
#4710=ORIENTED_EDGE('',*,*,#3318,.F.);
#4711=ORIENTED_EDGE('',*,*,#3320,.F.);
#4712=ORIENTED_EDGE('',*,*,#3322,.T.);
#4713=ORIENTED_EDGE('',*,*,#3323,.T.);
#4714=ORIENTED_EDGE('',*,*,#3182,.F.);
#4715=ORIENTED_EDGE('',*,*,#3185,.F.);
#4716=ORIENTED_EDGE('',*,*,#3187,.T.);
#4717=ORIENTED_EDGE('',*,*,#3189,.T.);
#4718=ORIENTED_EDGE('',*,*,#3191,.F.);
#4719=ORIENTED_EDGE('',*,*,#3193,.F.);
#4720=ORIENTED_EDGE('',*,*,#3195,.T.);
#4721=ORIENTED_EDGE('',*,*,#3197,.T.);
#4722=ORIENTED_EDGE('',*,*,#3199,.F.);
#4723=ORIENTED_EDGE('',*,*,#3201,.F.);
#4724=ORIENTED_EDGE('',*,*,#3203,.T.);
#4725=ORIENTED_EDGE('',*,*,#3205,.T.);
#4726=ORIENTED_EDGE('',*,*,#3207,.F.);
#4727=ORIENTED_EDGE('',*,*,#3209,.F.);
#4728=ORIENTED_EDGE('',*,*,#3211,.T.);
#4729=ORIENTED_EDGE('',*,*,#3213,.T.);
#4730=ORIENTED_EDGE('',*,*,#3215,.F.);
#4731=ORIENTED_EDGE('',*,*,#3217,.F.);
#4732=ORIENTED_EDGE('',*,*,#3219,.T.);
#4733=ORIENTED_EDGE('',*,*,#3221,.T.);
#4734=ORIENTED_EDGE('',*,*,#3223,.F.);
#4735=ORIENTED_EDGE('',*,*,#3225,.F.);
#4736=ORIENTED_EDGE('',*,*,#3227,.T.);
#4737=ORIENTED_EDGE('',*,*,#3229,.T.);
#4738=ORIENTED_EDGE('',*,*,#3231,.F.);
#4739=ORIENTED_EDGE('',*,*,#3233,.F.);
#4740=ORIENTED_EDGE('',*,*,#3235,.T.);
#4741=ORIENTED_EDGE('',*,*,#3237,.T.);
#4742=ORIENTED_EDGE('',*,*,#3239,.F.);
#4743=ORIENTED_EDGE('',*,*,#3241,.F.);
#4744=ORIENTED_EDGE('',*,*,#3243,.T.);
#4745=ORIENTED_EDGE('',*,*,#3245,.T.);
#4746=ORIENTED_EDGE('',*,*,#3247,.F.);
#4747=ORIENTED_EDGE('',*,*,#3249,.F.);
#4748=ORIENTED_EDGE('',*,*,#3251,.T.);
#4749=ORIENTED_EDGE('',*,*,#3253,.T.);
#4750=ORIENTED_EDGE('',*,*,#3325,.F.);
#4751=ORIENTED_EDGE('',*,*,#3255,.T.);
#4752=ORIENTED_EDGE('',*,*,#3327,.F.);
#4753=ORIENTED_EDGE('',*,*,#3328,.F.);
#4754=ORIENTED_EDGE('',*,*,#3329,.F.);
#4755=ORIENTED_EDGE('',*,*,#3330,.F.);
#4756=ORIENTED_EDGE('',*,*,#3331,.F.);
#4757=ORIENTED_EDGE('',*,*,#3332,.F.);
#4758=ORIENTED_EDGE('',*,*,#3333,.F.);
#4759=ORIENTED_EDGE('',*,*,#3334,.F.);
#4760=ORIENTED_EDGE('',*,*,#3335,.F.);
#4761=ORIENTED_EDGE('',*,*,#3336,.F.);
#4762=ORIENTED_EDGE('',*,*,#3337,.F.);
#4763=ORIENTED_EDGE('',*,*,#3338,.F.);
#4764=ORIENTED_EDGE('',*,*,#3339,.F.);
#4765=ORIENTED_EDGE('',*,*,#3340,.F.);
#4766=ORIENTED_EDGE('',*,*,#3341,.F.);
#4767=ORIENTED_EDGE('',*,*,#3342,.F.);
#4768=ORIENTED_EDGE('',*,*,#3343,.F.);
#4769=ORIENTED_EDGE('',*,*,#3344,.F.);
#4770=ORIENTED_EDGE('',*,*,#3345,.F.);
#4771=ORIENTED_EDGE('',*,*,#3346,.F.);
#4772=ORIENTED_EDGE('',*,*,#3347,.F.);
#4773=ORIENTED_EDGE('',*,*,#3348,.F.);
#4774=ORIENTED_EDGE('',*,*,#3349,.F.);
#4775=ORIENTED_EDGE('',*,*,#3350,.F.);
#4776=ORIENTED_EDGE('',*,*,#3351,.F.);
#4777=ORIENTED_EDGE('',*,*,#3352,.F.);
#4778=ORIENTED_EDGE('',*,*,#3353,.F.);
#4779=ORIENTED_EDGE('',*,*,#3354,.F.);
#4780=ORIENTED_EDGE('',*,*,#3355,.F.);
#4781=ORIENTED_EDGE('',*,*,#3356,.F.);
#4782=ORIENTED_EDGE('',*,*,#3357,.F.);
#4783=ORIENTED_EDGE('',*,*,#3358,.F.);
#4784=ORIENTED_EDGE('',*,*,#3359,.F.);
#4785=ORIENTED_EDGE('',*,*,#3360,.F.);
#4786=ORIENTED_EDGE('',*,*,#3361,.F.);
#4787=ORIENTED_EDGE('',*,*,#3362,.F.);
#4788=ORIENTED_EDGE('',*,*,#3363,.F.);
#4789=ORIENTED_EDGE('',*,*,#3364,.F.);
#4790=ORIENTED_EDGE('',*,*,#3365,.F.);
#4791=ORIENTED_EDGE('',*,*,#3366,.F.);
#4792=ORIENTED_EDGE('',*,*,#3367,.F.);
#4793=ORIENTED_EDGE('',*,*,#3368,.F.);
#4794=ORIENTED_EDGE('',*,*,#3369,.F.);
#4795=ORIENTED_EDGE('',*,*,#3370,.F.);
#4796=ORIENTED_EDGE('',*,*,#3371,.F.);
#4797=ORIENTED_EDGE('',*,*,#3372,.F.);
#4798=ORIENTED_EDGE('',*,*,#3373,.F.);
#4799=ORIENTED_EDGE('',*,*,#3374,.F.);
#4800=ORIENTED_EDGE('',*,*,#3375,.F.);
#4801=ORIENTED_EDGE('',*,*,#3376,.F.);
#4802=ORIENTED_EDGE('',*,*,#3377,.F.);
#4803=ORIENTED_EDGE('',*,*,#3378,.F.);
#4804=ORIENTED_EDGE('',*,*,#3379,.F.);
#4805=ORIENTED_EDGE('',*,*,#3380,.F.);
#4806=ORIENTED_EDGE('',*,*,#3381,.F.);
#4807=ORIENTED_EDGE('',*,*,#3382,.F.);
#4808=ORIENTED_EDGE('',*,*,#3383,.F.);
#4809=ORIENTED_EDGE('',*,*,#3384,.F.);
#4810=ORIENTED_EDGE('',*,*,#3385,.F.);
#4811=ORIENTED_EDGE('',*,*,#3386,.F.);
#4812=ORIENTED_EDGE('',*,*,#3387,.F.);
#4813=ORIENTED_EDGE('',*,*,#3388,.F.);
#4814=ORIENTED_EDGE('',*,*,#3389,.F.);
#4815=ORIENTED_EDGE('',*,*,#3390,.F.);
#4816=ORIENTED_EDGE('',*,*,#3391,.F.);
#4817=ORIENTED_EDGE('',*,*,#3392,.F.);
#4818=ORIENTED_EDGE('',*,*,#3393,.F.);
#4819=ORIENTED_EDGE('',*,*,#3394,.F.);
#4820=ORIENTED_EDGE('',*,*,#3395,.F.);
#4821=ORIENTED_EDGE('',*,*,#3396,.F.);
#4822=ORIENTED_EDGE('',*,*,#3397,.F.);
#4823=ORIENTED_EDGE('',*,*,#3398,.F.);
#4824=ORIENTED_EDGE('',*,*,#3399,.F.);
#4825=ORIENTED_EDGE('',*,*,#3364,.T.);
#4826=ORIENTED_EDGE('',*,*,#3400,.F.);
#4827=ORIENTED_EDGE('',*,*,#3401,.T.);
#4828=ORIENTED_EDGE('',*,*,#3402,.T.);
#4829=ORIENTED_EDGE('',*,*,#3363,.T.);
#4830=ORIENTED_EDGE('',*,*,#3403,.F.);
#4831=ORIENTED_EDGE('',*,*,#3404,.T.);
#4832=ORIENTED_EDGE('',*,*,#3400,.T.);
#4833=ORIENTED_EDGE('',*,*,#3362,.T.);
#4834=ORIENTED_EDGE('',*,*,#3405,.F.);
#4835=ORIENTED_EDGE('',*,*,#3406,.F.);
#4836=ORIENTED_EDGE('',*,*,#3403,.T.);
#4837=ORIENTED_EDGE('',*,*,#3361,.T.);
#4838=ORIENTED_EDGE('',*,*,#3407,.F.);
#4839=ORIENTED_EDGE('',*,*,#3408,.F.);
#4840=ORIENTED_EDGE('',*,*,#3405,.T.);
#4841=ORIENTED_EDGE('',*,*,#3360,.T.);
#4842=ORIENTED_EDGE('',*,*,#3409,.F.);
#4843=ORIENTED_EDGE('',*,*,#3410,.T.);
#4844=ORIENTED_EDGE('',*,*,#3407,.T.);
#4845=ORIENTED_EDGE('',*,*,#3359,.T.);
#4846=ORIENTED_EDGE('',*,*,#3411,.F.);
#4847=ORIENTED_EDGE('',*,*,#3412,.T.);
#4848=ORIENTED_EDGE('',*,*,#3409,.T.);
#4849=ORIENTED_EDGE('',*,*,#3358,.T.);
#4850=ORIENTED_EDGE('',*,*,#3413,.F.);
#4851=ORIENTED_EDGE('',*,*,#3414,.F.);
#4852=ORIENTED_EDGE('',*,*,#3411,.T.);
#4853=ORIENTED_EDGE('',*,*,#3357,.T.);
#4854=ORIENTED_EDGE('',*,*,#3415,.F.);
#4855=ORIENTED_EDGE('',*,*,#3416,.F.);
#4856=ORIENTED_EDGE('',*,*,#3413,.T.);
#4857=ORIENTED_EDGE('',*,*,#3356,.T.);
#4858=ORIENTED_EDGE('',*,*,#3417,.F.);
#4859=ORIENTED_EDGE('',*,*,#3418,.T.);
#4860=ORIENTED_EDGE('',*,*,#3415,.T.);
#4861=ORIENTED_EDGE('',*,*,#3355,.T.);
#4862=ORIENTED_EDGE('',*,*,#3419,.F.);
#4863=ORIENTED_EDGE('',*,*,#3420,.T.);
#4864=ORIENTED_EDGE('',*,*,#3417,.T.);
#4865=ORIENTED_EDGE('',*,*,#3354,.T.);
#4866=ORIENTED_EDGE('',*,*,#3421,.F.);
#4867=ORIENTED_EDGE('',*,*,#3422,.F.);
#4868=ORIENTED_EDGE('',*,*,#3419,.T.);
#4869=ORIENTED_EDGE('',*,*,#3353,.T.);
#4870=ORIENTED_EDGE('',*,*,#3423,.F.);
#4871=ORIENTED_EDGE('',*,*,#3424,.F.);
#4872=ORIENTED_EDGE('',*,*,#3421,.T.);
#4873=ORIENTED_EDGE('',*,*,#3352,.T.);
#4874=ORIENTED_EDGE('',*,*,#3425,.F.);
#4875=ORIENTED_EDGE('',*,*,#3426,.T.);
#4876=ORIENTED_EDGE('',*,*,#3423,.T.);
#4877=ORIENTED_EDGE('',*,*,#3351,.T.);
#4878=ORIENTED_EDGE('',*,*,#3427,.F.);
#4879=ORIENTED_EDGE('',*,*,#3428,.T.);
#4880=ORIENTED_EDGE('',*,*,#3425,.T.);
#4881=ORIENTED_EDGE('',*,*,#3350,.T.);
#4882=ORIENTED_EDGE('',*,*,#3429,.F.);
#4883=ORIENTED_EDGE('',*,*,#3430,.F.);
#4884=ORIENTED_EDGE('',*,*,#3427,.T.);
#4885=ORIENTED_EDGE('',*,*,#3349,.T.);
#4886=ORIENTED_EDGE('',*,*,#3431,.F.);
#4887=ORIENTED_EDGE('',*,*,#3432,.F.);
#4888=ORIENTED_EDGE('',*,*,#3429,.T.);
#4889=ORIENTED_EDGE('',*,*,#3348,.T.);
#4890=ORIENTED_EDGE('',*,*,#3433,.F.);
#4891=ORIENTED_EDGE('',*,*,#3434,.T.);
#4892=ORIENTED_EDGE('',*,*,#3431,.T.);
#4893=ORIENTED_EDGE('',*,*,#3347,.T.);
#4894=ORIENTED_EDGE('',*,*,#3435,.F.);
#4895=ORIENTED_EDGE('',*,*,#3436,.T.);
#4896=ORIENTED_EDGE('',*,*,#3433,.T.);
#4897=ORIENTED_EDGE('',*,*,#3346,.T.);
#4898=ORIENTED_EDGE('',*,*,#3437,.F.);
#4899=ORIENTED_EDGE('',*,*,#3438,.F.);
#4900=ORIENTED_EDGE('',*,*,#3435,.T.);
#4901=ORIENTED_EDGE('',*,*,#3345,.T.);
#4902=ORIENTED_EDGE('',*,*,#3439,.F.);
#4903=ORIENTED_EDGE('',*,*,#3440,.F.);
#4904=ORIENTED_EDGE('',*,*,#3437,.T.);
#4905=ORIENTED_EDGE('',*,*,#3344,.T.);
#4906=ORIENTED_EDGE('',*,*,#3441,.F.);
#4907=ORIENTED_EDGE('',*,*,#3442,.T.);
#4908=ORIENTED_EDGE('',*,*,#3439,.T.);
#4909=ORIENTED_EDGE('',*,*,#3343,.T.);
#4910=ORIENTED_EDGE('',*,*,#3443,.F.);
#4911=ORIENTED_EDGE('',*,*,#3444,.T.);
#4912=ORIENTED_EDGE('',*,*,#3441,.T.);
#4913=ORIENTED_EDGE('',*,*,#3342,.T.);
#4914=ORIENTED_EDGE('',*,*,#3445,.F.);
#4915=ORIENTED_EDGE('',*,*,#3446,.F.);
#4916=ORIENTED_EDGE('',*,*,#3443,.T.);
#4917=ORIENTED_EDGE('',*,*,#3341,.T.);
#4918=ORIENTED_EDGE('',*,*,#3447,.F.);
#4919=ORIENTED_EDGE('',*,*,#3448,.F.);
#4920=ORIENTED_EDGE('',*,*,#3445,.T.);
#4921=ORIENTED_EDGE('',*,*,#3340,.T.);
#4922=ORIENTED_EDGE('',*,*,#3449,.F.);
#4923=ORIENTED_EDGE('',*,*,#3450,.T.);
#4924=ORIENTED_EDGE('',*,*,#3447,.T.);
#4925=ORIENTED_EDGE('',*,*,#3339,.T.);
#4926=ORIENTED_EDGE('',*,*,#3451,.F.);
#4927=ORIENTED_EDGE('',*,*,#3452,.T.);
#4928=ORIENTED_EDGE('',*,*,#3449,.T.);
#4929=ORIENTED_EDGE('',*,*,#3338,.T.);
#4930=ORIENTED_EDGE('',*,*,#3453,.F.);
#4931=ORIENTED_EDGE('',*,*,#3454,.F.);
#4932=ORIENTED_EDGE('',*,*,#3451,.T.);
#4933=ORIENTED_EDGE('',*,*,#3337,.T.);
#4934=ORIENTED_EDGE('',*,*,#3455,.F.);
#4935=ORIENTED_EDGE('',*,*,#3456,.F.);
#4936=ORIENTED_EDGE('',*,*,#3453,.T.);
#4937=ORIENTED_EDGE('',*,*,#3336,.T.);
#4938=ORIENTED_EDGE('',*,*,#3457,.F.);
#4939=ORIENTED_EDGE('',*,*,#3458,.T.);
#4940=ORIENTED_EDGE('',*,*,#3455,.T.);
#4941=ORIENTED_EDGE('',*,*,#3335,.T.);
#4942=ORIENTED_EDGE('',*,*,#3459,.F.);
#4943=ORIENTED_EDGE('',*,*,#3460,.T.);
#4944=ORIENTED_EDGE('',*,*,#3457,.T.);
#4945=ORIENTED_EDGE('',*,*,#3334,.T.);
#4946=ORIENTED_EDGE('',*,*,#3461,.F.);
#4947=ORIENTED_EDGE('',*,*,#3462,.F.);
#4948=ORIENTED_EDGE('',*,*,#3459,.T.);
#4949=ORIENTED_EDGE('',*,*,#3333,.T.);
#4950=ORIENTED_EDGE('',*,*,#3463,.F.);
#4951=ORIENTED_EDGE('',*,*,#3464,.F.);
#4952=ORIENTED_EDGE('',*,*,#3461,.T.);
#4953=ORIENTED_EDGE('',*,*,#3332,.T.);
#4954=ORIENTED_EDGE('',*,*,#3465,.F.);
#4955=ORIENTED_EDGE('',*,*,#3466,.T.);
#4956=ORIENTED_EDGE('',*,*,#3463,.T.);
#4957=ORIENTED_EDGE('',*,*,#3331,.T.);
#4958=ORIENTED_EDGE('',*,*,#3467,.F.);
#4959=ORIENTED_EDGE('',*,*,#3468,.T.);
#4960=ORIENTED_EDGE('',*,*,#3465,.T.);
#4961=ORIENTED_EDGE('',*,*,#3330,.T.);
#4962=ORIENTED_EDGE('',*,*,#3469,.F.);
#4963=ORIENTED_EDGE('',*,*,#3470,.F.);
#4964=ORIENTED_EDGE('',*,*,#3467,.T.);
#4965=ORIENTED_EDGE('',*,*,#3329,.T.);
#4966=ORIENTED_EDGE('',*,*,#3471,.F.);
#4967=ORIENTED_EDGE('',*,*,#3472,.F.);
#4968=ORIENTED_EDGE('',*,*,#3469,.T.);
#4969=ORIENTED_EDGE('',*,*,#3399,.T.);
#4970=ORIENTED_EDGE('',*,*,#3473,.T.);
#4971=ORIENTED_EDGE('',*,*,#3474,.F.);
#4972=ORIENTED_EDGE('',*,*,#3473,.F.);
#4973=ORIENTED_EDGE('',*,*,#3398,.T.);
#4974=ORIENTED_EDGE('',*,*,#3475,.F.);
#4975=ORIENTED_EDGE('',*,*,#3476,.F.);
#4976=ORIENTED_EDGE('',*,*,#3477,.T.);
#4977=ORIENTED_EDGE('',*,*,#3397,.T.);
#4978=ORIENTED_EDGE('',*,*,#3478,.F.);
#4979=ORIENTED_EDGE('',*,*,#3479,.F.);
#4980=ORIENTED_EDGE('',*,*,#3475,.T.);
#4981=ORIENTED_EDGE('',*,*,#3396,.T.);
#4982=ORIENTED_EDGE('',*,*,#3480,.F.);
#4983=ORIENTED_EDGE('',*,*,#3481,.T.);
#4984=ORIENTED_EDGE('',*,*,#3478,.T.);
#4985=ORIENTED_EDGE('',*,*,#3395,.T.);
#4986=ORIENTED_EDGE('',*,*,#3482,.F.);
#4987=ORIENTED_EDGE('',*,*,#3483,.T.);
#4988=ORIENTED_EDGE('',*,*,#3480,.T.);
#4989=ORIENTED_EDGE('',*,*,#3394,.T.);
#4990=ORIENTED_EDGE('',*,*,#3484,.F.);
#4991=ORIENTED_EDGE('',*,*,#3485,.F.);
#4992=ORIENTED_EDGE('',*,*,#3482,.T.);
#4993=ORIENTED_EDGE('',*,*,#3393,.T.);
#4994=ORIENTED_EDGE('',*,*,#3486,.F.);
#4995=ORIENTED_EDGE('',*,*,#3487,.F.);
#4996=ORIENTED_EDGE('',*,*,#3484,.T.);
#4997=ORIENTED_EDGE('',*,*,#3392,.T.);
#4998=ORIENTED_EDGE('',*,*,#3488,.F.);
#4999=ORIENTED_EDGE('',*,*,#3489,.T.);
#5000=ORIENTED_EDGE('',*,*,#3486,.T.);
#5001=ORIENTED_EDGE('',*,*,#3391,.T.);
#5002=ORIENTED_EDGE('',*,*,#3490,.F.);
#5003=ORIENTED_EDGE('',*,*,#3491,.T.);
#5004=ORIENTED_EDGE('',*,*,#3488,.T.);
#5005=ORIENTED_EDGE('',*,*,#3390,.T.);
#5006=ORIENTED_EDGE('',*,*,#3492,.F.);
#5007=ORIENTED_EDGE('',*,*,#3493,.F.);
#5008=ORIENTED_EDGE('',*,*,#3490,.T.);
#5009=ORIENTED_EDGE('',*,*,#3389,.T.);
#5010=ORIENTED_EDGE('',*,*,#3494,.F.);
#5011=ORIENTED_EDGE('',*,*,#3495,.F.);
#5012=ORIENTED_EDGE('',*,*,#3492,.T.);
#5013=ORIENTED_EDGE('',*,*,#3388,.T.);
#5014=ORIENTED_EDGE('',*,*,#3496,.F.);
#5015=ORIENTED_EDGE('',*,*,#3497,.T.);
#5016=ORIENTED_EDGE('',*,*,#3494,.T.);
#5017=ORIENTED_EDGE('',*,*,#3387,.T.);
#5018=ORIENTED_EDGE('',*,*,#3498,.F.);
#5019=ORIENTED_EDGE('',*,*,#3499,.T.);
#5020=ORIENTED_EDGE('',*,*,#3496,.T.);
#5021=ORIENTED_EDGE('',*,*,#3386,.T.);
#5022=ORIENTED_EDGE('',*,*,#3500,.F.);
#5023=ORIENTED_EDGE('',*,*,#3501,.F.);
#5024=ORIENTED_EDGE('',*,*,#3498,.T.);
#5025=ORIENTED_EDGE('',*,*,#3385,.T.);
#5026=ORIENTED_EDGE('',*,*,#3502,.F.);
#5027=ORIENTED_EDGE('',*,*,#3503,.F.);
#5028=ORIENTED_EDGE('',*,*,#3500,.T.);
#5029=ORIENTED_EDGE('',*,*,#3384,.T.);
#5030=ORIENTED_EDGE('',*,*,#3504,.F.);
#5031=ORIENTED_EDGE('',*,*,#3505,.T.);
#5032=ORIENTED_EDGE('',*,*,#3502,.T.);
#5033=ORIENTED_EDGE('',*,*,#3383,.T.);
#5034=ORIENTED_EDGE('',*,*,#3506,.F.);
#5035=ORIENTED_EDGE('',*,*,#3507,.T.);
#5036=ORIENTED_EDGE('',*,*,#3504,.T.);
#5037=ORIENTED_EDGE('',*,*,#3382,.T.);
#5038=ORIENTED_EDGE('',*,*,#3508,.F.);
#5039=ORIENTED_EDGE('',*,*,#3509,.F.);
#5040=ORIENTED_EDGE('',*,*,#3506,.T.);
#5041=ORIENTED_EDGE('',*,*,#3381,.T.);
#5042=ORIENTED_EDGE('',*,*,#3510,.F.);
#5043=ORIENTED_EDGE('',*,*,#3511,.F.);
#5044=ORIENTED_EDGE('',*,*,#3508,.T.);
#5045=ORIENTED_EDGE('',*,*,#3380,.T.);
#5046=ORIENTED_EDGE('',*,*,#3512,.F.);
#5047=ORIENTED_EDGE('',*,*,#3513,.T.);
#5048=ORIENTED_EDGE('',*,*,#3510,.T.);
#5049=ORIENTED_EDGE('',*,*,#3379,.T.);
#5050=ORIENTED_EDGE('',*,*,#3514,.F.);
#5051=ORIENTED_EDGE('',*,*,#3515,.T.);
#5052=ORIENTED_EDGE('',*,*,#3512,.T.);
#5053=ORIENTED_EDGE('',*,*,#3378,.T.);
#5054=ORIENTED_EDGE('',*,*,#3516,.F.);
#5055=ORIENTED_EDGE('',*,*,#3517,.F.);
#5056=ORIENTED_EDGE('',*,*,#3514,.T.);
#5057=ORIENTED_EDGE('',*,*,#3377,.T.);
#5058=ORIENTED_EDGE('',*,*,#3518,.F.);
#5059=ORIENTED_EDGE('',*,*,#3519,.F.);
#5060=ORIENTED_EDGE('',*,*,#3516,.T.);
#5061=ORIENTED_EDGE('',*,*,#3376,.T.);
#5062=ORIENTED_EDGE('',*,*,#3520,.F.);
#5063=ORIENTED_EDGE('',*,*,#3521,.T.);
#5064=ORIENTED_EDGE('',*,*,#3518,.T.);
#5065=ORIENTED_EDGE('',*,*,#3375,.T.);
#5066=ORIENTED_EDGE('',*,*,#3522,.F.);
#5067=ORIENTED_EDGE('',*,*,#3523,.T.);
#5068=ORIENTED_EDGE('',*,*,#3520,.T.);
#5069=ORIENTED_EDGE('',*,*,#3374,.T.);
#5070=ORIENTED_EDGE('',*,*,#3524,.F.);
#5071=ORIENTED_EDGE('',*,*,#3525,.F.);
#5072=ORIENTED_EDGE('',*,*,#3522,.T.);
#5073=ORIENTED_EDGE('',*,*,#3373,.T.);
#5074=ORIENTED_EDGE('',*,*,#3526,.F.);
#5075=ORIENTED_EDGE('',*,*,#3527,.F.);
#5076=ORIENTED_EDGE('',*,*,#3524,.T.);
#5077=ORIENTED_EDGE('',*,*,#3372,.T.);
#5078=ORIENTED_EDGE('',*,*,#3528,.F.);
#5079=ORIENTED_EDGE('',*,*,#3529,.T.);
#5080=ORIENTED_EDGE('',*,*,#3526,.T.);
#5081=ORIENTED_EDGE('',*,*,#3371,.T.);
#5082=ORIENTED_EDGE('',*,*,#3530,.F.);
#5083=ORIENTED_EDGE('',*,*,#3531,.T.);
#5084=ORIENTED_EDGE('',*,*,#3528,.T.);
#5085=ORIENTED_EDGE('',*,*,#3370,.T.);
#5086=ORIENTED_EDGE('',*,*,#3532,.F.);
#5087=ORIENTED_EDGE('',*,*,#3533,.F.);
#5088=ORIENTED_EDGE('',*,*,#3530,.T.);
#5089=ORIENTED_EDGE('',*,*,#3369,.T.);
#5090=ORIENTED_EDGE('',*,*,#3534,.F.);
#5091=ORIENTED_EDGE('',*,*,#3535,.F.);
#5092=ORIENTED_EDGE('',*,*,#3532,.T.);
#5093=ORIENTED_EDGE('',*,*,#3368,.T.);
#5094=ORIENTED_EDGE('',*,*,#3536,.F.);
#5095=ORIENTED_EDGE('',*,*,#3537,.T.);
#5096=ORIENTED_EDGE('',*,*,#3534,.T.);
#5097=ORIENTED_EDGE('',*,*,#3367,.T.);
#5098=ORIENTED_EDGE('',*,*,#3538,.F.);
#5099=ORIENTED_EDGE('',*,*,#3539,.T.);
#5100=ORIENTED_EDGE('',*,*,#3536,.T.);
#5101=ORIENTED_EDGE('',*,*,#3366,.T.);
#5102=ORIENTED_EDGE('',*,*,#3540,.F.);
#5103=ORIENTED_EDGE('',*,*,#3541,.F.);
#5104=ORIENTED_EDGE('',*,*,#3538,.T.);
#5105=ORIENTED_EDGE('',*,*,#3365,.T.);
#5106=ORIENTED_EDGE('',*,*,#3402,.F.);
#5107=ORIENTED_EDGE('',*,*,#3542,.F.);
#5108=ORIENTED_EDGE('',*,*,#3540,.T.);
#5109=ORIENTED_EDGE('',*,*,#3328,.T.);
#5110=ORIENTED_EDGE('',*,*,#3543,.F.);
#5111=ORIENTED_EDGE('',*,*,#3544,.T.);
#5112=ORIENTED_EDGE('',*,*,#3471,.T.);
#5113=ORIENTED_EDGE('',*,*,#3327,.T.);
#5114=ORIENTED_EDGE('',*,*,#3477,.F.);
#5115=ORIENTED_EDGE('',*,*,#3545,.T.);
#5116=ORIENTED_EDGE('',*,*,#3543,.T.);
#5117=ORIENTED_EDGE('',*,*,#3545,.F.);
#5118=ORIENTED_EDGE('',*,*,#3476,.T.);
#5119=ORIENTED_EDGE('',*,*,#3479,.T.);
#5120=ORIENTED_EDGE('',*,*,#3481,.F.);
#5121=ORIENTED_EDGE('',*,*,#3483,.F.);
#5122=ORIENTED_EDGE('',*,*,#3485,.T.);
#5123=ORIENTED_EDGE('',*,*,#3487,.T.);
#5124=ORIENTED_EDGE('',*,*,#3489,.F.);
#5125=ORIENTED_EDGE('',*,*,#3491,.F.);
#5126=ORIENTED_EDGE('',*,*,#3493,.T.);
#5127=ORIENTED_EDGE('',*,*,#3495,.T.);
#5128=ORIENTED_EDGE('',*,*,#3497,.F.);
#5129=ORIENTED_EDGE('',*,*,#3499,.F.);
#5130=ORIENTED_EDGE('',*,*,#3501,.T.);
#5131=ORIENTED_EDGE('',*,*,#3503,.T.);
#5132=ORIENTED_EDGE('',*,*,#3505,.F.);
#5133=ORIENTED_EDGE('',*,*,#3507,.F.);
#5134=ORIENTED_EDGE('',*,*,#3509,.T.);
#5135=ORIENTED_EDGE('',*,*,#3511,.T.);
#5136=ORIENTED_EDGE('',*,*,#3513,.F.);
#5137=ORIENTED_EDGE('',*,*,#3515,.F.);
#5138=ORIENTED_EDGE('',*,*,#3517,.T.);
#5139=ORIENTED_EDGE('',*,*,#3519,.T.);
#5140=ORIENTED_EDGE('',*,*,#3521,.F.);
#5141=ORIENTED_EDGE('',*,*,#3523,.F.);
#5142=ORIENTED_EDGE('',*,*,#3525,.T.);
#5143=ORIENTED_EDGE('',*,*,#3527,.T.);
#5144=ORIENTED_EDGE('',*,*,#3529,.F.);
#5145=ORIENTED_EDGE('',*,*,#3531,.F.);
#5146=ORIENTED_EDGE('',*,*,#3533,.T.);
#5147=ORIENTED_EDGE('',*,*,#3535,.T.);
#5148=ORIENTED_EDGE('',*,*,#3537,.F.);
#5149=ORIENTED_EDGE('',*,*,#3539,.F.);
#5150=ORIENTED_EDGE('',*,*,#3541,.T.);
#5151=ORIENTED_EDGE('',*,*,#3542,.T.);
#5152=ORIENTED_EDGE('',*,*,#3401,.F.);
#5153=ORIENTED_EDGE('',*,*,#3404,.F.);
#5154=ORIENTED_EDGE('',*,*,#3406,.T.);
#5155=ORIENTED_EDGE('',*,*,#3408,.T.);
#5156=ORIENTED_EDGE('',*,*,#3410,.F.);
#5157=ORIENTED_EDGE('',*,*,#3412,.F.);
#5158=ORIENTED_EDGE('',*,*,#3414,.T.);
#5159=ORIENTED_EDGE('',*,*,#3416,.T.);
#5160=ORIENTED_EDGE('',*,*,#3418,.F.);
#5161=ORIENTED_EDGE('',*,*,#3420,.F.);
#5162=ORIENTED_EDGE('',*,*,#3422,.T.);
#5163=ORIENTED_EDGE('',*,*,#3424,.T.);
#5164=ORIENTED_EDGE('',*,*,#3426,.F.);
#5165=ORIENTED_EDGE('',*,*,#3428,.F.);
#5166=ORIENTED_EDGE('',*,*,#3430,.T.);
#5167=ORIENTED_EDGE('',*,*,#3432,.T.);
#5168=ORIENTED_EDGE('',*,*,#3434,.F.);
#5169=ORIENTED_EDGE('',*,*,#3436,.F.);
#5170=ORIENTED_EDGE('',*,*,#3438,.T.);
#5171=ORIENTED_EDGE('',*,*,#3440,.T.);
#5172=ORIENTED_EDGE('',*,*,#3442,.F.);
#5173=ORIENTED_EDGE('',*,*,#3444,.F.);
#5174=ORIENTED_EDGE('',*,*,#3446,.T.);
#5175=ORIENTED_EDGE('',*,*,#3448,.T.);
#5176=ORIENTED_EDGE('',*,*,#3450,.F.);
#5177=ORIENTED_EDGE('',*,*,#3452,.F.);
#5178=ORIENTED_EDGE('',*,*,#3454,.T.);
#5179=ORIENTED_EDGE('',*,*,#3456,.T.);
#5180=ORIENTED_EDGE('',*,*,#3458,.F.);
#5181=ORIENTED_EDGE('',*,*,#3460,.F.);
#5182=ORIENTED_EDGE('',*,*,#3462,.T.);
#5183=ORIENTED_EDGE('',*,*,#3464,.T.);
#5184=ORIENTED_EDGE('',*,*,#3466,.F.);
#5185=ORIENTED_EDGE('',*,*,#3468,.F.);
#5186=ORIENTED_EDGE('',*,*,#3470,.T.);
#5187=ORIENTED_EDGE('',*,*,#3472,.T.);
#5188=ORIENTED_EDGE('',*,*,#3544,.F.);
#5189=ORIENTED_EDGE('',*,*,#3474,.T.);
#5190=PLANE('',#5700);
#5191=PLANE('',#5720);
#5192=PLANE('',#5723);
#5193=PLANE('',#5724);
#5194=PLANE('',#5725);
#5195=PLANE('',#5728);
#5196=PLANE('',#5729);
#5197=PLANE('',#5730);
#5198=PLANE('',#5733);
#5199=PLANE('',#5734);
#5200=PLANE('',#5735);
#5201=PLANE('',#5738);
#5202=PLANE('',#5739);
#5203=PLANE('',#5740);
#5204=PLANE('',#5743);
#5205=PLANE('',#5744);
#5206=PLANE('',#5745);
#5207=PLANE('',#5748);
#5208=PLANE('',#5749);
#5209=PLANE('',#5750);
#5210=PLANE('',#5753);
#5211=PLANE('',#5754);
#5212=PLANE('',#5755);
#5213=PLANE('',#5758);
#5214=PLANE('',#5759);
#5215=PLANE('',#5760);
#5216=PLANE('',#5763);
#5217=PLANE('',#5764);
#5218=PLANE('',#5767);
#5219=PLANE('',#5768);
#5220=PLANE('',#5769);
#5221=PLANE('',#5772);
#5222=PLANE('',#5773);
#5223=PLANE('',#5774);
#5224=PLANE('',#5777);
#5225=PLANE('',#5778);
#5226=PLANE('',#5779);
#5227=PLANE('',#5782);
#5228=PLANE('',#5783);
#5229=PLANE('',#5784);
#5230=PLANE('',#5787);
#5231=PLANE('',#5788);
#5232=PLANE('',#5789);
#5233=PLANE('',#5792);
#5234=PLANE('',#5793);
#5235=PLANE('',#5794);
#5236=PLANE('',#5797);
#5237=PLANE('',#5798);
#5238=PLANE('',#5799);
#5239=PLANE('',#5802);
#5240=PLANE('',#5803);
#5241=PLANE('',#5804);
#5242=PLANE('',#5807);
#5243=PLANE('',#5808);
#5244=PLANE('',#5809);
#5245=PLANE('',#5812);
#5246=PLANE('',#5816);
#5247=PLANE('',#5823);
#5248=PLANE('',#5824);
#5249=PLANE('',#5827);
#5250=PLANE('',#5828);
#5251=PLANE('',#5831);
#5252=PLANE('',#5832);
#5253=PLANE('',#5835);
#5254=PLANE('',#5836);
#5255=PLANE('',#5839);
#5256=PLANE('',#5840);
#5257=PLANE('',#5843);
#5258=PLANE('',#5844);
#5259=PLANE('',#5847);
#5260=PLANE('',#5848);
#5261=PLANE('',#5849);
#5262=PLANE('',#5853);
#5263=PLANE('',#5854);
#5264=PLANE('',#5855);
#5265=PLANE('',#5859);
#5266=PLANE('',#5860);
#5267=PLANE('',#5861);
#5268=PLANE('',#5865);
#5269=PLANE('',#5866);
#5270=PLANE('',#5867);
#5271=PLANE('',#5871);
#5272=PLANE('',#5872);
#5273=PLANE('',#5873);
#5274=PLANE('',#5877);
#5275=PLANE('',#5878);
#5276=PLANE('',#5879);
#5277=PLANE('',#5883);
#5278=PLANE('',#5884);
#5279=PLANE('',#5885);
#5280=PLANE('',#5889);
#5281=PLANE('',#5890);
#5282=PLANE('',#5891);
#5283=PLANE('',#5895);
#5284=PLANE('',#5896);
#5285=PLANE('',#5897);
#5286=PLANE('',#5901);
#5287=PLANE('',#5902);
#5288=PLANE('',#5903);
#5289=PLANE('',#5923);
#5290=PLANE('',#5926);
#5291=PLANE('',#5927);
#5292=PLANE('',#5928);
#5293=PLANE('',#5931);
#5294=PLANE('',#5932);
#5295=PLANE('',#5933);
#5296=PLANE('',#5936);
#5297=PLANE('',#5937);
#5298=PLANE('',#5938);
#5299=PLANE('',#5941);
#5300=PLANE('',#5942);
#5301=PLANE('',#5943);
#5302=PLANE('',#5946);
#5303=PLANE('',#5947);
#5304=PLANE('',#5948);
#5305=PLANE('',#5951);
#5306=PLANE('',#5952);
#5307=PLANE('',#5953);
#5308=PLANE('',#5956);
#5309=PLANE('',#5957);
#5310=PLANE('',#5958);
#5311=PLANE('',#5961);
#5312=PLANE('',#5962);
#5313=PLANE('',#5963);
#5314=PLANE('',#5966);
#5315=PLANE('',#5967);
#5316=PLANE('',#5970);
#5317=PLANE('',#5971);
#5318=PLANE('',#5972);
#5319=PLANE('',#5975);
#5320=PLANE('',#5976);
#5321=PLANE('',#5977);
#5322=PLANE('',#5980);
#5323=PLANE('',#5981);
#5324=PLANE('',#5982);
#5325=PLANE('',#5985);
#5326=PLANE('',#5986);
#5327=PLANE('',#5987);
#5328=PLANE('',#5990);
#5329=PLANE('',#5991);
#5330=PLANE('',#5992);
#5331=PLANE('',#5995);
#5332=PLANE('',#5996);
#5333=PLANE('',#5997);
#5334=PLANE('',#6000);
#5335=PLANE('',#6001);
#5336=PLANE('',#6002);
#5337=PLANE('',#6005);
#5338=PLANE('',#6006);
#5339=PLANE('',#6007);
#5340=PLANE('',#6010);
#5341=PLANE('',#6011);
#5342=PLANE('',#6012);
#5343=PLANE('',#6015);
#5344=PLANE('',#6016);
#5345=PLANE('',#6036);
#5346=PLANE('',#6039);
#5347=PLANE('',#6040);
#5348=PLANE('',#6041);
#5349=PLANE('',#6044);
#5350=PLANE('',#6045);
#5351=PLANE('',#6046);
#5352=PLANE('',#6049);
#5353=PLANE('',#6050);
#5354=PLANE('',#6051);
#5355=PLANE('',#6054);
#5356=PLANE('',#6055);
#5357=PLANE('',#6056);
#5358=PLANE('',#6059);
#5359=PLANE('',#6060);
#5360=PLANE('',#6061);
#5361=PLANE('',#6064);
#5362=PLANE('',#6065);
#5363=PLANE('',#6066);
#5364=PLANE('',#6069);
#5365=PLANE('',#6070);
#5366=PLANE('',#6071);
#5367=PLANE('',#6074);
#5368=PLANE('',#6075);
#5369=PLANE('',#6076);
#5370=PLANE('',#6079);
#5371=PLANE('',#6080);
#5372=PLANE('',#6083);
#5373=PLANE('',#6084);
#5374=PLANE('',#6085);
#5375=PLANE('',#6088);
#5376=PLANE('',#6089);
#5377=PLANE('',#6090);
#5378=PLANE('',#6093);
#5379=PLANE('',#6094);
#5380=PLANE('',#6095);
#5381=PLANE('',#6098);
#5382=PLANE('',#6099);
#5383=PLANE('',#6100);
#5384=PLANE('',#6103);
#5385=PLANE('',#6104);
#5386=PLANE('',#6105);
#5387=PLANE('',#6108);
#5388=PLANE('',#6109);
#5389=PLANE('',#6110);
#5390=PLANE('',#6113);
#5391=PLANE('',#6114);
#5392=PLANE('',#6115);
#5393=PLANE('',#6118);
#5394=PLANE('',#6119);
#5395=PLANE('',#6120);
#5396=PLANE('',#6123);
#5397=PLANE('',#6124);
#5398=PLANE('',#6125);
#5399=PLANE('',#6128);
#5400=ADVANCED_FACE('',(#103,#94),#5190,.T.);
#5401=ADVANCED_FACE('',(#104),#5191,.T.);
#5402=ADVANCED_FACE('',(#105),#21,.T.);
#5403=ADVANCED_FACE('',(#106),#5192,.T.);
#5404=ADVANCED_FACE('',(#107),#5193,.T.);
#5405=ADVANCED_FACE('',(#108),#5194,.T.);
#5406=ADVANCED_FACE('',(#109),#22,.T.);
#5407=ADVANCED_FACE('',(#110),#5195,.T.);
#5408=ADVANCED_FACE('',(#111),#5196,.T.);
#5409=ADVANCED_FACE('',(#112),#5197,.T.);
#5410=ADVANCED_FACE('',(#113),#23,.T.);
#5411=ADVANCED_FACE('',(#114),#5198,.T.);
#5412=ADVANCED_FACE('',(#115),#5199,.T.);
#5413=ADVANCED_FACE('',(#116),#5200,.T.);
#5414=ADVANCED_FACE('',(#117),#24,.T.);
#5415=ADVANCED_FACE('',(#118),#5201,.T.);
#5416=ADVANCED_FACE('',(#119),#5202,.T.);
#5417=ADVANCED_FACE('',(#120),#5203,.T.);
#5418=ADVANCED_FACE('',(#121),#25,.T.);
#5419=ADVANCED_FACE('',(#122),#5204,.T.);
#5420=ADVANCED_FACE('',(#123),#5205,.T.);
#5421=ADVANCED_FACE('',(#124),#5206,.T.);
#5422=ADVANCED_FACE('',(#125),#26,.T.);
#5423=ADVANCED_FACE('',(#126),#5207,.T.);
#5424=ADVANCED_FACE('',(#127),#5208,.T.);
#5425=ADVANCED_FACE('',(#128),#5209,.T.);
#5426=ADVANCED_FACE('',(#129),#27,.T.);
#5427=ADVANCED_FACE('',(#130),#5210,.T.);
#5428=ADVANCED_FACE('',(#131),#5211,.T.);
#5429=ADVANCED_FACE('',(#132),#5212,.T.);
#5430=ADVANCED_FACE('',(#133),#28,.T.);
#5431=ADVANCED_FACE('',(#134),#5213,.T.);
#5432=ADVANCED_FACE('',(#135),#5214,.T.);
#5433=ADVANCED_FACE('',(#136),#5215,.T.);
#5434=ADVANCED_FACE('',(#137),#29,.T.);
#5435=ADVANCED_FACE('',(#138),#5216,.T.);
#5436=ADVANCED_FACE('',(#139),#5217,.T.);
#5437=ADVANCED_FACE('',(#140),#30,.F.);
#5438=ADVANCED_FACE('',(#141),#5218,.T.);
#5439=ADVANCED_FACE('',(#142),#5219,.T.);
#5440=ADVANCED_FACE('',(#143),#5220,.T.);
#5441=ADVANCED_FACE('',(#144),#31,.T.);
#5442=ADVANCED_FACE('',(#145),#5221,.T.);
#5443=ADVANCED_FACE('',(#146),#5222,.T.);
#5444=ADVANCED_FACE('',(#147),#5223,.T.);
#5445=ADVANCED_FACE('',(#148),#32,.T.);
#5446=ADVANCED_FACE('',(#149),#5224,.T.);
#5447=ADVANCED_FACE('',(#150),#5225,.T.);
#5448=ADVANCED_FACE('',(#151),#5226,.T.);
#5449=ADVANCED_FACE('',(#152),#33,.T.);
#5450=ADVANCED_FACE('',(#153),#5227,.T.);
#5451=ADVANCED_FACE('',(#154),#5228,.T.);
#5452=ADVANCED_FACE('',(#155),#5229,.T.);
#5453=ADVANCED_FACE('',(#156),#34,.T.);
#5454=ADVANCED_FACE('',(#157),#5230,.T.);
#5455=ADVANCED_FACE('',(#158),#5231,.T.);
#5456=ADVANCED_FACE('',(#159),#5232,.T.);
#5457=ADVANCED_FACE('',(#160),#35,.T.);
#5458=ADVANCED_FACE('',(#161),#5233,.T.);
#5459=ADVANCED_FACE('',(#162),#5234,.T.);
#5460=ADVANCED_FACE('',(#163),#5235,.T.);
#5461=ADVANCED_FACE('',(#164),#36,.T.);
#5462=ADVANCED_FACE('',(#165),#5236,.T.);
#5463=ADVANCED_FACE('',(#166),#5237,.T.);
#5464=ADVANCED_FACE('',(#167),#5238,.T.);
#5465=ADVANCED_FACE('',(#168),#37,.T.);
#5466=ADVANCED_FACE('',(#169),#5239,.T.);
#5467=ADVANCED_FACE('',(#170),#5240,.T.);
#5468=ADVANCED_FACE('',(#171),#5241,.T.);
#5469=ADVANCED_FACE('',(#172),#38,.T.);
#5470=ADVANCED_FACE('',(#173),#5242,.T.);
#5471=ADVANCED_FACE('',(#174),#5243,.T.);
#5472=ADVANCED_FACE('',(#175),#5244,.T.);
#5473=ADVANCED_FACE('',(#176),#39,.T.);
#5474=ADVANCED_FACE('',(#177,#95),#5245,.F.);
#5475=ADVANCED_FACE('',(#178),#40,.F.);
#5476=ADVANCED_FACE('',(#179,#96),#5246,.T.);
#5477=ADVANCED_FACE('',(#180),#5247,.F.);
#5478=ADVANCED_FACE('',(#181),#5248,.F.);
#5479=ADVANCED_FACE('',(#182),#41,.F.);
#5480=ADVANCED_FACE('',(#183),#5249,.F.);
#5481=ADVANCED_FACE('',(#184),#5250,.F.);
#5482=ADVANCED_FACE('',(#185),#42,.F.);
#5483=ADVANCED_FACE('',(#186),#5251,.F.);
#5484=ADVANCED_FACE('',(#187),#5252,.F.);
#5485=ADVANCED_FACE('',(#188),#43,.F.);
#5486=ADVANCED_FACE('',(#189),#5253,.F.);
#5487=ADVANCED_FACE('',(#190),#5254,.F.);
#5488=ADVANCED_FACE('',(#191),#44,.F.);
#5489=ADVANCED_FACE('',(#192),#5255,.F.);
#5490=ADVANCED_FACE('',(#193),#5256,.F.);
#5491=ADVANCED_FACE('',(#194),#45,.F.);
#5492=ADVANCED_FACE('',(#195),#5257,.F.);
#5493=ADVANCED_FACE('',(#196),#5258,.F.);
#5494=ADVANCED_FACE('',(#197),#46,.F.);
#5495=ADVANCED_FACE('',(#198),#5259,.T.);
#5496=ADVANCED_FACE('',(#199),#5260,.T.);
#5497=ADVANCED_FACE('',(#200),#5261,.T.);
#5498=ADVANCED_FACE('',(#201),#47,.T.);
#5499=ADVANCED_FACE('',(#202),#5262,.T.);
#5500=ADVANCED_FACE('',(#203),#5263,.T.);
#5501=ADVANCED_FACE('',(#204),#5264,.T.);
#5502=ADVANCED_FACE('',(#205),#48,.T.);
#5503=ADVANCED_FACE('',(#206),#5265,.T.);
#5504=ADVANCED_FACE('',(#207),#5266,.T.);
#5505=ADVANCED_FACE('',(#208),#5267,.T.);
#5506=ADVANCED_FACE('',(#209),#49,.T.);
#5507=ADVANCED_FACE('',(#210),#5268,.T.);
#5508=ADVANCED_FACE('',(#211),#5269,.T.);
#5509=ADVANCED_FACE('',(#212),#5270,.T.);
#5510=ADVANCED_FACE('',(#213),#50,.T.);
#5511=ADVANCED_FACE('',(#214),#5271,.T.);
#5512=ADVANCED_FACE('',(#215),#5272,.T.);
#5513=ADVANCED_FACE('',(#216),#5273,.T.);
#5514=ADVANCED_FACE('',(#217),#51,.T.);
#5515=ADVANCED_FACE('',(#218),#5274,.T.);
#5516=ADVANCED_FACE('',(#219),#5275,.T.);
#5517=ADVANCED_FACE('',(#220),#5276,.T.);
#5518=ADVANCED_FACE('',(#221),#52,.T.);
#5519=ADVANCED_FACE('',(#222),#5277,.T.);
#5520=ADVANCED_FACE('',(#223),#5278,.T.);
#5521=ADVANCED_FACE('',(#224),#5279,.T.);
#5522=ADVANCED_FACE('',(#225),#53,.T.);
#5523=ADVANCED_FACE('',(#226),#5280,.T.);
#5524=ADVANCED_FACE('',(#227),#5281,.T.);
#5525=ADVANCED_FACE('',(#228),#5282,.T.);
#5526=ADVANCED_FACE('',(#229),#54,.T.);
#5527=ADVANCED_FACE('',(#230),#5283,.T.);
#5528=ADVANCED_FACE('',(#231),#5284,.T.);
#5529=ADVANCED_FACE('',(#232),#5285,.T.);
#5530=ADVANCED_FACE('',(#233),#55,.T.);
#5531=ADVANCED_FACE('',(#234,#97),#5286,.T.);
#5532=ADVANCED_FACE('',(#235,#98),#5287,.F.);
#5533=ADVANCED_FACE('',(#236,#99),#5288,.T.);
#5534=ADVANCED_FACE('',(#237),#5289,.T.);
#5535=ADVANCED_FACE('',(#238),#56,.T.);
#5536=ADVANCED_FACE('',(#239),#5290,.T.);
#5537=ADVANCED_FACE('',(#240),#5291,.T.);
#5538=ADVANCED_FACE('',(#241),#5292,.T.);
#5539=ADVANCED_FACE('',(#242),#57,.T.);
#5540=ADVANCED_FACE('',(#243),#5293,.T.);
#5541=ADVANCED_FACE('',(#244),#5294,.T.);
#5542=ADVANCED_FACE('',(#245),#5295,.T.);
#5543=ADVANCED_FACE('',(#246),#58,.T.);
#5544=ADVANCED_FACE('',(#247),#5296,.T.);
#5545=ADVANCED_FACE('',(#248),#5297,.T.);
#5546=ADVANCED_FACE('',(#249),#5298,.T.);
#5547=ADVANCED_FACE('',(#250),#59,.T.);
#5548=ADVANCED_FACE('',(#251),#5299,.T.);
#5549=ADVANCED_FACE('',(#252),#5300,.T.);
#5550=ADVANCED_FACE('',(#253),#5301,.T.);
#5551=ADVANCED_FACE('',(#254),#60,.T.);
#5552=ADVANCED_FACE('',(#255),#5302,.T.);
#5553=ADVANCED_FACE('',(#256),#5303,.T.);
#5554=ADVANCED_FACE('',(#257),#5304,.T.);
#5555=ADVANCED_FACE('',(#258),#61,.T.);
#5556=ADVANCED_FACE('',(#259),#5305,.T.);
#5557=ADVANCED_FACE('',(#260),#5306,.T.);
#5558=ADVANCED_FACE('',(#261),#5307,.T.);
#5559=ADVANCED_FACE('',(#262),#62,.T.);
#5560=ADVANCED_FACE('',(#263),#5308,.T.);
#5561=ADVANCED_FACE('',(#264),#5309,.T.);
#5562=ADVANCED_FACE('',(#265),#5310,.T.);
#5563=ADVANCED_FACE('',(#266),#63,.T.);
#5564=ADVANCED_FACE('',(#267),#5311,.T.);
#5565=ADVANCED_FACE('',(#268),#5312,.T.);
#5566=ADVANCED_FACE('',(#269),#5313,.T.);
#5567=ADVANCED_FACE('',(#270),#64,.T.);
#5568=ADVANCED_FACE('',(#271),#5314,.T.);
#5569=ADVANCED_FACE('',(#272),#5315,.T.);
#5570=ADVANCED_FACE('',(#273),#65,.F.);
#5571=ADVANCED_FACE('',(#274),#5316,.T.);
#5572=ADVANCED_FACE('',(#275),#5317,.T.);
#5573=ADVANCED_FACE('',(#276),#5318,.T.);
#5574=ADVANCED_FACE('',(#277),#66,.T.);
#5575=ADVANCED_FACE('',(#278),#5319,.T.);
#5576=ADVANCED_FACE('',(#279),#5320,.T.);
#5577=ADVANCED_FACE('',(#280),#5321,.T.);
#5578=ADVANCED_FACE('',(#281),#67,.T.);
#5579=ADVANCED_FACE('',(#282),#5322,.T.);
#5580=ADVANCED_FACE('',(#283),#5323,.T.);
#5581=ADVANCED_FACE('',(#284),#5324,.T.);
#5582=ADVANCED_FACE('',(#285),#68,.T.);
#5583=ADVANCED_FACE('',(#286),#5325,.T.);
#5584=ADVANCED_FACE('',(#287),#5326,.T.);
#5585=ADVANCED_FACE('',(#288),#5327,.T.);
#5586=ADVANCED_FACE('',(#289),#69,.T.);
#5587=ADVANCED_FACE('',(#290),#5328,.T.);
#5588=ADVANCED_FACE('',(#291),#5329,.T.);
#5589=ADVANCED_FACE('',(#292),#5330,.T.);
#5590=ADVANCED_FACE('',(#293),#70,.T.);
#5591=ADVANCED_FACE('',(#294),#5331,.T.);
#5592=ADVANCED_FACE('',(#295),#5332,.T.);
#5593=ADVANCED_FACE('',(#296),#5333,.T.);
#5594=ADVANCED_FACE('',(#297),#71,.T.);
#5595=ADVANCED_FACE('',(#298),#5334,.T.);
#5596=ADVANCED_FACE('',(#299),#5335,.T.);
#5597=ADVANCED_FACE('',(#300),#5336,.T.);
#5598=ADVANCED_FACE('',(#301),#72,.T.);
#5599=ADVANCED_FACE('',(#302),#5337,.T.);
#5600=ADVANCED_FACE('',(#303),#5338,.T.);
#5601=ADVANCED_FACE('',(#304),#5339,.T.);
#5602=ADVANCED_FACE('',(#305),#73,.T.);
#5603=ADVANCED_FACE('',(#306),#5340,.T.);
#5604=ADVANCED_FACE('',(#307),#5341,.T.);
#5605=ADVANCED_FACE('',(#308),#5342,.T.);
#5606=ADVANCED_FACE('',(#309),#74,.T.);
#5607=ADVANCED_FACE('',(#310,#100),#5343,.F.);
#5608=ADVANCED_FACE('',(#311,#101),#5344,.T.);
#5609=ADVANCED_FACE('',(#312),#5345,.T.);
#5610=ADVANCED_FACE('',(#313),#75,.T.);
#5611=ADVANCED_FACE('',(#314),#5346,.T.);
#5612=ADVANCED_FACE('',(#315),#5347,.T.);
#5613=ADVANCED_FACE('',(#316),#5348,.T.);
#5614=ADVANCED_FACE('',(#317),#76,.T.);
#5615=ADVANCED_FACE('',(#318),#5349,.T.);
#5616=ADVANCED_FACE('',(#319),#5350,.T.);
#5617=ADVANCED_FACE('',(#320),#5351,.T.);
#5618=ADVANCED_FACE('',(#321),#77,.T.);
#5619=ADVANCED_FACE('',(#322),#5352,.T.);
#5620=ADVANCED_FACE('',(#323),#5353,.T.);
#5621=ADVANCED_FACE('',(#324),#5354,.T.);
#5622=ADVANCED_FACE('',(#325),#78,.T.);
#5623=ADVANCED_FACE('',(#326),#5355,.T.);
#5624=ADVANCED_FACE('',(#327),#5356,.T.);
#5625=ADVANCED_FACE('',(#328),#5357,.T.);
#5626=ADVANCED_FACE('',(#329),#79,.T.);
#5627=ADVANCED_FACE('',(#330),#5358,.T.);
#5628=ADVANCED_FACE('',(#331),#5359,.T.);
#5629=ADVANCED_FACE('',(#332),#5360,.T.);
#5630=ADVANCED_FACE('',(#333),#80,.T.);
#5631=ADVANCED_FACE('',(#334),#5361,.T.);
#5632=ADVANCED_FACE('',(#335),#5362,.T.);
#5633=ADVANCED_FACE('',(#336),#5363,.T.);
#5634=ADVANCED_FACE('',(#337),#81,.T.);
#5635=ADVANCED_FACE('',(#338),#5364,.T.);
#5636=ADVANCED_FACE('',(#339),#5365,.T.);
#5637=ADVANCED_FACE('',(#340),#5366,.T.);
#5638=ADVANCED_FACE('',(#341),#82,.T.);
#5639=ADVANCED_FACE('',(#342),#5367,.T.);
#5640=ADVANCED_FACE('',(#343),#5368,.T.);
#5641=ADVANCED_FACE('',(#344),#5369,.T.);
#5642=ADVANCED_FACE('',(#345),#83,.T.);
#5643=ADVANCED_FACE('',(#346),#5370,.T.);
#5644=ADVANCED_FACE('',(#347),#5371,.T.);
#5645=ADVANCED_FACE('',(#348),#84,.F.);
#5646=ADVANCED_FACE('',(#349),#5372,.T.);
#5647=ADVANCED_FACE('',(#350),#5373,.T.);
#5648=ADVANCED_FACE('',(#351),#5374,.T.);
#5649=ADVANCED_FACE('',(#352),#85,.T.);
#5650=ADVANCED_FACE('',(#353),#5375,.T.);
#5651=ADVANCED_FACE('',(#354),#5376,.T.);
#5652=ADVANCED_FACE('',(#355),#5377,.T.);
#5653=ADVANCED_FACE('',(#356),#86,.T.);
#5654=ADVANCED_FACE('',(#357),#5378,.T.);
#5655=ADVANCED_FACE('',(#358),#5379,.T.);
#5656=ADVANCED_FACE('',(#359),#5380,.T.);
#5657=ADVANCED_FACE('',(#360),#87,.T.);
#5658=ADVANCED_FACE('',(#361),#5381,.T.);
#5659=ADVANCED_FACE('',(#362),#5382,.T.);
#5660=ADVANCED_FACE('',(#363),#5383,.T.);
#5661=ADVANCED_FACE('',(#364),#88,.T.);
#5662=ADVANCED_FACE('',(#365),#5384,.T.);
#5663=ADVANCED_FACE('',(#366),#5385,.T.);
#5664=ADVANCED_FACE('',(#367),#5386,.T.);
#5665=ADVANCED_FACE('',(#368),#89,.T.);
#5666=ADVANCED_FACE('',(#369),#5387,.T.);
#5667=ADVANCED_FACE('',(#370),#5388,.T.);
#5668=ADVANCED_FACE('',(#371),#5389,.T.);
#5669=ADVANCED_FACE('',(#372),#90,.T.);
#5670=ADVANCED_FACE('',(#373),#5390,.T.);
#5671=ADVANCED_FACE('',(#374),#5391,.T.);
#5672=ADVANCED_FACE('',(#375),#5392,.T.);
#5673=ADVANCED_FACE('',(#376),#91,.T.);
#5674=ADVANCED_FACE('',(#377),#5393,.T.);
#5675=ADVANCED_FACE('',(#378),#5394,.T.);
#5676=ADVANCED_FACE('',(#379),#5395,.T.);
#5677=ADVANCED_FACE('',(#380),#92,.T.);
#5678=ADVANCED_FACE('',(#381),#5396,.T.);
#5679=ADVANCED_FACE('',(#382),#5397,.T.);
#5680=ADVANCED_FACE('',(#383),#5398,.T.);
#5681=ADVANCED_FACE('',(#384),#93,.T.);
#5682=ADVANCED_FACE('',(#385,#102),#5399,.F.);
#5683=CLOSED_SHELL('',(#5400,#5401,#5402,#5403,#5404,#5405,#5406,#5407,
#5408,#5409,#5410,#5411,#5412,#5413,#5414,#5415,#5416,#5417,#5418,#5419,
#5420,#5421,#5422,#5423,#5424,#5425,#5426,#5427,#5428,#5429,#5430,#5431,
#5432,#5433,#5434,#5435,#5436,#5437,#5438,#5439,#5440,#5441,#5442,#5443,
#5444,#5445,#5446,#5447,#5448,#5449,#5450,#5451,#5452,#5453,#5454,#5455,
#5456,#5457,#5458,#5459,#5460,#5461,#5462,#5463,#5464,#5465,#5466,#5467,
#5468,#5469,#5470,#5471,#5472,#5473,#5474));
#5684=CLOSED_SHELL('',(#5475,#5476,#5477,#5478,#5479,#5480,#5481,#5482,
#5483,#5484,#5485,#5486,#5487,#5488,#5489,#5490,#5491,#5492,#5493,#5494,
#5495,#5496,#5497,#5498,#5499,#5500,#5501,#5502,#5503,#5504,#5505,#5506,
#5507,#5508,#5509,#5510,#5511,#5512,#5513,#5514,#5515,#5516,#5517,#5518,
#5519,#5520,#5521,#5522,#5523,#5524,#5525,#5526,#5527,#5528,#5529,#5530,
#5531,#5532));
#5685=CLOSED_SHELL('',(#5533,#5534,#5535,#5536,#5537,#5538,#5539,#5540,
#5541,#5542,#5543,#5544,#5545,#5546,#5547,#5548,#5549,#5550,#5551,#5552,
#5553,#5554,#5555,#5556,#5557,#5558,#5559,#5560,#5561,#5562,#5563,#5564,
#5565,#5566,#5567,#5568,#5569,#5570,#5571,#5572,#5573,#5574,#5575,#5576,
#5577,#5578,#5579,#5580,#5581,#5582,#5583,#5584,#5585,#5586,#5587,#5588,
#5589,#5590,#5591,#5592,#5593,#5594,#5595,#5596,#5597,#5598,#5599,#5600,
#5601,#5602,#5603,#5604,#5605,#5606,#5607));
#5686=CLOSED_SHELL('',(#5608,#5609,#5610,#5611,#5612,#5613,#5614,#5615,
#5616,#5617,#5618,#5619,#5620,#5621,#5622,#5623,#5624,#5625,#5626,#5627,
#5628,#5629,#5630,#5631,#5632,#5633,#5634,#5635,#5636,#5637,#5638,#5639,
#5640,#5641,#5642,#5643,#5644,#5645,#5646,#5647,#5648,#5649,#5650,#5651,
#5652,#5653,#5654,#5655,#5656,#5657,#5658,#5659,#5660,#5661,#5662,#5663,
#5664,#5665,#5666,#5667,#5668,#5669,#5670,#5671,#5672,#5673,#5674,#5675,
#5676,#5677,#5678,#5679,#5680,#5681,#5682));
#5687=DERIVED_UNIT_ELEMENT(#5689,1.);
#5688=DERIVED_UNIT_ELEMENT(#9326,-3.);
#5689=(
MASS_UNIT()
NAMED_UNIT(*)
SI_UNIT(.KILO.,.GRAM.)
);
#5690=DERIVED_UNIT((#5687,#5688));
#5691=MEASURE_REPRESENTATION_ITEM('density measure',
POSITIVE_RATIO_MEASURE(7850.),#5690);
#5692=PROPERTY_DEFINITION_REPRESENTATION(#5697,#5694);
#5693=PROPERTY_DEFINITION_REPRESENTATION(#5698,#5695);
#5694=REPRESENTATION('material name',(#5696),#9321);
#5695=REPRESENTATION('density',(#5691),#9321);
#5696=DESCRIPTIVE_REPRESENTATION_ITEM('Steel','Steel');
#5697=PROPERTY_DEFINITION('material property','material name',#9334);
#5698=PROPERTY_DEFINITION('material property','density of part',#9334);
#5699=AXIS2_PLACEMENT_3D('',#7665,#6129,#6130);
#5700=AXIS2_PLACEMENT_3D('',#7666,#6131,#6132);
#5701=AXIS2_PLACEMENT_3D('',#7669,#6133,#6134);
#5702=AXIS2_PLACEMENT_3D('',#7677,#6138,#6139);
#5703=AXIS2_PLACEMENT_3D('',#7685,#6143,#6144);
#5704=AXIS2_PLACEMENT_3D('',#7693,#6148,#6149);
#5705=AXIS2_PLACEMENT_3D('',#7701,#6153,#6154);
#5706=AXIS2_PLACEMENT_3D('',#7709,#6158,#6159);
#5707=AXIS2_PLACEMENT_3D('',#7717,#6163,#6164);
#5708=AXIS2_PLACEMENT_3D('',#7725,#6168,#6169);
#5709=AXIS2_PLACEMENT_3D('',#7733,#6173,#6174);
#5710=AXIS2_PLACEMENT_3D('',#7741,#6178,#6179);
#5711=AXIS2_PLACEMENT_3D('',#7749,#6183,#6184);
#5712=AXIS2_PLACEMENT_3D('',#7757,#6188,#6189);
#5713=AXIS2_PLACEMENT_3D('',#7765,#6193,#6194);
#5714=AXIS2_PLACEMENT_3D('',#7773,#6198,#6199);
#5715=AXIS2_PLACEMENT_3D('',#7781,#6203,#6204);
#5716=AXIS2_PLACEMENT_3D('',#7789,#6208,#6209);
#5717=AXIS2_PLACEMENT_3D('',#7797,#6213,#6214);
#5718=AXIS2_PLACEMENT_3D('',#7805,#6218,#6219);
#5719=AXIS2_PLACEMENT_3D('',#7812,#6223,#6224);
#5720=AXIS2_PLACEMENT_3D('',#7813,#6225,#6226);
#5721=AXIS2_PLACEMENT_3D('',#7819,#6230,#6231);
#5722=AXIS2_PLACEMENT_3D('',#7822,#6233,#6234);
#5723=AXIS2_PLACEMENT_3D('',#7823,#6235,#6236);
#5724=AXIS2_PLACEMENT_3D('',#7827,#6239,#6240);
#5725=AXIS2_PLACEMENT_3D('',#7831,#6243,#6244);
#5726=AXIS2_PLACEMENT_3D('',#7835,#6247,#6248);
#5727=AXIS2_PLACEMENT_3D('',#7838,#6250,#6251);
#5728=AXIS2_PLACEMENT_3D('',#7839,#6252,#6253);
#5729=AXIS2_PLACEMENT_3D('',#7843,#6256,#6257);
#5730=AXIS2_PLACEMENT_3D('',#7847,#6260,#6261);
#5731=AXIS2_PLACEMENT_3D('',#7851,#6264,#6265);
#5732=AXIS2_PLACEMENT_3D('',#7854,#6267,#6268);
#5733=AXIS2_PLACEMENT_3D('',#7855,#6269,#6270);
#5734=AXIS2_PLACEMENT_3D('',#7859,#6273,#6274);
#5735=AXIS2_PLACEMENT_3D('',#7863,#6277,#6278);
#5736=AXIS2_PLACEMENT_3D('',#7867,#6281,#6282);
#5737=AXIS2_PLACEMENT_3D('',#7870,#6284,#6285);
#5738=AXIS2_PLACEMENT_3D('',#7871,#6286,#6287);
#5739=AXIS2_PLACEMENT_3D('',#7875,#6290,#6291);
#5740=AXIS2_PLACEMENT_3D('',#7879,#6294,#6295);
#5741=AXIS2_PLACEMENT_3D('',#7883,#6298,#6299);
#5742=AXIS2_PLACEMENT_3D('',#7886,#6301,#6302);
#5743=AXIS2_PLACEMENT_3D('',#7887,#6303,#6304);
#5744=AXIS2_PLACEMENT_3D('',#7891,#6307,#6308);
#5745=AXIS2_PLACEMENT_3D('',#7895,#6311,#6312);
#5746=AXIS2_PLACEMENT_3D('',#7899,#6315,#6316);
#5747=AXIS2_PLACEMENT_3D('',#7902,#6318,#6319);
#5748=AXIS2_PLACEMENT_3D('',#7903,#6320,#6321);
#5749=AXIS2_PLACEMENT_3D('',#7907,#6324,#6325);
#5750=AXIS2_PLACEMENT_3D('',#7911,#6328,#6329);
#5751=AXIS2_PLACEMENT_3D('',#7915,#6332,#6333);
#5752=AXIS2_PLACEMENT_3D('',#7918,#6335,#6336);
#5753=AXIS2_PLACEMENT_3D('',#7919,#6337,#6338);
#5754=AXIS2_PLACEMENT_3D('',#7923,#6341,#6342);
#5755=AXIS2_PLACEMENT_3D('',#7927,#6345,#6346);
#5756=AXIS2_PLACEMENT_3D('',#7931,#6349,#6350);
#5757=AXIS2_PLACEMENT_3D('',#7934,#6352,#6353);
#5758=AXIS2_PLACEMENT_3D('',#7935,#6354,#6355);
#5759=AXIS2_PLACEMENT_3D('',#7939,#6358,#6359);
#5760=AXIS2_PLACEMENT_3D('',#7943,#6362,#6363);
#5761=AXIS2_PLACEMENT_3D('',#7947,#6366,#6367);
#5762=AXIS2_PLACEMENT_3D('',#7950,#6369,#6370);
#5763=AXIS2_PLACEMENT_3D('',#7951,#6371,#6372);
#5764=AXIS2_PLACEMENT_3D('',#7955,#6375,#6376);
#5765=AXIS2_PLACEMENT_3D('',#7959,#6379,#6380);
#5766=AXIS2_PLACEMENT_3D('',#7962,#6382,#6383);
#5767=AXIS2_PLACEMENT_3D('',#7963,#6384,#6385);
#5768=AXIS2_PLACEMENT_3D('',#7969,#6389,#6390);
#5769=AXIS2_PLACEMENT_3D('',#7973,#6393,#6394);
#5770=AXIS2_PLACEMENT_3D('',#7977,#6397,#6398);
#5771=AXIS2_PLACEMENT_3D('',#7980,#6400,#6401);
#5772=AXIS2_PLACEMENT_3D('',#7981,#6402,#6403);
#5773=AXIS2_PLACEMENT_3D('',#7985,#6406,#6407);
#5774=AXIS2_PLACEMENT_3D('',#7989,#6410,#6411);
#5775=AXIS2_PLACEMENT_3D('',#7993,#6414,#6415);
#5776=AXIS2_PLACEMENT_3D('',#7996,#6417,#6418);
#5777=AXIS2_PLACEMENT_3D('',#7997,#6419,#6420);
#5778=AXIS2_PLACEMENT_3D('',#8001,#6423,#6424);
#5779=AXIS2_PLACEMENT_3D('',#8005,#6427,#6428);
#5780=AXIS2_PLACEMENT_3D('',#8009,#6431,#6432);
#5781=AXIS2_PLACEMENT_3D('',#8012,#6434,#6435);
#5782=AXIS2_PLACEMENT_3D('',#8013,#6436,#6437);
#5783=AXIS2_PLACEMENT_3D('',#8017,#6440,#6441);
#5784=AXIS2_PLACEMENT_3D('',#8021,#6444,#6445);
#5785=AXIS2_PLACEMENT_3D('',#8025,#6448,#6449);
#5786=AXIS2_PLACEMENT_3D('',#8028,#6451,#6452);
#5787=AXIS2_PLACEMENT_3D('',#8029,#6453,#6454);
#5788=AXIS2_PLACEMENT_3D('',#8033,#6457,#6458);
#5789=AXIS2_PLACEMENT_3D('',#8037,#6461,#6462);
#5790=AXIS2_PLACEMENT_3D('',#8041,#6465,#6466);
#5791=AXIS2_PLACEMENT_3D('',#8044,#6468,#6469);
#5792=AXIS2_PLACEMENT_3D('',#8045,#6470,#6471);
#5793=AXIS2_PLACEMENT_3D('',#8049,#6474,#6475);
#5794=AXIS2_PLACEMENT_3D('',#8053,#6478,#6479);
#5795=AXIS2_PLACEMENT_3D('',#8057,#6482,#6483);
#5796=AXIS2_PLACEMENT_3D('',#8060,#6485,#6486);
#5797=AXIS2_PLACEMENT_3D('',#8061,#6487,#6488);
#5798=AXIS2_PLACEMENT_3D('',#8065,#6491,#6492);
#5799=AXIS2_PLACEMENT_3D('',#8069,#6495,#6496);
#5800=AXIS2_PLACEMENT_3D('',#8073,#6499,#6500);
#5801=AXIS2_PLACEMENT_3D('',#8076,#6502,#6503);
#5802=AXIS2_PLACEMENT_3D('',#8077,#6504,#6505);
#5803=AXIS2_PLACEMENT_3D('',#8081,#6508,#6509);
#5804=AXIS2_PLACEMENT_3D('',#8085,#6512,#6513);
#5805=AXIS2_PLACEMENT_3D('',#8089,#6516,#6517);
#5806=AXIS2_PLACEMENT_3D('',#8092,#6519,#6520);
#5807=AXIS2_PLACEMENT_3D('',#8093,#6521,#6522);
#5808=AXIS2_PLACEMENT_3D('',#8097,#6525,#6526);
#5809=AXIS2_PLACEMENT_3D('',#8099,#6528,#6529);
#5810=AXIS2_PLACEMENT_3D('',#8103,#6532,#6533);
#5811=AXIS2_PLACEMENT_3D('',#8104,#6534,#6535);
#5812=AXIS2_PLACEMENT_3D('',#8105,#6536,#6537);
#5813=AXIS2_PLACEMENT_3D('',#8106,#6538,#6539);
#5814=AXIS2_PLACEMENT_3D('',#8108,#6540,#6541);
#5815=AXIS2_PLACEMENT_3D('',#8111,#6543,#6544);
#5816=AXIS2_PLACEMENT_3D('',#8112,#6545,#6546);
#5817=AXIS2_PLACEMENT_3D('',#8115,#6547,#6548);
#5818=AXIS2_PLACEMENT_3D('',#8121,#6551,#6552);
#5819=AXIS2_PLACEMENT_3D('',#8127,#6555,#6556);
#5820=AXIS2_PLACEMENT_3D('',#8133,#6559,#6560);
#5821=AXIS2_PLACEMENT_3D('',#8139,#6563,#6564);
#5822=AXIS2_PLACEMENT_3D('',#8145,#6567,#6568);
#5823=AXIS2_PLACEMENT_3D('',#8149,#6571,#6572);
#5824=AXIS2_PLACEMENT_3D('',#8155,#6576,#6577);
#5825=AXIS2_PLACEMENT_3D('',#8159,#6580,#6581);
#5826=AXIS2_PLACEMENT_3D('',#8161,#6582,#6583);
#5827=AXIS2_PLACEMENT_3D('',#8163,#6585,#6586);
#5828=AXIS2_PLACEMENT_3D('',#8167,#6589,#6590);
#5829=AXIS2_PLACEMENT_3D('',#8171,#6593,#6594);
#5830=AXIS2_PLACEMENT_3D('',#8173,#6595,#6596);
#5831=AXIS2_PLACEMENT_3D('',#8175,#6598,#6599);
#5832=AXIS2_PLACEMENT_3D('',#8179,#6602,#6603);
#5833=AXIS2_PLACEMENT_3D('',#8183,#6606,#6607);
#5834=AXIS2_PLACEMENT_3D('',#8185,#6608,#6609);
#5835=AXIS2_PLACEMENT_3D('',#8187,#6611,#6612);
#5836=AXIS2_PLACEMENT_3D('',#8191,#6615,#6616);
#5837=AXIS2_PLACEMENT_3D('',#8195,#6619,#6620);
#5838=AXIS2_PLACEMENT_3D('',#8197,#6621,#6622);
#5839=AXIS2_PLACEMENT_3D('',#8199,#6624,#6625);
#5840=AXIS2_PLACEMENT_3D('',#8203,#6628,#6629);
#5841=AXIS2_PLACEMENT_3D('',#8207,#6632,#6633);
#5842=AXIS2_PLACEMENT_3D('',#8209,#6634,#6635);
#5843=AXIS2_PLACEMENT_3D('',#8211,#6637,#6638);
#5844=AXIS2_PLACEMENT_3D('',#8215,#6641,#6642);
#5845=AXIS2_PLACEMENT_3D('',#8219,#6645,#6646);
#5846=AXIS2_PLACEMENT_3D('',#8220,#6647,#6648);
#5847=AXIS2_PLACEMENT_3D('',#8221,#6649,#6650);
#5848=AXIS2_PLACEMENT_3D('',#8230,#6655,#6656);
#5849=AXIS2_PLACEMENT_3D('',#8236,#6660,#6661);
#5850=AXIS2_PLACEMENT_3D('',#8242,#6665,#6666);
#5851=AXIS2_PLACEMENT_3D('',#8244,#6667,#6668);
#5852=AXIS2_PLACEMENT_3D('',#8246,#6669,#6670);
#5853=AXIS2_PLACEMENT_3D('',#8248,#6672,#6673);
#5854=AXIS2_PLACEMENT_3D('',#8254,#6677,#6678);
#5855=AXIS2_PLACEMENT_3D('',#8260,#6682,#6683);
#5856=AXIS2_PLACEMENT_3D('',#8266,#6687,#6688);
#5857=AXIS2_PLACEMENT_3D('',#8268,#6689,#6690);
#5858=AXIS2_PLACEMENT_3D('',#8270,#6691,#6692);
#5859=AXIS2_PLACEMENT_3D('',#8272,#6694,#6695);
#5860=AXIS2_PLACEMENT_3D('',#8278,#6699,#6700);
#5861=AXIS2_PLACEMENT_3D('',#8284,#6704,#6705);
#5862=AXIS2_PLACEMENT_3D('',#8290,#6709,#6710);
#5863=AXIS2_PLACEMENT_3D('',#8292,#6711,#6712);
#5864=AXIS2_PLACEMENT_3D('',#8294,#6713,#6714);
#5865=AXIS2_PLACEMENT_3D('',#8296,#6716,#6717);
#5866=AXIS2_PLACEMENT_3D('',#8302,#6721,#6722);
#5867=AXIS2_PLACEMENT_3D('',#8308,#6726,#6727);
#5868=AXIS2_PLACEMENT_3D('',#8314,#6731,#6732);
#5869=AXIS2_PLACEMENT_3D('',#8316,#6733,#6734);
#5870=AXIS2_PLACEMENT_3D('',#8318,#6735,#6736);
#5871=AXIS2_PLACEMENT_3D('',#8320,#6738,#6739);
#5872=AXIS2_PLACEMENT_3D('',#8326,#6743,#6744);
#5873=AXIS2_PLACEMENT_3D('',#8332,#6748,#6749);
#5874=AXIS2_PLACEMENT_3D('',#8338,#6753,#6754);
#5875=AXIS2_PLACEMENT_3D('',#8340,#6755,#6756);
#5876=AXIS2_PLACEMENT_3D('',#8342,#6757,#6758);
#5877=AXIS2_PLACEMENT_3D('',#8344,#6760,#6761);
#5878=AXIS2_PLACEMENT_3D('',#8350,#6765,#6766);
#5879=AXIS2_PLACEMENT_3D('',#8356,#6770,#6771);
#5880=AXIS2_PLACEMENT_3D('',#8362,#6775,#6776);
#5881=AXIS2_PLACEMENT_3D('',#8364,#6777,#6778);
#5882=AXIS2_PLACEMENT_3D('',#8366,#6779,#6780);
#5883=AXIS2_PLACEMENT_3D('',#8368,#6782,#6783);
#5884=AXIS2_PLACEMENT_3D('',#8374,#6787,#6788);
#5885=AXIS2_PLACEMENT_3D('',#8380,#6792,#6793);
#5886=AXIS2_PLACEMENT_3D('',#8386,#6797,#6798);
#5887=AXIS2_PLACEMENT_3D('',#8388,#6799,#6800);
#5888=AXIS2_PLACEMENT_3D('',#8390,#6801,#6802);
#5889=AXIS2_PLACEMENT_3D('',#8392,#6804,#6805);
#5890=AXIS2_PLACEMENT_3D('',#8398,#6809,#6810);
#5891=AXIS2_PLACEMENT_3D('',#8404,#6814,#6815);
#5892=AXIS2_PLACEMENT_3D('',#8410,#6819,#6820);
#5893=AXIS2_PLACEMENT_3D('',#8412,#6821,#6822);
#5894=AXIS2_PLACEMENT_3D('',#8414,#6823,#6824);
#5895=AXIS2_PLACEMENT_3D('',#8416,#6826,#6827);
#5896=AXIS2_PLACEMENT_3D('',#8422,#6831,#6832);
#5897=AXIS2_PLACEMENT_3D('',#8428,#6836,#6837);
#5898=AXIS2_PLACEMENT_3D('',#8434,#6841,#6842);
#5899=AXIS2_PLACEMENT_3D('',#8435,#6843,#6844);
#5900=AXIS2_PLACEMENT_3D('',#8436,#6845,#6846);
#5901=AXIS2_PLACEMENT_3D('',#8437,#6847,#6848);
#5902=AXIS2_PLACEMENT_3D('',#8438,#6849,#6850);
#5903=AXIS2_PLACEMENT_3D('',#8439,#6851,#6852);
#5904=AXIS2_PLACEMENT_3D('',#8442,#6853,#6854);
#5905=AXIS2_PLACEMENT_3D('',#8450,#6858,#6859);
#5906=AXIS2_PLACEMENT_3D('',#8458,#6863,#6864);
#5907=AXIS2_PLACEMENT_3D('',#8466,#6868,#6869);
#5908=AXIS2_PLACEMENT_3D('',#8474,#6873,#6874);
#5909=AXIS2_PLACEMENT_3D('',#8482,#6878,#6879);
#5910=AXIS2_PLACEMENT_3D('',#8490,#6883,#6884);
#5911=AXIS2_PLACEMENT_3D('',#8498,#6888,#6889);
#5912=AXIS2_PLACEMENT_3D('',#8506,#6893,#6894);
#5913=AXIS2_PLACEMENT_3D('',#8514,#6898,#6899);
#5914=AXIS2_PLACEMENT_3D('',#8522,#6903,#6904);
#5915=AXIS2_PLACEMENT_3D('',#8530,#6908,#6909);
#5916=AXIS2_PLACEMENT_3D('',#8538,#6913,#6914);
#5917=AXIS2_PLACEMENT_3D('',#8546,#6918,#6919);
#5918=AXIS2_PLACEMENT_3D('',#8554,#6923,#6924);
#5919=AXIS2_PLACEMENT_3D('',#8562,#6928,#6929);
#5920=AXIS2_PLACEMENT_3D('',#8570,#6933,#6934);
#5921=AXIS2_PLACEMENT_3D('',#8578,#6938,#6939);
#5922=AXIS2_PLACEMENT_3D('',#8585,#6943,#6944);
#5923=AXIS2_PLACEMENT_3D('',#8586,#6945,#6946);
#5924=AXIS2_PLACEMENT_3D('',#8592,#6950,#6951);
#5925=AXIS2_PLACEMENT_3D('',#8595,#6953,#6954);
#5926=AXIS2_PLACEMENT_3D('',#8596,#6955,#6956);
#5927=AXIS2_PLACEMENT_3D('',#8600,#6959,#6960);
#5928=AXIS2_PLACEMENT_3D('',#8604,#6963,#6964);
#5929=AXIS2_PLACEMENT_3D('',#8608,#6967,#6968);
#5930=AXIS2_PLACEMENT_3D('',#8611,#6970,#6971);
#5931=AXIS2_PLACEMENT_3D('',#8612,#6972,#6973);
#5932=AXIS2_PLACEMENT_3D('',#8616,#6976,#6977);
#5933=AXIS2_PLACEMENT_3D('',#8620,#6980,#6981);
#5934=AXIS2_PLACEMENT_3D('',#8624,#6984,#6985);
#5935=AXIS2_PLACEMENT_3D('',#8627,#6987,#6988);
#5936=AXIS2_PLACEMENT_3D('',#8628,#6989,#6990);
#5937=AXIS2_PLACEMENT_3D('',#8632,#6993,#6994);
#5938=AXIS2_PLACEMENT_3D('',#8636,#6997,#6998);
#5939=AXIS2_PLACEMENT_3D('',#8640,#7001,#7002);
#5940=AXIS2_PLACEMENT_3D('',#8643,#7004,#7005);
#5941=AXIS2_PLACEMENT_3D('',#8644,#7006,#7007);
#5942=AXIS2_PLACEMENT_3D('',#8648,#7010,#7011);
#5943=AXIS2_PLACEMENT_3D('',#8652,#7014,#7015);
#5944=AXIS2_PLACEMENT_3D('',#8656,#7018,#7019);
#5945=AXIS2_PLACEMENT_3D('',#8659,#7021,#7022);
#5946=AXIS2_PLACEMENT_3D('',#8660,#7023,#7024);
#5947=AXIS2_PLACEMENT_3D('',#8664,#7027,#7028);
#5948=AXIS2_PLACEMENT_3D('',#8668,#7031,#7032);
#5949=AXIS2_PLACEMENT_3D('',#8672,#7035,#7036);
#5950=AXIS2_PLACEMENT_3D('',#8675,#7038,#7039);
#5951=AXIS2_PLACEMENT_3D('',#8676,#7040,#7041);
#5952=AXIS2_PLACEMENT_3D('',#8680,#7044,#7045);
#5953=AXIS2_PLACEMENT_3D('',#8684,#7048,#7049);
#5954=AXIS2_PLACEMENT_3D('',#8688,#7052,#7053);
#5955=AXIS2_PLACEMENT_3D('',#8691,#7055,#7056);
#5956=AXIS2_PLACEMENT_3D('',#8692,#7057,#7058);
#5957=AXIS2_PLACEMENT_3D('',#8696,#7061,#7062);
#5958=AXIS2_PLACEMENT_3D('',#8700,#7065,#7066);
#5959=AXIS2_PLACEMENT_3D('',#8704,#7069,#7070);
#5960=AXIS2_PLACEMENT_3D('',#8707,#7072,#7073);
#5961=AXIS2_PLACEMENT_3D('',#8708,#7074,#7075);
#5962=AXIS2_PLACEMENT_3D('',#8712,#7078,#7079);
#5963=AXIS2_PLACEMENT_3D('',#8716,#7082,#7083);
#5964=AXIS2_PLACEMENT_3D('',#8720,#7086,#7087);
#5965=AXIS2_PLACEMENT_3D('',#8723,#7089,#7090);
#5966=AXIS2_PLACEMENT_3D('',#8724,#7091,#7092);
#5967=AXIS2_PLACEMENT_3D('',#8728,#7095,#7096);
#5968=AXIS2_PLACEMENT_3D('',#8732,#7099,#7100);
#5969=AXIS2_PLACEMENT_3D('',#8735,#7102,#7103);
#5970=AXIS2_PLACEMENT_3D('',#8736,#7104,#7105);
#5971=AXIS2_PLACEMENT_3D('',#8742,#7109,#7110);
#5972=AXIS2_PLACEMENT_3D('',#8746,#7113,#7114);
#5973=AXIS2_PLACEMENT_3D('',#8750,#7117,#7118);
#5974=AXIS2_PLACEMENT_3D('',#8753,#7120,#7121);
#5975=AXIS2_PLACEMENT_3D('',#8754,#7122,#7123);
#5976=AXIS2_PLACEMENT_3D('',#8758,#7126,#7127);
#5977=AXIS2_PLACEMENT_3D('',#8762,#7130,#7131);
#5978=AXIS2_PLACEMENT_3D('',#8766,#7134,#7135);
#5979=AXIS2_PLACEMENT_3D('',#8769,#7137,#7138);
#5980=AXIS2_PLACEMENT_3D('',#8770,#7139,#7140);
#5981=AXIS2_PLACEMENT_3D('',#8774,#7143,#7144);
#5982=AXIS2_PLACEMENT_3D('',#8778,#7147,#7148);
#5983=AXIS2_PLACEMENT_3D('',#8782,#7151,#7152);
#5984=AXIS2_PLACEMENT_3D('',#8785,#7154,#7155);
#5985=AXIS2_PLACEMENT_3D('',#8786,#7156,#7157);
#5986=AXIS2_PLACEMENT_3D('',#8790,#7160,#7161);
#5987=AXIS2_PLACEMENT_3D('',#8794,#7164,#7165);
#5988=AXIS2_PLACEMENT_3D('',#8798,#7168,#7169);
#5989=AXIS2_PLACEMENT_3D('',#8801,#7171,#7172);
#5990=AXIS2_PLACEMENT_3D('',#8802,#7173,#7174);
#5991=AXIS2_PLACEMENT_3D('',#8806,#7177,#7178);
#5992=AXIS2_PLACEMENT_3D('',#8810,#7181,#7182);
#5993=AXIS2_PLACEMENT_3D('',#8814,#7185,#7186);
#5994=AXIS2_PLACEMENT_3D('',#8817,#7188,#7189);
#5995=AXIS2_PLACEMENT_3D('',#8818,#7190,#7191);
#5996=AXIS2_PLACEMENT_3D('',#8822,#7194,#7195);
#5997=AXIS2_PLACEMENT_3D('',#8826,#7198,#7199);
#5998=AXIS2_PLACEMENT_3D('',#8830,#7202,#7203);
#5999=AXIS2_PLACEMENT_3D('',#8833,#7205,#7206);
#6000=AXIS2_PLACEMENT_3D('',#8834,#7207,#7208);
#6001=AXIS2_PLACEMENT_3D('',#8838,#7211,#7212);
#6002=AXIS2_PLACEMENT_3D('',#8842,#7215,#7216);
#6003=AXIS2_PLACEMENT_3D('',#8846,#7219,#7220);
#6004=AXIS2_PLACEMENT_3D('',#8849,#7222,#7223);
#6005=AXIS2_PLACEMENT_3D('',#8850,#7224,#7225);
#6006=AXIS2_PLACEMENT_3D('',#8854,#7228,#7229);
#6007=AXIS2_PLACEMENT_3D('',#8858,#7232,#7233);
#6008=AXIS2_PLACEMENT_3D('',#8862,#7236,#7237);
#6009=AXIS2_PLACEMENT_3D('',#8865,#7239,#7240);
#6010=AXIS2_PLACEMENT_3D('',#8866,#7241,#7242);
#6011=AXIS2_PLACEMENT_3D('',#8870,#7245,#7246);
#6012=AXIS2_PLACEMENT_3D('',#8872,#7248,#7249);
#6013=AXIS2_PLACEMENT_3D('',#8876,#7252,#7253);
#6014=AXIS2_PLACEMENT_3D('',#8877,#7254,#7255);
#6015=AXIS2_PLACEMENT_3D('',#8878,#7256,#7257);
#6016=AXIS2_PLACEMENT_3D('',#8879,#7258,#7259);
#6017=AXIS2_PLACEMENT_3D('',#8882,#7260,#7261);
#6018=AXIS2_PLACEMENT_3D('',#8890,#7265,#7266);
#6019=AXIS2_PLACEMENT_3D('',#8898,#7270,#7271);
#6020=AXIS2_PLACEMENT_3D('',#8906,#7275,#7276);
#6021=AXIS2_PLACEMENT_3D('',#8914,#7280,#7281);
#6022=AXIS2_PLACEMENT_3D('',#8922,#7285,#7286);
#6023=AXIS2_PLACEMENT_3D('',#8930,#7290,#7291);
#6024=AXIS2_PLACEMENT_3D('',#8938,#7295,#7296);
#6025=AXIS2_PLACEMENT_3D('',#8946,#7300,#7301);
#6026=AXIS2_PLACEMENT_3D('',#8954,#7305,#7306);
#6027=AXIS2_PLACEMENT_3D('',#8962,#7310,#7311);
#6028=AXIS2_PLACEMENT_3D('',#8970,#7315,#7316);
#6029=AXIS2_PLACEMENT_3D('',#8978,#7320,#7321);
#6030=AXIS2_PLACEMENT_3D('',#8986,#7325,#7326);
#6031=AXIS2_PLACEMENT_3D('',#8994,#7330,#7331);
#6032=AXIS2_PLACEMENT_3D('',#9002,#7335,#7336);
#6033=AXIS2_PLACEMENT_3D('',#9010,#7340,#7341);
#6034=AXIS2_PLACEMENT_3D('',#9018,#7345,#7346);
#6035=AXIS2_PLACEMENT_3D('',#9025,#7350,#7351);
#6036=AXIS2_PLACEMENT_3D('',#9026,#7352,#7353);
#6037=AXIS2_PLACEMENT_3D('',#9032,#7357,#7358);
#6038=AXIS2_PLACEMENT_3D('',#9035,#7360,#7361);
#6039=AXIS2_PLACEMENT_3D('',#9036,#7362,#7363);
#6040=AXIS2_PLACEMENT_3D('',#9040,#7366,#7367);
#6041=AXIS2_PLACEMENT_3D('',#9044,#7370,#7371);
#6042=AXIS2_PLACEMENT_3D('',#9048,#7374,#7375);
#6043=AXIS2_PLACEMENT_3D('',#9051,#7377,#7378);
#6044=AXIS2_PLACEMENT_3D('',#9052,#7379,#7380);
#6045=AXIS2_PLACEMENT_3D('',#9056,#7383,#7384);
#6046=AXIS2_PLACEMENT_3D('',#9060,#7387,#7388);
#6047=AXIS2_PLACEMENT_3D('',#9064,#7391,#7392);
#6048=AXIS2_PLACEMENT_3D('',#9067,#7394,#7395);
#6049=AXIS2_PLACEMENT_3D('',#9068,#7396,#7397);
#6050=AXIS2_PLACEMENT_3D('',#9072,#7400,#7401);
#6051=AXIS2_PLACEMENT_3D('',#9076,#7404,#7405);
#6052=AXIS2_PLACEMENT_3D('',#9080,#7408,#7409);
#6053=AXIS2_PLACEMENT_3D('',#9083,#7411,#7412);
#6054=AXIS2_PLACEMENT_3D('',#9084,#7413,#7414);
#6055=AXIS2_PLACEMENT_3D('',#9088,#7417,#7418);
#6056=AXIS2_PLACEMENT_3D('',#9092,#7421,#7422);
#6057=AXIS2_PLACEMENT_3D('',#9096,#7425,#7426);
#6058=AXIS2_PLACEMENT_3D('',#9099,#7428,#7429);
#6059=AXIS2_PLACEMENT_3D('',#9100,#7430,#7431);
#6060=AXIS2_PLACEMENT_3D('',#9104,#7434,#7435);
#6061=AXIS2_PLACEMENT_3D('',#9108,#7438,#7439);
#6062=AXIS2_PLACEMENT_3D('',#9112,#7442,#7443);
#6063=AXIS2_PLACEMENT_3D('',#9115,#7445,#7446);
#6064=AXIS2_PLACEMENT_3D('',#9116,#7447,#7448);
#6065=AXIS2_PLACEMENT_3D('',#9120,#7451,#7452);
#6066=AXIS2_PLACEMENT_3D('',#9124,#7455,#7456);
#6067=AXIS2_PLACEMENT_3D('',#9128,#7459,#7460);
#6068=AXIS2_PLACEMENT_3D('',#9131,#7462,#7463);
#6069=AXIS2_PLACEMENT_3D('',#9132,#7464,#7465);
#6070=AXIS2_PLACEMENT_3D('',#9136,#7468,#7469);
#6071=AXIS2_PLACEMENT_3D('',#9140,#7472,#7473);
#6072=AXIS2_PLACEMENT_3D('',#9144,#7476,#7477);
#6073=AXIS2_PLACEMENT_3D('',#9147,#7479,#7480);
#6074=AXIS2_PLACEMENT_3D('',#9148,#7481,#7482);
#6075=AXIS2_PLACEMENT_3D('',#9152,#7485,#7486);
#6076=AXIS2_PLACEMENT_3D('',#9156,#7489,#7490);
#6077=AXIS2_PLACEMENT_3D('',#9160,#7493,#7494);
#6078=AXIS2_PLACEMENT_3D('',#9163,#7496,#7497);
#6079=AXIS2_PLACEMENT_3D('',#9164,#7498,#7499);
#6080=AXIS2_PLACEMENT_3D('',#9168,#7502,#7503);
#6081=AXIS2_PLACEMENT_3D('',#9172,#7506,#7507);
#6082=AXIS2_PLACEMENT_3D('',#9175,#7509,#7510);
#6083=AXIS2_PLACEMENT_3D('',#9176,#7511,#7512);
#6084=AXIS2_PLACEMENT_3D('',#9182,#7516,#7517);
#6085=AXIS2_PLACEMENT_3D('',#9186,#7520,#7521);
#6086=AXIS2_PLACEMENT_3D('',#9190,#7524,#7525);
#6087=AXIS2_PLACEMENT_3D('',#9193,#7527,#7528);
#6088=AXIS2_PLACEMENT_3D('',#9194,#7529,#7530);
#6089=AXIS2_PLACEMENT_3D('',#9198,#7533,#7534);
#6090=AXIS2_PLACEMENT_3D('',#9202,#7537,#7538);
#6091=AXIS2_PLACEMENT_3D('',#9206,#7541,#7542);
#6092=AXIS2_PLACEMENT_3D('',#9209,#7544,#7545);
#6093=AXIS2_PLACEMENT_3D('',#9210,#7546,#7547);
#6094=AXIS2_PLACEMENT_3D('',#9214,#7550,#7551);
#6095=AXIS2_PLACEMENT_3D('',#9218,#7554,#7555);
#6096=AXIS2_PLACEMENT_3D('',#9222,#7558,#7559);
#6097=AXIS2_PLACEMENT_3D('',#9225,#7561,#7562);
#6098=AXIS2_PLACEMENT_3D('',#9226,#7563,#7564);
#6099=AXIS2_PLACEMENT_3D('',#9230,#7567,#7568);
#6100=AXIS2_PLACEMENT_3D('',#9234,#7571,#7572);
#6101=AXIS2_PLACEMENT_3D('',#9238,#7575,#7576);
#6102=AXIS2_PLACEMENT_3D('',#9241,#7578,#7579);
#6103=AXIS2_PLACEMENT_3D('',#9242,#7580,#7581);
#6104=AXIS2_PLACEMENT_3D('',#9246,#7584,#7585);
#6105=AXIS2_PLACEMENT_3D('',#9250,#7588,#7589);
#6106=AXIS2_PLACEMENT_3D('',#9254,#7592,#7593);
#6107=AXIS2_PLACEMENT_3D('',#9257,#7595,#7596);
#6108=AXIS2_PLACEMENT_3D('',#9258,#7597,#7598);
#6109=AXIS2_PLACEMENT_3D('',#9262,#7601,#7602);
#6110=AXIS2_PLACEMENT_3D('',#9266,#7605,#7606);
#6111=AXIS2_PLACEMENT_3D('',#9270,#7609,#7610);
#6112=AXIS2_PLACEMENT_3D('',#9273,#7612,#7613);
#6113=AXIS2_PLACEMENT_3D('',#9274,#7614,#7615);
#6114=AXIS2_PLACEMENT_3D('',#9278,#7618,#7619);
#6115=AXIS2_PLACEMENT_3D('',#9282,#7622,#7623);
#6116=AXIS2_PLACEMENT_3D('',#9286,#7626,#7627);
#6117=AXIS2_PLACEMENT_3D('',#9289,#7629,#7630);
#6118=AXIS2_PLACEMENT_3D('',#9290,#7631,#7632);
#6119=AXIS2_PLACEMENT_3D('',#9294,#7635,#7636);
#6120=AXIS2_PLACEMENT_3D('',#9298,#7639,#7640);
#6121=AXIS2_PLACEMENT_3D('',#9302,#7643,#7644);
#6122=AXIS2_PLACEMENT_3D('',#9305,#7646,#7647);
#6123=AXIS2_PLACEMENT_3D('',#9306,#7648,#7649);
#6124=AXIS2_PLACEMENT_3D('',#9310,#7652,#7653);
#6125=AXIS2_PLACEMENT_3D('',#9312,#7655,#7656);
#6126=AXIS2_PLACEMENT_3D('',#9316,#7659,#7660);
#6127=AXIS2_PLACEMENT_3D('',#9317,#7661,#7662);
#6128=AXIS2_PLACEMENT_3D('',#9318,#7663,#7664);
#6129=DIRECTION('axis',(0.,0.,1.));
#6130=DIRECTION('refdir',(1.,0.,0.));
#6131=DIRECTION('center_axis',(0.,0.,1.));
#6132=DIRECTION('ref_axis',(0.978147600733806,0.207911690817759,0.));
#6133=DIRECTION('center_axis',(0.,0.,-1.));
#6134=DIRECTION('ref_axis',(0.978147600733806,0.207911690817759,0.));
#6135=DIRECTION('',(0.0519428773654689,0.99865005757322,0.));
#6136=DIRECTION('',(-0.989903755046636,0.141741157553372,0.));
#6137=DIRECTION('',(-0.224391233649911,-0.974499140205404,0.));
#6138=DIRECTION('center_axis',(0.,0.,-1.));
#6139=DIRECTION('ref_axis',(0.978147600733806,0.207911690817759,0.));
#6140=DIRECTION('',(-0.292748097260662,0.956189600210263,0.));
#6141=DIRECTION('',(-0.978683584927136,-0.205373904365112,0.));
#6142=DIRECTION('',(0.122439549173926,-0.992475972907196,0.));
#6143=DIRECTION('center_axis',(0.,0.,-1.));
#6144=DIRECTION('ref_axis',(0.978147600733806,0.207911690817759,0.));
#6145=DIRECTION('',(-0.602129330855387,0.798398565206404,0.));
#6146=DIRECTION('',(-0.849419730634019,-0.527717842421147,0.));
#6147=DIRECTION('',(0.454502315352093,-0.890745555891011,0.));
#6148=DIRECTION('center_axis',(0.,0.,-1.));
#6149=DIRECTION('ref_axis',(0.978147600733806,0.207911690817759,0.));
#6150=DIRECTION('',(-0.838884880666467,0.544308880130765,0.));
#6151=DIRECTION('',(-0.61770332072635,-0.786411220395309,0.));
#6152=DIRECTION('',(0.731745394559018,-0.681578078830054,0.));
#6153=DIRECTION('center_axis',(0.,0.,-1.));
#6154=DIRECTION('ref_axis',(0.978147600733806,0.207911690817759,0.));
#6155=DIRECTION('',(-0.974458533246905,0.22456751096784,0.));
#6156=DIRECTION('',(-0.311482774008987,-0.95025179899628,0.));
#6157=DIRECTION('',(0.920729179770271,-0.390202226441064,0.));
#6158=DIRECTION('center_axis',(0.,0.,-1.));
#6159=DIRECTION('ref_axis',(0.978147600733806,0.207911690817759,0.));
#6160=DIRECTION('',(-0.992498105241486,-0.122260014281289,0.));
#6161=DIRECTION('',(0.0323071922500176,-0.999477986415369,0.));
#6162=DIRECTION('',(0.998659437385754,-0.0517622267717471,0.));
#6163=DIRECTION('center_axis',(0.,0.,-1.));
#6164=DIRECTION('ref_axis',(0.978147600733806,0.207911690817759,0.));
#6165=DIRECTION('',(-0.890827758031935,-0.454341177442455,0.));
#6166=DIRECTION('',(0.372200434320283,-0.928152377948682,0.));
#6167=DIRECTION('',(0.956136628208928,0.29292106137535,0.));
#6168=DIRECTION('center_axis',(0.,0.,-1.));
#6169=DIRECTION('ref_axis',(0.978147600733806,0.207911690817759,0.));
#6170=DIRECTION('',(-0.681710435986243,-0.731622089242422,0.));
#6171=DIRECTION('',(0.667200810918151,-0.744877894631168,0.));
#6172=DIRECTION('',(0.798289630596346,0.602273746466131,0.));
#6173=DIRECTION('center_axis',(0.,0.,-1.));
#6174=DIRECTION('ref_axis',(0.978147600733806,0.207911690817759,0.));
#6175=DIRECTION('',(-0.390368774386099,-0.920658579487692,0.));
#6176=DIRECTION('',(0.881726922884035,-0.471760143994225,0.));
#6177=DIRECTION('',(0.544157122033661,0.838983329119264,0.));
#6178=DIRECTION('center_axis',(0.,0.,-1.));
#6179=DIRECTION('ref_axis',(0.978147600733806,0.207911690817759,0.));
#6180=DIRECTION('',(-0.0519428773654686,-0.99865005757322,0.));
#6181=DIRECTION('',(0.989903755046636,-0.141741157553375,0.));
#6182=DIRECTION('',(0.22439123364991,0.974499140205404,0.));
#6183=DIRECTION('center_axis',(0.,0.,-1.));
#6184=DIRECTION('ref_axis',(0.978147600733806,0.207911690817759,0.));
#6185=DIRECTION('',(0.292748097260662,-0.956189600210263,0.));
#6186=DIRECTION('',(0.978683584927136,0.205373904365112,0.));
#6187=DIRECTION('',(-0.122439549173926,0.992475972907196,0.));
#6188=DIRECTION('center_axis',(0.,0.,-1.));
#6189=DIRECTION('ref_axis',(0.978147600733806,0.207911690817759,0.));
#6190=DIRECTION('',(0.602129330855388,-0.798398565206403,0.));
#6191=DIRECTION('',(0.849419730634021,0.527717842421145,0.));
#6192=DIRECTION('',(-0.454502315352093,0.890745555891011,0.));
#6193=DIRECTION('center_axis',(0.,0.,-1.));
#6194=DIRECTION('ref_axis',(0.978147600733806,0.207911690817759,0.));
#6195=DIRECTION('',(0.838884880666467,-0.544308880130765,0.));
#6196=DIRECTION('',(0.61770332072635,0.786411220395309,0.));
#6197=DIRECTION('',(-0.731745394559018,0.681578078830054,0.));
#6198=DIRECTION('center_axis',(0.,0.,-1.));
#6199=DIRECTION('ref_axis',(0.978147600733806,0.207911690817759,0.));
#6200=DIRECTION('',(0.974458533246905,-0.224567510967841,0.));
#6201=DIRECTION('',(0.311482774008984,0.950251798996281,0.));
#6202=DIRECTION('',(-0.920729179770271,0.390202226441065,0.));
#6203=DIRECTION('center_axis',(0.,0.,-1.));
#6204=DIRECTION('ref_axis',(0.978147600733806,0.207911690817759,0.));
#6205=DIRECTION('',(0.992498105241486,0.122260014281289,0.));
#6206=DIRECTION('',(-0.0323071922500145,0.999477986415369,0.));
#6207=DIRECTION('',(-0.998659437385754,0.0517622267717467,0.));
#6208=DIRECTION('center_axis',(0.,0.,-1.));
#6209=DIRECTION('ref_axis',(0.978147600733806,0.207911690817759,0.));
#6210=DIRECTION('',(0.890827758031935,0.454341177442455,0.));
#6211=DIRECTION('',(-0.372200434320283,0.928152377948682,0.));
#6212=DIRECTION('',(-0.956136628208928,-0.29292106137535,0.));
#6213=DIRECTION('center_axis',(0.,0.,-1.));
#6214=DIRECTION('ref_axis',(0.978147600733806,0.207911690817759,0.));
#6215=DIRECTION('',(0.681710435986242,0.731622089242423,0.));
#6216=DIRECTION('',(-0.667200810918149,0.74487789463117,0.));
#6217=DIRECTION('',(-0.798289630596346,-0.602273746466131,0.));
#6218=DIRECTION('center_axis',(0.,0.,-1.));
#6219=DIRECTION('ref_axis',(0.978147600733806,0.207911690817759,0.));
#6220=DIRECTION('',(0.390368774386098,0.920658579487692,0.));
#6221=DIRECTION('',(-0.881726922884035,0.471760143994225,0.));
#6222=DIRECTION('',(-0.544157122033661,-0.838983329119264,0.));
#6223=DIRECTION('center_axis',(0.,0.,1.));
#6224=DIRECTION('ref_axis',(-1.,0.,0.));
#6225=DIRECTION('center_axis',(0.99865005757322,-0.0519428773654686,0.));
#6226=DIRECTION('ref_axis',(0.0519428773654685,0.99865005757322,0.));
#6227=DIRECTION('',(0.,0.,-1.));
#6228=DIRECTION('',(0.0519428773654685,0.99865005757322,0.));
#6229=DIRECTION('',(0.,0.,1.));
#6230=DIRECTION('center_axis',(0.,0.,1.));
#6231=DIRECTION('ref_axis',(0.978147600733806,0.207911690817759,0.));
#6232=DIRECTION('',(0.,0.,1.));
#6233=DIRECTION('center_axis',(0.,0.,-1.));
#6234=DIRECTION('ref_axis',(0.978147600733806,0.207911690817759,0.));
#6235=DIRECTION('center_axis',(-0.838983329119264,0.544157122033661,0.));
#6236=DIRECTION('ref_axis',(-0.544157122033661,-0.838983329119264,0.));
#6237=DIRECTION('',(0.,0.,1.));
#6238=DIRECTION('',(0.544157122033661,0.838983329119264,0.));
#6239=DIRECTION('center_axis',(0.471760143994225,0.881726922884035,0.));
#6240=DIRECTION('ref_axis',(-0.881726922884035,0.471760143994225,0.));
#6241=DIRECTION('',(0.,0.,1.));
#6242=DIRECTION('',(0.881726922884035,-0.471760143994225,0.));
#6243=DIRECTION('center_axis',(0.920658579487692,-0.390368774386098,0.));
#6244=DIRECTION('ref_axis',(0.390368774386098,0.920658579487692,0.));
#6245=DIRECTION('',(0.,0.,-1.));
#6246=DIRECTION('',(0.390368774386098,0.920658579487692,0.));
#6247=DIRECTION('center_axis',(0.,0.,1.));
#6248=DIRECTION('ref_axis',(0.978147600733806,0.207911690817759,0.));
#6249=DIRECTION('',(0.,0.,1.));
#6250=DIRECTION('center_axis',(0.,0.,-1.));
#6251=DIRECTION('ref_axis',(0.978147600733806,0.207911690817759,0.));
#6252=DIRECTION('center_axis',(-0.602273746466131,0.798289630596346,0.));
#6253=DIRECTION('ref_axis',(-0.798289630596346,-0.602273746466131,0.));
#6254=DIRECTION('',(0.,0.,1.));
#6255=DIRECTION('',(0.798289630596346,0.602273746466131,0.));
#6256=DIRECTION('center_axis',(0.744877894631168,0.667200810918151,0.));
#6257=DIRECTION('ref_axis',(-0.667200810918151,0.744877894631168,0.));
#6258=DIRECTION('',(0.,0.,1.));
#6259=DIRECTION('',(0.667200810918151,-0.744877894631168,0.));
#6260=DIRECTION('center_axis',(0.731622089242422,-0.681710435986243,0.));
#6261=DIRECTION('ref_axis',(0.681710435986243,0.731622089242422,0.));
#6262=DIRECTION('',(0.,0.,-1.));
#6263=DIRECTION('',(0.681710435986243,0.731622089242422,0.));
#6264=DIRECTION('center_axis',(0.,0.,1.));
#6265=DIRECTION('ref_axis',(0.978147600733806,0.207911690817759,0.));
#6266=DIRECTION('',(0.,0.,1.));
#6267=DIRECTION('center_axis',(0.,0.,-1.));
#6268=DIRECTION('ref_axis',(0.978147600733806,0.207911690817759,0.));
#6269=DIRECTION('center_axis',(-0.29292106137535,0.956136628208929,0.));
#6270=DIRECTION('ref_axis',(-0.956136628208928,-0.29292106137535,0.));
#6271=DIRECTION('',(0.,0.,1.));
#6272=DIRECTION('',(0.956136628208928,0.29292106137535,0.));
#6273=DIRECTION('center_axis',(0.928152377948682,0.372200434320283,0.));
#6274=DIRECTION('ref_axis',(-0.372200434320283,0.928152377948682,0.));
#6275=DIRECTION('',(0.,0.,1.));
#6276=DIRECTION('',(0.372200434320283,-0.928152377948682,0.));
#6277=DIRECTION('center_axis',(0.454341177442455,-0.890827758031935,0.));
#6278=DIRECTION('ref_axis',(0.890827758031935,0.454341177442455,0.));
#6279=DIRECTION('',(0.,0.,-1.));
#6280=DIRECTION('',(0.890827758031935,0.454341177442455,0.));
#6281=DIRECTION('center_axis',(0.,0.,1.));
#6282=DIRECTION('ref_axis',(0.978147600733806,0.207911690817759,0.));
#6283=DIRECTION('',(0.,0.,1.));
#6284=DIRECTION('center_axis',(0.,0.,-1.));
#6285=DIRECTION('ref_axis',(0.978147600733806,0.207911690817759,0.));
#6286=DIRECTION('center_axis',(0.0517622267717471,0.998659437385754,0.));
#6287=DIRECTION('ref_axis',(-0.998659437385754,0.0517622267717472,0.));
#6288=DIRECTION('',(0.,0.,1.));
#6289=DIRECTION('',(0.998659437385754,-0.0517622267717472,0.));
#6290=DIRECTION('center_axis',(0.999477986415369,0.0323071922500176,0.));
#6291=DIRECTION('ref_axis',(-0.0323071922500175,0.999477986415369,0.));
#6292=DIRECTION('',(0.,0.,1.));
#6293=DIRECTION('',(0.0323071922500175,-0.999477986415369,0.));
#6294=DIRECTION('center_axis',(0.122260014281289,-0.992498105241486,0.));
#6295=DIRECTION('ref_axis',(0.992498105241486,0.122260014281289,0.));
#6296=DIRECTION('',(0.,0.,-1.));
#6297=DIRECTION('',(0.992498105241486,0.122260014281289,0.));
#6298=DIRECTION('center_axis',(0.,0.,1.));
#6299=DIRECTION('ref_axis',(0.978147600733806,0.207911690817759,0.));
#6300=DIRECTION('',(0.,0.,1.));
#6301=DIRECTION('center_axis',(0.,0.,-1.));
#6302=DIRECTION('ref_axis',(0.978147600733806,0.207911690817759,0.));
#6303=DIRECTION('center_axis',(0.390202226441064,0.920729179770271,0.));
#6304=DIRECTION('ref_axis',(-0.920729179770271,0.390202226441064,0.));
#6305=DIRECTION('',(0.,0.,1.));
#6306=DIRECTION('',(0.920729179770271,-0.390202226441064,0.));
#6307=DIRECTION('center_axis',(0.95025179899628,-0.311482774008987,0.));
#6308=DIRECTION('ref_axis',(0.311482774008987,0.95025179899628,0.));
#6309=DIRECTION('',(0.,0.,1.));
#6310=DIRECTION('',(-0.311482774008987,-0.95025179899628,0.));
#6311=DIRECTION('center_axis',(-0.22456751096784,-0.974458533246905,0.));
#6312=DIRECTION('ref_axis',(0.974458533246905,-0.22456751096784,0.));
#6313=DIRECTION('',(0.,0.,-1.));
#6314=DIRECTION('',(0.974458533246905,-0.22456751096784,0.));
#6315=DIRECTION('center_axis',(0.,0.,1.));
#6316=DIRECTION('ref_axis',(0.978147600733806,0.207911690817759,0.));
#6317=DIRECTION('',(0.,0.,1.));
#6318=DIRECTION('center_axis',(0.,0.,-1.));
#6319=DIRECTION('ref_axis',(0.978147600733806,0.207911690817759,0.));
#6320=DIRECTION('center_axis',(0.681578078830054,0.731745394559018,0.));
#6321=DIRECTION('ref_axis',(-0.731745394559018,0.681578078830054,0.));
#6322=DIRECTION('',(0.,0.,1.));
#6323=DIRECTION('',(0.731745394559018,-0.681578078830054,0.));
#6324=DIRECTION('center_axis',(0.786411220395309,-0.61770332072635,0.));
#6325=DIRECTION('ref_axis',(0.61770332072635,0.78641122039531,0.));
#6326=DIRECTION('',(0.,0.,1.));
#6327=DIRECTION('',(-0.61770332072635,-0.78641122039531,0.));
#6328=DIRECTION('center_axis',(-0.544308880130765,-0.838884880666467,0.));
#6329=DIRECTION('ref_axis',(0.838884880666467,-0.544308880130765,0.));
#6330=DIRECTION('',(0.,0.,-1.));
#6331=DIRECTION('',(0.838884880666467,-0.544308880130765,0.));
#6332=DIRECTION('center_axis',(0.,0.,1.));
#6333=DIRECTION('ref_axis',(0.978147600733806,0.207911690817759,0.));
#6334=DIRECTION('',(0.,0.,1.));
#6335=DIRECTION('center_axis',(0.,0.,-1.));
#6336=DIRECTION('ref_axis',(0.978147600733806,0.207911690817759,0.));
#6337=DIRECTION('center_axis',(0.890745555891011,0.454502315352093,0.));
#6338=DIRECTION('ref_axis',(-0.454502315352093,0.890745555891011,0.));
#6339=DIRECTION('',(0.,0.,1.));
#6340=DIRECTION('',(0.454502315352093,-0.890745555891011,0.));
#6341=DIRECTION('center_axis',(0.527717842421147,-0.849419730634019,0.));
#6342=DIRECTION('ref_axis',(0.849419730634019,0.527717842421147,0.));
#6343=DIRECTION('',(0.,0.,1.));
#6344=DIRECTION('',(-0.849419730634019,-0.527717842421147,0.));
#6345=DIRECTION('center_axis',(-0.798398565206403,-0.602129330855387,0.));
#6346=DIRECTION('ref_axis',(0.602129330855387,-0.798398565206404,0.));
#6347=DIRECTION('',(0.,0.,-1.));
#6348=DIRECTION('',(0.602129330855387,-0.798398565206404,0.));
#6349=DIRECTION('center_axis',(0.,0.,1.));
#6350=DIRECTION('ref_axis',(0.978147600733806,0.207911690817759,0.));
#6351=DIRECTION('',(0.,0.,1.));
#6352=DIRECTION('center_axis',(0.,0.,-1.));
#6353=DIRECTION('ref_axis',(0.978147600733806,0.207911690817759,0.));
#6354=DIRECTION('center_axis',(0.992475972907196,0.122439549173926,0.));
#6355=DIRECTION('ref_axis',(-0.122439549173926,0.992475972907196,0.));
#6356=DIRECTION('',(0.,0.,1.));
#6357=DIRECTION('',(0.122439549173926,-0.992475972907196,0.));
#6358=DIRECTION('center_axis',(0.205373904365112,-0.978683584927136,0.));
#6359=DIRECTION('ref_axis',(0.978683584927136,0.205373904365112,0.));
#6360=DIRECTION('',(0.,0.,1.));
#6361=DIRECTION('',(-0.978683584927136,-0.205373904365112,0.));
#6362=DIRECTION('center_axis',(-0.956189600210263,-0.292748097260662,0.));
#6363=DIRECTION('ref_axis',(0.292748097260662,-0.956189600210263,0.));
#6364=DIRECTION('',(0.,0.,-1.));
#6365=DIRECTION('',(0.292748097260662,-0.956189600210263,0.));
#6366=DIRECTION('center_axis',(0.,0.,1.));
#6367=DIRECTION('ref_axis',(0.978147600733806,0.207911690817759,0.));
#6368=DIRECTION('',(0.,0.,1.));
#6369=DIRECTION('center_axis',(0.,0.,-1.));
#6370=DIRECTION('ref_axis',(0.978147600733806,0.207911690817759,0.));
#6371=DIRECTION('center_axis',(0.974499140205404,-0.224391233649911,0.));
#6372=DIRECTION('ref_axis',(0.224391233649911,0.974499140205404,0.));
#6373=DIRECTION('',(0.,0.,1.));
#6374=DIRECTION('',(-0.224391233649911,-0.974499140205404,0.));
#6375=DIRECTION('center_axis',(-0.141741157553372,-0.989903755046636,0.));
#6376=DIRECTION('ref_axis',(0.989903755046636,-0.141741157553372,0.));
#6377=DIRECTION('',(0.,0.,1.));
#6378=DIRECTION('',(-0.989903755046636,0.141741157553372,0.));
#6379=DIRECTION('center_axis',(0.,0.,-1.));
#6380=DIRECTION('ref_axis',(-1.,0.,0.));
#6381=DIRECTION('',(0.,0.,-1.));
#6382=DIRECTION('center_axis',(0.,0.,1.));
#6383=DIRECTION('ref_axis',(-1.,0.,0.));
#6384=DIRECTION('center_axis',(0.838983329119264,-0.544157122033661,0.));
#6385=DIRECTION('ref_axis',(0.544157122033661,0.838983329119264,0.));
#6386=DIRECTION('',(0.,0.,1.));
#6387=DIRECTION('',(-0.544157122033661,-0.838983329119264,0.));
#6388=DIRECTION('',(0.,0.,1.));
#6389=DIRECTION('center_axis',(-0.471760143994225,-0.881726922884035,0.));
#6390=DIRECTION('ref_axis',(0.881726922884035,-0.471760143994225,0.));
#6391=DIRECTION('',(0.,0.,1.));
#6392=DIRECTION('',(-0.881726922884035,0.471760143994225,0.));
#6393=DIRECTION('center_axis',(-0.920658579487692,0.390368774386098,0.));
#6394=DIRECTION('ref_axis',(-0.390368774386098,-0.920658579487692,0.));
#6395=DIRECTION('',(0.,0.,-1.));
#6396=DIRECTION('',(-0.390368774386098,-0.920658579487692,0.));
#6397=DIRECTION('center_axis',(0.,0.,1.));
#6398=DIRECTION('ref_axis',(0.978147600733806,0.207911690817759,0.));
#6399=DIRECTION('',(0.,0.,1.));
#6400=DIRECTION('center_axis',(0.,0.,-1.));
#6401=DIRECTION('ref_axis',(0.978147600733806,0.207911690817759,0.));
#6402=DIRECTION('center_axis',(0.602273746466132,-0.798289630596346,0.));
#6403=DIRECTION('ref_axis',(0.798289630596346,0.602273746466131,0.));
#6404=DIRECTION('',(0.,0.,1.));
#6405=DIRECTION('',(-0.798289630596346,-0.602273746466131,0.));
#6406=DIRECTION('center_axis',(-0.74487789463117,-0.667200810918149,0.));
#6407=DIRECTION('ref_axis',(0.667200810918149,-0.74487789463117,0.));
#6408=DIRECTION('',(0.,0.,1.));
#6409=DIRECTION('',(-0.667200810918149,0.74487789463117,0.));
#6410=DIRECTION('center_axis',(-0.731622089242423,0.681710435986242,0.));
#6411=DIRECTION('ref_axis',(-0.681710435986242,-0.731622089242423,0.));
#6412=DIRECTION('',(0.,0.,-1.));
#6413=DIRECTION('',(-0.681710435986242,-0.731622089242422,0.));
#6414=DIRECTION('center_axis',(0.,0.,1.));
#6415=DIRECTION('ref_axis',(0.978147600733806,0.207911690817759,0.));
#6416=DIRECTION('',(0.,0.,1.));
#6417=DIRECTION('center_axis',(0.,0.,-1.));
#6418=DIRECTION('ref_axis',(0.978147600733806,0.207911690817759,0.));
#6419=DIRECTION('center_axis',(0.29292106137535,-0.956136628208929,0.));
#6420=DIRECTION('ref_axis',(0.956136628208928,0.292921061375349,0.));
#6421=DIRECTION('',(0.,0.,1.));
#6422=DIRECTION('',(-0.956136628208928,-0.292921061375349,0.));
#6423=DIRECTION('center_axis',(-0.928152377948682,-0.372200434320283,0.));
#6424=DIRECTION('ref_axis',(0.372200434320283,-0.928152377948682,0.));
#6425=DIRECTION('',(0.,0.,1.));
#6426=DIRECTION('',(-0.372200434320283,0.928152377948682,0.));
#6427=DIRECTION('center_axis',(-0.454341177442455,0.890827758031935,0.));
#6428=DIRECTION('ref_axis',(-0.890827758031935,-0.454341177442455,0.));
#6429=DIRECTION('',(0.,0.,-1.));
#6430=DIRECTION('',(-0.890827758031935,-0.454341177442455,0.));
#6431=DIRECTION('center_axis',(0.,0.,1.));
#6432=DIRECTION('ref_axis',(-0.978469412650569,-0.206391880914079,0.));
#6433=DIRECTION('',(0.,0.,1.));
#6434=DIRECTION('center_axis',(0.,0.,-1.));
#6435=DIRECTION('ref_axis',(0.978147600733806,0.207911690817759,0.));
#6436=DIRECTION('center_axis',(-0.0517622267717467,-0.998659437385754,0.));
#6437=DIRECTION('ref_axis',(0.998659437385754,-0.0517622267717468,0.));
#6438=DIRECTION('',(0.,0.,1.));
#6439=DIRECTION('',(-0.998659437385754,0.0517622267717467,0.));
#6440=DIRECTION('center_axis',(-0.999477986415369,-0.0323071922500145,0.));
#6441=DIRECTION('ref_axis',(0.0323071922500145,-0.999477986415369,0.));
#6442=DIRECTION('',(0.,0.,1.));
#6443=DIRECTION('',(-0.0323071922500145,0.999477986415369,0.));
#6444=DIRECTION('center_axis',(-0.122260014281289,0.992498105241486,0.));
#6445=DIRECTION('ref_axis',(-0.992498105241486,-0.122260014281289,0.));
#6446=DIRECTION('',(0.,0.,-1.));
#6447=DIRECTION('',(-0.992498105241486,-0.122260014281289,0.));
#6448=DIRECTION('center_axis',(0.,0.,1.));
#6449=DIRECTION('ref_axis',(0.978147600733806,0.207911690817759,0.));
#6450=DIRECTION('',(0.,0.,1.));
#6451=DIRECTION('center_axis',(0.,0.,-1.));
#6452=DIRECTION('ref_axis',(0.978147600733806,0.207911690817759,0.));
#6453=DIRECTION('center_axis',(-0.390202226441065,-0.920729179770271,0.));
#6454=DIRECTION('ref_axis',(0.920729179770271,-0.390202226441065,0.));
#6455=DIRECTION('',(0.,0.,1.));
#6456=DIRECTION('',(-0.920729179770271,0.390202226441065,0.));
#6457=DIRECTION('center_axis',(-0.950251798996281,0.311482774008984,0.));
#6458=DIRECTION('ref_axis',(-0.311482774008984,-0.950251798996281,0.));
#6459=DIRECTION('',(0.,0.,1.));
#6460=DIRECTION('',(0.311482774008984,0.950251798996281,0.));
#6461=DIRECTION('center_axis',(0.224567510967841,0.974458533246905,0.));
#6462=DIRECTION('ref_axis',(-0.974458533246905,0.224567510967841,0.));
#6463=DIRECTION('',(0.,0.,-1.));
#6464=DIRECTION('',(-0.974458533246905,0.224567510967841,0.));
#6465=DIRECTION('center_axis',(0.,0.,1.));
#6466=DIRECTION('ref_axis',(0.978147600733806,0.207911690817759,0.));
#6467=DIRECTION('',(0.,0.,1.));
#6468=DIRECTION('center_axis',(0.,0.,-1.));
#6469=DIRECTION('ref_axis',(0.978147600733806,0.207911690817759,0.));
#6470=DIRECTION('center_axis',(-0.681578078830054,-0.731745394559018,0.));
#6471=DIRECTION('ref_axis',(0.731745394559018,-0.681578078830054,0.));
#6472=DIRECTION('',(0.,0.,1.));
#6473=DIRECTION('',(-0.731745394559018,0.681578078830054,0.));
#6474=DIRECTION('center_axis',(-0.786411220395309,0.61770332072635,0.));
#6475=DIRECTION('ref_axis',(-0.61770332072635,-0.78641122039531,0.));
#6476=DIRECTION('',(0.,0.,1.));
#6477=DIRECTION('',(0.61770332072635,0.78641122039531,0.));
#6478=DIRECTION('center_axis',(0.544308880130765,0.838884880666467,0.));
#6479=DIRECTION('ref_axis',(-0.838884880666467,0.544308880130765,0.));
#6480=DIRECTION('',(0.,0.,-1.));
#6481=DIRECTION('',(-0.838884880666467,0.544308880130765,0.));
#6482=DIRECTION('center_axis',(0.,0.,1.));
#6483=DIRECTION('ref_axis',(0.978147600733806,0.207911690817759,0.));
#6484=DIRECTION('',(0.,0.,1.));
#6485=DIRECTION('center_axis',(0.,0.,-1.));
#6486=DIRECTION('ref_axis',(0.978147600733806,0.207911690817759,0.));
#6487=DIRECTION('center_axis',(-0.890745555891011,-0.454502315352093,0.));
#6488=DIRECTION('ref_axis',(0.454502315352093,-0.890745555891011,0.));
#6489=DIRECTION('',(0.,0.,1.));
#6490=DIRECTION('',(-0.454502315352093,0.890745555891011,0.));
#6491=DIRECTION('center_axis',(-0.527717842421145,0.849419730634021,0.));
#6492=DIRECTION('ref_axis',(-0.849419730634021,-0.527717842421145,0.));
#6493=DIRECTION('',(0.,0.,1.));
#6494=DIRECTION('',(0.849419730634021,0.527717842421145,0.));
#6495=DIRECTION('center_axis',(0.798398565206403,0.602129330855388,0.));
#6496=DIRECTION('ref_axis',(-0.602129330855388,0.798398565206403,0.));
#6497=DIRECTION('',(0.,0.,-1.));
#6498=DIRECTION('',(-0.602129330855388,0.798398565206403,0.));
#6499=DIRECTION('center_axis',(0.,0.,1.));
#6500=DIRECTION('ref_axis',(0.978147600733806,0.207911690817759,0.));
#6501=DIRECTION('',(0.,0.,1.));
#6502=DIRECTION('center_axis',(0.,0.,-1.));
#6503=DIRECTION('ref_axis',(0.978147600733806,0.207911690817759,0.));
#6504=DIRECTION('center_axis',(-0.992475972907196,-0.122439549173926,0.));
#6505=DIRECTION('ref_axis',(0.122439549173925,-0.992475972907196,0.));
#6506=DIRECTION('',(0.,0.,1.));
#6507=DIRECTION('',(-0.122439549173926,0.992475972907196,0.));
#6508=DIRECTION('center_axis',(-0.205373904365112,0.978683584927136,0.));
#6509=DIRECTION('ref_axis',(-0.978683584927136,-0.205373904365112,0.));
#6510=DIRECTION('',(0.,0.,1.));
#6511=DIRECTION('',(0.978683584927136,0.205373904365112,0.));
#6512=DIRECTION('center_axis',(0.956189600210263,0.292748097260662,0.));
#6513=DIRECTION('ref_axis',(-0.292748097260662,0.956189600210263,0.));
#6514=DIRECTION('',(0.,0.,-1.));
#6515=DIRECTION('',(-0.292748097260662,0.956189600210263,0.));
#6516=DIRECTION('center_axis',(0.,0.,1.));
#6517=DIRECTION('ref_axis',(0.978147600733806,0.207911690817759,0.));
#6518=DIRECTION('',(0.,0.,1.));
#6519=DIRECTION('center_axis',(0.,0.,-1.));
#6520=DIRECTION('ref_axis',(0.978147600733806,0.207911690817759,0.));
#6521=DIRECTION('center_axis',(-0.974499140205404,0.22439123364991,0.));
#6522=DIRECTION('ref_axis',(-0.22439123364991,-0.974499140205404,0.));
#6523=DIRECTION('',(0.,0.,1.));
#6524=DIRECTION('',(0.22439123364991,0.974499140205404,0.));
#6525=DIRECTION('center_axis',(0.141741157553375,0.989903755046636,0.));
#6526=DIRECTION('ref_axis',(-0.989903755046636,0.141741157553375,0.));
#6527=DIRECTION('',(0.989903755046636,-0.141741157553375,0.));
#6528=DIRECTION('center_axis',(-0.99865005757322,0.0519428773654689,0.));
#6529=DIRECTION('ref_axis',(-0.051942877365469,-0.99865005757322,0.));
#6530=DIRECTION('',(0.,0.,-1.));
#6531=DIRECTION('',(-0.051942877365469,-0.99865005757322,0.));
#6532=DIRECTION('center_axis',(0.,0.,1.));
#6533=DIRECTION('ref_axis',(0.978147600733806,0.207911690817759,0.));
#6534=DIRECTION('center_axis',(0.,0.,-1.));
#6535=DIRECTION('ref_axis',(0.978147600733806,0.207911690817759,0.));
#6536=DIRECTION('center_axis',(0.,0.,1.));
#6537=DIRECTION('ref_axis',(0.978147600733806,0.207911690817759,0.));
#6538=DIRECTION('center_axis',(0.,0.,1.));
#6539=DIRECTION('ref_axis',(1.,0.,0.));
#6540=DIRECTION('center_axis',(0.,0.,1.));
#6541=DIRECTION('ref_axis',(1.,0.,0.));
#6542=DIRECTION('',(0.,0.,1.));
#6543=DIRECTION('center_axis',(-1.22464679914735E-16,0.,-1.));
#6544=DIRECTION('ref_axis',(1.,0.,0.));
#6545=DIRECTION('center_axis',(1.22464679914735E-16,0.,1.));
#6546=DIRECTION('ref_axis',(-1.,0.,1.22464679914735E-16));
#6547=DIRECTION('center_axis',(-1.22464679914735E-16,0.,-1.));
#6548=DIRECTION('ref_axis',(0.222039778941645,-0.975037607770872,-2.71920304564272E-17));
#6549=DIRECTION('',(0.765886982862759,-0.642975216848503,-9.37941042071502E-17));
#6550=DIRECTION('',(-0.766207783218286,-0.642592898292317,9.38333909200063E-17));
#6551=DIRECTION('center_axis',(-1.22464679914735E-16,0.,-1.));
#6552=DIRECTION('ref_axis',(0.955427227445603,-0.295226714671298,-1.17006089590949E-16));
#6553=DIRECTION('',(0.939776363225992,0.341789975162714,-1.15089411513905E-16));
#6554=DIRECTION('',(0.173397882603476,-0.984851853990554,-2.12351161909275E-17));
#6555=DIRECTION('center_axis',(-1.22464679914735E-16,0.,-1.));
#6556=DIRECTION('ref_axis',(0.733387448503961,0.679810893099581,-8.9814059134522E-17));
#6557=DIRECTION('',(0.173889380363232,0.984765192011218,-2.12953073067548E-17));
#6558=DIRECTION('',(0.93960566582176,-0.342258955698235,-1.15068507110934E-16));
#6559=DIRECTION('center_axis',(-1.22464679914735E-16,0.,-1.));
#6560=DIRECTION('ref_axis',(-0.222039778941645,0.975037607770872,2.71920304564272E-17));
#6561=DIRECTION('',(-0.76588698286276,0.642975216848503,9.37941042071502E-17));
#6562=DIRECTION('',(0.766207783218285,0.642592898292319,-9.38333909200061E-17));
#6563=DIRECTION('center_axis',(-1.22464679914735E-16,0.,-1.));
#6564=DIRECTION('ref_axis',(-0.955427227445605,0.29522671467129,1.17006089590949E-16));
#6565=DIRECTION('',(-0.939776363225992,-0.341789975162715,1.15089411513905E-16));
#6566=DIRECTION('',(-0.173397882603475,0.984851853990554,2.12351161909275E-17));
#6567=DIRECTION('center_axis',(-1.22464679914735E-16,0.,-1.));
#6568=DIRECTION('ref_axis',(-0.73338744850396,-0.679810893099582,8.98140591345219E-17));
#6569=DIRECTION('',(-0.173889380363231,-0.984765192011218,2.12953073067548E-17));
#6570=DIRECTION('',(-0.93960566582176,0.342258955698235,1.15068507110934E-16));
#6571=DIRECTION('center_axis',(0.642975216848503,0.765886982862759,-7.87417541244595E-17));
#6572=DIRECTION('ref_axis',(0.765886982862759,-0.642975216848503,-9.37941042071502E-17));
#6573=DIRECTION('',(0.765886982862759,-0.642975216848503,0.));
#6574=DIRECTION('',(-1.22464679914735E-16,0.,-1.));
#6575=DIRECTION('',(-1.22464679914735E-16,0.,-1.));
#6576=DIRECTION('center_axis',(0.642592898292317,-0.766207783218286,-7.86949336048507E-17));
#6577=DIRECTION('ref_axis',(-0.766207783218286,-0.642592898292317,9.38333909200063E-17));
#6578=DIRECTION('',(-0.766207783218286,-0.642592898292317,0.));
#6579=DIRECTION('',(-1.22464679914735E-16,0.,-1.));
#6580=DIRECTION('center_axis',(-1.22464679914735E-16,0.,-1.));
#6581=DIRECTION('ref_axis',(0.955427227445603,-0.295226714671298,-1.17006089590949E-16));
#6582=DIRECTION('center_axis',(0.,0.,-1.));
#6583=DIRECTION('ref_axis',(0.955427227445603,-0.295226714671298,-1.17006089590949E-16));
#6584=DIRECTION('',(-1.22464679914735E-16,0.,-1.));
#6585=DIRECTION('center_axis',(-0.341789975162714,0.939776363225992,4.18571999063671E-17));
#6586=DIRECTION('ref_axis',(0.939776363225992,0.341789975162714,-1.15089411513905E-16));
#6587=DIRECTION('',(0.939776363225992,0.341789975162714,0.));
#6588=DIRECTION('',(-1.22464679914735E-16,0.,-1.));
#6589=DIRECTION('center_axis',(0.984851853990554,0.173397882603476,-1.20609567062387E-16));
#6590=DIRECTION('ref_axis',(0.173397882603476,-0.984851853990554,-2.12351161909275E-17));
#6591=DIRECTION('',(0.173397882603476,-0.984851853990554,0.));
#6592=DIRECTION('',(-1.22464679914735E-16,0.,-1.));
#6593=DIRECTION('center_axis',(-1.22464679914735E-16,0.,-1.));
#6594=DIRECTION('ref_axis',(0.733387448503961,0.679810893099581,-8.9814059134522E-17));
#6595=DIRECTION('center_axis',(0.,0.,-1.));
#6596=DIRECTION('ref_axis',(0.733387448503961,0.679810893099581,-8.9814059134522E-17));
#6597=DIRECTION('',(-1.22464679914735E-16,0.,-1.));
#6598=DIRECTION('center_axis',(-0.984765192011218,0.173889380363231,1.20598954030827E-16));
#6599=DIRECTION('ref_axis',(0.173889380363232,0.984765192011218,-2.12953073067548E-17));
#6600=DIRECTION('',(0.173889380363232,0.984765192011218,0.));
#6601=DIRECTION('',(-1.22464679914735E-16,0.,-1.));
#6602=DIRECTION('center_axis',(0.342258955698235,0.93960566582176,-4.19146334575359E-17));
#6603=DIRECTION('ref_axis',(0.93960566582176,-0.342258955698235,-1.15068507110934E-16));
#6604=DIRECTION('',(0.93960566582176,-0.342258955698235,0.));
#6605=DIRECTION('',(-1.22464679914735E-16,0.,-1.));
#6606=DIRECTION('center_axis',(-1.22464679914735E-16,0.,-1.));
#6607=DIRECTION('ref_axis',(-0.222039778941645,0.975037607770872,2.71920304564272E-17));
#6608=DIRECTION('center_axis',(0.,0.,-1.));
#6609=DIRECTION('ref_axis',(-0.222039778941645,0.975037607770872,2.71920304564272E-17));
#6610=DIRECTION('',(-1.22464679914735E-16,0.,-1.));
#6611=DIRECTION('center_axis',(-0.642975216848503,-0.76588698286276,7.87417541244594E-17));
#6612=DIRECTION('ref_axis',(-0.76588698286276,0.642975216848503,9.37941042071502E-17));
#6613=DIRECTION('',(-0.76588698286276,0.642975216848503,0.));
#6614=DIRECTION('',(-1.22464679914735E-16,0.,-1.));
#6615=DIRECTION('center_axis',(-0.642592898292319,0.766207783218285,7.86949336048509E-17));
#6616=DIRECTION('ref_axis',(0.766207783218285,0.642592898292318,-9.38333909200061E-17));
#6617=DIRECTION('',(0.766207783218285,0.642592898292318,0.));
#6618=DIRECTION('',(-1.22464679914735E-16,0.,-1.));
#6619=DIRECTION('center_axis',(-1.22464679914735E-16,0.,-1.));
#6620=DIRECTION('ref_axis',(-0.955427227445605,0.29522671467129,1.17006089590949E-16));
#6621=DIRECTION('center_axis',(0.,0.,-1.));
#6622=DIRECTION('ref_axis',(-0.955427227445605,0.29522671467129,1.17006089590949E-16));
#6623=DIRECTION('',(-1.22464679914735E-16,0.,-1.));
#6624=DIRECTION('center_axis',(0.341789975162715,-0.939776363225992,-4.18571999063672E-17));
#6625=DIRECTION('ref_axis',(-0.939776363225992,-0.341789975162715,1.15089411513905E-16));
#6626=DIRECTION('',(-0.939776363225992,-0.341789975162715,0.));
#6627=DIRECTION('',(-1.22464679914735E-16,0.,-1.));
#6628=DIRECTION('center_axis',(-0.984851853990554,-0.173397882603475,1.20609567062387E-16));
#6629=DIRECTION('ref_axis',(-0.173397882603475,0.984851853990554,2.12351161909275E-17));
#6630=DIRECTION('',(-0.173397882603475,0.984851853990554,0.));
#6631=DIRECTION('',(-1.22464679914735E-16,0.,-1.));
#6632=DIRECTION('center_axis',(-1.22464679914735E-16,0.,-1.));
#6633=DIRECTION('ref_axis',(-0.73338744850396,-0.679810893099582,8.98140591345219E-17));
#6634=DIRECTION('center_axis',(0.,0.,-1.));
#6635=DIRECTION('ref_axis',(-0.73338744850396,-0.679810893099582,8.98140591345219E-17));
#6636=DIRECTION('',(-1.22464679914735E-16,0.,-1.));
#6637=DIRECTION('center_axis',(0.984765192011218,-0.173889380363231,-1.20598954030827E-16));
#6638=DIRECTION('ref_axis',(-0.173889380363231,-0.984765192011218,2.12953073067548E-17));
#6639=DIRECTION('',(-0.173889380363231,-0.984765192011218,0.));
#6640=DIRECTION('',(-1.22464679914735E-16,0.,-1.));
#6641=DIRECTION('center_axis',(-0.342258955698235,-0.93960566582176,4.1914633457536E-17));
#6642=DIRECTION('ref_axis',(-0.93960566582176,0.342258955698235,1.15068507110934E-16));
#6643=DIRECTION('',(-0.93960566582176,0.342258955698235,0.));
#6644=DIRECTION('',(-1.22464679914735E-16,0.,-1.));
#6645=DIRECTION('center_axis',(-1.22464679914735E-16,0.,-1.));
#6646=DIRECTION('ref_axis',(0.222039778941645,-0.975037607770872,-2.71920304564272E-17));
#6647=DIRECTION('center_axis',(0.,0.,-1.));
#6648=DIRECTION('ref_axis',(0.222039778941645,-0.975037607770872,-2.71920304564272E-17));
#6649=DIRECTION('center_axis',(0.0872594789694077,-0.996185616905799,0.));
#6650=DIRECTION('ref_axis',(0.996185616905799,0.0872594789694078,0.));
#6651=DIRECTION('',(-0.996185616905799,-0.0872594789694077,0.));
#6652=DIRECTION('',(0.,0.,1.));
#6653=DIRECTION('',(0.996185616905799,0.0872594789694077,0.));
#6654=DIRECTION('',(0.,0.,1.));
#6655=DIRECTION('center_axis',(-0.984796166968434,-0.173713872572917,0.));
#6656=DIRECTION('ref_axis',(0.173713872572917,-0.984796166968434,0.));
#6657=DIRECTION('',(-0.173713872572917,0.984796166968434,0.));
#6658=DIRECTION('',(0.173713872572917,-0.984796166968434,0.));
#6659=DIRECTION('',(0.,0.,1.));
#6660=DIRECTION('center_axis',(-0.258558472452229,0.965995608852944,0.));
#6661=DIRECTION('ref_axis',(-0.965995608852944,-0.258558472452229,0.));
#6662=DIRECTION('',(-0.965995608852944,-0.258558472452229,0.));
#6663=DIRECTION('',(-0.965995608852944,-0.258558472452229,0.));
#6664=DIRECTION('',(0.,0.,1.));
#6665=DIRECTION('center_axis',(0.,0.,1.));
#6666=DIRECTION('ref_axis',(-0.984807753012208,0.173648177666932,0.));
#6667=DIRECTION('center_axis',(0.,0.,1.));
#6668=DIRECTION('ref_axis',(1.,0.,0.));
#6669=DIRECTION('center_axis',(0.,0.,1.));
#6670=DIRECTION('ref_axis',(1.,0.,0.));
#6671=DIRECTION('',(0.,0.,1.));
#6672=DIRECTION('center_axis',(-0.573491132521016,-0.819211768054978,0.));
#6673=DIRECTION('ref_axis',(0.819211768054978,-0.573491132521016,0.));
#6674=DIRECTION('',(-0.819211768054978,0.573491132521016,0.));
#6675=DIRECTION('',(0.819211768054978,-0.573491132521016,0.));
#6676=DIRECTION('',(0.,0.,1.));
#6677=DIRECTION('center_axis',(-0.86605875623158,0.499942227416937,0.));
#6678=DIRECTION('ref_axis',(-0.499942227416937,-0.86605875623158,0.));
#6679=DIRECTION('',(0.499942227416937,0.86605875623158,0.));
#6680=DIRECTION('',(-0.499942227416937,-0.86605875623158,0.));
#6681=DIRECTION('',(0.,0.,1.));
#6682=DIRECTION('center_axis',(0.422862727338916,0.906193750710902,0.));
#6683=DIRECTION('ref_axis',(-0.906193750710902,0.422862727338916,0.));
#6684=DIRECTION('',(-0.906193750710902,0.422862727338916,0.));
#6685=DIRECTION('',(-0.906193750710902,0.422862727338916,0.));
#6686=DIRECTION('',(0.,0.,1.));
#6687=DIRECTION('center_axis',(0.,0.,1.));
#6688=DIRECTION('ref_axis',(1.,0.,0.));
#6689=DIRECTION('center_axis',(0.,0.,1.));
#6690=DIRECTION('ref_axis',(1.,0.,0.));
#6691=DIRECTION('center_axis',(0.,0.,1.));
#6692=DIRECTION('ref_axis',(1.,0.,0.));
#6693=DIRECTION('',(0.,0.,1.));
#6694=DIRECTION('center_axis',(-0.965898869460877,-0.258919628406578,0.));
#6695=DIRECTION('ref_axis',(0.258919628406578,-0.965898869460877,0.));
#6696=DIRECTION('',(-0.258919628406578,0.965898869460877,0.));
#6697=DIRECTION('',(0.258919628406578,-0.965898869460877,0.));
#6698=DIRECTION('',(0.,0.,1.));
#6699=DIRECTION('center_axis',(-0.342082828283036,0.939669802959464,0.));
#6700=DIRECTION('ref_axis',(-0.939669802959464,-0.342082828283036,0.));
#6701=DIRECTION('',(0.939669802959464,0.342082828283036,0.));
#6702=DIRECTION('',(-0.939669802959464,-0.342082828283036,0.));
#6703=DIRECTION('',(0.,0.,1.));
#6704=DIRECTION('center_axis',(0.906421757412453,0.422373765389519,0.));
#6705=DIRECTION('ref_axis',(-0.422373765389519,0.906421757412453,0.));
#6706=DIRECTION('',(-0.422373765389519,0.906421757412453,0.));
#6707=DIRECTION('',(-0.422373765389519,0.906421757412453,0.));
#6708=DIRECTION('',(0.,0.,1.));
#6709=DIRECTION('center_axis',(0.,0.,1.));
#6710=DIRECTION('ref_axis',(1.,0.,0.));
#6711=DIRECTION('center_axis',(0.,0.,1.));
#6712=DIRECTION('ref_axis',(1.,0.,0.));
#6713=DIRECTION('center_axis',(0.,0.,1.));
#6714=DIRECTION('ref_axis',(1.,0.,0.));
#6715=DIRECTION('',(0.,0.,1.));
#6716=DIRECTION('center_axis',(-0.906351790609799,0.422523882944397,0.));
#6717=DIRECTION('ref_axis',(-0.422523882944397,-0.906351790609799,0.));
#6718=DIRECTION('',(0.422523882944397,0.906351790609799,0.));
#6719=DIRECTION('',(-0.422523882944397,-0.906351790609799,0.));
#6720=DIRECTION('',(0.,0.,1.));
#6721=DIRECTION('center_axis',(0.341957456846298,0.939715434430664,0.));
#6722=DIRECTION('ref_axis',(-0.939715434430664,0.341957456846298,0.));
#6723=DIRECTION('',(0.939715434430664,-0.341957456846298,0.));
#6724=DIRECTION('',(-0.939715434430664,0.341957456846298,0.));
#6725=DIRECTION('',(0.,0.,1.));
#6726=DIRECTION('center_axis',(0.96585597343698,-0.259079598919144,0.));
#6727=DIRECTION('ref_axis',(0.259079598919144,0.96585597343698,0.));
#6728=DIRECTION('',(0.259079598919144,0.96585597343698,0.));
#6729=DIRECTION('',(0.259079598919144,0.96585597343698,0.));
#6730=DIRECTION('',(0.,0.,1.));
#6731=DIRECTION('center_axis',(0.,0.,1.));
#6732=DIRECTION('ref_axis',(1.,0.,0.));
#6733=DIRECTION('center_axis',(0.,0.,1.));
#6734=DIRECTION('ref_axis',(1.,0.,0.));
#6735=DIRECTION('center_axis',(0.,0.,1.));
#6736=DIRECTION('ref_axis',(1.,0.,0.));
#6737=DIRECTION('',(0.,0.,1.));
#6738=DIRECTION('center_axis',(-0.422712635954267,0.906263773635797,0.));
#6739=DIRECTION('ref_axis',(-0.906263773635797,-0.422712635954267,0.));
#6740=DIRECTION('',(0.906263773635797,0.422712635954267,0.));
#6741=DIRECTION('',(-0.906263773635797,-0.422712635954267,0.));
#6742=DIRECTION('',(0.,0.,1.));
#6743=DIRECTION('center_axis',(0.865992047483438,0.500057770358029,0.));
#6744=DIRECTION('ref_axis',(-0.500057770358029,0.865992047483438,0.));
#6745=DIRECTION('',(0.500057770358029,-0.865992047483438,0.));
#6746=DIRECTION('',(-0.500057770358029,0.865992047483438,0.));
#6747=DIRECTION('',(0.,0.,1.));
#6748=DIRECTION('center_axis',(0.573355445196886,-0.819306739544525,0.));
#6749=DIRECTION('ref_axis',(0.819306739544525,0.573355445196886,0.));
#6750=DIRECTION('',(0.819306739544525,0.573355445196886,0.));
#6751=DIRECTION('',(0.819306739544525,0.573355445196886,0.));
#6752=DIRECTION('',(0.,0.,1.));
#6753=DIRECTION('center_axis',(0.,0.,1.));
#6754=DIRECTION('ref_axis',(1.,0.,0.));
#6755=DIRECTION('center_axis',(0.,0.,1.));
#6756=DIRECTION('ref_axis',(1.,0.,0.));
#6757=DIRECTION('center_axis',(0.,0.,1.));
#6758=DIRECTION('ref_axis',(1.,0.,0.));
#6759=DIRECTION('',(0.,0.,1.));
#6760=DIRECTION('center_axis',(0.258718458991915,0.965952772643078,0.));
#6761=DIRECTION('ref_axis',(-0.965952772643077,0.258718458991915,0.));
#6762=DIRECTION('',(0.965952772643078,-0.258718458991915,0.));
#6763=DIRECTION('',(-0.965952772643078,0.258718458991915,0.));
#6764=DIRECTION('',(0.,0.,1.));
#6765=DIRECTION('center_axis',(0.984819334673531,-0.173582481988198,0.));
#6766=DIRECTION('ref_axis',(0.173582481988198,0.984819334673531,0.));
#6767=DIRECTION('',(-0.173582481988198,-0.984819334673531,0.));
#6768=DIRECTION('',(0.173582481988198,0.984819334673531,0.));
#6769=DIRECTION('',(0.,0.,1.));
#6770=DIRECTION('center_axis',(-0.0874244679868139,-0.99617115115688,0.));
#6771=DIRECTION('ref_axis',(0.996171151156879,-0.0874244679868139,0.));
#6772=DIRECTION('',(0.99617115115688,-0.0874244679868139,0.));
#6773=DIRECTION('',(0.99617115115688,-0.0874244679868139,0.));
#6774=DIRECTION('',(0.,0.,1.));
#6775=DIRECTION('center_axis',(0.,0.,1.));
#6776=DIRECTION('ref_axis',(1.,0.,0.));
#6777=DIRECTION('center_axis',(0.,0.,1.));
#6778=DIRECTION('ref_axis',(1.,0.,0.));
#6779=DIRECTION('center_axis',(0.,0.,1.));
#6780=DIRECTION('ref_axis',(1.,0.,0.));
#6781=DIRECTION('',(0.,0.,1.));
#6782=DIRECTION('center_axis',(0.81909231164039,0.573661733961402,0.));
#6783=DIRECTION('ref_axis',(-0.573661733961402,0.81909231164039,0.));
#6784=DIRECTION('',(0.573661733961402,-0.81909231164039,0.));
#6785=DIRECTION('',(-0.573661733961402,0.81909231164039,0.));
#6786=DIRECTION('',(0.,0.,1.));
#6787=DIRECTION('center_axis',(0.64283871012214,-0.766001561857744,0.));
#6788=DIRECTION('ref_axis',(0.766001561857744,0.642838710122141,0.));
#6789=DIRECTION('',(-0.766001561857744,-0.642838710122141,0.));
#6790=DIRECTION('',(0.766001561857744,0.642838710122141,0.));
#6791=DIRECTION('',(0.,0.,1.));
#6792=DIRECTION('center_axis',(-0.70729750098475,-0.706916009933802,0.));
#6793=DIRECTION('ref_axis',(0.706916009933802,-0.707297500984751,0.));
#6794=DIRECTION('',(0.706916009933802,-0.707297500984751,0.));
#6795=DIRECTION('',(0.706916009933802,-0.707297500984751,0.));
#6796=DIRECTION('',(0.,0.,1.));
#6797=DIRECTION('center_axis',(0.,0.,1.));
#6798=DIRECTION('ref_axis',(1.,0.,0.));
#6799=DIRECTION('center_axis',(0.,0.,1.));
#6800=DIRECTION('ref_axis',(1.,0.,0.));
#6801=DIRECTION('center_axis',(0.,0.,1.));
#6802=DIRECTION('ref_axis',(1.,0.,0.));
#6803=DIRECTION('',(0.,0.,1.));
#6804=DIRECTION('center_axis',(0.996203768475284,-0.087052005580819,0.));
#6805=DIRECTION('ref_axis',(0.087052005580819,0.996203768475284,0.));
#6806=DIRECTION('',(-0.087052005580819,-0.996203768475284,0.));
#6807=DIRECTION('',(0.087052005580819,0.996203768475284,0.));
#6808=DIRECTION('',(0.,0.,1.));
#6809=DIRECTION('center_axis',(6.67087481416864E-5,-0.999999997774972,0.));
#6810=DIRECTION('ref_axis',(0.999999997774971,6.67087481416864E-5,0.));
#6811=DIRECTION('',(-0.999999997774972,-6.67087481416864E-5,0.));
#6812=DIRECTION('',(0.999999997774972,6.67087481416864E-5,0.));
#6813=DIRECTION('',(0.,0.,1.));
#6814=DIRECTION('center_axis',(-0.996218172535802,-0.0868870111663782,0.));
#6815=DIRECTION('ref_axis',(0.0868870111663782,-0.996218172535802,0.));
#6816=DIRECTION('',(0.0868870111663782,-0.996218172535802,0.));
#6817=DIRECTION('',(0.0868870111663782,-0.996218172535802,0.));
#6818=DIRECTION('',(0.,0.,1.));
#6819=DIRECTION('center_axis',(0.,0.,1.));
#6820=DIRECTION('ref_axis',(1.,0.,0.));
#6821=DIRECTION('center_axis',(0.,0.,1.));
#6822=DIRECTION('ref_axis',(1.,0.,0.));
#6823=DIRECTION('center_axis',(0.,0.,1.));
#6824=DIRECTION('ref_axis',(1.,0.,0.));
#6825=DIRECTION('',(0.,0.,1.));
#6826=DIRECTION('center_axis',(0.707180410468962,-0.707033144236499,0.));
#6827=DIRECTION('ref_axis',(0.707033144236499,0.707180410468962,0.));
#6828=DIRECTION('',(-0.707033144236499,-0.707180410468962,0.));
#6829=DIRECTION('',(0.707033144236499,0.707180410468962,0.));
#6830=DIRECTION('',(0.,0.,1.));
#6831=DIRECTION('center_axis',(-0.642736506390498,-0.76608732097127,0.));
#6832=DIRECTION('ref_axis',(0.76608732097127,-0.642736506390498,0.));
#6833=DIRECTION('',(-0.76608732097127,0.642736506390498,0.));
#6834=DIRECTION('',(0.76608732097127,-0.642736506390498,0.));
#6835=DIRECTION('',(0.,0.,1.));
#6836=DIRECTION('center_axis',(-0.818997289425638,0.573797385767361,0.));
#6837=DIRECTION('ref_axis',(-0.573797385767361,-0.818997289425638,0.));
#6838=DIRECTION('',(-0.573797385767361,-0.818997289425638,0.));
#6839=DIRECTION('',(-0.573797385767361,-0.818997289425638,0.));
#6840=DIRECTION('',(0.,0.,1.));
#6841=DIRECTION('center_axis',(0.,0.,1.));
#6842=DIRECTION('ref_axis',(1.,0.,0.));
#6843=DIRECTION('center_axis',(0.,0.,1.));
#6844=DIRECTION('ref_axis',(1.,0.,0.));
#6845=DIRECTION('center_axis',(0.,0.,1.));
#6846=DIRECTION('ref_axis',(1.,0.,0.));
#6847=DIRECTION('center_axis',(0.,0.,1.));
#6848=DIRECTION('ref_axis',(1.,0.,0.));
#6849=DIRECTION('center_axis',(0.,0.,1.));
#6850=DIRECTION('ref_axis',(1.,0.,0.));
#6851=DIRECTION('center_axis',(0.,0.,1.));
#6852=DIRECTION('ref_axis',(0.978147600733806,0.207911690817759,0.));
#6853=DIRECTION('center_axis',(0.,0.,-1.));
#6854=DIRECTION('ref_axis',(0.978147600733806,0.207911690817759,0.));
#6855=DIRECTION('',(0.0519428773654689,0.99865005757322,0.));
#6856=DIRECTION('',(-0.989903755046636,0.141741157553372,0.));
#6857=DIRECTION('',(-0.224391233649911,-0.974499140205404,0.));
#6858=DIRECTION('center_axis',(0.,0.,-1.));
#6859=DIRECTION('ref_axis',(0.978147600733806,0.207911690817759,0.));
#6860=DIRECTION('',(-0.292748097260662,0.956189600210263,0.));
#6861=DIRECTION('',(-0.978683584927136,-0.205373904365112,0.));
#6862=DIRECTION('',(0.122439549173926,-0.992475972907196,0.));
#6863=DIRECTION('center_axis',(0.,0.,-1.));
#6864=DIRECTION('ref_axis',(0.978147600733806,0.207911690817759,0.));
#6865=DIRECTION('',(-0.602129330855387,0.798398565206404,0.));
#6866=DIRECTION('',(-0.849419730634019,-0.527717842421147,0.));
#6867=DIRECTION('',(0.454502315352093,-0.890745555891011,0.));
#6868=DIRECTION('center_axis',(0.,0.,-1.));
#6869=DIRECTION('ref_axis',(0.978147600733806,0.207911690817759,0.));
#6870=DIRECTION('',(-0.838884880666467,0.544308880130765,0.));
#6871=DIRECTION('',(-0.61770332072635,-0.786411220395309,0.));
#6872=DIRECTION('',(0.731745394559018,-0.681578078830054,0.));
#6873=DIRECTION('center_axis',(0.,0.,-1.));
#6874=DIRECTION('ref_axis',(0.978147600733806,0.207911690817759,0.));
#6875=DIRECTION('',(-0.974458533246905,0.22456751096784,0.));
#6876=DIRECTION('',(-0.311482774008987,-0.95025179899628,0.));
#6877=DIRECTION('',(0.920729179770271,-0.390202226441064,0.));
#6878=DIRECTION('center_axis',(0.,0.,-1.));
#6879=DIRECTION('ref_axis',(0.978147600733806,0.207911690817759,0.));
#6880=DIRECTION('',(-0.992498105241486,-0.122260014281289,0.));
#6881=DIRECTION('',(0.0323071922500176,-0.999477986415369,0.));
#6882=DIRECTION('',(0.998659437385754,-0.0517622267717471,0.));
#6883=DIRECTION('center_axis',(0.,0.,-1.));
#6884=DIRECTION('ref_axis',(0.978147600733806,0.207911690817759,0.));
#6885=DIRECTION('',(-0.890827758031935,-0.454341177442455,0.));
#6886=DIRECTION('',(0.372200434320283,-0.928152377948682,0.));
#6887=DIRECTION('',(0.956136628208928,0.29292106137535,0.));
#6888=DIRECTION('center_axis',(0.,0.,-1.));
#6889=DIRECTION('ref_axis',(0.978147600733806,0.207911690817759,0.));
#6890=DIRECTION('',(-0.681710435986243,-0.731622089242422,0.));
#6891=DIRECTION('',(0.667200810918151,-0.744877894631168,0.));
#6892=DIRECTION('',(0.798289630596346,0.602273746466131,0.));
#6893=DIRECTION('center_axis',(0.,0.,-1.));
#6894=DIRECTION('ref_axis',(0.978147600733806,0.207911690817759,0.));
#6895=DIRECTION('',(-0.390368774386099,-0.920658579487692,0.));
#6896=DIRECTION('',(0.881726922884035,-0.471760143994225,0.));
#6897=DIRECTION('',(0.544157122033661,0.838983329119264,0.));
#6898=DIRECTION('center_axis',(0.,0.,-1.));
#6899=DIRECTION('ref_axis',(0.978147600733806,0.207911690817759,0.));
#6900=DIRECTION('',(-0.0519428773654686,-0.99865005757322,0.));
#6901=DIRECTION('',(0.989903755046636,-0.141741157553375,0.));
#6902=DIRECTION('',(0.22439123364991,0.974499140205404,0.));
#6903=DIRECTION('center_axis',(0.,0.,-1.));
#6904=DIRECTION('ref_axis',(0.978147600733806,0.207911690817759,0.));
#6905=DIRECTION('',(0.292748097260662,-0.956189600210263,0.));
#6906=DIRECTION('',(0.978683584927136,0.205373904365112,0.));
#6907=DIRECTION('',(-0.122439549173926,0.992475972907196,0.));
#6908=DIRECTION('center_axis',(0.,0.,-1.));
#6909=DIRECTION('ref_axis',(0.978147600733806,0.207911690817759,0.));
#6910=DIRECTION('',(0.602129330855388,-0.798398565206403,0.));
#6911=DIRECTION('',(0.849419730634021,0.527717842421145,0.));
#6912=DIRECTION('',(-0.454502315352093,0.890745555891011,0.));
#6913=DIRECTION('center_axis',(0.,0.,-1.));
#6914=DIRECTION('ref_axis',(0.978147600733806,0.207911690817759,0.));
#6915=DIRECTION('',(0.838884880666467,-0.544308880130765,0.));
#6916=DIRECTION('',(0.61770332072635,0.786411220395309,0.));
#6917=DIRECTION('',(-0.731745394559018,0.681578078830054,0.));
#6918=DIRECTION('center_axis',(0.,0.,-1.));
#6919=DIRECTION('ref_axis',(0.978147600733806,0.207911690817759,0.));
#6920=DIRECTION('',(0.974458533246905,-0.224567510967841,0.));
#6921=DIRECTION('',(0.311482774008984,0.950251798996281,0.));
#6922=DIRECTION('',(-0.920729179770271,0.390202226441065,0.));
#6923=DIRECTION('center_axis',(0.,0.,-1.));
#6924=DIRECTION('ref_axis',(0.978147600733806,0.207911690817759,0.));
#6925=DIRECTION('',(0.992498105241486,0.122260014281289,0.));
#6926=DIRECTION('',(-0.0323071922500145,0.999477986415369,0.));
#6927=DIRECTION('',(-0.998659437385754,0.0517622267717467,0.));
#6928=DIRECTION('center_axis',(0.,0.,-1.));
#6929=DIRECTION('ref_axis',(0.978147600733806,0.207911690817759,0.));
#6930=DIRECTION('',(0.890827758031935,0.454341177442455,0.));
#6931=DIRECTION('',(-0.372200434320283,0.928152377948682,0.));
#6932=DIRECTION('',(-0.956136628208928,-0.29292106137535,0.));
#6933=DIRECTION('center_axis',(0.,0.,-1.));
#6934=DIRECTION('ref_axis',(0.978147600733806,0.207911690817759,0.));
#6935=DIRECTION('',(0.681710435986242,0.731622089242423,0.));
#6936=DIRECTION('',(-0.667200810918149,0.74487789463117,0.));
#6937=DIRECTION('',(-0.798289630596346,-0.602273746466131,0.));
#6938=DIRECTION('center_axis',(0.,0.,-1.));
#6939=DIRECTION('ref_axis',(0.978147600733806,0.207911690817759,0.));
#6940=DIRECTION('',(0.390368774386098,0.920658579487692,0.));
#6941=DIRECTION('',(-0.881726922884035,0.471760143994225,0.));
#6942=DIRECTION('',(-0.544157122033661,-0.838983329119264,0.));
#6943=DIRECTION('center_axis',(0.,0.,1.));
#6944=DIRECTION('ref_axis',(-1.,0.,0.));
#6945=DIRECTION('center_axis',(0.99865005757322,-0.0519428773654686,0.));
#6946=DIRECTION('ref_axis',(0.0519428773654685,0.99865005757322,0.));
#6947=DIRECTION('',(0.,0.,-1.));
#6948=DIRECTION('',(0.0519428773654685,0.99865005757322,0.));
#6949=DIRECTION('',(0.,0.,1.));
#6950=DIRECTION('center_axis',(0.,0.,1.));
#6951=DIRECTION('ref_axis',(0.978147600733806,0.207911690817759,0.));
#6952=DIRECTION('',(0.,0.,1.));
#6953=DIRECTION('center_axis',(0.,0.,-1.));
#6954=DIRECTION('ref_axis',(0.978147600733806,0.207911690817759,0.));
#6955=DIRECTION('center_axis',(-0.838983329119264,0.544157122033661,0.));
#6956=DIRECTION('ref_axis',(-0.544157122033661,-0.838983329119264,0.));
#6957=DIRECTION('',(0.,0.,1.));
#6958=DIRECTION('',(0.544157122033661,0.838983329119264,0.));
#6959=DIRECTION('center_axis',(0.471760143994225,0.881726922884035,0.));
#6960=DIRECTION('ref_axis',(-0.881726922884035,0.471760143994225,0.));
#6961=DIRECTION('',(0.,0.,1.));
#6962=DIRECTION('',(0.881726922884035,-0.471760143994225,0.));
#6963=DIRECTION('center_axis',(0.920658579487692,-0.390368774386098,0.));
#6964=DIRECTION('ref_axis',(0.390368774386098,0.920658579487692,0.));
#6965=DIRECTION('',(0.,0.,-1.));
#6966=DIRECTION('',(0.390368774386098,0.920658579487692,0.));
#6967=DIRECTION('center_axis',(0.,0.,1.));
#6968=DIRECTION('ref_axis',(0.978147600733806,0.207911690817759,0.));
#6969=DIRECTION('',(0.,0.,1.));
#6970=DIRECTION('center_axis',(0.,0.,-1.));
#6971=DIRECTION('ref_axis',(0.978147600733806,0.207911690817759,0.));
#6972=DIRECTION('center_axis',(-0.602273746466131,0.798289630596346,0.));
#6973=DIRECTION('ref_axis',(-0.798289630596346,-0.602273746466131,0.));
#6974=DIRECTION('',(0.,0.,1.));
#6975=DIRECTION('',(0.798289630596346,0.602273746466131,0.));
#6976=DIRECTION('center_axis',(0.744877894631168,0.667200810918151,0.));
#6977=DIRECTION('ref_axis',(-0.667200810918151,0.744877894631168,0.));
#6978=DIRECTION('',(0.,0.,1.));
#6979=DIRECTION('',(0.667200810918151,-0.744877894631168,0.));
#6980=DIRECTION('center_axis',(0.731622089242422,-0.681710435986243,0.));
#6981=DIRECTION('ref_axis',(0.681710435986243,0.731622089242422,0.));
#6982=DIRECTION('',(0.,0.,-1.));
#6983=DIRECTION('',(0.681710435986243,0.731622089242422,0.));
#6984=DIRECTION('center_axis',(0.,0.,1.));
#6985=DIRECTION('ref_axis',(0.978147600733806,0.207911690817759,0.));
#6986=DIRECTION('',(0.,0.,1.));
#6987=DIRECTION('center_axis',(0.,0.,-1.));
#6988=DIRECTION('ref_axis',(0.978147600733806,0.207911690817759,0.));
#6989=DIRECTION('center_axis',(-0.29292106137535,0.956136628208929,0.));
#6990=DIRECTION('ref_axis',(-0.956136628208928,-0.29292106137535,0.));
#6991=DIRECTION('',(0.,0.,1.));
#6992=DIRECTION('',(0.956136628208928,0.29292106137535,0.));
#6993=DIRECTION('center_axis',(0.928152377948682,0.372200434320283,0.));
#6994=DIRECTION('ref_axis',(-0.372200434320283,0.928152377948682,0.));
#6995=DIRECTION('',(0.,0.,1.));
#6996=DIRECTION('',(0.372200434320283,-0.928152377948682,0.));
#6997=DIRECTION('center_axis',(0.454341177442455,-0.890827758031935,0.));
#6998=DIRECTION('ref_axis',(0.890827758031935,0.454341177442455,0.));
#6999=DIRECTION('',(0.,0.,-1.));
#7000=DIRECTION('',(0.890827758031935,0.454341177442455,0.));
#7001=DIRECTION('center_axis',(0.,0.,1.));
#7002=DIRECTION('ref_axis',(0.978147600733806,0.207911690817759,0.));
#7003=DIRECTION('',(0.,0.,1.));
#7004=DIRECTION('center_axis',(0.,0.,-1.));
#7005=DIRECTION('ref_axis',(0.978147600733806,0.207911690817759,0.));
#7006=DIRECTION('center_axis',(0.0517622267717471,0.998659437385754,0.));
#7007=DIRECTION('ref_axis',(-0.998659437385754,0.0517622267717472,0.));
#7008=DIRECTION('',(0.,0.,1.));
#7009=DIRECTION('',(0.998659437385754,-0.0517622267717472,0.));
#7010=DIRECTION('center_axis',(0.999477986415369,0.0323071922500176,0.));
#7011=DIRECTION('ref_axis',(-0.0323071922500175,0.999477986415369,0.));
#7012=DIRECTION('',(0.,0.,1.));
#7013=DIRECTION('',(0.0323071922500175,-0.999477986415369,0.));
#7014=DIRECTION('center_axis',(0.122260014281289,-0.992498105241486,0.));
#7015=DIRECTION('ref_axis',(0.992498105241486,0.122260014281289,0.));
#7016=DIRECTION('',(0.,0.,-1.));
#7017=DIRECTION('',(0.992498105241486,0.122260014281289,0.));
#7018=DIRECTION('center_axis',(0.,0.,1.));
#7019=DIRECTION('ref_axis',(0.978147600733806,0.207911690817759,0.));
#7020=DIRECTION('',(0.,0.,1.));
#7021=DIRECTION('center_axis',(0.,0.,-1.));
#7022=DIRECTION('ref_axis',(0.978147600733806,0.207911690817759,0.));
#7023=DIRECTION('center_axis',(0.390202226441064,0.920729179770271,0.));
#7024=DIRECTION('ref_axis',(-0.920729179770271,0.390202226441064,0.));
#7025=DIRECTION('',(0.,0.,1.));
#7026=DIRECTION('',(0.920729179770271,-0.390202226441064,0.));
#7027=DIRECTION('center_axis',(0.95025179899628,-0.311482774008987,0.));
#7028=DIRECTION('ref_axis',(0.311482774008987,0.95025179899628,0.));
#7029=DIRECTION('',(0.,0.,1.));
#7030=DIRECTION('',(-0.311482774008987,-0.95025179899628,0.));
#7031=DIRECTION('center_axis',(-0.22456751096784,-0.974458533246905,0.));
#7032=DIRECTION('ref_axis',(0.974458533246905,-0.22456751096784,0.));
#7033=DIRECTION('',(0.,0.,-1.));
#7034=DIRECTION('',(0.974458533246905,-0.22456751096784,0.));
#7035=DIRECTION('center_axis',(0.,0.,1.));
#7036=DIRECTION('ref_axis',(0.978147600733806,0.207911690817759,0.));
#7037=DIRECTION('',(0.,0.,1.));
#7038=DIRECTION('center_axis',(0.,0.,-1.));
#7039=DIRECTION('ref_axis',(0.978147600733806,0.207911690817759,0.));
#7040=DIRECTION('center_axis',(0.681578078830054,0.731745394559018,0.));
#7041=DIRECTION('ref_axis',(-0.731745394559018,0.681578078830054,0.));
#7042=DIRECTION('',(0.,0.,1.));
#7043=DIRECTION('',(0.731745394559018,-0.681578078830054,0.));
#7044=DIRECTION('center_axis',(0.786411220395309,-0.61770332072635,0.));
#7045=DIRECTION('ref_axis',(0.61770332072635,0.78641122039531,0.));
#7046=DIRECTION('',(0.,0.,1.));
#7047=DIRECTION('',(-0.61770332072635,-0.78641122039531,0.));
#7048=DIRECTION('center_axis',(-0.544308880130765,-0.838884880666467,0.));
#7049=DIRECTION('ref_axis',(0.838884880666467,-0.544308880130765,0.));
#7050=DIRECTION('',(0.,0.,-1.));
#7051=DIRECTION('',(0.838884880666467,-0.544308880130765,0.));
#7052=DIRECTION('center_axis',(0.,0.,1.));
#7053=DIRECTION('ref_axis',(0.978147600733806,0.207911690817759,0.));
#7054=DIRECTION('',(0.,0.,1.));
#7055=DIRECTION('center_axis',(0.,0.,-1.));
#7056=DIRECTION('ref_axis',(0.978147600733806,0.207911690817759,0.));
#7057=DIRECTION('center_axis',(0.890745555891011,0.454502315352093,0.));
#7058=DIRECTION('ref_axis',(-0.454502315352093,0.890745555891011,0.));
#7059=DIRECTION('',(0.,0.,1.));
#7060=DIRECTION('',(0.454502315352093,-0.890745555891011,0.));
#7061=DIRECTION('center_axis',(0.527717842421147,-0.849419730634019,0.));
#7062=DIRECTION('ref_axis',(0.849419730634019,0.527717842421147,0.));
#7063=DIRECTION('',(0.,0.,1.));
#7064=DIRECTION('',(-0.849419730634019,-0.527717842421147,0.));
#7065=DIRECTION('center_axis',(-0.798398565206403,-0.602129330855387,0.));
#7066=DIRECTION('ref_axis',(0.602129330855387,-0.798398565206404,0.));
#7067=DIRECTION('',(0.,0.,-1.));
#7068=DIRECTION('',(0.602129330855387,-0.798398565206404,0.));
#7069=DIRECTION('center_axis',(0.,0.,1.));
#7070=DIRECTION('ref_axis',(0.978147600733806,0.207911690817759,0.));
#7071=DIRECTION('',(0.,0.,1.));
#7072=DIRECTION('center_axis',(0.,0.,-1.));
#7073=DIRECTION('ref_axis',(0.978147600733806,0.207911690817759,0.));
#7074=DIRECTION('center_axis',(0.992475972907196,0.122439549173926,0.));
#7075=DIRECTION('ref_axis',(-0.122439549173926,0.992475972907196,0.));
#7076=DIRECTION('',(0.,0.,1.));
#7077=DIRECTION('',(0.122439549173926,-0.992475972907196,0.));
#7078=DIRECTION('center_axis',(0.205373904365112,-0.978683584927136,0.));
#7079=DIRECTION('ref_axis',(0.978683584927136,0.205373904365112,0.));
#7080=DIRECTION('',(0.,0.,1.));
#7081=DIRECTION('',(-0.978683584927136,-0.205373904365112,0.));
#7082=DIRECTION('center_axis',(-0.956189600210263,-0.292748097260662,0.));
#7083=DIRECTION('ref_axis',(0.292748097260662,-0.956189600210263,0.));
#7084=DIRECTION('',(0.,0.,-1.));
#7085=DIRECTION('',(0.292748097260662,-0.956189600210263,0.));
#7086=DIRECTION('center_axis',(0.,0.,1.));
#7087=DIRECTION('ref_axis',(0.978147600733806,0.207911690817759,0.));
#7088=DIRECTION('',(0.,0.,1.));
#7089=DIRECTION('center_axis',(0.,0.,-1.));
#7090=DIRECTION('ref_axis',(0.978147600733806,0.207911690817759,0.));
#7091=DIRECTION('center_axis',(0.974499140205404,-0.224391233649911,0.));
#7092=DIRECTION('ref_axis',(0.224391233649911,0.974499140205404,0.));
#7093=DIRECTION('',(0.,0.,1.));
#7094=DIRECTION('',(-0.224391233649911,-0.974499140205404,0.));
#7095=DIRECTION('center_axis',(-0.141741157553372,-0.989903755046636,0.));
#7096=DIRECTION('ref_axis',(0.989903755046636,-0.141741157553372,0.));
#7097=DIRECTION('',(0.,0.,1.));
#7098=DIRECTION('',(-0.989903755046636,0.141741157553372,0.));
#7099=DIRECTION('center_axis',(0.,0.,-1.));
#7100=DIRECTION('ref_axis',(-1.,0.,0.));
#7101=DIRECTION('',(0.,0.,-1.));
#7102=DIRECTION('center_axis',(0.,0.,1.));
#7103=DIRECTION('ref_axis',(-1.,0.,0.));
#7104=DIRECTION('center_axis',(0.838983329119264,-0.544157122033661,0.));
#7105=DIRECTION('ref_axis',(0.544157122033661,0.838983329119264,0.));
#7106=DIRECTION('',(0.,0.,1.));
#7107=DIRECTION('',(-0.544157122033661,-0.838983329119264,0.));
#7108=DIRECTION('',(0.,0.,1.));
#7109=DIRECTION('center_axis',(-0.471760143994225,-0.881726922884035,0.));
#7110=DIRECTION('ref_axis',(0.881726922884035,-0.471760143994225,0.));
#7111=DIRECTION('',(0.,0.,1.));
#7112=DIRECTION('',(-0.881726922884035,0.471760143994225,0.));
#7113=DIRECTION('center_axis',(-0.920658579487692,0.390368774386098,0.));
#7114=DIRECTION('ref_axis',(-0.390368774386098,-0.920658579487692,0.));
#7115=DIRECTION('',(0.,0.,-1.));
#7116=DIRECTION('',(-0.390368774386098,-0.920658579487692,0.));
#7117=DIRECTION('center_axis',(0.,0.,1.));
#7118=DIRECTION('ref_axis',(0.978147600733806,0.207911690817759,0.));
#7119=DIRECTION('',(0.,0.,1.));
#7120=DIRECTION('center_axis',(0.,0.,-1.));
#7121=DIRECTION('ref_axis',(0.978147600733806,0.207911690817759,0.));
#7122=DIRECTION('center_axis',(0.602273746466132,-0.798289630596346,0.));
#7123=DIRECTION('ref_axis',(0.798289630596346,0.602273746466131,0.));
#7124=DIRECTION('',(0.,0.,1.));
#7125=DIRECTION('',(-0.798289630596346,-0.602273746466131,0.));
#7126=DIRECTION('center_axis',(-0.74487789463117,-0.667200810918149,0.));
#7127=DIRECTION('ref_axis',(0.667200810918149,-0.74487789463117,0.));
#7128=DIRECTION('',(0.,0.,1.));
#7129=DIRECTION('',(-0.667200810918149,0.74487789463117,0.));
#7130=DIRECTION('center_axis',(-0.731622089242423,0.681710435986242,0.));
#7131=DIRECTION('ref_axis',(-0.681710435986242,-0.731622089242423,0.));
#7132=DIRECTION('',(0.,0.,-1.));
#7133=DIRECTION('',(-0.681710435986242,-0.731622089242422,0.));
#7134=DIRECTION('center_axis',(0.,0.,1.));
#7135=DIRECTION('ref_axis',(0.978147600733806,0.207911690817759,0.));
#7136=DIRECTION('',(0.,0.,1.));
#7137=DIRECTION('center_axis',(0.,0.,-1.));
#7138=DIRECTION('ref_axis',(0.978147600733806,0.207911690817759,0.));
#7139=DIRECTION('center_axis',(0.29292106137535,-0.956136628208929,0.));
#7140=DIRECTION('ref_axis',(0.956136628208928,0.292921061375349,0.));
#7141=DIRECTION('',(0.,0.,1.));
#7142=DIRECTION('',(-0.956136628208928,-0.292921061375349,0.));
#7143=DIRECTION('center_axis',(-0.928152377948682,-0.372200434320283,0.));
#7144=DIRECTION('ref_axis',(0.372200434320283,-0.928152377948682,0.));
#7145=DIRECTION('',(0.,0.,1.));
#7146=DIRECTION('',(-0.372200434320283,0.928152377948682,0.));
#7147=DIRECTION('center_axis',(-0.454341177442455,0.890827758031935,0.));
#7148=DIRECTION('ref_axis',(-0.890827758031935,-0.454341177442455,0.));
#7149=DIRECTION('',(0.,0.,-1.));
#7150=DIRECTION('',(-0.890827758031935,-0.454341177442455,0.));
#7151=DIRECTION('center_axis',(0.,0.,1.));
#7152=DIRECTION('ref_axis',(-0.978469412650569,-0.206391880914079,0.));
#7153=DIRECTION('',(0.,0.,1.));
#7154=DIRECTION('center_axis',(0.,0.,-1.));
#7155=DIRECTION('ref_axis',(0.978147600733806,0.207911690817759,0.));
#7156=DIRECTION('center_axis',(-0.0517622267717467,-0.998659437385754,0.));
#7157=DIRECTION('ref_axis',(0.998659437385754,-0.0517622267717468,0.));
#7158=DIRECTION('',(0.,0.,1.));
#7159=DIRECTION('',(-0.998659437385754,0.0517622267717467,0.));
#7160=DIRECTION('center_axis',(-0.999477986415369,-0.0323071922500145,0.));
#7161=DIRECTION('ref_axis',(0.0323071922500145,-0.999477986415369,0.));
#7162=DIRECTION('',(0.,0.,1.));
#7163=DIRECTION('',(-0.0323071922500145,0.999477986415369,0.));
#7164=DIRECTION('center_axis',(-0.122260014281289,0.992498105241486,0.));
#7165=DIRECTION('ref_axis',(-0.992498105241486,-0.122260014281289,0.));
#7166=DIRECTION('',(0.,0.,-1.));
#7167=DIRECTION('',(-0.992498105241486,-0.122260014281289,0.));
#7168=DIRECTION('center_axis',(0.,0.,1.));
#7169=DIRECTION('ref_axis',(0.978147600733806,0.207911690817759,0.));
#7170=DIRECTION('',(0.,0.,1.));
#7171=DIRECTION('center_axis',(0.,0.,-1.));
#7172=DIRECTION('ref_axis',(0.978147600733806,0.207911690817759,0.));
#7173=DIRECTION('center_axis',(-0.390202226441065,-0.920729179770271,0.));
#7174=DIRECTION('ref_axis',(0.920729179770271,-0.390202226441065,0.));
#7175=DIRECTION('',(0.,0.,1.));
#7176=DIRECTION('',(-0.920729179770271,0.390202226441065,0.));
#7177=DIRECTION('center_axis',(-0.950251798996281,0.311482774008984,0.));
#7178=DIRECTION('ref_axis',(-0.311482774008984,-0.950251798996281,0.));
#7179=DIRECTION('',(0.,0.,1.));
#7180=DIRECTION('',(0.311482774008984,0.950251798996281,0.));
#7181=DIRECTION('center_axis',(0.224567510967841,0.974458533246905,0.));
#7182=DIRECTION('ref_axis',(-0.974458533246905,0.224567510967841,0.));
#7183=DIRECTION('',(0.,0.,-1.));
#7184=DIRECTION('',(-0.974458533246905,0.224567510967841,0.));
#7185=DIRECTION('center_axis',(0.,0.,1.));
#7186=DIRECTION('ref_axis',(0.978147600733806,0.207911690817759,0.));
#7187=DIRECTION('',(0.,0.,1.));
#7188=DIRECTION('center_axis',(0.,0.,-1.));
#7189=DIRECTION('ref_axis',(0.978147600733806,0.207911690817759,0.));
#7190=DIRECTION('center_axis',(-0.681578078830054,-0.731745394559018,0.));
#7191=DIRECTION('ref_axis',(0.731745394559018,-0.681578078830054,0.));
#7192=DIRECTION('',(0.,0.,1.));
#7193=DIRECTION('',(-0.731745394559018,0.681578078830054,0.));
#7194=DIRECTION('center_axis',(-0.786411220395309,0.61770332072635,0.));
#7195=DIRECTION('ref_axis',(-0.61770332072635,-0.78641122039531,0.));
#7196=DIRECTION('',(0.,0.,1.));
#7197=DIRECTION('',(0.61770332072635,0.78641122039531,0.));
#7198=DIRECTION('center_axis',(0.544308880130765,0.838884880666467,0.));
#7199=DIRECTION('ref_axis',(-0.838884880666467,0.544308880130765,0.));
#7200=DIRECTION('',(0.,0.,-1.));
#7201=DIRECTION('',(-0.838884880666467,0.544308880130765,0.));
#7202=DIRECTION('center_axis',(0.,0.,1.));
#7203=DIRECTION('ref_axis',(0.978147600733806,0.207911690817759,0.));
#7204=DIRECTION('',(0.,0.,1.));
#7205=DIRECTION('center_axis',(0.,0.,-1.));
#7206=DIRECTION('ref_axis',(0.978147600733806,0.207911690817759,0.));
#7207=DIRECTION('center_axis',(-0.890745555891011,-0.454502315352093,0.));
#7208=DIRECTION('ref_axis',(0.454502315352093,-0.890745555891011,0.));
#7209=DIRECTION('',(0.,0.,1.));
#7210=DIRECTION('',(-0.454502315352093,0.890745555891011,0.));
#7211=DIRECTION('center_axis',(-0.527717842421145,0.849419730634021,0.));
#7212=DIRECTION('ref_axis',(-0.849419730634021,-0.527717842421145,0.));
#7213=DIRECTION('',(0.,0.,1.));
#7214=DIRECTION('',(0.849419730634021,0.527717842421145,0.));
#7215=DIRECTION('center_axis',(0.798398565206403,0.602129330855388,0.));
#7216=DIRECTION('ref_axis',(-0.602129330855388,0.798398565206403,0.));
#7217=DIRECTION('',(0.,0.,-1.));
#7218=DIRECTION('',(-0.602129330855388,0.798398565206403,0.));
#7219=DIRECTION('center_axis',(0.,0.,1.));
#7220=DIRECTION('ref_axis',(0.978147600733806,0.207911690817759,0.));
#7221=DIRECTION('',(0.,0.,1.));
#7222=DIRECTION('center_axis',(0.,0.,-1.));
#7223=DIRECTION('ref_axis',(0.978147600733806,0.207911690817759,0.));
#7224=DIRECTION('center_axis',(-0.992475972907196,-0.122439549173926,0.));
#7225=DIRECTION('ref_axis',(0.122439549173925,-0.992475972907196,0.));
#7226=DIRECTION('',(0.,0.,1.));
#7227=DIRECTION('',(-0.122439549173926,0.992475972907196,0.));
#7228=DIRECTION('center_axis',(-0.205373904365112,0.978683584927136,0.));
#7229=DIRECTION('ref_axis',(-0.978683584927136,-0.205373904365112,0.));
#7230=DIRECTION('',(0.,0.,1.));
#7231=DIRECTION('',(0.978683584927136,0.205373904365112,0.));
#7232=DIRECTION('center_axis',(0.956189600210263,0.292748097260662,0.));
#7233=DIRECTION('ref_axis',(-0.292748097260662,0.956189600210263,0.));
#7234=DIRECTION('',(0.,0.,-1.));
#7235=DIRECTION('',(-0.292748097260662,0.956189600210263,0.));
#7236=DIRECTION('center_axis',(0.,0.,1.));
#7237=DIRECTION('ref_axis',(0.978147600733806,0.207911690817759,0.));
#7238=DIRECTION('',(0.,0.,1.));
#7239=DIRECTION('center_axis',(0.,0.,-1.));
#7240=DIRECTION('ref_axis',(0.978147600733806,0.207911690817759,0.));
#7241=DIRECTION('center_axis',(-0.974499140205404,0.22439123364991,0.));
#7242=DIRECTION('ref_axis',(-0.22439123364991,-0.974499140205404,0.));
#7243=DIRECTION('',(0.,0.,1.));
#7244=DIRECTION('',(0.22439123364991,0.974499140205404,0.));
#7245=DIRECTION('center_axis',(0.141741157553375,0.989903755046636,0.));
#7246=DIRECTION('ref_axis',(-0.989903755046636,0.141741157553375,0.));
#7247=DIRECTION('',(0.989903755046636,-0.141741157553375,0.));
#7248=DIRECTION('center_axis',(-0.99865005757322,0.0519428773654689,0.));
#7249=DIRECTION('ref_axis',(-0.051942877365469,-0.99865005757322,0.));
#7250=DIRECTION('',(0.,0.,-1.));
#7251=DIRECTION('',(-0.051942877365469,-0.99865005757322,0.));
#7252=DIRECTION('center_axis',(0.,0.,1.));
#7253=DIRECTION('ref_axis',(0.978147600733806,0.207911690817759,0.));
#7254=DIRECTION('center_axis',(0.,0.,-1.));
#7255=DIRECTION('ref_axis',(0.978147600733806,0.207911690817759,0.));
#7256=DIRECTION('center_axis',(0.,0.,1.));
#7257=DIRECTION('ref_axis',(0.978147600733806,0.207911690817759,0.));
#7258=DIRECTION('center_axis',(0.,0.,1.));
#7259=DIRECTION('ref_axis',(0.978147600733806,0.207911690817759,0.));
#7260=DIRECTION('center_axis',(0.,0.,-1.));
#7261=DIRECTION('ref_axis',(0.978147600733806,0.207911690817759,0.));
#7262=DIRECTION('',(0.0519428773654689,0.99865005757322,0.));
#7263=DIRECTION('',(-0.989903755046636,0.141741157553372,0.));
#7264=DIRECTION('',(-0.224391233649911,-0.974499140205404,0.));
#7265=DIRECTION('center_axis',(0.,0.,-1.));
#7266=DIRECTION('ref_axis',(0.978147600733806,0.207911690817759,0.));
#7267=DIRECTION('',(-0.292748097260662,0.956189600210263,0.));
#7268=DIRECTION('',(-0.978683584927136,-0.205373904365112,0.));
#7269=DIRECTION('',(0.122439549173926,-0.992475972907196,0.));
#7270=DIRECTION('center_axis',(0.,0.,-1.));
#7271=DIRECTION('ref_axis',(0.978147600733806,0.207911690817759,0.));
#7272=DIRECTION('',(-0.602129330855387,0.798398565206404,0.));
#7273=DIRECTION('',(-0.849419730634019,-0.527717842421147,0.));
#7274=DIRECTION('',(0.454502315352093,-0.890745555891011,0.));
#7275=DIRECTION('center_axis',(0.,0.,-1.));
#7276=DIRECTION('ref_axis',(0.978147600733806,0.207911690817759,0.));
#7277=DIRECTION('',(-0.838884880666467,0.544308880130765,0.));
#7278=DIRECTION('',(-0.61770332072635,-0.786411220395309,0.));
#7279=DIRECTION('',(0.731745394559018,-0.681578078830054,0.));
#7280=DIRECTION('center_axis',(0.,0.,-1.));
#7281=DIRECTION('ref_axis',(0.978147600733806,0.207911690817759,0.));
#7282=DIRECTION('',(-0.974458533246905,0.22456751096784,0.));
#7283=DIRECTION('',(-0.311482774008987,-0.95025179899628,0.));
#7284=DIRECTION('',(0.920729179770271,-0.390202226441064,0.));
#7285=DIRECTION('center_axis',(0.,0.,-1.));
#7286=DIRECTION('ref_axis',(0.978147600733806,0.207911690817759,0.));
#7287=DIRECTION('',(-0.992498105241486,-0.122260014281289,0.));
#7288=DIRECTION('',(0.0323071922500176,-0.999477986415369,0.));
#7289=DIRECTION('',(0.998659437385754,-0.0517622267717471,0.));
#7290=DIRECTION('center_axis',(0.,0.,-1.));
#7291=DIRECTION('ref_axis',(0.978147600733806,0.207911690817759,0.));
#7292=DIRECTION('',(-0.890827758031935,-0.454341177442455,0.));
#7293=DIRECTION('',(0.372200434320283,-0.928152377948682,0.));
#7294=DIRECTION('',(0.956136628208928,0.29292106137535,0.));
#7295=DIRECTION('center_axis',(0.,0.,-1.));
#7296=DIRECTION('ref_axis',(0.978147600733806,0.207911690817759,0.));
#7297=DIRECTION('',(-0.681710435986243,-0.731622089242422,0.));
#7298=DIRECTION('',(0.667200810918151,-0.744877894631168,0.));
#7299=DIRECTION('',(0.798289630596346,0.602273746466131,0.));
#7300=DIRECTION('center_axis',(0.,0.,-1.));
#7301=DIRECTION('ref_axis',(0.978147600733806,0.207911690817759,0.));
#7302=DIRECTION('',(-0.390368774386099,-0.920658579487692,0.));
#7303=DIRECTION('',(0.881726922884035,-0.471760143994225,0.));
#7304=DIRECTION('',(0.544157122033661,0.838983329119264,0.));
#7305=DIRECTION('center_axis',(0.,0.,-1.));
#7306=DIRECTION('ref_axis',(0.978147600733806,0.207911690817759,0.));
#7307=DIRECTION('',(-0.0519428773654686,-0.99865005757322,0.));
#7308=DIRECTION('',(0.989903755046636,-0.141741157553375,0.));
#7309=DIRECTION('',(0.22439123364991,0.974499140205404,0.));
#7310=DIRECTION('center_axis',(0.,0.,-1.));
#7311=DIRECTION('ref_axis',(0.978147600733806,0.207911690817759,0.));
#7312=DIRECTION('',(0.292748097260662,-0.956189600210263,0.));
#7313=DIRECTION('',(0.978683584927136,0.205373904365112,0.));
#7314=DIRECTION('',(-0.122439549173926,0.992475972907196,0.));
#7315=DIRECTION('center_axis',(0.,0.,-1.));
#7316=DIRECTION('ref_axis',(0.978147600733806,0.207911690817759,0.));
#7317=DIRECTION('',(0.602129330855388,-0.798398565206403,0.));
#7318=DIRECTION('',(0.849419730634021,0.527717842421145,0.));
#7319=DIRECTION('',(-0.454502315352093,0.890745555891011,0.));
#7320=DIRECTION('center_axis',(0.,0.,-1.));
#7321=DIRECTION('ref_axis',(0.978147600733806,0.207911690817759,0.));
#7322=DIRECTION('',(0.838884880666467,-0.544308880130765,0.));
#7323=DIRECTION('',(0.61770332072635,0.786411220395309,0.));
#7324=DIRECTION('',(-0.731745394559018,0.681578078830054,0.));
#7325=DIRECTION('center_axis',(0.,0.,-1.));
#7326=DIRECTION('ref_axis',(0.978147600733806,0.207911690817759,0.));
#7327=DIRECTION('',(0.974458533246905,-0.224567510967841,0.));
#7328=DIRECTION('',(0.311482774008984,0.950251798996281,0.));
#7329=DIRECTION('',(-0.920729179770271,0.390202226441065,0.));
#7330=DIRECTION('center_axis',(0.,0.,-1.));
#7331=DIRECTION('ref_axis',(0.978147600733806,0.207911690817759,0.));
#7332=DIRECTION('',(0.992498105241486,0.122260014281289,0.));
#7333=DIRECTION('',(-0.0323071922500145,0.999477986415369,0.));
#7334=DIRECTION('',(-0.998659437385754,0.0517622267717467,0.));
#7335=DIRECTION('center_axis',(0.,0.,-1.));
#7336=DIRECTION('ref_axis',(0.978147600733806,0.207911690817759,0.));
#7337=DIRECTION('',(0.890827758031935,0.454341177442455,0.));
#7338=DIRECTION('',(-0.372200434320283,0.928152377948682,0.));
#7339=DIRECTION('',(-0.956136628208928,-0.29292106137535,0.));
#7340=DIRECTION('center_axis',(0.,0.,-1.));
#7341=DIRECTION('ref_axis',(0.978147600733806,0.207911690817759,0.));
#7342=DIRECTION('',(0.681710435986242,0.731622089242423,0.));
#7343=DIRECTION('',(-0.667200810918149,0.74487789463117,0.));
#7344=DIRECTION('',(-0.798289630596346,-0.602273746466131,0.));
#7345=DIRECTION('center_axis',(0.,0.,-1.));
#7346=DIRECTION('ref_axis',(0.978147600733806,0.207911690817759,0.));
#7347=DIRECTION('',(0.390368774386098,0.920658579487692,0.));
#7348=DIRECTION('',(-0.881726922884035,0.471760143994225,0.));
#7349=DIRECTION('',(-0.544157122033661,-0.838983329119264,0.));
#7350=DIRECTION('center_axis',(0.,0.,1.));
#7351=DIRECTION('ref_axis',(-1.,0.,0.));
#7352=DIRECTION('center_axis',(0.99865005757322,-0.0519428773654686,0.));
#7353=DIRECTION('ref_axis',(0.0519428773654685,0.99865005757322,0.));
#7354=DIRECTION('',(0.,0.,-1.));
#7355=DIRECTION('',(0.0519428773654685,0.99865005757322,0.));
#7356=DIRECTION('',(0.,0.,1.));
#7357=DIRECTION('center_axis',(0.,0.,1.));
#7358=DIRECTION('ref_axis',(0.978147600733806,0.207911690817759,0.));
#7359=DIRECTION('',(0.,0.,1.));
#7360=DIRECTION('center_axis',(0.,0.,-1.));
#7361=DIRECTION('ref_axis',(0.978147600733806,0.207911690817759,0.));
#7362=DIRECTION('center_axis',(-0.838983329119264,0.544157122033661,0.));
#7363=DIRECTION('ref_axis',(-0.544157122033661,-0.838983329119264,0.));
#7364=DIRECTION('',(0.,0.,1.));
#7365=DIRECTION('',(0.544157122033661,0.838983329119264,0.));
#7366=DIRECTION('center_axis',(0.471760143994225,0.881726922884035,0.));
#7367=DIRECTION('ref_axis',(-0.881726922884035,0.471760143994225,0.));
#7368=DIRECTION('',(0.,0.,1.));
#7369=DIRECTION('',(0.881726922884035,-0.471760143994225,0.));
#7370=DIRECTION('center_axis',(0.920658579487692,-0.390368774386098,0.));
#7371=DIRECTION('ref_axis',(0.390368774386098,0.920658579487692,0.));
#7372=DIRECTION('',(0.,0.,-1.));
#7373=DIRECTION('',(0.390368774386098,0.920658579487692,0.));
#7374=DIRECTION('center_axis',(0.,0.,1.));
#7375=DIRECTION('ref_axis',(0.978147600733806,0.207911690817759,0.));
#7376=DIRECTION('',(0.,0.,1.));
#7377=DIRECTION('center_axis',(0.,0.,-1.));
#7378=DIRECTION('ref_axis',(0.978147600733806,0.207911690817759,0.));
#7379=DIRECTION('center_axis',(-0.602273746466131,0.798289630596346,0.));
#7380=DIRECTION('ref_axis',(-0.798289630596346,-0.602273746466131,0.));
#7381=DIRECTION('',(0.,0.,1.));
#7382=DIRECTION('',(0.798289630596346,0.602273746466131,0.));
#7383=DIRECTION('center_axis',(0.744877894631168,0.667200810918151,0.));
#7384=DIRECTION('ref_axis',(-0.667200810918151,0.744877894631168,0.));
#7385=DIRECTION('',(0.,0.,1.));
#7386=DIRECTION('',(0.667200810918151,-0.744877894631168,0.));
#7387=DIRECTION('center_axis',(0.731622089242422,-0.681710435986243,0.));
#7388=DIRECTION('ref_axis',(0.681710435986243,0.731622089242422,0.));
#7389=DIRECTION('',(0.,0.,-1.));
#7390=DIRECTION('',(0.681710435986243,0.731622089242422,0.));
#7391=DIRECTION('center_axis',(0.,0.,1.));
#7392=DIRECTION('ref_axis',(0.978147600733806,0.207911690817759,0.));
#7393=DIRECTION('',(0.,0.,1.));
#7394=DIRECTION('center_axis',(0.,0.,-1.));
#7395=DIRECTION('ref_axis',(0.978147600733806,0.207911690817759,0.));
#7396=DIRECTION('center_axis',(-0.29292106137535,0.956136628208929,0.));
#7397=DIRECTION('ref_axis',(-0.956136628208928,-0.29292106137535,0.));
#7398=DIRECTION('',(0.,0.,1.));
#7399=DIRECTION('',(0.956136628208928,0.29292106137535,0.));
#7400=DIRECTION('center_axis',(0.928152377948682,0.372200434320283,0.));
#7401=DIRECTION('ref_axis',(-0.372200434320283,0.928152377948682,0.));
#7402=DIRECTION('',(0.,0.,1.));
#7403=DIRECTION('',(0.372200434320283,-0.928152377948682,0.));
#7404=DIRECTION('center_axis',(0.454341177442455,-0.890827758031935,0.));
#7405=DIRECTION('ref_axis',(0.890827758031935,0.454341177442455,0.));
#7406=DIRECTION('',(0.,0.,-1.));
#7407=DIRECTION('',(0.890827758031935,0.454341177442455,0.));
#7408=DIRECTION('center_axis',(0.,0.,1.));
#7409=DIRECTION('ref_axis',(0.978147600733806,0.207911690817759,0.));
#7410=DIRECTION('',(0.,0.,1.));
#7411=DIRECTION('center_axis',(0.,0.,-1.));
#7412=DIRECTION('ref_axis',(0.978147600733806,0.207911690817759,0.));
#7413=DIRECTION('center_axis',(0.0517622267717471,0.998659437385754,0.));
#7414=DIRECTION('ref_axis',(-0.998659437385754,0.0517622267717472,0.));
#7415=DIRECTION('',(0.,0.,1.));
#7416=DIRECTION('',(0.998659437385754,-0.0517622267717472,0.));
#7417=DIRECTION('center_axis',(0.999477986415369,0.0323071922500176,0.));
#7418=DIRECTION('ref_axis',(-0.0323071922500175,0.999477986415369,0.));
#7419=DIRECTION('',(0.,0.,1.));
#7420=DIRECTION('',(0.0323071922500175,-0.999477986415369,0.));
#7421=DIRECTION('center_axis',(0.122260014281289,-0.992498105241486,0.));
#7422=DIRECTION('ref_axis',(0.992498105241486,0.122260014281289,0.));
#7423=DIRECTION('',(0.,0.,-1.));
#7424=DIRECTION('',(0.992498105241486,0.122260014281289,0.));
#7425=DIRECTION('center_axis',(0.,0.,1.));
#7426=DIRECTION('ref_axis',(0.978147600733806,0.207911690817759,0.));
#7427=DIRECTION('',(0.,0.,1.));
#7428=DIRECTION('center_axis',(0.,0.,-1.));
#7429=DIRECTION('ref_axis',(0.978147600733806,0.207911690817759,0.));
#7430=DIRECTION('center_axis',(0.390202226441064,0.920729179770271,0.));
#7431=DIRECTION('ref_axis',(-0.920729179770271,0.390202226441064,0.));
#7432=DIRECTION('',(0.,0.,1.));
#7433=DIRECTION('',(0.920729179770271,-0.390202226441064,0.));
#7434=DIRECTION('center_axis',(0.95025179899628,-0.311482774008987,0.));
#7435=DIRECTION('ref_axis',(0.311482774008987,0.95025179899628,0.));
#7436=DIRECTION('',(0.,0.,1.));
#7437=DIRECTION('',(-0.311482774008987,-0.95025179899628,0.));
#7438=DIRECTION('center_axis',(-0.22456751096784,-0.974458533246905,0.));
#7439=DIRECTION('ref_axis',(0.974458533246905,-0.22456751096784,0.));
#7440=DIRECTION('',(0.,0.,-1.));
#7441=DIRECTION('',(0.974458533246905,-0.22456751096784,0.));
#7442=DIRECTION('center_axis',(0.,0.,1.));
#7443=DIRECTION('ref_axis',(0.978147600733806,0.207911690817759,0.));
#7444=DIRECTION('',(0.,0.,1.));
#7445=DIRECTION('center_axis',(0.,0.,-1.));
#7446=DIRECTION('ref_axis',(0.978147600733806,0.207911690817759,0.));
#7447=DIRECTION('center_axis',(0.681578078830054,0.731745394559018,0.));
#7448=DIRECTION('ref_axis',(-0.731745394559018,0.681578078830054,0.));
#7449=DIRECTION('',(0.,0.,1.));
#7450=DIRECTION('',(0.731745394559018,-0.681578078830054,0.));
#7451=DIRECTION('center_axis',(0.786411220395309,-0.61770332072635,0.));
#7452=DIRECTION('ref_axis',(0.61770332072635,0.78641122039531,0.));
#7453=DIRECTION('',(0.,0.,1.));
#7454=DIRECTION('',(-0.61770332072635,-0.78641122039531,0.));
#7455=DIRECTION('center_axis',(-0.544308880130765,-0.838884880666467,0.));
#7456=DIRECTION('ref_axis',(0.838884880666467,-0.544308880130765,0.));
#7457=DIRECTION('',(0.,0.,-1.));
#7458=DIRECTION('',(0.838884880666467,-0.544308880130765,0.));
#7459=DIRECTION('center_axis',(0.,0.,1.));
#7460=DIRECTION('ref_axis',(0.978147600733806,0.207911690817759,0.));
#7461=DIRECTION('',(0.,0.,1.));
#7462=DIRECTION('center_axis',(0.,0.,-1.));
#7463=DIRECTION('ref_axis',(0.978147600733806,0.207911690817759,0.));
#7464=DIRECTION('center_axis',(0.890745555891011,0.454502315352093,0.));
#7465=DIRECTION('ref_axis',(-0.454502315352093,0.890745555891011,0.));
#7466=DIRECTION('',(0.,0.,1.));
#7467=DIRECTION('',(0.454502315352093,-0.890745555891011,0.));
#7468=DIRECTION('center_axis',(0.527717842421147,-0.849419730634019,0.));
#7469=DIRECTION('ref_axis',(0.849419730634019,0.527717842421147,0.));
#7470=DIRECTION('',(0.,0.,1.));
#7471=DIRECTION('',(-0.849419730634019,-0.527717842421147,0.));
#7472=DIRECTION('center_axis',(-0.798398565206403,-0.602129330855387,0.));
#7473=DIRECTION('ref_axis',(0.602129330855387,-0.798398565206404,0.));
#7474=DIRECTION('',(0.,0.,-1.));
#7475=DIRECTION('',(0.602129330855387,-0.798398565206404,0.));
#7476=DIRECTION('center_axis',(0.,0.,1.));
#7477=DIRECTION('ref_axis',(0.978147600733806,0.207911690817759,0.));
#7478=DIRECTION('',(0.,0.,1.));
#7479=DIRECTION('center_axis',(0.,0.,-1.));
#7480=DIRECTION('ref_axis',(0.978147600733806,0.207911690817759,0.));
#7481=DIRECTION('center_axis',(0.992475972907196,0.122439549173926,0.));
#7482=DIRECTION('ref_axis',(-0.122439549173926,0.992475972907196,0.));
#7483=DIRECTION('',(0.,0.,1.));
#7484=DIRECTION('',(0.122439549173926,-0.992475972907196,0.));
#7485=DIRECTION('center_axis',(0.205373904365112,-0.978683584927136,0.));
#7486=DIRECTION('ref_axis',(0.978683584927136,0.205373904365112,0.));
#7487=DIRECTION('',(0.,0.,1.));
#7488=DIRECTION('',(-0.978683584927136,-0.205373904365112,0.));
#7489=DIRECTION('center_axis',(-0.956189600210263,-0.292748097260662,0.));
#7490=DIRECTION('ref_axis',(0.292748097260662,-0.956189600210263,0.));
#7491=DIRECTION('',(0.,0.,-1.));
#7492=DIRECTION('',(0.292748097260662,-0.956189600210263,0.));
#7493=DIRECTION('center_axis',(0.,0.,1.));
#7494=DIRECTION('ref_axis',(0.978147600733806,0.207911690817759,0.));
#7495=DIRECTION('',(0.,0.,1.));
#7496=DIRECTION('center_axis',(0.,0.,-1.));
#7497=DIRECTION('ref_axis',(0.978147600733806,0.207911690817759,0.));
#7498=DIRECTION('center_axis',(0.974499140205404,-0.224391233649911,0.));
#7499=DIRECTION('ref_axis',(0.224391233649911,0.974499140205404,0.));
#7500=DIRECTION('',(0.,0.,1.));
#7501=DIRECTION('',(-0.224391233649911,-0.974499140205404,0.));
#7502=DIRECTION('center_axis',(-0.141741157553372,-0.989903755046636,0.));
#7503=DIRECTION('ref_axis',(0.989903755046636,-0.141741157553372,0.));
#7504=DIRECTION('',(0.,0.,1.));
#7505=DIRECTION('',(-0.989903755046636,0.141741157553372,0.));
#7506=DIRECTION('center_axis',(0.,0.,-1.));
#7507=DIRECTION('ref_axis',(-1.,0.,0.));
#7508=DIRECTION('',(0.,0.,-1.));
#7509=DIRECTION('center_axis',(0.,0.,1.));
#7510=DIRECTION('ref_axis',(-1.,0.,0.));
#7511=DIRECTION('center_axis',(0.838983329119264,-0.544157122033661,0.));
#7512=DIRECTION('ref_axis',(0.544157122033661,0.838983329119264,0.));
#7513=DIRECTION('',(0.,0.,1.));
#7514=DIRECTION('',(-0.544157122033661,-0.838983329119264,0.));
#7515=DIRECTION('',(0.,0.,1.));
#7516=DIRECTION('center_axis',(-0.471760143994225,-0.881726922884035,0.));
#7517=DIRECTION('ref_axis',(0.881726922884035,-0.471760143994225,0.));
#7518=DIRECTION('',(0.,0.,1.));
#7519=DIRECTION('',(-0.881726922884035,0.471760143994225,0.));
#7520=DIRECTION('center_axis',(-0.920658579487692,0.390368774386098,0.));
#7521=DIRECTION('ref_axis',(-0.390368774386098,-0.920658579487692,0.));
#7522=DIRECTION('',(0.,0.,-1.));
#7523=DIRECTION('',(-0.390368774386098,-0.920658579487692,0.));
#7524=DIRECTION('center_axis',(0.,0.,1.));
#7525=DIRECTION('ref_axis',(0.978147600733806,0.207911690817759,0.));
#7526=DIRECTION('',(0.,0.,1.));
#7527=DIRECTION('center_axis',(0.,0.,-1.));
#7528=DIRECTION('ref_axis',(0.978147600733806,0.207911690817759,0.));
#7529=DIRECTION('center_axis',(0.602273746466132,-0.798289630596346,0.));
#7530=DIRECTION('ref_axis',(0.798289630596346,0.602273746466131,0.));
#7531=DIRECTION('',(0.,0.,1.));
#7532=DIRECTION('',(-0.798289630596346,-0.602273746466131,0.));
#7533=DIRECTION('center_axis',(-0.74487789463117,-0.667200810918149,0.));
#7534=DIRECTION('ref_axis',(0.667200810918149,-0.74487789463117,0.));
#7535=DIRECTION('',(0.,0.,1.));
#7536=DIRECTION('',(-0.667200810918149,0.74487789463117,0.));
#7537=DIRECTION('center_axis',(-0.731622089242423,0.681710435986242,0.));
#7538=DIRECTION('ref_axis',(-0.681710435986242,-0.731622089242423,0.));
#7539=DIRECTION('',(0.,0.,-1.));
#7540=DIRECTION('',(-0.681710435986242,-0.731622089242422,0.));
#7541=DIRECTION('center_axis',(0.,0.,1.));
#7542=DIRECTION('ref_axis',(0.978147600733806,0.207911690817759,0.));
#7543=DIRECTION('',(0.,0.,1.));
#7544=DIRECTION('center_axis',(0.,0.,-1.));
#7545=DIRECTION('ref_axis',(0.978147600733806,0.207911690817759,0.));
#7546=DIRECTION('center_axis',(0.29292106137535,-0.956136628208929,0.));
#7547=DIRECTION('ref_axis',(0.956136628208928,0.292921061375349,0.));
#7548=DIRECTION('',(0.,0.,1.));
#7549=DIRECTION('',(-0.956136628208928,-0.292921061375349,0.));
#7550=DIRECTION('center_axis',(-0.928152377948682,-0.372200434320283,0.));
#7551=DIRECTION('ref_axis',(0.372200434320283,-0.928152377948682,0.));
#7552=DIRECTION('',(0.,0.,1.));
#7553=DIRECTION('',(-0.372200434320283,0.928152377948682,0.));
#7554=DIRECTION('center_axis',(-0.454341177442455,0.890827758031935,0.));
#7555=DIRECTION('ref_axis',(-0.890827758031935,-0.454341177442455,0.));
#7556=DIRECTION('',(0.,0.,-1.));
#7557=DIRECTION('',(-0.890827758031935,-0.454341177442455,0.));
#7558=DIRECTION('center_axis',(0.,0.,1.));
#7559=DIRECTION('ref_axis',(-0.978469412650569,-0.206391880914079,0.));
#7560=DIRECTION('',(0.,0.,1.));
#7561=DIRECTION('center_axis',(0.,0.,-1.));
#7562=DIRECTION('ref_axis',(0.978147600733806,0.207911690817759,0.));
#7563=DIRECTION('center_axis',(-0.0517622267717467,-0.998659437385754,0.));
#7564=DIRECTION('ref_axis',(0.998659437385754,-0.0517622267717468,0.));
#7565=DIRECTION('',(0.,0.,1.));
#7566=DIRECTION('',(-0.998659437385754,0.0517622267717467,0.));
#7567=DIRECTION('center_axis',(-0.999477986415369,-0.0323071922500145,0.));
#7568=DIRECTION('ref_axis',(0.0323071922500145,-0.999477986415369,0.));
#7569=DIRECTION('',(0.,0.,1.));
#7570=DIRECTION('',(-0.0323071922500145,0.999477986415369,0.));
#7571=DIRECTION('center_axis',(-0.122260014281289,0.992498105241486,0.));
#7572=DIRECTION('ref_axis',(-0.992498105241486,-0.122260014281289,0.));
#7573=DIRECTION('',(0.,0.,-1.));
#7574=DIRECTION('',(-0.992498105241486,-0.122260014281289,0.));
#7575=DIRECTION('center_axis',(0.,0.,1.));
#7576=DIRECTION('ref_axis',(0.978147600733806,0.207911690817759,0.));
#7577=DIRECTION('',(0.,0.,1.));
#7578=DIRECTION('center_axis',(0.,0.,-1.));
#7579=DIRECTION('ref_axis',(0.978147600733806,0.207911690817759,0.));
#7580=DIRECTION('center_axis',(-0.390202226441065,-0.920729179770271,0.));
#7581=DIRECTION('ref_axis',(0.920729179770271,-0.390202226441065,0.));
#7582=DIRECTION('',(0.,0.,1.));
#7583=DIRECTION('',(-0.920729179770271,0.390202226441065,0.));
#7584=DIRECTION('center_axis',(-0.950251798996281,0.311482774008984,0.));
#7585=DIRECTION('ref_axis',(-0.311482774008984,-0.950251798996281,0.));
#7586=DIRECTION('',(0.,0.,1.));
#7587=DIRECTION('',(0.311482774008984,0.950251798996281,0.));
#7588=DIRECTION('center_axis',(0.224567510967841,0.974458533246905,0.));
#7589=DIRECTION('ref_axis',(-0.974458533246905,0.224567510967841,0.));
#7590=DIRECTION('',(0.,0.,-1.));
#7591=DIRECTION('',(-0.974458533246905,0.224567510967841,0.));
#7592=DIRECTION('center_axis',(0.,0.,1.));
#7593=DIRECTION('ref_axis',(0.978147600733806,0.207911690817759,0.));
#7594=DIRECTION('',(0.,0.,1.));
#7595=DIRECTION('center_axis',(0.,0.,-1.));
#7596=DIRECTION('ref_axis',(0.978147600733806,0.207911690817759,0.));
#7597=DIRECTION('center_axis',(-0.681578078830054,-0.731745394559018,0.));
#7598=DIRECTION('ref_axis',(0.731745394559018,-0.681578078830054,0.));
#7599=DIRECTION('',(0.,0.,1.));
#7600=DIRECTION('',(-0.731745394559018,0.681578078830054,0.));
#7601=DIRECTION('center_axis',(-0.786411220395309,0.61770332072635,0.));
#7602=DIRECTION('ref_axis',(-0.61770332072635,-0.78641122039531,0.));
#7603=DIRECTION('',(0.,0.,1.));
#7604=DIRECTION('',(0.61770332072635,0.78641122039531,0.));
#7605=DIRECTION('center_axis',(0.544308880130765,0.838884880666467,0.));
#7606=DIRECTION('ref_axis',(-0.838884880666467,0.544308880130765,0.));
#7607=DIRECTION('',(0.,0.,-1.));
#7608=DIRECTION('',(-0.838884880666467,0.544308880130765,0.));
#7609=DIRECTION('center_axis',(0.,0.,1.));
#7610=DIRECTION('ref_axis',(0.978147600733806,0.207911690817759,0.));
#7611=DIRECTION('',(0.,0.,1.));
#7612=DIRECTION('center_axis',(0.,0.,-1.));
#7613=DIRECTION('ref_axis',(0.978147600733806,0.207911690817759,0.));
#7614=DIRECTION('center_axis',(-0.890745555891011,-0.454502315352093,0.));
#7615=DIRECTION('ref_axis',(0.454502315352093,-0.890745555891011,0.));
#7616=DIRECTION('',(0.,0.,1.));
#7617=DIRECTION('',(-0.454502315352093,0.890745555891011,0.));
#7618=DIRECTION('center_axis',(-0.527717842421145,0.849419730634021,0.));
#7619=DIRECTION('ref_axis',(-0.849419730634021,-0.527717842421145,0.));
#7620=DIRECTION('',(0.,0.,1.));
#7621=DIRECTION('',(0.849419730634021,0.527717842421145,0.));
#7622=DIRECTION('center_axis',(0.798398565206403,0.602129330855388,0.));
#7623=DIRECTION('ref_axis',(-0.602129330855388,0.798398565206403,0.));
#7624=DIRECTION('',(0.,0.,-1.));
#7625=DIRECTION('',(-0.602129330855388,0.798398565206403,0.));
#7626=DIRECTION('center_axis',(0.,0.,1.));
#7627=DIRECTION('ref_axis',(0.978147600733806,0.207911690817759,0.));
#7628=DIRECTION('',(0.,0.,1.));
#7629=DIRECTION('center_axis',(0.,0.,-1.));
#7630=DIRECTION('ref_axis',(0.978147600733806,0.207911690817759,0.));
#7631=DIRECTION('center_axis',(-0.992475972907196,-0.122439549173926,0.));
#7632=DIRECTION('ref_axis',(0.122439549173925,-0.992475972907196,0.));
#7633=DIRECTION('',(0.,0.,1.));
#7634=DIRECTION('',(-0.122439549173926,0.992475972907196,0.));
#7635=DIRECTION('center_axis',(-0.205373904365112,0.978683584927136,0.));
#7636=DIRECTION('ref_axis',(-0.978683584927136,-0.205373904365112,0.));
#7637=DIRECTION('',(0.,0.,1.));
#7638=DIRECTION('',(0.978683584927136,0.205373904365112,0.));
#7639=DIRECTION('center_axis',(0.956189600210263,0.292748097260662,0.));
#7640=DIRECTION('ref_axis',(-0.292748097260662,0.956189600210263,0.));
#7641=DIRECTION('',(0.,0.,-1.));
#7642=DIRECTION('',(-0.292748097260662,0.956189600210263,0.));
#7643=DIRECTION('center_axis',(0.,0.,1.));
#7644=DIRECTION('ref_axis',(0.978147600733806,0.207911690817759,0.));
#7645=DIRECTION('',(0.,0.,1.));
#7646=DIRECTION('center_axis',(0.,0.,-1.));
#7647=DIRECTION('ref_axis',(0.978147600733806,0.207911690817759,0.));
#7648=DIRECTION('center_axis',(-0.974499140205404,0.22439123364991,0.));
#7649=DIRECTION('ref_axis',(-0.22439123364991,-0.974499140205404,0.));
#7650=DIRECTION('',(0.,0.,1.));
#7651=DIRECTION('',(0.22439123364991,0.974499140205404,0.));
#7652=DIRECTION('center_axis',(0.141741157553375,0.989903755046636,0.));
#7653=DIRECTION('ref_axis',(-0.989903755046636,0.141741157553375,0.));
#7654=DIRECTION('',(0.989903755046636,-0.141741157553375,0.));
#7655=DIRECTION('center_axis',(-0.99865005757322,0.0519428773654689,0.));
#7656=DIRECTION('ref_axis',(-0.051942877365469,-0.99865005757322,0.));
#7657=DIRECTION('',(0.,0.,-1.));
#7658=DIRECTION('',(-0.051942877365469,-0.99865005757322,0.));
#7659=DIRECTION('center_axis',(0.,0.,1.));
#7660=DIRECTION('ref_axis',(0.978147600733806,0.207911690817759,0.));
#7661=DIRECTION('center_axis',(0.,0.,-1.));
#7662=DIRECTION('ref_axis',(0.978147600733806,0.207911690817759,0.));
#7663=DIRECTION('center_axis',(0.,0.,1.));
#7664=DIRECTION('ref_axis',(0.978147600733806,0.207911690817759,0.));
#7665=CARTESIAN_POINT('',(0.,0.,0.));
#7666=CARTESIAN_POINT('Origin',(-0.064781841527583,2.36993652057589,0.401900111542708));
#7667=CARTESIAN_POINT('',(-0.214881778694572,1.73750469906272,0.401900111542708));
#7668=CARTESIAN_POINT('',(-0.316945147568425,1.77084248197548,0.401900111542708));
#7669=CARTESIAN_POINT('Origin',(-0.064781841527583,2.36993652057589,0.401900111542708));
#7670=CARTESIAN_POINT('',(-0.233136358715022,1.38654344483471,0.401900111542708));
#7671=CARTESIAN_POINT('',(-0.200910728280257,2.00611111842697,0.401900111542708));
#7672=CARTESIAN_POINT('',(-0.175680211060904,1.37831648253102,0.401900111542708));
#7673=CARTESIAN_POINT('',(-0.21964026044505,1.38461098162151,0.401900111542708));
#7674=CARTESIAN_POINT('',(-0.0968356104994743,1.72072734327269,0.401900111542708));
#7675=CARTESIAN_POINT('',(-0.0644699526407444,1.86128678154702,0.401900111542708));
#7676=CARTESIAN_POINT('',(0.0104747773738174,1.72430780272675,0.401900111542708));
#7677=CARTESIAN_POINT('Origin',(-0.064781841527583,2.36993652057589,0.401900111542708));
#7678=CARTESIAN_POINT('',(0.113356901705875,1.38826866787198,0.401900111542708));
#7679=CARTESIAN_POINT('',(-0.0682655356963774,1.98149365356417,0.401900111542708));
#7680=CARTESIAN_POINT('',(0.170161806501479,1.40018901195932,0.401900111542708));
#7681=CARTESIAN_POINT('',(0.12670002700472,1.39106868391522,0.401900111542708));
#7682=CARTESIAN_POINT('',(0.127140084170735,1.74891641265969,0.401900111542708));
#7683=CARTESIAN_POINT('',(0.109479694803104,1.89206878652756,0.401900111542708));
#7684=CARTESIAN_POINT('',(0.226754274533292,1.78898325822845,0.401900111542708));
#7685=CARTESIAN_POINT('Origin',(-0.064781841527583,2.36993652057589,0.401900111542708));
#7686=CARTESIAN_POINT('',(0.438364000644968,1.50839752181984,0.401900111542708));
#7687=CARTESIAN_POINT('',(0.0647998418181082,2.00372813126914,0.401900111542708));
#7688=CARTESIAN_POINT('',(0.4876661527126,1.53902740287573,0.401900111542708));
#7689=CARTESIAN_POINT('',(0.44994477513809,1.51559229386088,0.401900111542708));
#7690=CARTESIAN_POINT('',(0.327967162135769,1.85200967234205,0.401900111542708));
#7691=CARTESIAN_POINT('',(0.262410829139103,1.98048869281097,0.401900111542708));
#7692=CARTESIAN_POINT('',(0.407870213480994,1.92373025112625,0.401900111542708));
#7693=CARTESIAN_POINT('Origin',(-0.064781841527583,2.36993652057589,0.401900111542708));
#7694=CARTESIAN_POINT('',(0.702684285376274,1.73244069397912,0.401900111542708));
#7695=CARTESIAN_POINT('',(0.182235755899136,2.07013274538472,0.401900111542708));
#7696=CARTESIAN_POINT('',(0.738537117554307,1.77808569629933,0.401900111542708));
#7697=CARTESIAN_POINT('',(0.711105896745773,1.74316242632628,0.401900111542708));
#7698=CARTESIAN_POINT('',(0.481422913901038,2.0175725537076,0.401900111542708));
#7699=CARTESIAN_POINT('',(0.375877698543167,2.11588175476062,0.401900111542708));
#7700=CARTESIAN_POINT('',(0.531977338993251,2.11229630542286,0.401900111542708));
#7701=CARTESIAN_POINT('Origin',(-0.064781841527583,2.36993652057589,0.401900111542708));
#7702=CARTESIAN_POINT('',(0.874436828609257,2.03337527126234,0.401900111542708));
#7703=CARTESIAN_POINT('',(0.26987770213903,2.17269811942084,0.401900111542708));
#7704=CARTESIAN_POINT('',(0.892515960205572,2.08852993391856,0.401900111542708));
#7705=CARTESIAN_POINT('',(0.878683506234225,2.04633076475864,0.401900111542708));
#7706=CARTESIAN_POINT('',(0.568998311037959,2.22563572981577,0.401900111542708));
#7707=CARTESIAN_POINT('',(0.436194523972523,2.28191757091661,0.401900111542708));
#7708=CARTESIAN_POINT('',(0.584106500107188,2.33193757203154,0.401900111542708));
#7709=CARTESIAN_POINT('Origin',(-0.064781841527583,2.36993652057589,0.401900111542708));
#7710=CARTESIAN_POINT('',(0.932905738832447,2.37490410232781,0.401900111542708));
#7711=CARTESIAN_POINT('',(0.317154768363889,2.29905335556504,0.401900111542708));
#7712=CARTESIAN_POINT('',(0.931030559756962,2.43291595900757,0.401900111542708));
#7713=CARTESIAN_POINT('',(0.932465270717026,2.38853073325488,0.401900111542708));
#7714=CARTESIAN_POINT('',(0.58013046817661,2.45110371094246,0.401900111542708));
#7715=CARTESIAN_POINT('',(0.436086206098854,2.45856977142285,0.401900111542708));
#7716=CARTESIAN_POINT('',(0.557970150647983,2.55616207263942,0.401900111542708));
#7717=CARTESIAN_POINT('Origin',(-0.064781841527583,2.36993652057589,0.401900111542708));
#7718=CARTESIAN_POINT('',(0.871038802563712,2.7158337697203,0.401900111542708));
#7719=CARTESIAN_POINT('',(0.318364642651809,2.43395814753364,0.401900111542708));
#7720=CARTESIAN_POINT('',(0.849435487087628,2.7697057343442,0.401900111542708));
#7721=CARTESIAN_POINT('',(0.865964315663241,2.72848796528066,0.401900111542708));
#7722=CARTESIAN_POINT('',(0.513476682872929,2.6667817310108,0.401900111542708));
#7723=CARTESIAN_POINT('',(0.375565809656328,2.62453149378949,0.401900111542708));
#7724=CARTESIAN_POINT('',(0.456720720091851,2.757925023272,0.401900111542708));
#7725=CARTESIAN_POINT('Origin',(-0.064781841527583,2.36993652057589,0.401900111542708));
#7726=CARTESIAN_POINT('',(0.696298085375799,3.01504312396626,0.401900111542708));
#7727=CARTESIAN_POINT('',(0.273361396307824,2.56114098643256,0.401900111542708));
#7728=CARTESIAN_POINT('',(0.657572312176511,3.05827744253514,0.401900111542708));
#7729=CARTESIAN_POINT('',(0.687201637701923,3.02519860141932,0.401900111542708));
#7730=CARTESIAN_POINT('',(0.377076385339642,2.84665583773197,0.401900111542708));
#7731=CARTESIAN_POINT('',(0.261932987641836,2.75978530496494,0.401900111542708));
#7732=CARTESIAN_POINT('',(0.292570384046314,2.91289083437898,0.401900111542708));
#7733=CARTESIAN_POINT('Origin',(-0.064781841527583,2.36993652057589,0.401900111542708));
#7734=CARTESIAN_POINT('',(0.429759896659896,3.23644310108387,0.401900111542708));
#7735=CARTESIAN_POINT('',(0.187573085018198,2.66526174487179,0.401900111542708));
#7736=CARTESIAN_POINT('',(0.378582565516779,3.26382507670773,0.401900111542708));
#7737=CARTESIAN_POINT('',(0.417738654051354,3.24287495996989,0.401900111542708));
#7738=CARTESIAN_POINT('',(0.187381464513259,2.96903055917631,0.401900111542708));
#7739=CARTESIAN_POINT('',(0.108893535432169,2.84801759918778,0.401900111542708));
#7740=CARTESIAN_POINT('',(0.0853180956394064,3.00236834208906,0.401900111542708));
#7741=CARTESIAN_POINT('Origin',(-0.064781841527583,2.36993652057589,0.401900111542708));
#7742=CARTESIAN_POINT('',(0.103572675659855,3.35332959631707,0.401900111542708));
#7743=CARTESIAN_POINT('',(0.0713470452250907,2.73376192272481,0.401900111542708));
#7744=CARTESIAN_POINT('',(0.0461165280057371,3.36155655862076,0.401900111542708));
#7745=CARTESIAN_POINT('',(0.0900765773898857,3.35526205953028,0.401900111542708));
#7746=CARTESIAN_POINT('',(-0.0327280725556921,3.01914569787909,0.401900111542708));
#7747=CARTESIAN_POINT('',(-0.0650937304144216,2.87858625960477,0.401900111542708));
#7748=CARTESIAN_POINT('',(-0.140038460428982,3.01556523842504,0.401900111542708));
#7749=CARTESIAN_POINT('Origin',(-0.064781841527583,2.36993652057589,0.401900111542708));
#7750=CARTESIAN_POINT('',(-0.242920584761041,3.35160437327981,0.401900111542708));
#7751=CARTESIAN_POINT('',(-0.0612981473587879,2.75837938758761,0.401900111542708));
#7752=CARTESIAN_POINT('',(-0.299725489556645,3.33968402919247,0.401900111542708));
#7753=CARTESIAN_POINT('',(-0.256263710059886,3.34880435723656,0.401900111542708));
#7754=CARTESIAN_POINT('',(-0.2567037672259,2.99095662849209,0.401900111542708));
#7755=CARTESIAN_POINT('',(-0.23904337785827,2.84780425462423,0.401900111542708));
#7756=CARTESIAN_POINT('',(-0.356317957588457,2.95088978292334,0.401900111542708));
#7757=CARTESIAN_POINT('Origin',(-0.064781841527583,2.36993652057589,0.401900111542708));
#7758=CARTESIAN_POINT('',(-0.567927683700134,3.23147551933195,0.401900111542708));
#7759=CARTESIAN_POINT('',(-0.194363524873273,2.73614490988264,0.401900111542708));
#7760=CARTESIAN_POINT('',(-0.617229835767766,3.20084563827605,0.401900111542708));
#7761=CARTESIAN_POINT('',(-0.579508458193255,3.22428074729091,0.401900111542708));
#7762=CARTESIAN_POINT('',(-0.457530845190934,2.88786336880974,0.401900111542708));
#7763=CARTESIAN_POINT('',(-0.391974512194268,2.75938434834082,0.401900111542708));
#7764=CARTESIAN_POINT('',(-0.537433896536159,2.81614279002554,0.401900111542708));
#7765=CARTESIAN_POINT('Origin',(-0.064781841527583,2.36993652057589,0.401900111542708));
#7766=CARTESIAN_POINT('',(-0.83224796843144,3.00743234717267,0.401900111542708));
#7767=CARTESIAN_POINT('',(-0.311799438954301,2.66974029576706,0.401900111542708));
#7768=CARTESIAN_POINT('',(-0.868100800609473,2.96178734485246,0.401900111542708));
#7769=CARTESIAN_POINT('',(-0.840669579800939,2.9967106148255,0.401900111542708));
#7770=CARTESIAN_POINT('',(-0.610986596956204,2.72230048744419,0.401900111542708));
#7771=CARTESIAN_POINT('',(-0.505441381598332,2.62399128639117,0.401900111542708));
#7772=CARTESIAN_POINT('',(-0.661541022048417,2.62757673572893,0.401900111542708));
#7773=CARTESIAN_POINT('Origin',(-0.064781841527583,2.36993652057589,0.401900111542708));
#7774=CARTESIAN_POINT('',(-1.00400051166442,2.70649776988944,0.401900111542708));
#7775=CARTESIAN_POINT('',(-0.399441385194196,2.56717492173095,0.401900111542708));
#7776=CARTESIAN_POINT('',(-1.02207964326074,2.65134310723322,0.401900111542708));
#7777=CARTESIAN_POINT('',(-1.00824718928939,2.69354227639314,0.401900111542708));
#7778=CARTESIAN_POINT('',(-0.698561994093125,2.51423731133602,0.401900111542708));
#7779=CARTESIAN_POINT('',(-0.565758207027689,2.45795547023518,0.401900111542708));
#7780=CARTESIAN_POINT('',(-0.713670183162354,2.40793546912025,0.401900111542708));
#7781=CARTESIAN_POINT('Origin',(-0.064781841527583,2.36993652057589,0.401900111542708));
#7782=CARTESIAN_POINT('',(-1.06246942188761,2.36496893882398,0.401900111542708));
#7783=CARTESIAN_POINT('',(-0.446718451419055,2.44081968558675,0.401900111542708));
#7784=CARTESIAN_POINT('',(-1.06059424281213,2.30695708214422,0.401900111542708));
#7785=CARTESIAN_POINT('',(-1.06202895377219,2.35134230789691,0.401900111542708));
#7786=CARTESIAN_POINT('',(-0.709694151231776,2.28876933020933,0.401900111542708));
#7787=CARTESIAN_POINT('',(-0.56564988915402,2.28130326972893,0.401900111542708));
#7788=CARTESIAN_POINT('',(-0.687533833703149,2.18371096851237,0.401900111542708));
#7789=CARTESIAN_POINT('Origin',(-0.064781841527583,2.36993652057589,0.401900111542708));
#7790=CARTESIAN_POINT('',(-1.00060248561888,2.02403927143149,0.401900111542708));
#7791=CARTESIAN_POINT('',(-0.447928325706975,2.30591489361814,0.401900111542708));
#7792=CARTESIAN_POINT('',(-0.978999170142794,1.97016730680759,0.401900111542708));
#7793=CARTESIAN_POINT('',(-0.995527998718406,2.01138507587112,0.401900111542708));
#7794=CARTESIAN_POINT('',(-0.643040365928095,2.07309131014099,0.401900111542708));
#7795=CARTESIAN_POINT('',(-0.505129492711494,2.1153415473623,0.401900111542708));
#7796=CARTESIAN_POINT('',(-0.586284403147017,1.98194801787978,0.401900111542708));
#7797=CARTESIAN_POINT('Origin',(-0.064781841527583,2.36993652057589,0.401900111542708));
#7798=CARTESIAN_POINT('',(-0.825861768430965,1.72482991718553,0.401900111542708));
#7799=CARTESIAN_POINT('',(-0.40292507936299,2.17873205471922,0.401900111542708));
#7800=CARTESIAN_POINT('',(-0.787135995231676,1.68159559861665,0.401900111542708));
#7801=CARTESIAN_POINT('',(-0.816765320757088,1.71467443973247,0.401900111542708));
#7802=CARTESIAN_POINT('',(-0.506640068394807,1.89321720341982,0.401900111542708));
#7803=CARTESIAN_POINT('',(-0.391496670697001,1.98008773618685,0.401900111542708));
#7804=CARTESIAN_POINT('',(-0.42213406710148,1.8269822067728,0.401900111542708));
#7805=CARTESIAN_POINT('Origin',(-0.064781841527583,2.36993652057589,0.401900111542708));
#7806=CARTESIAN_POINT('',(-0.559323579715062,1.50342994006792,0.401900111542708));
#7807=CARTESIAN_POINT('',(-0.317136768073364,2.07461129628,0.401900111542708));
#7808=CARTESIAN_POINT('',(-0.508146248571945,1.47604796444405,0.401900111542708));
#7809=CARTESIAN_POINT('',(-0.54730233710652,1.4969980811819,0.401900111542708));
#7810=CARTESIAN_POINT('',(-0.238457218487335,1.891855441964,0.401900111542708));
#7811=CARTESIAN_POINT('',(0.095218158472417,2.36993652057589,0.401900111542708));
#7812=CARTESIAN_POINT('Origin',(-0.064781841527583,2.36993652057589,0.401900111542708));
#7813=CARTESIAN_POINT('Origin',(0.0905869563184886,3.10366708192377,0.00190011154270845));
#7814=CARTESIAN_POINT('',(0.0853180956394064,3.00236834208906,0.00190011154270845));
#7815=CARTESIAN_POINT('',(0.0853180956394065,3.00236834208906,0.00190011154270845));
#7816=CARTESIAN_POINT('',(0.103572675659855,3.35332959631707,0.00190011154270845));
#7817=CARTESIAN_POINT('',(0.0905869563184886,3.10366708192377,0.00190011154270845));
#7818=CARTESIAN_POINT('',(0.103572675659855,3.35332959631707,0.00190011154270845));
#7819=CARTESIAN_POINT('Origin',(-0.064781841527583,2.36993652057589,0.00190011154270845));
#7820=CARTESIAN_POINT('',(0.187381464513259,2.96903055917631,0.00190011154270845));
#7821=CARTESIAN_POINT('',(0.187381464513259,2.96903055917631,0.00190011154270845));
#7822=CARTESIAN_POINT('Origin',(-0.064781841527583,2.36993652057589,0.00190011154270845));
#7823=CARTESIAN_POINT('Origin',(0.378582565516779,3.26382507670773,0.00190011154270845));
#7824=CARTESIAN_POINT('',(0.378582565516779,3.26382507670773,0.00190011154270845));
#7825=CARTESIAN_POINT('',(0.378582565516779,3.26382507670773,0.00190011154270845));
#7826=CARTESIAN_POINT('',(0.242543285008364,3.05407924442792,0.00190011154270845));
#7827=CARTESIAN_POINT('Origin',(0.429759896659896,3.23644310108387,0.00190011154270845));
#7828=CARTESIAN_POINT('',(0.429759896659896,3.23644310108387,0.00190011154270845));
#7829=CARTESIAN_POINT('',(0.429759896659896,3.23644310108387,0.00190011154270845));
#7830=CARTESIAN_POINT('',(0.378582565516779,3.26382507670773,0.00190011154270845));
#7831=CARTESIAN_POINT('Origin',(0.332167703063371,3.00627845621194,0.00190011154270845));
#7832=CARTESIAN_POINT('',(0.292570384046314,2.91289083437898,0.00190011154270845));
#7833=CARTESIAN_POINT('',(0.292570384046314,2.91289083437898,0.00190011154270845));
#7834=CARTESIAN_POINT('',(0.332167703063371,3.00627845621194,0.00190011154270845));
#7835=CARTESIAN_POINT('Origin',(-0.064781841527583,2.36993652057589,0.00190011154270845));
#7836=CARTESIAN_POINT('',(0.377076385339642,2.84665583773197,0.00190011154270845));
#7837=CARTESIAN_POINT('',(0.377076385339641,2.84665583773197,0.00190011154270845));
#7838=CARTESIAN_POINT('Origin',(-0.064781841527583,2.36993652057589,0.00190011154270845));
#7839=CARTESIAN_POINT('Origin',(0.657572312176511,3.05827744253514,0.00190011154270845));
#7840=CARTESIAN_POINT('',(0.657572312176511,3.05827744253514,0.00190011154270845));
#7841=CARTESIAN_POINT('',(0.657572312176511,3.05827744253514,0.00190011154270845));
#7842=CARTESIAN_POINT('',(0.457999904527424,2.90770900591861,0.00190011154270845));
#7843=CARTESIAN_POINT('Origin',(0.696298085375799,3.01504312396626,0.00190011154270845));
#7844=CARTESIAN_POINT('',(0.696298085375799,3.01504312396626,0.00190011154270845));
#7845=CARTESIAN_POINT('',(0.696298085375799,3.01504312396626,0.00190011154270845));
#7846=CARTESIAN_POINT('',(0.657572312176511,3.05827744253514,0.00190011154270845));
#7847=CARTESIAN_POINT('Origin',(0.525870476379239,2.83213760165565,0.00190011154270845));
#7848=CARTESIAN_POINT('',(0.456720720091851,2.757925023272,0.00190011154270845));
#7849=CARTESIAN_POINT('',(0.456720720091851,2.757925023272,0.00190011154270845));
#7850=CARTESIAN_POINT('',(0.525870476379239,2.83213760165565,0.00190011154270845));
#7851=CARTESIAN_POINT('Origin',(-0.064781841527583,2.36993652057589,0.00190011154270845));
#7852=CARTESIAN_POINT('',(0.513476682872929,2.6667817310108,0.00190011154270845));
#7853=CARTESIAN_POINT('',(0.513476682872928,2.6667817310108,0.00190011154270845));
#7854=CARTESIAN_POINT('Origin',(-0.064781841527583,2.36993652057589,0.00190011154270845));
#7855=CARTESIAN_POINT('Origin',(0.849435487087628,2.7697057343442,0.00190011154270845));
#7856=CARTESIAN_POINT('',(0.849435487087628,2.7697057343442,0.00190011154270845));
#7857=CARTESIAN_POINT('',(0.849435487087628,2.7697057343442,0.00190011154270845));
#7858=CARTESIAN_POINT('',(0.610401330035396,2.69647546900036,0.00190011154270845));
#7859=CARTESIAN_POINT('Origin',(0.871038802563712,2.7158337697203,0.00190011154270845));
#7860=CARTESIAN_POINT('',(0.871038802563712,2.7158337697203,0.00190011154270845));
#7861=CARTESIAN_POINT('',(0.871038802563712,2.7158337697203,0.00190011154270845));
#7862=CARTESIAN_POINT('',(0.849435487087628,2.7697057343442,0.00190011154270845));
#7863=CARTESIAN_POINT('Origin',(0.648331863055728,2.60224847535968,0.00190011154270845));
#7864=CARTESIAN_POINT('',(0.557970150647982,2.55616207263942,0.00190011154270845));
#7865=CARTESIAN_POINT('',(0.557970150647982,2.55616207263942,0.00190011154270845));
#7866=CARTESIAN_POINT('',(0.648331863055728,2.60224847535968,0.00190011154270845));
#7867=CARTESIAN_POINT('Origin',(-0.064781841527583,2.36993652057589,0.00190011154270845));
#7868=CARTESIAN_POINT('',(0.58013046817661,2.45110371094246,0.00190011154270845));
#7869=CARTESIAN_POINT('',(0.58013046817661,2.45110371094246,0.00190011154270845));
#7870=CARTESIAN_POINT('Origin',(-0.064781841527583,2.36993652057589,0.00190011154270845));
#7871=CARTESIAN_POINT('Origin',(0.931030559756962,2.43291595900757,0.00190011154270845));
#7872=CARTESIAN_POINT('',(0.931030559756962,2.43291595900757,0.00190011154270845));
#7873=CARTESIAN_POINT('',(0.931030559756962,2.43291595900757,0.00190011154270845));
#7874=CARTESIAN_POINT('',(0.681365700410524,2.44585651570051,0.00190011154270845));
#7875=CARTESIAN_POINT('Origin',(0.932905738832447,2.37490410232781,0.00190011154270845));
#7876=CARTESIAN_POINT('',(0.932905738832447,2.37490410232781,0.00190011154270845));
#7877=CARTESIAN_POINT('',(0.932905738832447,2.37490410232781,0.00190011154270845));
#7878=CARTESIAN_POINT('',(0.931030559756962,2.43291595900757,0.00190011154270845));
#7879=CARTESIAN_POINT('Origin',(0.684781212522075,2.34433909875749,0.00190011154270845));
#7880=CARTESIAN_POINT('',(0.584106500107188,2.33193757203154,0.00190011154270845));
#7881=CARTESIAN_POINT('',(0.584106500107188,2.33193757203154,0.00190011154270845));
#7882=CARTESIAN_POINT('',(0.684781212522075,2.34433909875749,0.00190011154270845));
#7883=CARTESIAN_POINT('Origin',(-0.064781841527583,2.36993652057589,0.00190011154270845));
#7884=CARTESIAN_POINT('',(0.568998311037959,2.22563572981577,0.00190011154270845));
#7885=CARTESIAN_POINT('',(0.568998311037959,2.22563572981577,0.00190011154270845));
#7886=CARTESIAN_POINT('Origin',(-0.064781841527583,2.36993652057589,0.00190011154270845));
#7887=CARTESIAN_POINT('Origin',(0.892515960205572,2.08852993391856,0.00190011154270845));
#7888=CARTESIAN_POINT('',(0.892515960205572,2.08852993391856,0.00190011154270845));
#7889=CARTESIAN_POINT('',(0.892515960205572,2.08852993391856,0.00190011154270845));
#7890=CARTESIAN_POINT('',(0.662333665263004,2.18608049052883,0.00190011154270845));
#7891=CARTESIAN_POINT('Origin',(0.874436828609257,2.03337527126234,0.00190011154270845));
#7892=CARTESIAN_POINT('',(0.874436828609257,2.03337527126234,0.00190011154270845));
#7893=CARTESIAN_POINT('',(0.874436828609257,2.03337527126234,0.00190011154270845));
#7894=CARTESIAN_POINT('',(0.892515960205572,2.08852993391856,0.00190011154270845));
#7895=CARTESIAN_POINT('Origin',(0.630822195297531,2.0895171490043,0.00190011154270845));
#7896=CARTESIAN_POINT('',(0.531977338993251,2.11229630542286,0.00190011154270845));
#7897=CARTESIAN_POINT('',(0.531977338993251,2.11229630542286,0.00190011154270845));
#7898=CARTESIAN_POINT('',(0.630822195297531,2.0895171490043,0.00190011154270845));
#7899=CARTESIAN_POINT('Origin',(-0.064781841527583,2.36993652057589,0.00190011154270845));
#7900=CARTESIAN_POINT('',(0.481422913901038,2.0175725537076,0.00190011154270845));
#7901=CARTESIAN_POINT('',(0.481422913901038,2.0175725537076,0.00190011154270845));
#7902=CARTESIAN_POINT('Origin',(-0.064781841527583,2.36993652057589,0.00190011154270845));
#7903=CARTESIAN_POINT('Origin',(0.738537117554307,1.77808569629933,0.00190011154270845));
#7904=CARTESIAN_POINT('',(0.738537117554307,1.77808569629933,0.00190011154270845));
#7905=CARTESIAN_POINT('',(0.738537117554307,1.77808569629933,0.00190011154270845));
#7906=CARTESIAN_POINT('',(0.555600768914553,1.94848021600684,0.00190011154270845));
#7907=CARTESIAN_POINT('Origin',(0.702684285376274,1.73244069397912,0.00190011154270845));
#7908=CARTESIAN_POINT('',(0.702684285376274,1.73244069397912,0.00190011154270845));
#7909=CARTESIAN_POINT('',(0.702684285376274,1.73244069397912,0.00190011154270845));
#7910=CARTESIAN_POINT('',(0.738537117554307,1.77808569629933,0.00190011154270845));
#7911=CARTESIAN_POINT('Origin',(0.492963065209657,1.86851791401181,0.00190011154270845));
#7912=CARTESIAN_POINT('',(0.407870213480994,1.92373025112625,0.00190011154270845));
#7913=CARTESIAN_POINT('',(0.407870213480994,1.92373025112625,0.00190011154270845));
#7914=CARTESIAN_POINT('',(0.492963065209657,1.86851791401181,0.00190011154270845));
#7915=CARTESIAN_POINT('Origin',(-0.064781841527583,2.36993652057589,0.00190011154270845));
#7916=CARTESIAN_POINT('',(0.327967162135769,1.85200967234205,0.00190011154270845));
#7917=CARTESIAN_POINT('',(0.327967162135769,1.85200967234205,0.00190011154270845));
#7918=CARTESIAN_POINT('Origin',(-0.064781841527583,2.36993652057589,0.00190011154270845));
#7919=CARTESIAN_POINT('Origin',(0.4876661527126,1.53902740287573,0.00190011154270845));
#7920=CARTESIAN_POINT('',(0.4876661527126,1.53902740287573,0.00190011154270845));
#7921=CARTESIAN_POINT('',(0.4876661527126,1.53902740287573,0.00190011154270845));
#7922=CARTESIAN_POINT('',(0.374040573874577,1.76171379184849,0.00190011154270845));
#7923=CARTESIAN_POINT('Origin',(0.438364000644968,1.50839752181984,0.00190011154270845));
#7924=CARTESIAN_POINT('',(0.438364000644968,1.50839752181984,0.00190011154270845));
#7925=CARTESIAN_POINT('',(0.438364000644968,1.50839752181984,0.00190011154270845));
#7926=CARTESIAN_POINT('',(0.4876661527126,1.53902740287573,0.00190011154270845));
#7927=CARTESIAN_POINT('Origin',(0.287831667931121,1.70799716312144,0.00190011154270845));
#7928=CARTESIAN_POINT('',(0.226754274533292,1.78898325822845,0.00190011154270845));
#7929=CARTESIAN_POINT('',(0.226754274533292,1.78898325822845,0.00190011154270845));
#7930=CARTESIAN_POINT('',(0.287831667931121,1.70799716312144,0.00190011154270845));
#7931=CARTESIAN_POINT('Origin',(-0.064781841527583,2.36993652057589,0.00190011154270845));
#7932=CARTESIAN_POINT('',(0.127140084170735,1.74891641265969,0.00190011154270845));
#7933=CARTESIAN_POINT('',(0.127140084170735,1.74891641265969,0.00190011154270845));
#7934=CARTESIAN_POINT('Origin',(-0.064781841527583,2.36993652057589,0.00190011154270845));
#7935=CARTESIAN_POINT('Origin',(0.170161806501479,1.40018901195932,0.00190011154270845));
#7936=CARTESIAN_POINT('',(0.170161806501479,1.40018901195932,0.00190011154270845));
#7937=CARTESIAN_POINT('',(0.170161806501479,1.40018901195932,0.00190011154270845));
#7938=CARTESIAN_POINT('',(0.139551919207998,1.64830800518612,0.00190011154270845));
#7939=CARTESIAN_POINT('Origin',(0.113356901705875,1.38826866787198,0.00190011154270845));
#7940=CARTESIAN_POINT('',(0.113356901705875,1.38826866787198,0.00190011154270845));
#7941=CARTESIAN_POINT('',(0.113356901705875,1.38826866787198,0.00190011154270845));
#7942=CARTESIAN_POINT('',(0.170161806501479,1.40018901195932,0.00190011154270845));
#7943=CARTESIAN_POINT('Origin',(0.04016987739071,1.62731606792454,0.00190011154270845));
#7944=CARTESIAN_POINT('',(0.0104747773738174,1.72430780272675,0.00190011154270845));
#7945=CARTESIAN_POINT('',(0.0104747773738173,1.72430780272675,0.00190011154270845));
#7946=CARTESIAN_POINT('',(0.04016987739071,1.62731606792454,0.00190011154270845));
#7947=CARTESIAN_POINT('Origin',(-0.064781841527583,2.36993652057589,0.00190011154270845));
#7948=CARTESIAN_POINT('',(-0.0968356104994743,1.72072734327269,0.00190011154270845));
#7949=CARTESIAN_POINT('',(-0.0968356104994742,1.72072734327269,0.00190011154270845));
#7950=CARTESIAN_POINT('Origin',(-0.064781841527583,2.36993652057589,0.00190011154270845));
#7951=CARTESIAN_POINT('Origin',(-0.175680211060904,1.37831648253102,0.00190011154270845));
#7952=CARTESIAN_POINT('',(-0.175680211060904,1.37831648253102,0.00190011154270845));
#7953=CARTESIAN_POINT('',(-0.175680211060904,1.37831648253102,0.00190011154270845));
#7954=CARTESIAN_POINT('',(-0.119582402648426,1.62194126758237,0.00190011154270845));
#7955=CARTESIAN_POINT('Origin',(-0.233136358715022,1.38654344483471,0.00190011154270845));
#7956=CARTESIAN_POINT('',(-0.233136358715022,1.38654344483471,0.00190011154270845));
#7957=CARTESIAN_POINT('',(-0.233136358715022,1.38654344483471,0.00190011154270845));
#7958=CARTESIAN_POINT('',(-0.175680211060904,1.37831648253102,0.00190011154270845));
#7959=CARTESIAN_POINT('Origin',(-0.064781841527583,2.36993652057589,0.201900111542708));
#7960=CARTESIAN_POINT('',(0.095218158472417,2.36993652057589,0.00190011154270845));
#7961=CARTESIAN_POINT('',(0.095218158472417,2.36993652057589,0.201900111542708));
#7962=CARTESIAN_POINT('Origin',(-0.064781841527583,2.36993652057589,0.00190011154270845));
#7963=CARTESIAN_POINT('Origin',(-0.508146248571945,1.47604796444405,0.00190011154270845));
#7964=CARTESIAN_POINT('',(-0.508146248571945,1.47604796444405,0.00190011154270845));
#7965=CARTESIAN_POINT('',(-0.508146248571945,1.47604796444405,0.00190011154270845));
#7966=CARTESIAN_POINT('',(-0.316945147568425,1.77084248197548,0.00190011154270845));
#7967=CARTESIAN_POINT('',(-0.37210696806353,1.68579379672387,0.00190011154270845));
#7968=CARTESIAN_POINT('',(-0.316945147568425,1.77084248197548,0.00190011154270845));
#7969=CARTESIAN_POINT('Origin',(-0.559323579715062,1.50342994006792,0.00190011154270845));
#7970=CARTESIAN_POINT('',(-0.559323579715062,1.50342994006792,0.00190011154270845));
#7971=CARTESIAN_POINT('',(-0.559323579715062,1.50342994006792,0.00190011154270845));
#7972=CARTESIAN_POINT('',(-0.508146248571945,1.47604796444405,0.00190011154270845));
#7973=CARTESIAN_POINT('Origin',(-0.461731386118537,1.73359458493984,0.00190011154270845));
#7974=CARTESIAN_POINT('',(-0.42213406710148,1.8269822067728,0.00190011154270845));
#7975=CARTESIAN_POINT('',(-0.42213406710148,1.8269822067728,0.00190011154270845));
#7976=CARTESIAN_POINT('',(-0.461731386118537,1.73359458493984,0.00190011154270845));
#7977=CARTESIAN_POINT('Origin',(-0.064781841527583,2.36993652057589,0.00190011154270845));
#7978=CARTESIAN_POINT('',(-0.506640068394807,1.89321720341982,0.00190011154270845));
#7979=CARTESIAN_POINT('',(-0.506640068394807,1.89321720341982,0.00190011154270845));
#7980=CARTESIAN_POINT('Origin',(-0.064781841527583,2.36993652057589,0.00190011154270845));
#7981=CARTESIAN_POINT('Origin',(-0.787135995231676,1.68159559861665,0.00190011154270845));
#7982=CARTESIAN_POINT('',(-0.787135995231676,1.68159559861665,0.00190011154270845));
#7983=CARTESIAN_POINT('',(-0.787135995231676,1.68159559861665,0.00190011154270845));
#7984=CARTESIAN_POINT('',(-0.58756358758259,1.83216403523318,0.00190011154270845));
#7985=CARTESIAN_POINT('Origin',(-0.825861768430965,1.72482991718553,0.00190011154270845));
#7986=CARTESIAN_POINT('',(-0.825861768430965,1.72482991718553,0.00190011154270845));
#7987=CARTESIAN_POINT('',(-0.825861768430965,1.72482991718553,0.00190011154270845));
#7988=CARTESIAN_POINT('',(-0.787135995231676,1.68159559861665,0.00190011154270845));
#7989=CARTESIAN_POINT('Origin',(-0.655434159434404,1.90773543949613,0.00190011154270845));
#7990=CARTESIAN_POINT('',(-0.586284403147017,1.98194801787978,0.00190011154270845));
#7991=CARTESIAN_POINT('',(-0.586284403147017,1.98194801787978,0.00190011154270845));
#7992=CARTESIAN_POINT('',(-0.655434159434404,1.90773543949613,0.00190011154270845));
#7993=CARTESIAN_POINT('Origin',(-0.064781841527583,2.36993652057589,0.00190011154270845));
#7994=CARTESIAN_POINT('',(-0.643040365928095,2.07309131014099,0.00190011154270845));
#7995=CARTESIAN_POINT('',(-0.643040365928095,2.07309131014099,0.00190011154270845));
#7996=CARTESIAN_POINT('Origin',(-0.064781841527583,2.36993652057589,0.00190011154270845));
#7997=CARTESIAN_POINT('Origin',(-0.978999170142794,1.97016730680759,0.00190011154270845));
#7998=CARTESIAN_POINT('',(-0.978999170142794,1.97016730680759,0.00190011154270845));
#7999=CARTESIAN_POINT('',(-0.978999170142794,1.97016730680759,0.00190011154270845));
#8000=CARTESIAN_POINT('',(-0.739965013090561,2.04339757215142,0.00190011154270845));
#8001=CARTESIAN_POINT('Origin',(-1.00060248561888,2.02403927143149,0.00190011154270845));
#8002=CARTESIAN_POINT('',(-1.00060248561888,2.02403927143149,0.00190011154270845));
#8003=CARTESIAN_POINT('',(-1.00060248561888,2.02403927143149,0.00190011154270845));
#8004=CARTESIAN_POINT('',(-0.978999170142794,1.97016730680759,0.00190011154270845));
#8005=CARTESIAN_POINT('Origin',(-0.777895546110894,2.1376245657921,0.00190011154270845));
#8006=CARTESIAN_POINT('',(-0.687533833703149,2.18371096851237,0.00190011154270845));
#8007=CARTESIAN_POINT('',(-0.687533833703149,2.18371096851237,0.00190011154270845));
#8008=CARTESIAN_POINT('',(-0.777895546110894,2.1376245657921,0.00190011154270845));
#8009=CARTESIAN_POINT('Origin',(-0.064781841527583,2.36993652057589,0.00190011154270845));
#8010=CARTESIAN_POINT('',(-0.709694151231776,2.28876933020933,0.00190011154270845));
#8011=CARTESIAN_POINT('',(-0.709694151231776,2.28876933020933,0.00190011154270845));
#8012=CARTESIAN_POINT('Origin',(-0.064781841527583,2.36993652057589,0.00190011154270845));
#8013=CARTESIAN_POINT('Origin',(-1.06059424281213,2.30695708214422,0.00190011154270845));
#8014=CARTESIAN_POINT('',(-1.06059424281213,2.30695708214422,0.00190011154270845));
#8015=CARTESIAN_POINT('',(-1.06059424281213,2.30695708214422,0.00190011154270845));
#8016=CARTESIAN_POINT('',(-0.81092938346569,2.29401652545128,0.00190011154270845));
#8017=CARTESIAN_POINT('Origin',(-1.06246942188761,2.36496893882398,0.00190011154270845));
#8018=CARTESIAN_POINT('',(-1.06246942188761,2.36496893882398,0.00190011154270845));
#8019=CARTESIAN_POINT('',(-1.06246942188761,2.36496893882398,0.00190011154270845));
#8020=CARTESIAN_POINT('',(-1.06059424281213,2.30695708214422,0.00190011154270845));
#8021=CARTESIAN_POINT('Origin',(-0.814344895577241,2.3955339423943,0.00190011154270845));
#8022=CARTESIAN_POINT('',(-0.713670183162354,2.40793546912025,0.00190011154270845));
#8023=CARTESIAN_POINT('',(-0.713670183162354,2.40793546912025,0.00190011154270845));
#8024=CARTESIAN_POINT('',(-0.814344895577241,2.3955339423943,0.00190011154270845));
#8025=CARTESIAN_POINT('Origin',(-0.064781841527583,2.36993652057589,0.00190011154270845));
#8026=CARTESIAN_POINT('',(-0.698561994093125,2.51423731133602,0.00190011154270845));
#8027=CARTESIAN_POINT('',(-0.698561994093125,2.51423731133602,0.00190011154270845));
#8028=CARTESIAN_POINT('Origin',(-0.064781841527583,2.36993652057589,0.00190011154270845));
#8029=CARTESIAN_POINT('Origin',(-1.02207964326074,2.65134310723322,0.00190011154270845));
#8030=CARTESIAN_POINT('',(-1.02207964326074,2.65134310723322,0.00190011154270845));
#8031=CARTESIAN_POINT('',(-1.02207964326074,2.65134310723322,0.00190011154270845));
#8032=CARTESIAN_POINT('',(-0.79189734831817,2.55379255062296,0.00190011154270845));
#8033=CARTESIAN_POINT('Origin',(-1.00400051166442,2.70649776988944,0.00190011154270845));
#8034=CARTESIAN_POINT('',(-1.00400051166442,2.70649776988944,0.00190011154270845));
#8035=CARTESIAN_POINT('',(-1.00400051166442,2.70649776988944,0.00190011154270845));
#8036=CARTESIAN_POINT('',(-1.02207964326074,2.65134310723322,0.00190011154270845));
#8037=CARTESIAN_POINT('Origin',(-0.760385878352697,2.65035589214748,0.00190011154270845));
#8038=CARTESIAN_POINT('',(-0.661541022048417,2.62757673572893,0.00190011154270845));
#8039=CARTESIAN_POINT('',(-0.661541022048417,2.62757673572893,0.00190011154270845));
#8040=CARTESIAN_POINT('',(-0.760385878352697,2.65035589214748,0.00190011154270845));
#8041=CARTESIAN_POINT('Origin',(-0.064781841527583,2.36993652057589,0.00190011154270845));
#8042=CARTESIAN_POINT('',(-0.610986596956204,2.72230048744419,0.00190011154270845));
#8043=CARTESIAN_POINT('',(-0.610986596956204,2.72230048744419,0.00190011154270845));
#8044=CARTESIAN_POINT('Origin',(-0.064781841527583,2.36993652057589,0.00190011154270845));
#8045=CARTESIAN_POINT('Origin',(-0.868100800609473,2.96178734485246,0.00190011154270845));
#8046=CARTESIAN_POINT('',(-0.868100800609473,2.96178734485246,0.00190011154270845));
#8047=CARTESIAN_POINT('',(-0.868100800609473,2.96178734485246,0.00190011154270845));
#8048=CARTESIAN_POINT('',(-0.685164451969719,2.79139282514494,0.00190011154270845));
#8049=CARTESIAN_POINT('Origin',(-0.83224796843144,3.00743234717267,0.00190011154270845));
#8050=CARTESIAN_POINT('',(-0.83224796843144,3.00743234717267,0.00190011154270845));
#8051=CARTESIAN_POINT('',(-0.83224796843144,3.00743234717267,0.00190011154270845));
#8052=CARTESIAN_POINT('',(-0.868100800609473,2.96178734485246,0.00190011154270845));
#8053=CARTESIAN_POINT('Origin',(-0.622526748264823,2.87135512713998,0.00190011154270845));
#8054=CARTESIAN_POINT('',(-0.537433896536159,2.81614279002554,0.00190011154270845));
#8055=CARTESIAN_POINT('',(-0.537433896536159,2.81614279002554,0.00190011154270845));
#8056=CARTESIAN_POINT('',(-0.622526748264823,2.87135512713998,0.00190011154270845));
#8057=CARTESIAN_POINT('Origin',(-0.064781841527583,2.36993652057589,0.00190011154270845));
#8058=CARTESIAN_POINT('',(-0.457530845190934,2.88786336880974,0.00190011154270845));
#8059=CARTESIAN_POINT('',(-0.457530845190934,2.88786336880974,0.00190011154270845));
#8060=CARTESIAN_POINT('Origin',(-0.064781841527583,2.36993652057589,0.00190011154270845));
#8061=CARTESIAN_POINT('Origin',(-0.617229835767766,3.20084563827605,0.00190011154270845));
#8062=CARTESIAN_POINT('',(-0.617229835767766,3.20084563827605,0.00190011154270845));
#8063=CARTESIAN_POINT('',(-0.617229835767766,3.20084563827605,0.00190011154270845));
#8064=CARTESIAN_POINT('',(-0.503604256929743,2.9781592493033,0.00190011154270845));
#8065=CARTESIAN_POINT('Origin',(-0.567927683700134,3.23147551933195,0.00190011154270845));
#8066=CARTESIAN_POINT('',(-0.567927683700134,3.23147551933195,0.00190011154270845));
#8067=CARTESIAN_POINT('',(-0.567927683700134,3.23147551933195,0.00190011154270845));
#8068=CARTESIAN_POINT('',(-0.617229835767766,3.20084563827605,0.00190011154270845));
#8069=CARTESIAN_POINT('Origin',(-0.417395350986287,3.03187587803035,0.00190011154270845));
#8070=CARTESIAN_POINT('',(-0.356317957588457,2.95088978292334,0.00190011154270845));
#8071=CARTESIAN_POINT('',(-0.356317957588457,2.95088978292334,0.00190011154270845));
#8072=CARTESIAN_POINT('',(-0.417395350986287,3.03187587803035,0.00190011154270845));
#8073=CARTESIAN_POINT('Origin',(-0.064781841527583,2.36993652057589,0.00190011154270845));
#8074=CARTESIAN_POINT('',(-0.2567037672259,2.99095662849209,0.00190011154270845));
#8075=CARTESIAN_POINT('',(-0.2567037672259,2.99095662849209,0.00190011154270845));
#8076=CARTESIAN_POINT('Origin',(-0.064781841527583,2.36993652057589,0.00190011154270845));
#8077=CARTESIAN_POINT('Origin',(-0.299725489556645,3.33968402919247,0.00190011154270845));
#8078=CARTESIAN_POINT('',(-0.299725489556645,3.33968402919247,0.00190011154270845));
#8079=CARTESIAN_POINT('',(-0.299725489556645,3.33968402919247,0.00190011154270845));
#8080=CARTESIAN_POINT('',(-0.269115602263163,3.09156503596567,0.00190011154270845));
#8081=CARTESIAN_POINT('Origin',(-0.242920584761041,3.35160437327981,0.00190011154270845));
#8082=CARTESIAN_POINT('',(-0.242920584761041,3.35160437327981,0.00190011154270845));
#8083=CARTESIAN_POINT('',(-0.242920584761041,3.35160437327981,0.00190011154270845));
#8084=CARTESIAN_POINT('',(-0.299725489556645,3.33968402919247,0.00190011154270845));
#8085=CARTESIAN_POINT('Origin',(-0.169733560445875,3.11255697322724,0.00190011154270845));
#8086=CARTESIAN_POINT('',(-0.140038460428982,3.01556523842504,0.00190011154270845));
#8087=CARTESIAN_POINT('',(-0.140038460428982,3.01556523842504,0.00190011154270845));
#8088=CARTESIAN_POINT('',(-0.169733560445875,3.11255697322724,0.00190011154270845));
#8089=CARTESIAN_POINT('Origin',(-0.064781841527583,2.36993652057589,0.00190011154270845));
#8090=CARTESIAN_POINT('',(-0.0327280725556921,3.01914569787909,0.00190011154270845));
#8091=CARTESIAN_POINT('',(-0.032728072555692,3.01914569787909,0.00190011154270845));
#8092=CARTESIAN_POINT('Origin',(-0.064781841527583,2.36993652057589,0.00190011154270845));
#8093=CARTESIAN_POINT('Origin',(0.0461165280057375,3.36155655862076,0.00190011154270845));
#8094=CARTESIAN_POINT('',(0.0461165280057375,3.36155655862076,0.00190011154270845));
#8095=CARTESIAN_POINT('',(0.0461165280057375,3.36155655862076,0.00190011154270845));
#8096=CARTESIAN_POINT('',(-0.00998128040674011,3.11793177356941,0.00190011154270845));
#8097=CARTESIAN_POINT('Origin',(0.103572675659855,3.35332959631707,0.00190011154270845));
#8098=CARTESIAN_POINT('',(0.0461165280057375,3.36155655862076,0.00190011154270845));
#8099=CARTESIAN_POINT('Origin',(-0.220150639373655,1.63620595922802,0.00190011154270845));
#8100=CARTESIAN_POINT('',(-0.214881778694572,1.73750469906272,0.00190011154270845));
#8101=CARTESIAN_POINT('',(-0.214881778694572,1.73750469906272,0.00190011154270845));
#8102=CARTESIAN_POINT('',(-0.220150639373655,1.63620595922802,0.00190011154270845));
#8103=CARTESIAN_POINT('Origin',(-0.064781841527583,2.36993652057589,0.00190011154270845));
#8104=CARTESIAN_POINT('Origin',(-0.064781841527583,2.36993652057589,0.00190011154270845));
#8105=CARTESIAN_POINT('Origin',(-0.064781841527583,2.36993652057589,0.00190011154270845));
#8106=CARTESIAN_POINT('Origin',(1.50001070905247,1.5000000957429,-4.37095678986282E-17));
#8107=CARTESIAN_POINT('',(1.45001070905247,1.5000000957429,-4.37095678986282E-17));
#8108=CARTESIAN_POINT('Origin',(1.50001070905247,1.5000000957429,-4.37095678986282E-17));
#8109=CARTESIAN_POINT('',(1.45001070905247,1.5000000957429,0.05));
#8110=CARTESIAN_POINT('',(1.45001070905247,1.5000000957429,-4.37095678986282E-17));
#8111=CARTESIAN_POINT('Origin',(1.50001070905247,1.5000000957429,0.05));
#8112=CARTESIAN_POINT('Origin',(1.50001070905247,1.50000009574289,0.05));
#8113=CARTESIAN_POINT('',(1.95795418535525,1.30841636742571,0.0499999999999999));
#8114=CARTESIAN_POINT('',(1.89481343519094,1.19896685013224,0.0499999999999999));
#8115=CARTESIAN_POINT('Origin',(1.87569171660777,1.28293556435391,0.0499999999999999));
#8116=CARTESIAN_POINT('',(1.72982550623544,1.49993429397168,0.05));
#8117=CARTESIAN_POINT('',(1.57501069392387,1.62990397584996,0.05));
#8118=CARTESIAN_POINT('',(1.95811451020421,1.69139266325683,0.0499999999999999));
#8119=CARTESIAN_POINT('',(1.57501061859507,1.37009621411067,0.05));
#8120=CARTESIAN_POINT('',(1.89489882287828,1.80079891555987,0.0499999999999999));
#8121=CARTESIAN_POINT('Origin',(1.87583461127355,1.71681712631063,0.0499999999999999));
#8122=CARTESIAN_POINT('',(1.61497509364943,1.69899264738331,0.05));
#8123=CARTESIAN_POINT('',(1.42501064126528,1.62990392797851,0.05));
#8124=CARTESIAN_POINT('',(1.56331178406574,1.99242590886749,0.05));
#8125=CARTESIAN_POINT('',(1.65001072536748,1.49999998187221,0.05));
#8126=CARTESIAN_POINT('',(1.43695534657549,1.99238264387706,0.05));
#8127=CARTESIAN_POINT('Origin',(1.50015360371824,1.93388165769962,0.05));
#8128=CARTESIAN_POINT('',(1.38516029646646,1.69905844915452,0.05));
#8129=CARTESIAN_POINT('',(1.35001065639387,1.50000004787145,0.05));
#8130=CARTESIAN_POINT('',(1.105207982914,1.80103334135355,0.05));
#8131=CARTESIAN_POINT('',(1.57501081582488,1.62990386350443,0.05));
#8132=CARTESIAN_POINT('',(1.04206723274968,1.69158382406008,0.05));
#8133=CARTESIAN_POINT('Origin',(1.12432970149716,1.71706462713188,0.05));
#8134=CARTESIAN_POINT('',(1.2701959118695,1.5000658975141,0.05));
#8135=CARTESIAN_POINT('',(1.42501072418106,1.37009621563583,0.05));
#8136=CARTESIAN_POINT('',(1.04190690790072,1.30860752822896,0.05));
#8137=CARTESIAN_POINT('',(1.42501079950987,1.62990397737512,0.05));
#8138=CARTESIAN_POINT('',(1.10512259522666,1.19920127592592,0.05));
#8139=CARTESIAN_POINT('Origin',(1.12418680683139,1.28318306517516,0.05));
#8140=CARTESIAN_POINT('',(1.3850463244555,1.30100754410248,0.05));
#8141=CARTESIAN_POINT('',(1.57501077683965,1.37009626350727,0.05));
#8142=CARTESIAN_POINT('',(1.43670963403919,1.0075742826183,0.05));
#8143=CARTESIAN_POINT('',(1.35001069273746,1.50000020961358,0.05));
#8144=CARTESIAN_POINT('',(1.56306607152944,1.00761754760873,0.05));
#8145=CARTESIAN_POINT('Origin',(1.49986781438669,1.06611853378617,0.05));
#8146=CARTESIAN_POINT('',(1.61486112163847,1.30094174233127,0.05));
#8147=CARTESIAN_POINT('',(1.65001076171106,1.50000014361434,0.05));
#8148=CARTESIAN_POINT('',(1.42501060228006,1.37009632798136,0.05));
#8149=CARTESIAN_POINT('Origin',(1.72982550623544,1.49993429397168,0.2));
#8150=CARTESIAN_POINT('',(1.72982550623544,1.49993429397168,0.2));
#8151=CARTESIAN_POINT('',(1.95795418535525,1.30841636742571,0.2));
#8152=CARTESIAN_POINT('',(1.66867342132952,1.55127251479657,0.2));
#8153=CARTESIAN_POINT('',(1.72982550623544,1.49993429397168,0.2));
#8154=CARTESIAN_POINT('',(1.95795418535525,1.30841636742571,0.2));
#8155=CARTESIAN_POINT('Origin',(1.95811451020421,1.69139266325683,0.2));
#8156=CARTESIAN_POINT('',(1.95811451020421,1.69139266325683,0.2));
#8157=CARTESIAN_POINT('',(1.77025815129187,1.53384380408304,0.2));
#8158=CARTESIAN_POINT('',(1.95811451020421,1.69139266325683,0.2));
#8159=CARTESIAN_POINT('Origin',(1.87583461127355,1.71681712631063,0.2));
#8160=CARTESIAN_POINT('',(1.89489882287828,1.80079891555987,0.2));
#8161=CARTESIAN_POINT('Origin',(1.87583461127355,1.71681712631063,0.2));
#8162=CARTESIAN_POINT('',(1.89489882287828,1.80079891555987,0.2));
#8163=CARTESIAN_POINT('Origin',(1.61497509364943,1.69899264738331,0.2));
#8164=CARTESIAN_POINT('',(1.61497509364943,1.69899264738331,0.2));
#8165=CARTESIAN_POINT('',(1.52815814882082,1.66741794240263,0.2));
#8166=CARTESIAN_POINT('',(1.61497509364943,1.69899264738331,0.2));
#8167=CARTESIAN_POINT('Origin',(1.56331178406574,1.99242590886749,0.2));
#8168=CARTESIAN_POINT('',(1.56331178406574,1.99242590886749,0.2));
#8169=CARTESIAN_POINT('',(1.60657991645819,1.74667492410568,0.2));
#8170=CARTESIAN_POINT('',(1.56331178406574,1.99242590886749,0.2));
#8171=CARTESIAN_POINT('Origin',(1.50015360371824,1.93388165769962,0.2));
#8172=CARTESIAN_POINT('',(1.43695534657549,1.99238264387706,0.2));
#8173=CARTESIAN_POINT('Origin',(1.50015360371824,1.93388165769962,0.2));
#8174=CARTESIAN_POINT('',(1.43695534657549,1.99238264387706,0.2));
#8175=CARTESIAN_POINT('Origin',(1.38516029646646,1.69905844915452,0.2));
#8176=CARTESIAN_POINT('',(1.38516029646646,1.69905844915452,0.2));
#8177=CARTESIAN_POINT('',(1.36767348025275,1.60002762915623,0.2));
#8178=CARTESIAN_POINT('',(1.38516029646646,1.69905844915452,0.2));
#8179=CARTESIAN_POINT('Origin',(1.105207982914,1.80103334135355,0.2));
#8180=CARTESIAN_POINT('',(1.105207982914,1.80103334135355,0.2));
#8181=CARTESIAN_POINT('',(1.33198109105086,1.71842940440997,0.2));
#8182=CARTESIAN_POINT('',(1.105207982914,1.80103334135355,0.2));
#8183=CARTESIAN_POINT('Origin',(1.12432970149716,1.71706462713188,0.2));
#8184=CARTESIAN_POINT('',(1.04206723274968,1.69158382406008,0.2));
#8185=CARTESIAN_POINT('Origin',(1.12432970149716,1.71706462713188,0.2));
#8186=CARTESIAN_POINT('',(1.04206723274968,1.69158382406008,0.2));
#8187=CARTESIAN_POINT('Origin',(1.2701959118695,1.5000658975141,0.2));
#8188=CARTESIAN_POINT('',(1.2701959118695,1.5000658975141,0.2));
#8189=CARTESIAN_POINT('',(1.34388165422481,1.43820545696652,0.2));
#8190=CARTESIAN_POINT('',(1.2701959118695,1.5000658975141,0.2));
#8191=CARTESIAN_POINT('Origin',(1.04190690790072,1.30860752822896,0.2));
#8192=CARTESIAN_POINT('',(1.04190690790072,1.30860752822896,0.2));
#8193=CARTESIAN_POINT('',(1.21722553141633,1.45564140712838,0.2));
#8194=CARTESIAN_POINT('',(1.04190690790072,1.30860752822896,0.2));
#8195=CARTESIAN_POINT('Origin',(1.12418680683139,1.28318306517516,0.2));
#8196=CARTESIAN_POINT('',(1.10512259522666,1.19920127592592,0.2));
#8197=CARTESIAN_POINT('Origin',(1.12418680683139,1.28318306517516,0.2));
#8198=CARTESIAN_POINT('',(1.10512259522666,1.19920127592592,0.2));
#8199=CARTESIAN_POINT('Origin',(1.3850463244555,1.30100754410248,0.2));
#8200=CARTESIAN_POINT('',(1.3850463244555,1.30100754410248,0.2));
#8201=CARTESIAN_POINT('',(1.46368120968046,1.32960649223488,0.2));
#8202=CARTESIAN_POINT('',(1.3850463244555,1.30100754410248,0.2));
#8203=CARTESIAN_POINT('Origin',(1.43670963403919,1.0075742826183,0.2));
#8204=CARTESIAN_POINT('',(1.43670963403919,1.0075742826183,0.2));
#8205=CARTESIAN_POINT('',(1.39778886891999,1.22863342769467,0.2));
#8206=CARTESIAN_POINT('',(1.43670963403919,1.0075742826183,0.2));
#8207=CARTESIAN_POINT('Origin',(1.49986781438669,1.06611853378617,0.2));
#8208=CARTESIAN_POINT('',(1.56306607152944,1.00761754760873,0.2));
#8209=CARTESIAN_POINT('Origin',(1.49986781438669,1.06611853378617,0.2));
#8210=CARTESIAN_POINT('',(1.56306607152944,1.00761754760873,0.2));
#8211=CARTESIAN_POINT('Origin',(1.61486112163847,1.30094174233127,0.2));
#8212=CARTESIAN_POINT('',(1.61486112163847,1.30094174233127,0.2));
#8213=CARTESIAN_POINT('',(1.62798830821709,1.37528323681853,0.2));
#8214=CARTESIAN_POINT('',(1.61486112163847,1.30094174233127,0.2));
#8215=CARTESIAN_POINT('Origin',(1.89481343519094,1.19896685013224,0.2));
#8216=CARTESIAN_POINT('',(1.89481343519094,1.19896685013224,0.2));
#8217=CARTESIAN_POINT('',(1.6762226633882,1.27859030495362,0.2));
#8218=CARTESIAN_POINT('',(1.89481343519094,1.19896685013224,0.2));
#8219=CARTESIAN_POINT('Origin',(1.87569171660777,1.28293556435391,0.2));
#8220=CARTESIAN_POINT('Origin',(1.87569171660777,1.28293556435391,0.2));
#8221=CARTESIAN_POINT('Origin',(0.522381741660621,1.30023172462633,0.));
#8222=CARTESIAN_POINT('',(0.771428145887071,1.32204659436868,-4.37095678986282E-17));
#8223=CARTESIAN_POINT('',(0.522381741660621,1.30023172462633,0.));
#8224=CARTESIAN_POINT('',(0.771428145887071,1.32204659436868,-4.37095678986282E-17));
#8225=CARTESIAN_POINT('',(0.771428145887071,1.32204659436868,0.2));
#8226=CARTESIAN_POINT('',(0.771428145887071,1.32204659436868,-4.37095678986282E-17));
#8227=CARTESIAN_POINT('',(0.522381741660621,1.30023172462633,0.2));
#8228=CARTESIAN_POINT('',(0.771428145887071,1.32204659436868,0.2));
#8229=CARTESIAN_POINT('',(0.522381741660621,1.30023172462633,0.));
#8230=CARTESIAN_POINT('Origin',(0.513004466554112,1.35339215703579,0.));
#8231=CARTESIAN_POINT('',(0.513004466554112,1.35339215703579,0.));
#8232=CARTESIAN_POINT('',(0.522381741660621,1.30023172462633,0.));
#8233=CARTESIAN_POINT('',(0.513004466554112,1.35339215703579,0.2));
#8234=CARTESIAN_POINT('',(0.522381741660621,1.30023172462633,0.2));
#8235=CARTESIAN_POINT('',(0.513004466554112,1.35339215703579,0.));
#8236=CARTESIAN_POINT('Origin',(0.754503368767348,1.41803177514885,-4.37095678986282E-17));
#8237=CARTESIAN_POINT('',(0.754503368767348,1.41803177514885,-4.37095678986282E-17));
#8238=CARTESIAN_POINT('',(0.754503368767348,1.41803177514885,-4.37095678986282E-17));
#8239=CARTESIAN_POINT('',(0.754503368767348,1.41803177514885,0.2));
#8240=CARTESIAN_POINT('',(0.754503368767348,1.41803177514885,0.2));
#8241=CARTESIAN_POINT('',(0.754503368767348,1.41803177514885,-4.37095678986282E-17));
#8242=CARTESIAN_POINT('Origin',(1.50001070905247,1.50000009574289,-4.37095678986282E-17));
#8243=CARTESIAN_POINT('',(0.827497779402553,1.83200364911799,-4.37095678986282E-17));
#8244=CARTESIAN_POINT('Origin',(1.50001070905247,1.50000009574289,-4.37095678986282E-17));
#8245=CARTESIAN_POINT('',(0.827497779402553,1.83200364911799,0.2));
#8246=CARTESIAN_POINT('Origin',(1.50001070905247,1.50000009574289,0.2));
#8247=CARTESIAN_POINT('',(0.827497779402553,1.83200364911799,-4.37095678986282E-17));
#8248=CARTESIAN_POINT('Origin',(0.622694837388809,1.97537643224824,0.));
#8249=CARTESIAN_POINT('',(0.622694837388809,1.97537643224824,0.));
#8250=CARTESIAN_POINT('',(0.827497779402553,1.83200364911799,-4.37095678986282E-17));
#8251=CARTESIAN_POINT('',(0.622694837388809,1.97537643224824,0.2));
#8252=CARTESIAN_POINT('',(0.827497779402553,1.83200364911799,0.2));
#8253=CARTESIAN_POINT('',(0.622694837388809,1.97537643224824,0.));
#8254=CARTESIAN_POINT('Origin',(0.64968229518025,2.0221272823404,0.));
#8255=CARTESIAN_POINT('',(0.64968229518025,2.0221272823404,0.));
#8256=CARTESIAN_POINT('',(0.622694837388809,1.97537643224824,0.));
#8257=CARTESIAN_POINT('',(0.64968229518025,2.0221272823404,0.2));
#8258=CARTESIAN_POINT('',(0.622694837388809,1.97537643224824,0.2));
#8259=CARTESIAN_POINT('',(0.64968229518025,2.0221272823404,0.));
#8260=CARTESIAN_POINT('Origin',(0.876230732857976,1.91641160050567,-4.37095678986282E-17));
#8261=CARTESIAN_POINT('',(0.876230732857976,1.91641160050567,-4.37095678986282E-17));
#8262=CARTESIAN_POINT('',(0.876230732857976,1.91641160050567,-4.37095678986282E-17));
#8263=CARTESIAN_POINT('',(0.876230732857976,1.91641160050567,0.2));
#8264=CARTESIAN_POINT('',(0.876230732857976,1.91641160050567,0.2));
#8265=CARTESIAN_POINT('',(0.876230732857976,1.91641160050567,-4.37095678986282E-17));
#8266=CARTESIAN_POINT('Origin',(1.50001070905247,1.50000009574289,-4.37095678986282E-17));
#8267=CARTESIAN_POINT('',(1.1982436868499,2.1866125514346,0.));
#8268=CARTESIAN_POINT('Origin',(1.50001070905247,1.50000009574289,-4.37095678986282E-17));
#8269=CARTESIAN_POINT('',(1.1982436868499,2.1866125514346,0.2));
#8270=CARTESIAN_POINT('Origin',(1.50001070905247,1.50000009574289,0.2));
#8271=CARTESIAN_POINT('',(1.1982436868499,2.1866125514346,0.));
#8272=CARTESIAN_POINT('Origin',(1.13351377974826,2.42808726879982,0.));
#8273=CARTESIAN_POINT('',(1.13351377974826,2.42808726879982,0.));
#8274=CARTESIAN_POINT('',(1.1982436868499,2.1866125514346,0.));
#8275=CARTESIAN_POINT('',(1.13351377974826,2.42808726879982,0.2));
#8276=CARTESIAN_POINT('',(1.1982436868499,2.1866125514346,0.2));
#8277=CARTESIAN_POINT('',(1.13351377974826,2.42808726879982,0.));
#8278=CARTESIAN_POINT('Origin',(1.18423823900485,2.44655329423873,0.));
#8279=CARTESIAN_POINT('',(1.18423823900485,2.44655329423873,0.));
#8280=CARTESIAN_POINT('',(1.13351377974826,2.42808726879982,0.));
#8281=CARTESIAN_POINT('',(1.18423823900485,2.44655329423873,0.2));
#8282=CARTESIAN_POINT('',(1.13351377974826,2.42808726879982,0.2));
#8283=CARTESIAN_POINT('',(1.18423823900485,2.44655329423873,0.));
#8284=CARTESIAN_POINT('Origin',(1.28983168035223,2.21994785488561,0.));
#8285=CARTESIAN_POINT('',(1.28983168035223,2.21994785488561,0.));
#8286=CARTESIAN_POINT('',(1.28983168035223,2.21994785488561,0.));
#8287=CARTESIAN_POINT('',(1.28983168035223,2.21994785488561,0.2));
#8288=CARTESIAN_POINT('',(1.28983168035223,2.21994785488561,0.2));
#8289=CARTESIAN_POINT('',(1.28983168035223,2.21994785488561,0.));
#8290=CARTESIAN_POINT('Origin',(1.50001070905247,1.50000009574289,-4.37095678986282E-17));
#8291=CARTESIAN_POINT('',(1.71018973775271,2.21994785488561,4.37095678986282E-17));
#8292=CARTESIAN_POINT('Origin',(1.50001070905247,1.50000009574289,-4.37095678986282E-17));
#8293=CARTESIAN_POINT('',(1.71018973775271,2.21994785488561,0.2));
#8294=CARTESIAN_POINT('Origin',(1.50001070905247,1.50000009574289,0.2));
#8295=CARTESIAN_POINT('',(1.71018973775271,2.21994785488561,4.37095678986282E-17));
#8296=CARTESIAN_POINT('Origin',(1.81582070848881,2.44653580253806,0.));
#8297=CARTESIAN_POINT('',(1.81582070848881,2.44653580253806,0.));
#8298=CARTESIAN_POINT('',(1.71018973775271,2.21994785488561,4.37095678986282E-17));
#8299=CARTESIAN_POINT('',(1.81582070848881,2.44653580253806,0.2));
#8300=CARTESIAN_POINT('',(1.71018973775271,2.21994785488561,0.2));
#8301=CARTESIAN_POINT('',(1.81582070848881,2.44653580253806,0.));
#8302=CARTESIAN_POINT('Origin',(1.86654763098482,2.42807654479384,0.));
#8303=CARTESIAN_POINT('',(1.86654763098482,2.42807654479384,0.));
#8304=CARTESIAN_POINT('',(1.81582070848881,2.44653580253806,0.));
#8305=CARTESIAN_POINT('',(1.86654763098482,2.42807654479384,0.2));
#8306=CARTESIAN_POINT('',(1.81582070848881,2.44653580253806,0.2));
#8307=CARTESIAN_POINT('',(1.86654763098482,2.42807654479384,0.));
#8308=CARTESIAN_POINT('Origin',(1.80177773125503,2.1866125514346,0.));
#8309=CARTESIAN_POINT('',(1.80177773125503,2.1866125514346,0.));
#8310=CARTESIAN_POINT('',(1.80177773125503,2.1866125514346,0.));
#8311=CARTESIAN_POINT('',(1.80177773125503,2.1866125514346,0.2));
#8312=CARTESIAN_POINT('',(1.80177773125503,2.1866125514346,0.2));
#8313=CARTESIAN_POINT('',(1.80177773125503,2.1866125514346,0.));
#8314=CARTESIAN_POINT('Origin',(1.50001070905247,1.50000009574289,-4.37095678986282E-17));
#8315=CARTESIAN_POINT('',(2.12379068524696,1.91641160050567,-4.37095678986282E-17));
#8316=CARTESIAN_POINT('Origin',(1.50001070905247,1.50000009574289,-4.37095678986282E-17));
#8317=CARTESIAN_POINT('',(2.12379068524696,1.91641160050567,0.2));
#8318=CARTESIAN_POINT('Origin',(1.50001070905247,1.50000009574289,0.2));
#8319=CARTESIAN_POINT('',(2.12379068524696,1.91641160050567,-4.37095678986282E-17));
#8320=CARTESIAN_POINT('Origin',(2.35035662865591,2.02208975949424,4.37095678986282E-17));
#8321=CARTESIAN_POINT('',(2.35035662865591,2.02208975949424,4.37095678986282E-17));
#8322=CARTESIAN_POINT('',(2.12379068524696,1.91641160050567,-4.37095678986282E-17));
#8323=CARTESIAN_POINT('',(2.35035662865591,2.02208975949424,0.2));
#8324=CARTESIAN_POINT('',(2.12379068524696,1.91641160050567,0.2));
#8325=CARTESIAN_POINT('',(2.35035662865591,2.02208975949424,4.37095678986282E-17));
#8326=CARTESIAN_POINT('Origin',(2.37735032358851,1.97534251041721,4.37095678986282E-17));
#8327=CARTESIAN_POINT('',(2.37735032358851,1.97534251041721,4.37095678986282E-17));
#8328=CARTESIAN_POINT('',(2.35035662865591,2.02208975949424,4.37095678986282E-17));
#8329=CARTESIAN_POINT('',(2.37735032358851,1.97534251041721,0.2));
#8330=CARTESIAN_POINT('',(2.35035662865591,2.02208975949424,0.2));
#8331=CARTESIAN_POINT('',(2.37735032358851,1.97534251041721,4.37095678986282E-17));
#8332=CARTESIAN_POINT('Origin',(2.17252363870238,1.83200364911799,-4.37095678986282E-17));
#8333=CARTESIAN_POINT('',(2.17252363870238,1.83200364911799,-4.37095678986282E-17));
#8334=CARTESIAN_POINT('',(2.17252363870238,1.83200364911799,-4.37095678986282E-17));
#8335=CARTESIAN_POINT('',(2.17252363870238,1.83200364911799,0.2));
#8336=CARTESIAN_POINT('',(2.17252363870238,1.83200364911799,0.2));
#8337=CARTESIAN_POINT('',(2.17252363870238,1.83200364911799,-4.37095678986282E-17));
#8338=CARTESIAN_POINT('Origin',(1.50001070905247,1.50000009574289,-4.37095678986282E-17));
#8339=CARTESIAN_POINT('',(2.24551804933758,1.41803177514885,-4.37095678986282E-17));
#8340=CARTESIAN_POINT('Origin',(1.50001070905247,1.50000009574289,-4.37095678986282E-17));
#8341=CARTESIAN_POINT('',(2.24551804933758,1.41803177514885,0.2));
#8342=CARTESIAN_POINT('Origin',(1.50001070905247,1.50000009574289,0.2));
#8343=CARTESIAN_POINT('',(2.24551804933758,1.41803177514885,-4.37095678986282E-17));
#8344=CARTESIAN_POINT('Origin',(2.48700624249835,1.35335216040087,0.));
#8345=CARTESIAN_POINT('',(2.48700624249835,1.35335216040087,0.));
#8346=CARTESIAN_POINT('',(2.24551804933758,1.41803177514885,-4.37095678986282E-17));
#8347=CARTESIAN_POINT('',(2.48700624249835,1.35335216040087,0.2));
#8348=CARTESIAN_POINT('',(2.24551804933758,1.41803177514885,0.2));
#8349=CARTESIAN_POINT('',(2.48700624249835,1.35335216040087,0.));
#8350=CARTESIAN_POINT('Origin',(2.47763606000708,1.30019047737197,0.));
#8351=CARTESIAN_POINT('',(2.47763606000708,1.30019047737197,0.));
#8352=CARTESIAN_POINT('',(2.48700624249835,1.35335216040087,0.));
#8353=CARTESIAN_POINT('',(2.47763606000708,1.30019047737197,0.2));
#8354=CARTESIAN_POINT('',(2.48700624249835,1.35335216040087,0.2));
#8355=CARTESIAN_POINT('',(2.47763606000708,1.30019047737197,0.));
#8356=CARTESIAN_POINT('Origin',(2.22859327221786,1.32204659436868,-4.37095678986282E-17));
#8357=CARTESIAN_POINT('',(2.22859327221786,1.32204659436868,-4.37095678986282E-17));
#8358=CARTESIAN_POINT('',(2.22859327221786,1.32204659436868,-4.37095678986282E-17));
#8359=CARTESIAN_POINT('',(2.22859327221786,1.32204659436868,0.2));
#8360=CARTESIAN_POINT('',(2.22859327221786,1.32204659436868,0.2));
#8361=CARTESIAN_POINT('',(2.22859327221786,1.32204659436868,-4.37095678986282E-17));
#8362=CARTESIAN_POINT('Origin',(1.50001070905247,1.50000009574289,-4.37095678986282E-17));
#8363=CARTESIAN_POINT('',(2.01841424351762,0.958005837974387,0.));
#8364=CARTESIAN_POINT('Origin',(1.50001070905247,1.50000009574289,-4.37095678986282E-17));
#8365=CARTESIAN_POINT('',(2.01841424351762,0.958005837974387,0.2));
#8366=CARTESIAN_POINT('Origin',(1.50001070905247,1.50000009574289,0.2));
#8367=CARTESIAN_POINT('',(2.01841424351762,0.958005837974387,0.));
#8368=CARTESIAN_POINT('Origin',(2.16182967700797,0.75323276006429,-4.37095678986282E-17));
#8369=CARTESIAN_POINT('',(2.16182967700797,0.75323276006429,-4.37095678986282E-17));
#8370=CARTESIAN_POINT('',(2.01841424351762,0.958005837974387,0.));
#8371=CARTESIAN_POINT('',(2.16182967700797,0.75323276006429,0.2));
#8372=CARTESIAN_POINT('',(2.01841424351762,0.958005837974387,0.2));
#8373=CARTESIAN_POINT('',(2.16182967700797,0.75323276006429,-4.37095678986282E-17));
#8374=CARTESIAN_POINT('Origin',(2.12048002961847,0.718531585399046,-4.37095678986282E-17));
#8375=CARTESIAN_POINT('',(2.12048002961847,0.718531585399046,-4.37095678986282E-17));
#8376=CARTESIAN_POINT('',(2.16182967700797,0.75323276006429,-4.37095678986282E-17));
#8377=CARTESIAN_POINT('',(2.12048002961847,0.718531585399046,0.2));
#8378=CARTESIAN_POINT('',(2.16182967700797,0.75323276006429,0.2));
#8379=CARTESIAN_POINT('',(2.12048002961847,0.718531585399046,-4.37095678986282E-17));
#8380=CARTESIAN_POINT('Origin',(1.94375102713502,0.895355960645234,0.));
#8381=CARTESIAN_POINT('',(1.94375102713502,0.895355960645234,0.));
#8382=CARTESIAN_POINT('',(1.94375102713502,0.895355960645234,0.));
#8383=CARTESIAN_POINT('',(1.94375102713502,0.895355960645234,0.2));
#8384=CARTESIAN_POINT('',(1.94375102713502,0.895355960645234,0.2));
#8385=CARTESIAN_POINT('',(1.94375102713502,0.895355960645234,0.));
#8386=CARTESIAN_POINT('Origin',(1.50001070905247,1.50000009574289,-4.37095678986282E-17));
#8387=CARTESIAN_POINT('',(1.54874366250789,0.751585037605024,-4.37095678986282E-17));
#8388=CARTESIAN_POINT('Origin',(1.50001070905247,1.50000009574289,-4.37095678986282E-17));
#8389=CARTESIAN_POINT('',(1.54874366250789,0.751585037605024,0.2));
#8390=CARTESIAN_POINT('Origin',(1.50001070905247,1.50000009574289,0.2));
#8391=CARTESIAN_POINT('',(1.54874366250789,0.751585037605024,-4.37095678986282E-17));
#8392=CARTESIAN_POINT('Origin',(1.52698066111268,0.502534095486203,-4.37095678986282E-17));
#8393=CARTESIAN_POINT('',(1.52698066111268,0.502534095486203,-4.37095678986282E-17));
#8394=CARTESIAN_POINT('',(1.54874366250789,0.751585037605024,-4.37095678986282E-17));
#8395=CARTESIAN_POINT('',(1.52698066111268,0.502534095486203,0.2));
#8396=CARTESIAN_POINT('',(1.54874366250789,0.751585037605024,0.2));
#8397=CARTESIAN_POINT('',(1.52698066111268,0.502534095486203,-4.37095678986282E-17));
#8398=CARTESIAN_POINT('Origin',(1.47299950838864,0.502530494471073,-4.37095678986282E-17));
#8399=CARTESIAN_POINT('',(1.47299950838864,0.502530494471073,-4.37095678986282E-17));
#8400=CARTESIAN_POINT('',(1.52698066111268,0.502534095486203,-4.37095678986282E-17));
#8401=CARTESIAN_POINT('',(1.47299950838864,0.502530494471073,0.2));
#8402=CARTESIAN_POINT('',(1.52698066111268,0.502534095486203,0.2));
#8403=CARTESIAN_POINT('',(1.47299950838864,0.502530494471073,-4.37095678986282E-17));
#8404=CARTESIAN_POINT('Origin',(1.45127775559704,0.751585037605024,-4.37095678986282E-17));
#8405=CARTESIAN_POINT('',(1.45127775559704,0.751585037605024,-4.37095678986282E-17));
#8406=CARTESIAN_POINT('',(1.45127775559704,0.751585037605024,-4.37095678986282E-17));
#8407=CARTESIAN_POINT('',(1.45127775559704,0.751585037605024,0.2));
#8408=CARTESIAN_POINT('',(1.45127775559704,0.751585037605024,0.2));
#8409=CARTESIAN_POINT('',(1.45127775559704,0.751585037605024,-4.37095678986282E-17));
#8410=CARTESIAN_POINT('Origin',(1.50001070905247,1.50000009574289,-4.37095678986282E-17));
#8411=CARTESIAN_POINT('',(1.05627039096991,0.895355960645236,0.));
#8412=CARTESIAN_POINT('Origin',(1.50001070905247,1.50000009574289,-4.37095678986282E-17));
#8413=CARTESIAN_POINT('',(1.05627039096991,0.895355960645236,0.2));
#8414=CARTESIAN_POINT('Origin',(1.50001070905247,1.50000009574289,0.2));
#8415=CARTESIAN_POINT('',(1.05627039096991,0.895355960645236,0.));
#8416=CARTESIAN_POINT('Origin',(0.879512104910789,0.718560858027995,-4.37095678986282E-17));
#8417=CARTESIAN_POINT('',(0.879512104910789,0.718560858027995,-4.37095678986282E-17));
#8418=CARTESIAN_POINT('',(1.05627039096991,0.895355960645236,0.));
#8419=CARTESIAN_POINT('',(0.879512104910789,0.718560858027995,0.2));
#8420=CARTESIAN_POINT('',(1.05627039096991,0.895355960645236,0.2));
#8421=CARTESIAN_POINT('',(0.879512104910789,0.718560858027995,-4.37095678986282E-17));
#8422=CARTESIAN_POINT('Origin',(0.838157828145469,0.753256515617979,-4.37095678986282E-17));
#8423=CARTESIAN_POINT('',(0.838157828145469,0.753256515617979,-4.37095678986282E-17));
#8424=CARTESIAN_POINT('',(0.879512104910789,0.718560858027995,-4.37095678986282E-17));
#8425=CARTESIAN_POINT('',(0.838157828145469,0.753256515617979,0.2));
#8426=CARTESIAN_POINT('',(0.879512104910789,0.718560858027995,0.2));
#8427=CARTESIAN_POINT('',(0.838157828145469,0.753256515617979,-4.37095678986282E-17));
#8428=CARTESIAN_POINT('Origin',(0.981607174587309,0.958005837974389,4.37095678986282E-17));
#8429=CARTESIAN_POINT('',(0.981607174587309,0.958005837974389,4.37095678986282E-17));
#8430=CARTESIAN_POINT('',(0.981607174587309,0.958005837974389,4.37095678986282E-17));
#8431=CARTESIAN_POINT('',(0.981607174587309,0.958005837974389,0.2));
#8432=CARTESIAN_POINT('',(0.981607174587309,0.958005837974389,0.2));
#8433=CARTESIAN_POINT('',(0.981607174587309,0.958005837974389,4.37095678986282E-17));
#8434=CARTESIAN_POINT('Origin',(1.50001070905247,1.50000009574289,-4.37095678986282E-17));
#8435=CARTESIAN_POINT('Origin',(1.50001070905247,1.50000009574289,-4.37095678986282E-17));
#8436=CARTESIAN_POINT('Origin',(1.50001070905247,1.50000009574289,0.2));
#8437=CARTESIAN_POINT('Origin',(1.50000535452623,1.4745418943549,0.2));
#8438=CARTESIAN_POINT('Origin',(1.50000535452623,1.4745418943549,-4.37095678986282E-17));
#8439=CARTESIAN_POINT('Origin',(2.63521815847242,2.86993652057589,0.401900111542708));
#8440=CARTESIAN_POINT('',(2.48511822130543,2.23750469906272,0.401900111542708));
#8441=CARTESIAN_POINT('',(2.38305485243158,2.27084248197548,0.401900111542708));
#8442=CARTESIAN_POINT('Origin',(2.63521815847242,2.86993652057589,0.401900111542708));
#8443=CARTESIAN_POINT('',(2.46686364128498,1.88654344483471,0.401900111542708));
#8444=CARTESIAN_POINT('',(2.49908927171974,2.50611111842697,0.401900111542708));
#8445=CARTESIAN_POINT('',(2.5243197889391,1.87831648253102,0.401900111542708));
#8446=CARTESIAN_POINT('',(2.48035973955495,1.88461098162151,0.401900111542708));
#8447=CARTESIAN_POINT('',(2.60316438950053,2.22072734327269,0.401900111542708));
#8448=CARTESIAN_POINT('',(2.63553004735926,2.36128678154702,0.401900111542708));
#8449=CARTESIAN_POINT('',(2.71047477737382,2.22430780272675,0.401900111542708));
#8450=CARTESIAN_POINT('Origin',(2.63521815847242,2.86993652057589,0.401900111542708));
#8451=CARTESIAN_POINT('',(2.81335690170588,1.88826866787198,0.401900111542708));
#8452=CARTESIAN_POINT('',(2.63173446430362,2.48149365356417,0.401900111542708));
#8453=CARTESIAN_POINT('',(2.87016180650148,1.90018901195932,0.401900111542708));
#8454=CARTESIAN_POINT('',(2.82670002700472,1.89106868391522,0.401900111542708));
#8455=CARTESIAN_POINT('',(2.82714008417074,2.24891641265969,0.401900111542708));
#8456=CARTESIAN_POINT('',(2.8094796948031,2.39206878652756,0.401900111542708));
#8457=CARTESIAN_POINT('',(2.92675427453329,2.28898325822845,0.401900111542708));
#8458=CARTESIAN_POINT('Origin',(2.63521815847242,2.86993652057589,0.401900111542708));
#8459=CARTESIAN_POINT('',(3.13836400064497,2.00839752181984,0.401900111542708));
#8460=CARTESIAN_POINT('',(2.76479984181811,2.50372813126914,0.401900111542708));
#8461=CARTESIAN_POINT('',(3.1876661527126,2.03902740287573,0.401900111542708));
#8462=CARTESIAN_POINT('',(3.14994477513809,2.01559229386088,0.401900111542708));
#8463=CARTESIAN_POINT('',(3.02796716213577,2.35200967234205,0.401900111542708));
#8464=CARTESIAN_POINT('',(2.9624108291391,2.48048869281096,0.401900111542708));
#8465=CARTESIAN_POINT('',(3.10787021348099,2.42373025112625,0.401900111542708));
#8466=CARTESIAN_POINT('Origin',(2.63521815847242,2.86993652057589,0.401900111542708));
#8467=CARTESIAN_POINT('',(3.40268428537627,2.23244069397912,0.401900111542708));
#8468=CARTESIAN_POINT('',(2.88223575589914,2.57013274538472,0.401900111542708));
#8469=CARTESIAN_POINT('',(3.43853711755431,2.27808569629933,0.401900111542708));
#8470=CARTESIAN_POINT('',(3.41110589674577,2.24316242632628,0.401900111542708));
#8471=CARTESIAN_POINT('',(3.18142291390104,2.5175725537076,0.401900111542708));
#8472=CARTESIAN_POINT('',(3.07587769854317,2.61588175476062,0.401900111542708));
#8473=CARTESIAN_POINT('',(3.23197733899325,2.61229630542286,0.401900111542708));
#8474=CARTESIAN_POINT('Origin',(2.63521815847242,2.86993652057589,0.401900111542708));
#8475=CARTESIAN_POINT('',(3.57443682860926,2.53337527126234,0.401900111542708));
#8476=CARTESIAN_POINT('',(2.96987770213903,2.67269811942084,0.401900111542708));
#8477=CARTESIAN_POINT('',(3.59251596020557,2.58852993391856,0.401900111542708));
#8478=CARTESIAN_POINT('',(3.57868350623423,2.54633076475864,0.401900111542708));
#8479=CARTESIAN_POINT('',(3.26899831103796,2.72563572981577,0.401900111542708));
#8480=CARTESIAN_POINT('',(3.13619452397252,2.78191757091661,0.401900111542708));
#8481=CARTESIAN_POINT('',(3.28410650010719,2.83193757203154,0.401900111542708));
#8482=CARTESIAN_POINT('Origin',(2.63521815847242,2.86993652057589,0.401900111542708));
#8483=CARTESIAN_POINT('',(3.63290573883245,2.87490410232781,0.401900111542708));
#8484=CARTESIAN_POINT('',(3.01715476836389,2.79905335556504,0.401900111542708));
#8485=CARTESIAN_POINT('',(3.63103055975696,2.93291595900757,0.401900111542708));
#8486=CARTESIAN_POINT('',(3.63246527071703,2.88853073325487,0.401900111542708));
#8487=CARTESIAN_POINT('',(3.28013046817661,2.95110371094246,0.401900111542708));
#8488=CARTESIAN_POINT('',(3.13608620609885,2.95856977142285,0.401900111542708));
#8489=CARTESIAN_POINT('',(3.25797015064798,3.05616207263942,0.401900111542708));
#8490=CARTESIAN_POINT('Origin',(2.63521815847242,2.86993652057589,0.401900111542708));
#8491=CARTESIAN_POINT('',(3.57103880256371,3.2158337697203,0.401900111542708));
#8492=CARTESIAN_POINT('',(3.01836464265181,2.93395814753364,0.401900111542708));
#8493=CARTESIAN_POINT('',(3.54943548708763,3.2697057343442,0.401900111542708));
#8494=CARTESIAN_POINT('',(3.56596431566324,3.22848796528066,0.401900111542708));
#8495=CARTESIAN_POINT('',(3.21347668287293,3.1667817310108,0.401900111542708));
#8496=CARTESIAN_POINT('',(3.07556580965633,3.12453149378949,0.401900111542708));
#8497=CARTESIAN_POINT('',(3.15672072009185,3.257925023272,0.401900111542708));
#8498=CARTESIAN_POINT('Origin',(2.63521815847242,2.86993652057589,0.401900111542708));
#8499=CARTESIAN_POINT('',(3.3962980853758,3.51504312396626,0.401900111542708));
#8500=CARTESIAN_POINT('',(2.97336139630782,3.06114098643256,0.401900111542708));
#8501=CARTESIAN_POINT('',(3.35757231217651,3.55827744253514,0.401900111542708));
#8502=CARTESIAN_POINT('',(3.38720163770192,3.52519860141932,0.401900111542708));
#8503=CARTESIAN_POINT('',(3.07707638533964,3.34665583773197,0.401900111542708));
#8504=CARTESIAN_POINT('',(2.96193298764184,3.25978530496494,0.401900111542708));
#8505=CARTESIAN_POINT('',(2.99257038404631,3.41289083437898,0.401900111542708));
#8506=CARTESIAN_POINT('Origin',(2.63521815847242,2.86993652057589,0.401900111542708));
#8507=CARTESIAN_POINT('',(3.1297598966599,3.73644310108387,0.401900111542708));
#8508=CARTESIAN_POINT('',(2.8875730850182,3.16526174487179,0.401900111542708));
#8509=CARTESIAN_POINT('',(3.07858256551678,3.76382507670773,0.401900111542708));
#8510=CARTESIAN_POINT('',(3.11773865405135,3.74287495996989,0.401900111542708));
#8511=CARTESIAN_POINT('',(2.88738146451326,3.46903055917631,0.401900111542708));
#8512=CARTESIAN_POINT('',(2.80889353543217,3.34801759918778,0.401900111542708));
#8513=CARTESIAN_POINT('',(2.78531809563941,3.50236834208906,0.401900111542708));
#8514=CARTESIAN_POINT('Origin',(2.63521815847242,2.86993652057589,0.401900111542708));
#8515=CARTESIAN_POINT('',(2.80357267565986,3.85332959631707,0.401900111542708));
#8516=CARTESIAN_POINT('',(2.77134704522509,3.23376192272482,0.401900111542708));
#8517=CARTESIAN_POINT('',(2.74611652800574,3.86155655862076,0.401900111542708));
#8518=CARTESIAN_POINT('',(2.79007657738989,3.85526205953028,0.401900111542708));
#8519=CARTESIAN_POINT('',(2.66727192744431,3.51914569787909,0.401900111542708));
#8520=CARTESIAN_POINT('',(2.63490626958558,3.37858625960477,0.401900111542708));
#8521=CARTESIAN_POINT('',(2.55996153957102,3.51556523842504,0.401900111542708));
#8522=CARTESIAN_POINT('Origin',(2.63521815847242,2.86993652057589,0.401900111542708));
#8523=CARTESIAN_POINT('',(2.45707941523896,3.85160437327981,0.401900111542708));
#8524=CARTESIAN_POINT('',(2.63870185264121,3.25837938758761,0.401900111542708));
#8525=CARTESIAN_POINT('',(2.40027451044336,3.83968402919247,0.401900111542708));
#8526=CARTESIAN_POINT('',(2.44373628994011,3.84880435723656,0.401900111542708));
#8527=CARTESIAN_POINT('',(2.4432962327741,3.49095662849209,0.401900111542708));
#8528=CARTESIAN_POINT('',(2.46095662214173,3.34780425462423,0.401900111542708));
#8529=CARTESIAN_POINT('',(2.34368204241154,3.45088978292334,0.401900111542708));
#8530=CARTESIAN_POINT('Origin',(2.63521815847242,2.86993652057589,0.401900111542708));
#8531=CARTESIAN_POINT('',(2.13207231629987,3.73147551933195,0.401900111542708));
#8532=CARTESIAN_POINT('',(2.50563647512673,3.23614490988264,0.401900111542708));
#8533=CARTESIAN_POINT('',(2.08277016423223,3.70084563827605,0.401900111542708));
#8534=CARTESIAN_POINT('',(2.12049154180675,3.72428074729091,0.401900111542708));
#8535=CARTESIAN_POINT('',(2.24246915480907,3.38786336880974,0.401900111542708));
#8536=CARTESIAN_POINT('',(2.30802548780573,3.25938434834082,0.401900111542708));
#8537=CARTESIAN_POINT('',(2.16256610346384,3.31614279002554,0.401900111542708));
#8538=CARTESIAN_POINT('Origin',(2.63521815847242,2.86993652057589,0.401900111542708));
#8539=CARTESIAN_POINT('',(1.86775203156856,3.50743234717267,0.401900111542708));
#8540=CARTESIAN_POINT('',(2.3882005610457,3.16974029576706,0.401900111542708));
#8541=CARTESIAN_POINT('',(1.83189919939053,3.46178734485246,0.401900111542708));
#8542=CARTESIAN_POINT('',(1.85933042019906,3.4967106148255,0.401900111542708));
#8543=CARTESIAN_POINT('',(2.0890134030438,3.22230048744419,0.401900111542708));
#8544=CARTESIAN_POINT('',(2.19455861840167,3.12399128639117,0.401900111542708));
#8545=CARTESIAN_POINT('',(2.03845897795158,3.12757673572893,0.401900111542708));
#8546=CARTESIAN_POINT('Origin',(2.63521815847242,2.86993652057589,0.401900111542708));
#8547=CARTESIAN_POINT('',(1.69599948833558,3.20649776988944,0.401900111542708));
#8548=CARTESIAN_POINT('',(2.3005586148058,3.06717492173094,0.401900111542708));
#8549=CARTESIAN_POINT('',(1.67792035673926,3.15134310723322,0.401900111542708));
#8550=CARTESIAN_POINT('',(1.69175281071061,3.19354227639314,0.401900111542708));
#8551=CARTESIAN_POINT('',(2.00143800590688,3.01423731133602,0.401900111542708));
#8552=CARTESIAN_POINT('',(2.13424179297231,2.95795547023518,0.401900111542708));
#8553=CARTESIAN_POINT('',(1.98632981683765,2.90793546912025,0.401900111542708));
#8554=CARTESIAN_POINT('Origin',(2.63521815847242,2.86993652057589,0.401900111542708));
#8555=CARTESIAN_POINT('',(1.63753057811239,2.86496893882398,0.401900111542708));
#8556=CARTESIAN_POINT('',(2.25328154858095,2.94081968558675,0.401900111542708));
#8557=CARTESIAN_POINT('',(1.63940575718787,2.80695708214422,0.401900111542708));
#8558=CARTESIAN_POINT('',(1.63797104622781,2.85134230789691,0.401900111542708));
#8559=CARTESIAN_POINT('',(1.99030584876822,2.78876933020933,0.401900111542708));
#8560=CARTESIAN_POINT('',(2.13435011084598,2.78130326972893,0.401900111542708));
#8561=CARTESIAN_POINT('',(2.01246616629685,2.68371096851237,0.401900111542708));
#8562=CARTESIAN_POINT('Origin',(2.63521815847242,2.86993652057589,0.401900111542708));
#8563=CARTESIAN_POINT('',(1.69939751438112,2.52403927143149,0.401900111542708));
#8564=CARTESIAN_POINT('',(2.25207167429303,2.80591489361814,0.401900111542708));
#8565=CARTESIAN_POINT('',(1.72100082985721,2.47016730680759,0.401900111542708));
#8566=CARTESIAN_POINT('',(1.70447200128159,2.51138507587112,0.401900111542708));
#8567=CARTESIAN_POINT('',(2.05695963407191,2.57309131014099,0.401900111542708));
#8568=CARTESIAN_POINT('',(2.19487050728851,2.6153415473623,0.401900111542708));
#8569=CARTESIAN_POINT('',(2.11371559685298,2.48194801787978,0.401900111542708));
#8570=CARTESIAN_POINT('Origin',(2.63521815847242,2.86993652057589,0.401900111542708));
#8571=CARTESIAN_POINT('',(1.87413823156904,2.22482991718553,0.401900111542708));
#8572=CARTESIAN_POINT('',(2.29707492063701,2.67873205471922,0.401900111542708));
#8573=CARTESIAN_POINT('',(1.91286400476832,2.18159559861665,0.401900111542708));
#8574=CARTESIAN_POINT('',(1.88323467924291,2.21467443973247,0.401900111542708));
#8575=CARTESIAN_POINT('',(2.19335993160519,2.39321720341982,0.401900111542708));
#8576=CARTESIAN_POINT('',(2.308503329303,2.48008773618685,0.401900111542708));
#8577=CARTESIAN_POINT('',(2.27786593289852,2.3269822067728,0.401900111542708));
#8578=CARTESIAN_POINT('Origin',(2.63521815847242,2.86993652057589,0.401900111542708));
#8579=CARTESIAN_POINT('',(2.14067642028494,2.00342994006792,0.401900111542708));
#8580=CARTESIAN_POINT('',(2.38286323192664,2.57461129628,0.401900111542708));
#8581=CARTESIAN_POINT('',(2.19185375142806,1.97604796444405,0.401900111542708));
#8582=CARTESIAN_POINT('',(2.15269766289348,1.9969980811819,0.401900111542708));
#8583=CARTESIAN_POINT('',(2.46154278151267,2.391855441964,0.401900111542708));
#8584=CARTESIAN_POINT('',(2.79521815847242,2.86993652057589,0.401900111542708));
#8585=CARTESIAN_POINT('Origin',(2.63521815847242,2.86993652057589,0.401900111542708));
#8586=CARTESIAN_POINT('Origin',(2.79058695631849,3.60366708192377,0.00190011154270845));
#8587=CARTESIAN_POINT('',(2.78531809563941,3.50236834208906,0.00190011154270845));
#8588=CARTESIAN_POINT('',(2.78531809563941,3.50236834208906,0.00190011154270845));
#8589=CARTESIAN_POINT('',(2.80357267565986,3.85332959631707,0.00190011154270845));
#8590=CARTESIAN_POINT('',(2.79058695631849,3.60366708192377,0.00190011154270845));
#8591=CARTESIAN_POINT('',(2.80357267565986,3.85332959631707,0.00190011154270845));
#8592=CARTESIAN_POINT('Origin',(2.63521815847242,2.86993652057589,0.00190011154270845));
#8593=CARTESIAN_POINT('',(2.88738146451326,3.46903055917631,0.00190011154270845));
#8594=CARTESIAN_POINT('',(2.88738146451326,3.46903055917631,0.00190011154270845));
#8595=CARTESIAN_POINT('Origin',(2.63521815847242,2.86993652057589,0.00190011154270845));
#8596=CARTESIAN_POINT('Origin',(3.07858256551678,3.76382507670773,0.00190011154270845));
#8597=CARTESIAN_POINT('',(3.07858256551678,3.76382507670773,0.00190011154270845));
#8598=CARTESIAN_POINT('',(3.07858256551678,3.76382507670773,0.00190011154270845));
#8599=CARTESIAN_POINT('',(2.94254328500836,3.55407924442792,0.00190011154270845));
#8600=CARTESIAN_POINT('Origin',(3.1297598966599,3.73644310108387,0.00190011154270845));
#8601=CARTESIAN_POINT('',(3.1297598966599,3.73644310108387,0.00190011154270845));
#8602=CARTESIAN_POINT('',(3.1297598966599,3.73644310108387,0.00190011154270845));
#8603=CARTESIAN_POINT('',(3.07858256551678,3.76382507670773,0.00190011154270845));
#8604=CARTESIAN_POINT('Origin',(3.03216770306337,3.50627845621194,0.00190011154270845));
#8605=CARTESIAN_POINT('',(2.99257038404631,3.41289083437898,0.00190011154270845));
#8606=CARTESIAN_POINT('',(2.99257038404631,3.41289083437898,0.00190011154270845));
#8607=CARTESIAN_POINT('',(3.03216770306337,3.50627845621194,0.00190011154270845));
#8608=CARTESIAN_POINT('Origin',(2.63521815847242,2.86993652057589,0.00190011154270845));
#8609=CARTESIAN_POINT('',(3.07707638533964,3.34665583773197,0.00190011154270845));
#8610=CARTESIAN_POINT('',(3.07707638533964,3.34665583773197,0.00190011154270845));
#8611=CARTESIAN_POINT('Origin',(2.63521815847242,2.86993652057589,0.00190011154270845));
#8612=CARTESIAN_POINT('Origin',(3.35757231217651,3.55827744253514,0.00190011154270845));
#8613=CARTESIAN_POINT('',(3.35757231217651,3.55827744253514,0.00190011154270845));
#8614=CARTESIAN_POINT('',(3.35757231217651,3.55827744253514,0.00190011154270845));
#8615=CARTESIAN_POINT('',(3.15799990452742,3.40770900591861,0.00190011154270845));
#8616=CARTESIAN_POINT('Origin',(3.3962980853758,3.51504312396626,0.00190011154270845));
#8617=CARTESIAN_POINT('',(3.3962980853758,3.51504312396626,0.00190011154270845));
#8618=CARTESIAN_POINT('',(3.3962980853758,3.51504312396626,0.00190011154270845));
#8619=CARTESIAN_POINT('',(3.35757231217651,3.55827744253514,0.00190011154270845));
#8620=CARTESIAN_POINT('Origin',(3.22587047637924,3.33213760165565,0.00190011154270845));
#8621=CARTESIAN_POINT('',(3.15672072009185,3.257925023272,0.00190011154270845));
#8622=CARTESIAN_POINT('',(3.15672072009185,3.257925023272,0.00190011154270845));
#8623=CARTESIAN_POINT('',(3.22587047637924,3.33213760165565,0.00190011154270845));
#8624=CARTESIAN_POINT('Origin',(2.63521815847242,2.86993652057589,0.00190011154270845));
#8625=CARTESIAN_POINT('',(3.21347668287293,3.1667817310108,0.00190011154270845));
#8626=CARTESIAN_POINT('',(3.21347668287293,3.1667817310108,0.00190011154270845));
#8627=CARTESIAN_POINT('Origin',(2.63521815847242,2.86993652057589,0.00190011154270845));
#8628=CARTESIAN_POINT('Origin',(3.54943548708763,3.2697057343442,0.00190011154270845));
#8629=CARTESIAN_POINT('',(3.54943548708763,3.2697057343442,0.00190011154270845));
#8630=CARTESIAN_POINT('',(3.54943548708763,3.2697057343442,0.00190011154270845));
#8631=CARTESIAN_POINT('',(3.3104013300354,3.19647546900036,0.00190011154270845));
#8632=CARTESIAN_POINT('Origin',(3.57103880256371,3.2158337697203,0.00190011154270845));
#8633=CARTESIAN_POINT('',(3.57103880256371,3.2158337697203,0.00190011154270845));
#8634=CARTESIAN_POINT('',(3.57103880256371,3.2158337697203,0.00190011154270845));
#8635=CARTESIAN_POINT('',(3.54943548708763,3.2697057343442,0.00190011154270845));
#8636=CARTESIAN_POINT('Origin',(3.34833186305573,3.10224847535968,0.00190011154270845));
#8637=CARTESIAN_POINT('',(3.25797015064798,3.05616207263942,0.00190011154270845));
#8638=CARTESIAN_POINT('',(3.25797015064798,3.05616207263942,0.00190011154270845));
#8639=CARTESIAN_POINT('',(3.34833186305573,3.10224847535968,0.00190011154270845));
#8640=CARTESIAN_POINT('Origin',(2.63521815847242,2.86993652057589,0.00190011154270845));
#8641=CARTESIAN_POINT('',(3.28013046817661,2.95110371094246,0.00190011154270845));
#8642=CARTESIAN_POINT('',(3.28013046817661,2.95110371094246,0.00190011154270845));
#8643=CARTESIAN_POINT('Origin',(2.63521815847242,2.86993652057589,0.00190011154270845));
#8644=CARTESIAN_POINT('Origin',(3.63103055975696,2.93291595900757,0.00190011154270845));
#8645=CARTESIAN_POINT('',(3.63103055975696,2.93291595900757,0.00190011154270845));
#8646=CARTESIAN_POINT('',(3.63103055975696,2.93291595900757,0.00190011154270845));
#8647=CARTESIAN_POINT('',(3.38136570041052,2.94585651570051,0.00190011154270845));
#8648=CARTESIAN_POINT('Origin',(3.63290573883245,2.87490410232781,0.00190011154270845));
#8649=CARTESIAN_POINT('',(3.63290573883245,2.87490410232781,0.00190011154270845));
#8650=CARTESIAN_POINT('',(3.63290573883245,2.87490410232781,0.00190011154270845));
#8651=CARTESIAN_POINT('',(3.63103055975696,2.93291595900757,0.00190011154270845));
#8652=CARTESIAN_POINT('Origin',(3.38478121252208,2.84433909875749,0.00190011154270845));
#8653=CARTESIAN_POINT('',(3.28410650010719,2.83193757203154,0.00190011154270845));
#8654=CARTESIAN_POINT('',(3.28410650010719,2.83193757203154,0.00190011154270845));
#8655=CARTESIAN_POINT('',(3.38478121252208,2.84433909875749,0.00190011154270845));
#8656=CARTESIAN_POINT('Origin',(2.63521815847242,2.86993652057589,0.00190011154270845));
#8657=CARTESIAN_POINT('',(3.26899831103796,2.72563572981577,0.00190011154270845));
#8658=CARTESIAN_POINT('',(3.26899831103796,2.72563572981577,0.00190011154270845));
#8659=CARTESIAN_POINT('Origin',(2.63521815847242,2.86993652057589,0.00190011154270845));
#8660=CARTESIAN_POINT('Origin',(3.59251596020557,2.58852993391856,0.00190011154270845));
#8661=CARTESIAN_POINT('',(3.59251596020557,2.58852993391856,0.00190011154270845));
#8662=CARTESIAN_POINT('',(3.59251596020557,2.58852993391856,0.00190011154270845));
#8663=CARTESIAN_POINT('',(3.36233366526301,2.68608049052883,0.00190011154270845));
#8664=CARTESIAN_POINT('Origin',(3.57443682860926,2.53337527126234,0.00190011154270845));
#8665=CARTESIAN_POINT('',(3.57443682860926,2.53337527126234,0.00190011154270845));
#8666=CARTESIAN_POINT('',(3.57443682860926,2.53337527126234,0.00190011154270845));
#8667=CARTESIAN_POINT('',(3.59251596020557,2.58852993391856,0.00190011154270845));
#8668=CARTESIAN_POINT('Origin',(3.33082219529753,2.5895171490043,0.00190011154270845));
#8669=CARTESIAN_POINT('',(3.23197733899325,2.61229630542286,0.00190011154270845));
#8670=CARTESIAN_POINT('',(3.23197733899325,2.61229630542286,0.00190011154270845));
#8671=CARTESIAN_POINT('',(3.33082219529753,2.5895171490043,0.00190011154270845));
#8672=CARTESIAN_POINT('Origin',(2.63521815847242,2.86993652057589,0.00190011154270845));
#8673=CARTESIAN_POINT('',(3.18142291390104,2.5175725537076,0.00190011154270845));
#8674=CARTESIAN_POINT('',(3.18142291390104,2.5175725537076,0.00190011154270845));
#8675=CARTESIAN_POINT('Origin',(2.63521815847242,2.86993652057589,0.00190011154270845));
#8676=CARTESIAN_POINT('Origin',(3.43853711755431,2.27808569629933,0.00190011154270845));
#8677=CARTESIAN_POINT('',(3.43853711755431,2.27808569629933,0.00190011154270845));
#8678=CARTESIAN_POINT('',(3.43853711755431,2.27808569629933,0.00190011154270845));
#8679=CARTESIAN_POINT('',(3.25560076891455,2.44848021600684,0.00190011154270845));
#8680=CARTESIAN_POINT('Origin',(3.40268428537627,2.23244069397912,0.00190011154270845));
#8681=CARTESIAN_POINT('',(3.40268428537627,2.23244069397912,0.00190011154270845));
#8682=CARTESIAN_POINT('',(3.40268428537627,2.23244069397912,0.00190011154270845));
#8683=CARTESIAN_POINT('',(3.43853711755431,2.27808569629933,0.00190011154270845));
#8684=CARTESIAN_POINT('Origin',(3.19296306520966,2.36851791401181,0.00190011154270845));
#8685=CARTESIAN_POINT('',(3.10787021348099,2.42373025112625,0.00190011154270845));
#8686=CARTESIAN_POINT('',(3.10787021348099,2.42373025112625,0.00190011154270845));
#8687=CARTESIAN_POINT('',(3.19296306520966,2.36851791401181,0.00190011154270845));
#8688=CARTESIAN_POINT('Origin',(2.63521815847242,2.86993652057589,0.00190011154270845));
#8689=CARTESIAN_POINT('',(3.02796716213577,2.35200967234205,0.00190011154270845));
#8690=CARTESIAN_POINT('',(3.02796716213577,2.35200967234205,0.00190011154270845));
#8691=CARTESIAN_POINT('Origin',(2.63521815847242,2.86993652057589,0.00190011154270845));
#8692=CARTESIAN_POINT('Origin',(3.1876661527126,2.03902740287573,0.00190011154270845));
#8693=CARTESIAN_POINT('',(3.1876661527126,2.03902740287573,0.00190011154270845));
#8694=CARTESIAN_POINT('',(3.1876661527126,2.03902740287573,0.00190011154270845));
#8695=CARTESIAN_POINT('',(3.07404057387458,2.26171379184848,0.00190011154270845));
#8696=CARTESIAN_POINT('Origin',(3.13836400064497,2.00839752181984,0.00190011154270845));
#8697=CARTESIAN_POINT('',(3.13836400064497,2.00839752181984,0.00190011154270845));
#8698=CARTESIAN_POINT('',(3.13836400064497,2.00839752181984,0.00190011154270845));
#8699=CARTESIAN_POINT('',(3.1876661527126,2.03902740287573,0.00190011154270845));
#8700=CARTESIAN_POINT('Origin',(2.98783166793112,2.20799716312144,0.00190011154270845));
#8701=CARTESIAN_POINT('',(2.92675427453329,2.28898325822845,0.00190011154270845));
#8702=CARTESIAN_POINT('',(2.92675427453329,2.28898325822845,0.00190011154270845));
#8703=CARTESIAN_POINT('',(2.98783166793112,2.20799716312144,0.00190011154270845));
#8704=CARTESIAN_POINT('Origin',(2.63521815847242,2.86993652057589,0.00190011154270845));
#8705=CARTESIAN_POINT('',(2.82714008417074,2.24891641265969,0.00190011154270845));
#8706=CARTESIAN_POINT('',(2.82714008417074,2.24891641265969,0.00190011154270845));
#8707=CARTESIAN_POINT('Origin',(2.63521815847242,2.86993652057589,0.00190011154270845));
#8708=CARTESIAN_POINT('Origin',(2.87016180650148,1.90018901195932,0.00190011154270845));
#8709=CARTESIAN_POINT('',(2.87016180650148,1.90018901195932,0.00190011154270845));
#8710=CARTESIAN_POINT('',(2.87016180650148,1.90018901195932,0.00190011154270845));
#8711=CARTESIAN_POINT('',(2.839551919208,2.14830800518612,0.00190011154270845));
#8712=CARTESIAN_POINT('Origin',(2.81335690170588,1.88826866787198,0.00190011154270845));
#8713=CARTESIAN_POINT('',(2.81335690170588,1.88826866787198,0.00190011154270845));
#8714=CARTESIAN_POINT('',(2.81335690170588,1.88826866787198,0.00190011154270845));
#8715=CARTESIAN_POINT('',(2.87016180650148,1.90018901195932,0.00190011154270845));
#8716=CARTESIAN_POINT('Origin',(2.74016987739071,2.12731606792454,0.00190011154270845));
#8717=CARTESIAN_POINT('',(2.71047477737382,2.22430780272675,0.00190011154270845));
#8718=CARTESIAN_POINT('',(2.71047477737382,2.22430780272675,0.00190011154270845));
#8719=CARTESIAN_POINT('',(2.74016987739071,2.12731606792454,0.00190011154270845));
#8720=CARTESIAN_POINT('Origin',(2.63521815847242,2.86993652057589,0.00190011154270845));
#8721=CARTESIAN_POINT('',(2.60316438950053,2.22072734327269,0.00190011154270845));
#8722=CARTESIAN_POINT('',(2.60316438950053,2.22072734327269,0.00190011154270845));
#8723=CARTESIAN_POINT('Origin',(2.63521815847242,2.86993652057589,0.00190011154270845));
#8724=CARTESIAN_POINT('Origin',(2.5243197889391,1.87831648253102,0.00190011154270845));
#8725=CARTESIAN_POINT('',(2.5243197889391,1.87831648253102,0.00190011154270845));
#8726=CARTESIAN_POINT('',(2.5243197889391,1.87831648253102,0.00190011154270845));
#8727=CARTESIAN_POINT('',(2.58041759735157,2.12194126758237,0.00190011154270845));
#8728=CARTESIAN_POINT('Origin',(2.46686364128498,1.88654344483471,0.00190011154270845));
#8729=CARTESIAN_POINT('',(2.46686364128498,1.88654344483471,0.00190011154270845));
#8730=CARTESIAN_POINT('',(2.46686364128498,1.88654344483471,0.00190011154270845));
#8731=CARTESIAN_POINT('',(2.5243197889391,1.87831648253102,0.00190011154270845));
#8732=CARTESIAN_POINT('Origin',(2.63521815847242,2.86993652057589,0.201900111542708));
#8733=CARTESIAN_POINT('',(2.79521815847242,2.86993652057589,0.00190011154270845));
#8734=CARTESIAN_POINT('',(2.79521815847242,2.86993652057589,0.201900111542708));
#8735=CARTESIAN_POINT('Origin',(2.63521815847242,2.86993652057589,0.00190011154270845));
#8736=CARTESIAN_POINT('Origin',(2.19185375142806,1.97604796444405,0.00190011154270845));
#8737=CARTESIAN_POINT('',(2.19185375142806,1.97604796444405,0.00190011154270845));
#8738=CARTESIAN_POINT('',(2.19185375142806,1.97604796444405,0.00190011154270845));
#8739=CARTESIAN_POINT('',(2.38305485243158,2.27084248197548,0.00190011154270845));
#8740=CARTESIAN_POINT('',(2.32789303193647,2.18579379672387,0.00190011154270845));
#8741=CARTESIAN_POINT('',(2.38305485243158,2.27084248197548,0.00190011154270845));
#8742=CARTESIAN_POINT('Origin',(2.14067642028494,2.00342994006792,0.00190011154270845));
#8743=CARTESIAN_POINT('',(2.14067642028494,2.00342994006792,0.00190011154270845));
#8744=CARTESIAN_POINT('',(2.14067642028494,2.00342994006792,0.00190011154270845));
#8745=CARTESIAN_POINT('',(2.19185375142806,1.97604796444405,0.00190011154270845));
#8746=CARTESIAN_POINT('Origin',(2.23826861388146,2.23359458493984,0.00190011154270845));
#8747=CARTESIAN_POINT('',(2.27786593289852,2.3269822067728,0.00190011154270845));
#8748=CARTESIAN_POINT('',(2.27786593289852,2.3269822067728,0.00190011154270845));
#8749=CARTESIAN_POINT('',(2.23826861388146,2.23359458493984,0.00190011154270845));
#8750=CARTESIAN_POINT('Origin',(2.63521815847242,2.86993652057589,0.00190011154270845));
#8751=CARTESIAN_POINT('',(2.19335993160519,2.39321720341982,0.00190011154270845));
#8752=CARTESIAN_POINT('',(2.19335993160519,2.39321720341982,0.00190011154270845));
#8753=CARTESIAN_POINT('Origin',(2.63521815847242,2.86993652057589,0.00190011154270845));
#8754=CARTESIAN_POINT('Origin',(1.91286400476832,2.18159559861665,0.00190011154270845));
#8755=CARTESIAN_POINT('',(1.91286400476832,2.18159559861665,0.00190011154270845));
#8756=CARTESIAN_POINT('',(1.91286400476832,2.18159559861665,0.00190011154270845));
#8757=CARTESIAN_POINT('',(2.11243641241741,2.33216403523318,0.00190011154270845));
#8758=CARTESIAN_POINT('Origin',(1.87413823156904,2.22482991718553,0.00190011154270845));
#8759=CARTESIAN_POINT('',(1.87413823156904,2.22482991718553,0.00190011154270845));
#8760=CARTESIAN_POINT('',(1.87413823156904,2.22482991718553,0.00190011154270845));
#8761=CARTESIAN_POINT('',(1.91286400476832,2.18159559861665,0.00190011154270845));
#8762=CARTESIAN_POINT('Origin',(2.0445658405656,2.40773543949613,0.00190011154270845));
#8763=CARTESIAN_POINT('',(2.11371559685298,2.48194801787978,0.00190011154270845));
#8764=CARTESIAN_POINT('',(2.11371559685298,2.48194801787978,0.00190011154270845));
#8765=CARTESIAN_POINT('',(2.0445658405656,2.40773543949613,0.00190011154270845));
#8766=CARTESIAN_POINT('Origin',(2.63521815847242,2.86993652057589,0.00190011154270845));
#8767=CARTESIAN_POINT('',(2.05695963407191,2.57309131014099,0.00190011154270845));
#8768=CARTESIAN_POINT('',(2.05695963407191,2.57309131014099,0.00190011154270845));
#8769=CARTESIAN_POINT('Origin',(2.63521815847242,2.86993652057589,0.00190011154270845));
#8770=CARTESIAN_POINT('Origin',(1.72100082985721,2.47016730680759,0.00190011154270845));
#8771=CARTESIAN_POINT('',(1.72100082985721,2.47016730680759,0.00190011154270845));
#8772=CARTESIAN_POINT('',(1.72100082985721,2.47016730680759,0.00190011154270845));
#8773=CARTESIAN_POINT('',(1.96003498690944,2.54339757215142,0.00190011154270845));
#8774=CARTESIAN_POINT('Origin',(1.69939751438112,2.52403927143149,0.00190011154270845));
#8775=CARTESIAN_POINT('',(1.69939751438112,2.52403927143149,0.00190011154270845));
#8776=CARTESIAN_POINT('',(1.69939751438112,2.52403927143149,0.00190011154270845));
#8777=CARTESIAN_POINT('',(1.72100082985721,2.47016730680759,0.00190011154270845));
#8778=CARTESIAN_POINT('Origin',(1.92210445388911,2.6376245657921,0.00190011154270845));
#8779=CARTESIAN_POINT('',(2.01246616629685,2.68371096851237,0.00190011154270845));
#8780=CARTESIAN_POINT('',(2.01246616629685,2.68371096851237,0.00190011154270845));
#8781=CARTESIAN_POINT('',(1.92210445388911,2.6376245657921,0.00190011154270845));
#8782=CARTESIAN_POINT('Origin',(2.63521815847242,2.86993652057589,0.00190011154270845));
#8783=CARTESIAN_POINT('',(1.99030584876822,2.78876933020933,0.00190011154270845));
#8784=CARTESIAN_POINT('',(1.99030584876822,2.78876933020933,0.00190011154270845));
#8785=CARTESIAN_POINT('Origin',(2.63521815847242,2.86993652057589,0.00190011154270845));
#8786=CARTESIAN_POINT('Origin',(1.63940575718787,2.80695708214422,0.00190011154270845));
#8787=CARTESIAN_POINT('',(1.63940575718787,2.80695708214422,0.00190011154270845));
#8788=CARTESIAN_POINT('',(1.63940575718787,2.80695708214422,0.00190011154270845));
#8789=CARTESIAN_POINT('',(1.88907061653431,2.79401652545128,0.00190011154270845));
#8790=CARTESIAN_POINT('Origin',(1.63753057811239,2.86496893882398,0.00190011154270845));
#8791=CARTESIAN_POINT('',(1.63753057811239,2.86496893882398,0.00190011154270845));
#8792=CARTESIAN_POINT('',(1.63753057811239,2.86496893882398,0.00190011154270845));
#8793=CARTESIAN_POINT('',(1.63940575718787,2.80695708214422,0.00190011154270845));
#8794=CARTESIAN_POINT('Origin',(1.88565510442276,2.8955339423943,0.00190011154270845));
#8795=CARTESIAN_POINT('',(1.98632981683765,2.90793546912025,0.00190011154270845));
#8796=CARTESIAN_POINT('',(1.98632981683765,2.90793546912025,0.00190011154270845));
#8797=CARTESIAN_POINT('',(1.88565510442276,2.8955339423943,0.00190011154270845));
#8798=CARTESIAN_POINT('Origin',(2.63521815847242,2.86993652057589,0.00190011154270845));
#8799=CARTESIAN_POINT('',(2.00143800590688,3.01423731133602,0.00190011154270845));
#8800=CARTESIAN_POINT('',(2.00143800590688,3.01423731133602,0.00190011154270845));
#8801=CARTESIAN_POINT('Origin',(2.63521815847242,2.86993652057589,0.00190011154270845));
#8802=CARTESIAN_POINT('Origin',(1.67792035673926,3.15134310723322,0.00190011154270845));
#8803=CARTESIAN_POINT('',(1.67792035673926,3.15134310723322,0.00190011154270845));
#8804=CARTESIAN_POINT('',(1.67792035673926,3.15134310723322,0.00190011154270845));
#8805=CARTESIAN_POINT('',(1.90810265168183,3.05379255062296,0.00190011154270845));
#8806=CARTESIAN_POINT('Origin',(1.69599948833558,3.20649776988944,0.00190011154270845));
#8807=CARTESIAN_POINT('',(1.69599948833558,3.20649776988944,0.00190011154270845));
#8808=CARTESIAN_POINT('',(1.69599948833558,3.20649776988944,0.00190011154270845));
#8809=CARTESIAN_POINT('',(1.67792035673926,3.15134310723322,0.00190011154270845));
#8810=CARTESIAN_POINT('Origin',(1.9396141216473,3.15035589214748,0.00190011154270845));
#8811=CARTESIAN_POINT('',(2.03845897795158,3.12757673572893,0.00190011154270845));
#8812=CARTESIAN_POINT('',(2.03845897795158,3.12757673572893,0.00190011154270845));
#8813=CARTESIAN_POINT('',(1.9396141216473,3.15035589214748,0.00190011154270845));
#8814=CARTESIAN_POINT('Origin',(2.63521815847242,2.86993652057589,0.00190011154270845));
#8815=CARTESIAN_POINT('',(2.0890134030438,3.22230048744419,0.00190011154270845));
#8816=CARTESIAN_POINT('',(2.0890134030438,3.22230048744419,0.00190011154270845));
#8817=CARTESIAN_POINT('Origin',(2.63521815847242,2.86993652057589,0.00190011154270845));
#8818=CARTESIAN_POINT('Origin',(1.83189919939053,3.46178734485246,0.00190011154270845));
#8819=CARTESIAN_POINT('',(1.83189919939053,3.46178734485246,0.00190011154270845));
#8820=CARTESIAN_POINT('',(1.83189919939053,3.46178734485246,0.00190011154270845));
#8821=CARTESIAN_POINT('',(2.01483554803028,3.29139282514494,0.00190011154270845));
#8822=CARTESIAN_POINT('Origin',(1.86775203156856,3.50743234717267,0.00190011154270845));
#8823=CARTESIAN_POINT('',(1.86775203156856,3.50743234717267,0.00190011154270845));
#8824=CARTESIAN_POINT('',(1.86775203156856,3.50743234717267,0.00190011154270845));
#8825=CARTESIAN_POINT('',(1.83189919939053,3.46178734485246,0.00190011154270845));
#8826=CARTESIAN_POINT('Origin',(2.07747325173518,3.37135512713998,0.00190011154270845));
#8827=CARTESIAN_POINT('',(2.16256610346384,3.31614279002554,0.00190011154270845));
#8828=CARTESIAN_POINT('',(2.16256610346384,3.31614279002554,0.00190011154270845));
#8829=CARTESIAN_POINT('',(2.07747325173518,3.37135512713998,0.00190011154270845));
#8830=CARTESIAN_POINT('Origin',(2.63521815847242,2.86993652057589,0.00190011154270845));
#8831=CARTESIAN_POINT('',(2.24246915480907,3.38786336880974,0.00190011154270845));
#8832=CARTESIAN_POINT('',(2.24246915480907,3.38786336880974,0.00190011154270845));
#8833=CARTESIAN_POINT('Origin',(2.63521815847242,2.86993652057589,0.00190011154270845));
#8834=CARTESIAN_POINT('Origin',(2.08277016423223,3.70084563827605,0.00190011154270845));
#8835=CARTESIAN_POINT('',(2.08277016423223,3.70084563827605,0.00190011154270845));
#8836=CARTESIAN_POINT('',(2.08277016423223,3.70084563827605,0.00190011154270845));
#8837=CARTESIAN_POINT('',(2.19639574307026,3.4781592493033,0.00190011154270845));
#8838=CARTESIAN_POINT('Origin',(2.13207231629987,3.73147551933195,0.00190011154270845));
#8839=CARTESIAN_POINT('',(2.13207231629987,3.73147551933195,0.00190011154270845));
#8840=CARTESIAN_POINT('',(2.13207231629987,3.73147551933195,0.00190011154270845));
#8841=CARTESIAN_POINT('',(2.08277016423223,3.70084563827605,0.00190011154270845));
#8842=CARTESIAN_POINT('Origin',(2.28260464901371,3.53187587803035,0.00190011154270845));
#8843=CARTESIAN_POINT('',(2.34368204241154,3.45088978292334,0.00190011154270845));
#8844=CARTESIAN_POINT('',(2.34368204241154,3.45088978292334,0.00190011154270845));
#8845=CARTESIAN_POINT('',(2.28260464901371,3.53187587803035,0.00190011154270845));
#8846=CARTESIAN_POINT('Origin',(2.63521815847242,2.86993652057589,0.00190011154270845));
#8847=CARTESIAN_POINT('',(2.4432962327741,3.49095662849209,0.00190011154270845));
#8848=CARTESIAN_POINT('',(2.4432962327741,3.49095662849209,0.00190011154270845));
#8849=CARTESIAN_POINT('Origin',(2.63521815847242,2.86993652057589,0.00190011154270845));
#8850=CARTESIAN_POINT('Origin',(2.40027451044336,3.83968402919247,0.00190011154270845));
#8851=CARTESIAN_POINT('',(2.40027451044336,3.83968402919247,0.00190011154270845));
#8852=CARTESIAN_POINT('',(2.40027451044336,3.83968402919247,0.00190011154270845));
#8853=CARTESIAN_POINT('',(2.43088439773684,3.59156503596567,0.00190011154270845));
#8854=CARTESIAN_POINT('Origin',(2.45707941523896,3.85160437327981,0.00190011154270845));
#8855=CARTESIAN_POINT('',(2.45707941523896,3.85160437327981,0.00190011154270845));
#8856=CARTESIAN_POINT('',(2.45707941523896,3.85160437327981,0.00190011154270845));
#8857=CARTESIAN_POINT('',(2.40027451044336,3.83968402919247,0.00190011154270845));
#8858=CARTESIAN_POINT('Origin',(2.53026643955412,3.61255697322724,0.00190011154270845));
#8859=CARTESIAN_POINT('',(2.55996153957102,3.51556523842504,0.00190011154270845));
#8860=CARTESIAN_POINT('',(2.55996153957102,3.51556523842504,0.00190011154270845));
#8861=CARTESIAN_POINT('',(2.53026643955412,3.61255697322724,0.00190011154270845));
#8862=CARTESIAN_POINT('Origin',(2.63521815847242,2.86993652057589,0.00190011154270845));
#8863=CARTESIAN_POINT('',(2.66727192744431,3.51914569787909,0.00190011154270845));
#8864=CARTESIAN_POINT('',(2.66727192744431,3.51914569787909,0.00190011154270845));
#8865=CARTESIAN_POINT('Origin',(2.63521815847242,2.86993652057589,0.00190011154270845));
#8866=CARTESIAN_POINT('Origin',(2.74611652800574,3.86155655862076,0.00190011154270845));
#8867=CARTESIAN_POINT('',(2.74611652800574,3.86155655862076,0.00190011154270845));
#8868=CARTESIAN_POINT('',(2.74611652800574,3.86155655862076,0.00190011154270845));
#8869=CARTESIAN_POINT('',(2.69001871959326,3.61793177356941,0.00190011154270845));
#8870=CARTESIAN_POINT('Origin',(2.80357267565986,3.85332959631707,0.00190011154270845));
#8871=CARTESIAN_POINT('',(2.74611652800574,3.86155655862076,0.00190011154270845));
#8872=CARTESIAN_POINT('Origin',(2.47984936062635,2.13620595922802,0.00190011154270845));
#8873=CARTESIAN_POINT('',(2.48511822130543,2.23750469906272,0.00190011154270845));
#8874=CARTESIAN_POINT('',(2.48511822130543,2.23750469906272,0.00190011154270845));
#8875=CARTESIAN_POINT('',(2.47984936062635,2.13620595922802,0.00190011154270845));
#8876=CARTESIAN_POINT('Origin',(2.63521815847242,2.86993652057589,0.00190011154270845));
#8877=CARTESIAN_POINT('Origin',(2.63521815847242,2.86993652057589,0.00190011154270845));
#8878=CARTESIAN_POINT('Origin',(2.63521815847242,2.86993652057589,0.00190011154270845));
#8879=CARTESIAN_POINT('Origin',(1.53521815847242,-0.330063479424107,0.401900111542708));
#8880=CARTESIAN_POINT('',(1.38511822130543,-0.962495300937277,0.401900111542708));
#8881=CARTESIAN_POINT('',(1.28305485243158,-0.92915751802452,0.401900111542708));
#8882=CARTESIAN_POINT('Origin',(1.53521815847242,-0.330063479424107,0.401900111542708));
#8883=CARTESIAN_POINT('',(1.36686364128498,-1.31345655516529,0.401900111542708));
#8884=CARTESIAN_POINT('',(1.39908927171974,-0.693888881573029,0.401900111542708));
#8885=CARTESIAN_POINT('',(1.4243197889391,-1.32168351746898,0.401900111542708));
#8886=CARTESIAN_POINT('',(1.38035973955495,-1.31538901837849,0.401900111542708));
#8887=CARTESIAN_POINT('',(1.50316438950053,-0.979272656727307,0.401900111542708));
#8888=CARTESIAN_POINT('',(1.53553004735926,-0.838713218452981,0.401900111542708));
#8889=CARTESIAN_POINT('',(1.61047477737382,-0.975692197273251,0.401900111542708));
#8890=CARTESIAN_POINT('Origin',(1.53521815847242,-0.330063479424107,0.401900111542708));
#8891=CARTESIAN_POINT('',(1.71335690170588,-1.31173133212802,0.401900111542708));
#8892=CARTESIAN_POINT('',(1.53173446430362,-0.718506346435827,0.401900111542708));
#8893=CARTESIAN_POINT('',(1.77016180650148,-1.29981098804068,0.401900111542708));
#8894=CARTESIAN_POINT('',(1.72670002700472,-1.30893131608478,0.401900111542708));
#8895=CARTESIAN_POINT('',(1.72714008417074,-0.951083587340308,0.401900111542708));
#8896=CARTESIAN_POINT('',(1.7094796948031,-0.80793121347244,0.401900111542708));
#8897=CARTESIAN_POINT('',(1.82675427453329,-0.911016741771553,0.401900111542708));
#8898=CARTESIAN_POINT('Origin',(1.53521815847242,-0.330063479424107,0.401900111542708));
#8899=CARTESIAN_POINT('',(2.03836400064497,-1.19160247818016,0.401900111542708));
#8900=CARTESIAN_POINT('',(1.66479984181811,-0.696271868730856,0.401900111542708));
#8901=CARTESIAN_POINT('',(2.0876661527126,-1.16097259712427,0.401900111542708));
#8902=CARTESIAN_POINT('',(2.04994477513809,-1.18440770613912,0.401900111542708));
#8903=CARTESIAN_POINT('',(1.92796716213577,-0.847990327657953,0.401900111542708));
#8904=CARTESIAN_POINT('',(1.8624108291391,-0.719511307189035,0.401900111542708));
#8905=CARTESIAN_POINT('',(2.00787021348099,-0.776269748873752,0.401900111542708));
#8906=CARTESIAN_POINT('Origin',(1.53521815847242,-0.330063479424107,0.401900111542708));
#8907=CARTESIAN_POINT('',(2.30268428537627,-0.967559306020882,0.401900111542708));
#8908=CARTESIAN_POINT('',(1.78223575589914,-0.629867254615278,0.401900111542708));
#8909=CARTESIAN_POINT('',(2.33853711755431,-0.921914303700672,0.401900111542708));
#8910=CARTESIAN_POINT('',(2.31110589674577,-0.956837573673717,0.401900111542708));
#8911=CARTESIAN_POINT('',(2.08142291390104,-0.682427446292402,0.401900111542708));
#8912=CARTESIAN_POINT('',(1.97587769854317,-0.584118245239383,0.401900111542708));
#8913=CARTESIAN_POINT('',(2.13197733899325,-0.587703694577143,0.401900111542708));
#8914=CARTESIAN_POINT('Origin',(1.53521815847242,-0.330063479424107,0.401900111542708));
#8915=CARTESIAN_POINT('',(2.47443682860926,-0.666624728737656,0.401900111542708));
#8916=CARTESIAN_POINT('',(1.86987770213903,-0.527301880579159,0.401900111542708));
#8917=CARTESIAN_POINT('',(2.49251596020557,-0.611470066081438,0.401900111542708));
#8918=CARTESIAN_POINT('',(2.47868350623423,-0.653669235241356,0.401900111542708));
#8919=CARTESIAN_POINT('',(2.16899831103796,-0.474364270184235,0.401900111542708));
#8920=CARTESIAN_POINT('',(2.03619452397252,-0.418082429083393,0.401900111542708));
#8921=CARTESIAN_POINT('',(2.18410650010719,-0.368062427968464,0.401900111542708));
#8922=CARTESIAN_POINT('Origin',(1.53521815847242,-0.330063479424107,0.401900111542708));
#8923=CARTESIAN_POINT('',(2.53290573883245,-0.32509589767219,0.401900111542708));
#8924=CARTESIAN_POINT('',(1.91715476836389,-0.400946644434963,0.401900111542708));
#8925=CARTESIAN_POINT('',(2.53103055975696,-0.267084040992429,0.401900111542708));
#8926=CARTESIAN_POINT('',(2.53246527071703,-0.311469266745125,0.401900111542708));
#8927=CARTESIAN_POINT('',(2.18013046817661,-0.24889628905754,0.401900111542708));
#8928=CARTESIAN_POINT('',(2.03608620609885,-0.241430228577146,0.401900111542708));
#8929=CARTESIAN_POINT('',(2.15797015064798,-0.143837927360583,0.401900111542708));
#8930=CARTESIAN_POINT('Origin',(1.53521815847242,-0.330063479424107,0.401900111542708));
#8931=CARTESIAN_POINT('',(2.47103880256371,0.0158337697202974,0.401900111542708));
#8932=CARTESIAN_POINT('',(1.91836464265181,-0.266041852466357,0.401900111542708));
#8933=CARTESIAN_POINT('',(2.44943548708763,0.0697057343441993,0.401900111542708));
#8934=CARTESIAN_POINT('',(2.46596431566324,0.0284879652806636,0.401900111542708));
#8935=CARTESIAN_POINT('',(2.11347668287293,-0.0332182689892023,0.401900111542708));
#8936=CARTESIAN_POINT('',(1.97556580965633,-0.0754685062105094,0.401900111542708));
#8937=CARTESIAN_POINT('',(2.05672072009185,0.057925023272001,0.401900111542708));
#8938=CARTESIAN_POINT('Origin',(1.53521815847242,-0.330063479424107,0.401900111542708));
#8939=CARTESIAN_POINT('',(2.2962980853758,0.315043123966259,0.401900111542708));
#8940=CARTESIAN_POINT('',(1.87336139630782,-0.138859013567439,0.401900111542708));
#8941=CARTESIAN_POINT('',(2.25757231217651,0.358277442535139,0.401900111542708));
#8942=CARTESIAN_POINT('',(2.28720163770192,0.325198601419315,0.401900111542708));
#8943=CARTESIAN_POINT('',(1.97707638533964,0.146655837731965,0.401900111542708));
#8944=CARTESIAN_POINT('',(1.86193298764184,0.0597853049649393,0.401900111542708));
#8945=CARTESIAN_POINT('',(1.89257038404631,0.212890834378981,0.401900111542708));
#8946=CARTESIAN_POINT('Origin',(1.53521815847242,-0.330063479424107,0.401900111542708));
#8947=CARTESIAN_POINT('',(2.0297598966599,0.536443101083866,0.401900111542708));
#8948=CARTESIAN_POINT('',(1.7875730850182,-0.0347382551282137,0.401900111542708));
#8949=CARTESIAN_POINT('',(1.97858256551678,0.563825076707731,0.401900111542708));
#8950=CARTESIAN_POINT('',(2.01773865405135,0.542874959969886,0.401900111542708));
#8951=CARTESIAN_POINT('',(1.78738146451326,0.269030559176306,0.401900111542708));
#8952=CARTESIAN_POINT('',(1.70889353543217,0.148017599187782,0.401900111542708));
#8953=CARTESIAN_POINT('',(1.68531809563941,0.302368342089063,0.401900111542708));
#8954=CARTESIAN_POINT('Origin',(1.53521815847242,-0.330063479424107,0.401900111542708));
#8955=CARTESIAN_POINT('',(1.70357267565986,0.653329596317072,0.401900111542708));
#8956=CARTESIAN_POINT('',(1.67134704522509,0.0337619227248144,0.401900111542708));
#8957=CARTESIAN_POINT('',(1.64611652800574,0.661556558620764,0.401900111542708));
#8958=CARTESIAN_POINT('',(1.69007657738989,0.655262059530276,0.401900111542708));
#8959=CARTESIAN_POINT('',(1.56727192744431,0.319145697879092,0.401900111542708));
#8960=CARTESIAN_POINT('',(1.53490626958558,0.178586259604767,0.401900111542708));
#8961=CARTESIAN_POINT('',(1.45996153957102,0.315565238425037,0.401900111542708));
#8962=CARTESIAN_POINT('Origin',(1.53521815847242,-0.330063479424107,0.401900111542708));
#8963=CARTESIAN_POINT('',(1.35707941523896,0.651604373279808,0.401900111542708));
#8964=CARTESIAN_POINT('',(1.53870185264121,0.0583793875876133,0.401900111542708));
#8965=CARTESIAN_POINT('',(1.30027451044336,0.63968402919247,0.401900111542708));
#8966=CARTESIAN_POINT('',(1.34373628994011,0.648804357236563,0.401900111542708));
#8967=CARTESIAN_POINT('',(1.3432962327741,0.290956628492094,0.401900111542708));
#8968=CARTESIAN_POINT('',(1.36095662214173,0.147804254624226,0.401900111542708));
#8969=CARTESIAN_POINT('',(1.24368204241154,0.250889782923339,0.401900111542708));
#8970=CARTESIAN_POINT('Origin',(1.53521815847242,-0.330063479424107,0.401900111542708));
#8971=CARTESIAN_POINT('',(1.03207231629987,0.531475519331948,0.401900111542708));
#8972=CARTESIAN_POINT('',(1.40563647512673,0.0361449098826423,0.401900111542708));
#8973=CARTESIAN_POINT('',(0.982770164232234,0.500845638276055,0.401900111542708));
#8974=CARTESIAN_POINT('',(1.02049154180675,0.524280747290906,0.401900111542708));
#8975=CARTESIAN_POINT('',(1.14246915480907,0.187863368809738,0.401900111542708));
#8976=CARTESIAN_POINT('',(1.20802548780573,0.0593843483408216,0.401900111542708));
#8977=CARTESIAN_POINT('',(1.06256610346384,0.116142790025539,0.401900111542708));
#8978=CARTESIAN_POINT('Origin',(1.53521815847242,-0.330063479424107,0.401900111542708));
#8979=CARTESIAN_POINT('',(0.76775203156856,0.307432347172668,0.401900111542708));
#8980=CARTESIAN_POINT('',(1.2882005610457,-0.030259704232936,0.401900111542708));
#8981=CARTESIAN_POINT('',(0.731899199390527,0.261787344852459,0.401900111542708));
#8982=CARTESIAN_POINT('',(0.759330420199061,0.296710614825504,0.401900111542708));
#8983=CARTESIAN_POINT('',(0.989013403043796,0.0223004874441872,0.401900111542708));
#8984=CARTESIAN_POINT('',(1.09455861840167,-0.0760087136088304,0.401900111542708));
#8985=CARTESIAN_POINT('',(0.938458977951583,-0.0724232642710708,0.401900111542708));
#8986=CARTESIAN_POINT('Origin',(1.53521815847242,-0.330063479424107,0.401900111542708));
#8987=CARTESIAN_POINT('',(0.595999488335577,0.00649776988944228,0.401900111542708));
#8988=CARTESIAN_POINT('',(1.2005586148058,-0.132825078269055,0.401900111542708));
#8989=CARTESIAN_POINT('',(0.577920356739262,-0.0486568927667763,0.401900111542708));
#8990=CARTESIAN_POINT('',(0.591752810710608,-0.00645772360685934,0.401900111542708));
#8991=CARTESIAN_POINT('',(0.901438005906875,-0.185762688663979,0.401900111542708));
#8992=CARTESIAN_POINT('',(1.03424179297231,-0.242044529764821,0.401900111542708));
#8993=CARTESIAN_POINT('',(0.886329816837646,-0.29206453087975,0.401900111542708));
#8994=CARTESIAN_POINT('Origin',(1.53521815847242,-0.330063479424107,0.401900111542708));
#8995=CARTESIAN_POINT('',(0.537530578112388,-0.335031061176025,0.401900111542708));
#8996=CARTESIAN_POINT('',(1.15328154858095,-0.259180314413251,0.401900111542708));
#8997=CARTESIAN_POINT('',(0.539405757187872,-0.393042917855785,0.401900111542708));
#8998=CARTESIAN_POINT('',(0.537971046227809,-0.348657692103088,0.401900111542708));
#8999=CARTESIAN_POINT('',(0.890305848768224,-0.411230669790675,0.401900111542708));
#9000=CARTESIAN_POINT('',(1.03435011084598,-0.418696730271068,0.401900111542708));
#9001=CARTESIAN_POINT('',(0.912466166296852,-0.516289031487631,0.401900111542708));
#9002=CARTESIAN_POINT('Origin',(1.53521815847242,-0.330063479424107,0.401900111542708));
#9003=CARTESIAN_POINT('',(0.599397514381123,-0.675960728568511,0.401900111542708));
#9004=CARTESIAN_POINT('',(1.15207167429302,-0.394085106381857,0.401900111542708));
#9005=CARTESIAN_POINT('',(0.621000829857207,-0.729832693192413,0.401900111542708));
#9006=CARTESIAN_POINT('',(0.604472001281594,-0.688614924128877,0.401900111542708));
#9007=CARTESIAN_POINT('',(0.956959634071906,-0.626908689859012,0.401900111542708));
#9008=CARTESIAN_POINT('',(1.09487050728851,-0.584658452637704,0.401900111542708));
#9009=CARTESIAN_POINT('',(1.01371559685298,-0.718051982120216,0.401900111542708));
#9010=CARTESIAN_POINT('Origin',(1.53521815847242,-0.330063479424107,0.401900111542708));
#9011=CARTESIAN_POINT('',(0.774138231569036,-0.975170082814473,0.401900111542708));
#9012=CARTESIAN_POINT('',(1.19707492063701,-0.521267945280776,0.401900111542708));
#9013=CARTESIAN_POINT('',(0.812864004768324,-1.01840440138335,0.401900111542708));
#9014=CARTESIAN_POINT('',(0.783234679242912,-0.985325560267528,0.401900111542708));
#9015=CARTESIAN_POINT('',(1.09335993160519,-0.80678279658018,0.401900111542708));
#9016=CARTESIAN_POINT('',(1.208503329303,-0.719912263813153,0.401900111542708));
#9017=CARTESIAN_POINT('',(1.17786593289852,-0.873017793227196,0.401900111542708));
#9018=CARTESIAN_POINT('Origin',(1.53521815847242,-0.330063479424107,0.401900111542708));
#9019=CARTESIAN_POINT('',(1.04067642028494,-1.19657005993208,0.401900111542708));
#9020=CARTESIAN_POINT('',(1.28286323192664,-0.625388703720001,0.401900111542708));
#9021=CARTESIAN_POINT('',(1.09185375142806,-1.22395203555595,0.401900111542708));
#9022=CARTESIAN_POINT('',(1.05269766289348,-1.2030019188181,0.401900111542708));
#9023=CARTESIAN_POINT('',(1.36154278151267,-0.808144558035996,0.401900111542708));
#9024=CARTESIAN_POINT('',(1.69521815847242,-0.330063479424107,0.401900111542708));
#9025=CARTESIAN_POINT('Origin',(1.53521815847242,-0.330063479424107,0.401900111542708));
#9026=CARTESIAN_POINT('Origin',(1.69058695631849,0.403667081923767,0.00190011154270845));
#9027=CARTESIAN_POINT('',(1.68531809563941,0.302368342089063,0.00190011154270845));
#9028=CARTESIAN_POINT('',(1.68531809563941,0.302368342089063,0.00190011154270845));
#9029=CARTESIAN_POINT('',(1.70357267565986,0.653329596317072,0.00190011154270845));
#9030=CARTESIAN_POINT('',(1.69058695631849,0.403667081923767,0.00190011154270845));
#9031=CARTESIAN_POINT('',(1.70357267565986,0.653329596317072,0.00190011154270845));
#9032=CARTESIAN_POINT('Origin',(1.53521815847242,-0.330063479424107,0.00190011154270845));
#9033=CARTESIAN_POINT('',(1.78738146451326,0.269030559176306,0.00190011154270845));
#9034=CARTESIAN_POINT('',(1.78738146451326,0.269030559176305,0.00190011154270845));
#9035=CARTESIAN_POINT('Origin',(1.53521815847242,-0.330063479424107,0.00190011154270845));
#9036=CARTESIAN_POINT('Origin',(1.97858256551678,0.563825076707731,0.00190011154270845));
#9037=CARTESIAN_POINT('',(1.97858256551678,0.563825076707731,0.00190011154270845));
#9038=CARTESIAN_POINT('',(1.97858256551678,0.563825076707731,0.00190011154270845));
#9039=CARTESIAN_POINT('',(1.84254328500836,0.354079244427915,0.00190011154270845));
#9040=CARTESIAN_POINT('Origin',(2.0297598966599,0.536443101083866,0.00190011154270845));
#9041=CARTESIAN_POINT('',(2.0297598966599,0.536443101083866,0.00190011154270845));
#9042=CARTESIAN_POINT('',(2.0297598966599,0.536443101083866,0.00190011154270845));
#9043=CARTESIAN_POINT('',(1.97858256551678,0.563825076707731,0.00190011154270845));
#9044=CARTESIAN_POINT('Origin',(1.93216770306337,0.306278456211942,0.00190011154270845));
#9045=CARTESIAN_POINT('',(1.89257038404631,0.212890834378981,0.00190011154270845));
#9046=CARTESIAN_POINT('',(1.89257038404631,0.212890834378981,0.00190011154270845));
#9047=CARTESIAN_POINT('',(1.93216770306337,0.306278456211942,0.00190011154270845));
#9048=CARTESIAN_POINT('Origin',(1.53521815847242,-0.330063479424107,0.00190011154270845));
#9049=CARTESIAN_POINT('',(1.97707638533964,0.146655837731965,0.00190011154270845));
#9050=CARTESIAN_POINT('',(1.97707638533964,0.146655837731966,0.00190011154270845));
#9051=CARTESIAN_POINT('Origin',(1.53521815847242,-0.330063479424107,0.00190011154270845));
#9052=CARTESIAN_POINT('Origin',(2.25757231217651,0.358277442535139,0.00190011154270845));
#9053=CARTESIAN_POINT('',(2.25757231217651,0.358277442535139,0.00190011154270845));
#9054=CARTESIAN_POINT('',(2.25757231217651,0.358277442535139,0.00190011154270845));
#9055=CARTESIAN_POINT('',(2.05799990452742,0.207709005918605,0.00190011154270845));
#9056=CARTESIAN_POINT('Origin',(2.2962980853758,0.315043123966259,0.00190011154270845));
#9057=CARTESIAN_POINT('',(2.2962980853758,0.315043123966259,0.00190011154270845));
#9058=CARTESIAN_POINT('',(2.2962980853758,0.315043123966259,0.00190011154270845));
#9059=CARTESIAN_POINT('',(2.25757231217651,0.358277442535139,0.00190011154270845));
#9060=CARTESIAN_POINT('Origin',(2.12587047637924,0.132137601655653,0.00190011154270845));
#9061=CARTESIAN_POINT('',(2.05672072009185,0.057925023272001,0.00190011154270845));
#9062=CARTESIAN_POINT('',(2.05672072009185,0.057925023272001,0.00190011154270845));
#9063=CARTESIAN_POINT('',(2.12587047637924,0.132137601655653,0.00190011154270845));
#9064=CARTESIAN_POINT('Origin',(1.53521815847242,-0.330063479424107,0.00190011154270845));
#9065=CARTESIAN_POINT('',(2.11347668287293,-0.0332182689892023,0.00190011154270845));
#9066=CARTESIAN_POINT('',(2.11347668287293,-0.0332182689892023,0.00190011154270845));
#9067=CARTESIAN_POINT('Origin',(1.53521815847242,-0.330063479424107,0.00190011154270845));
#9068=CARTESIAN_POINT('Origin',(2.44943548708763,0.0697057343441993,0.00190011154270845));
#9069=CARTESIAN_POINT('',(2.44943548708763,0.0697057343441993,0.00190011154270845));
#9070=CARTESIAN_POINT('',(2.44943548708763,0.0697057343441993,0.00190011154270845));
#9071=CARTESIAN_POINT('',(2.2104013300354,-0.00352453099963829,0.00190011154270845));
#9072=CARTESIAN_POINT('Origin',(2.47103880256371,0.0158337697202974,0.00190011154270845));
#9073=CARTESIAN_POINT('',(2.47103880256371,0.0158337697202974,0.00190011154270845));
#9074=CARTESIAN_POINT('',(2.47103880256371,0.0158337697202974,0.00190011154270845));
#9075=CARTESIAN_POINT('',(2.44943548708763,0.0697057343441993,0.00190011154270845));
#9076=CARTESIAN_POINT('Origin',(2.24833186305573,-0.0977515246403167,0.00190011154270845));
#9077=CARTESIAN_POINT('',(2.15797015064798,-0.143837927360583,0.00190011154270845));
#9078=CARTESIAN_POINT('',(2.15797015064798,-0.143837927360583,0.00190011154270845));
#9079=CARTESIAN_POINT('',(2.24833186305573,-0.0977515246403167,0.00190011154270845));
#9080=CARTESIAN_POINT('Origin',(1.53521815847242,-0.330063479424107,0.00190011154270845));
#9081=CARTESIAN_POINT('',(2.18013046817661,-0.24889628905754,0.00190011154270845));
#9082=CARTESIAN_POINT('',(2.18013046817661,-0.248896289057539,0.00190011154270845));
#9083=CARTESIAN_POINT('Origin',(1.53521815847242,-0.330063479424107,0.00190011154270845));
#9084=CARTESIAN_POINT('Origin',(2.53103055975696,-0.267084040992429,0.00190011154270845));
#9085=CARTESIAN_POINT('',(2.53103055975696,-0.267084040992429,0.00190011154270845));
#9086=CARTESIAN_POINT('',(2.53103055975696,-0.267084040992429,0.00190011154270845));
#9087=CARTESIAN_POINT('',(2.28136570041052,-0.254143484299493,0.00190011154270845));
#9088=CARTESIAN_POINT('Origin',(2.53290573883245,-0.32509589767219,0.00190011154270845));
#9089=CARTESIAN_POINT('',(2.53290573883245,-0.32509589767219,0.00190011154270845));
#9090=CARTESIAN_POINT('',(2.53290573883245,-0.32509589767219,0.00190011154270845));
#9091=CARTESIAN_POINT('',(2.53103055975696,-0.267084040992429,0.00190011154270845));
#9092=CARTESIAN_POINT('Origin',(2.28478121252207,-0.355660901242512,0.00190011154270845));
#9093=CARTESIAN_POINT('',(2.18410650010719,-0.368062427968464,0.00190011154270845));
#9094=CARTESIAN_POINT('',(2.18410650010719,-0.368062427968464,0.00190011154270845));
#9095=CARTESIAN_POINT('',(2.28478121252207,-0.355660901242512,0.00190011154270845));
#9096=CARTESIAN_POINT('Origin',(1.53521815847242,-0.330063479424107,0.00190011154270845));
#9097=CARTESIAN_POINT('',(2.16899831103796,-0.474364270184235,0.00190011154270845));
#9098=CARTESIAN_POINT('',(2.16899831103796,-0.474364270184235,0.00190011154270845));
#9099=CARTESIAN_POINT('Origin',(1.53521815847242,-0.330063479424107,0.00190011154270845));
#9100=CARTESIAN_POINT('Origin',(2.49251596020557,-0.611470066081438,0.00190011154270845));
#9101=CARTESIAN_POINT('',(2.49251596020557,-0.611470066081438,0.00190011154270845));
#9102=CARTESIAN_POINT('',(2.49251596020557,-0.611470066081438,0.00190011154270845));
#9103=CARTESIAN_POINT('',(2.26233366526301,-0.513919509471172,0.00190011154270845));
#9104=CARTESIAN_POINT('Origin',(2.47443682860926,-0.666624728737656,0.00190011154270845));
#9105=CARTESIAN_POINT('',(2.47443682860926,-0.666624728737656,0.00190011154270845));
#9106=CARTESIAN_POINT('',(2.47443682860926,-0.666624728737656,0.00190011154270845));
#9107=CARTESIAN_POINT('',(2.49251596020557,-0.611470066081438,0.00190011154270845));
#9108=CARTESIAN_POINT('Origin',(2.23082219529753,-0.610482850995697,0.00190011154270845));
#9109=CARTESIAN_POINT('',(2.13197733899325,-0.587703694577143,0.00190011154270845));
#9110=CARTESIAN_POINT('',(2.13197733899325,-0.587703694577143,0.00190011154270845));
#9111=CARTESIAN_POINT('',(2.23082219529753,-0.610482850995697,0.00190011154270845));
#9112=CARTESIAN_POINT('Origin',(1.53521815847242,-0.330063479424107,0.00190011154270845));
#9113=CARTESIAN_POINT('',(2.08142291390104,-0.682427446292402,0.00190011154270845));
#9114=CARTESIAN_POINT('',(2.08142291390104,-0.682427446292401,0.00190011154270845));
#9115=CARTESIAN_POINT('Origin',(1.53521815847242,-0.330063479424107,0.00190011154270845));
#9116=CARTESIAN_POINT('Origin',(2.33853711755431,-0.921914303700672,0.00190011154270845));
#9117=CARTESIAN_POINT('',(2.33853711755431,-0.921914303700672,0.00190011154270845));
#9118=CARTESIAN_POINT('',(2.33853711755431,-0.921914303700672,0.00190011154270845));
#9119=CARTESIAN_POINT('',(2.15560076891455,-0.751519783993159,0.00190011154270845));
#9120=CARTESIAN_POINT('Origin',(2.30268428537627,-0.967559306020882,0.00190011154270845));
#9121=CARTESIAN_POINT('',(2.30268428537627,-0.967559306020882,0.00190011154270845));
#9122=CARTESIAN_POINT('',(2.30268428537627,-0.967559306020882,0.00190011154270845));
#9123=CARTESIAN_POINT('',(2.33853711755431,-0.921914303700672,0.00190011154270845));
#9124=CARTESIAN_POINT('Origin',(2.09296306520966,-0.831482085988191,0.00190011154270845));
#9125=CARTESIAN_POINT('',(2.00787021348099,-0.776269748873752,0.00190011154270845));
#9126=CARTESIAN_POINT('',(2.00787021348099,-0.776269748873752,0.00190011154270845));
#9127=CARTESIAN_POINT('',(2.09296306520966,-0.831482085988191,0.00190011154270845));
#9128=CARTESIAN_POINT('Origin',(1.53521815847242,-0.330063479424107,0.00190011154270845));
#9129=CARTESIAN_POINT('',(1.92796716213577,-0.847990327657953,0.00190011154270845));
#9130=CARTESIAN_POINT('',(1.92796716213577,-0.847990327657953,0.00190011154270845));
#9131=CARTESIAN_POINT('Origin',(1.53521815847242,-0.330063479424107,0.00190011154270845));
#9132=CARTESIAN_POINT('Origin',(2.0876661527126,-1.16097259712427,0.00190011154270845));
#9133=CARTESIAN_POINT('',(2.0876661527126,-1.16097259712427,0.00190011154270845));
#9134=CARTESIAN_POINT('',(2.0876661527126,-1.16097259712427,0.00190011154270845));
#9135=CARTESIAN_POINT('',(1.97404057387458,-0.938286208151515,0.00190011154270845));
#9136=CARTESIAN_POINT('Origin',(2.03836400064497,-1.19160247818016,0.00190011154270845));
#9137=CARTESIAN_POINT('',(2.03836400064497,-1.19160247818016,0.00190011154270845));
#9138=CARTESIAN_POINT('',(2.03836400064497,-1.19160247818016,0.00190011154270845));
#9139=CARTESIAN_POINT('',(2.0876661527126,-1.16097259712427,0.00190011154270845));
#9140=CARTESIAN_POINT('Origin',(1.88783166793112,-0.992002836878562,0.00190011154270845));
#9141=CARTESIAN_POINT('',(1.82675427453329,-0.911016741771553,0.00190011154270845));
#9142=CARTESIAN_POINT('',(1.82675427453329,-0.911016741771553,0.00190011154270845));
#9143=CARTESIAN_POINT('',(1.88783166793112,-0.992002836878562,0.00190011154270845));
#9144=CARTESIAN_POINT('Origin',(1.53521815847242,-0.330063479424107,0.00190011154270845));
#9145=CARTESIAN_POINT('',(1.72714008417074,-0.951083587340308,0.00190011154270845));
#9146=CARTESIAN_POINT('',(1.72714008417073,-0.951083587340308,0.00190011154270845));
#9147=CARTESIAN_POINT('Origin',(1.53521815847242,-0.330063479424107,0.00190011154270845));
#9148=CARTESIAN_POINT('Origin',(1.77016180650148,-1.29981098804068,0.00190011154270845));
#9149=CARTESIAN_POINT('',(1.77016180650148,-1.29981098804068,0.00190011154270845));
#9150=CARTESIAN_POINT('',(1.77016180650148,-1.29981098804068,0.00190011154270845));
#9151=CARTESIAN_POINT('',(1.739551919208,-1.05169199481388,0.00190011154270845));
#9152=CARTESIAN_POINT('Origin',(1.71335690170588,-1.31173133212802,0.00190011154270845));
#9153=CARTESIAN_POINT('',(1.71335690170588,-1.31173133212802,0.00190011154270845));
#9154=CARTESIAN_POINT('',(1.71335690170588,-1.31173133212802,0.00190011154270845));
#9155=CARTESIAN_POINT('',(1.77016180650148,-1.29981098804068,0.00190011154270845));
#9156=CARTESIAN_POINT('Origin',(1.64016987739071,-1.07268393207546,0.00190011154270845));
#9157=CARTESIAN_POINT('',(1.61047477737382,-0.975692197273251,0.00190011154270845));
#9158=CARTESIAN_POINT('',(1.61047477737382,-0.975692197273251,0.00190011154270845));
#9159=CARTESIAN_POINT('',(1.64016987739071,-1.07268393207546,0.00190011154270845));
#9160=CARTESIAN_POINT('Origin',(1.53521815847242,-0.330063479424107,0.00190011154270845));
#9161=CARTESIAN_POINT('',(1.50316438950053,-0.979272656727307,0.00190011154270845));
#9162=CARTESIAN_POINT('',(1.50316438950053,-0.979272656727307,0.00190011154270845));
#9163=CARTESIAN_POINT('Origin',(1.53521815847242,-0.330063479424107,0.00190011154270845));
#9164=CARTESIAN_POINT('Origin',(1.4243197889391,-1.32168351746898,0.00190011154270845));
#9165=CARTESIAN_POINT('',(1.4243197889391,-1.32168351746898,0.00190011154270845));
#9166=CARTESIAN_POINT('',(1.4243197889391,-1.32168351746898,0.00190011154270845));
#9167=CARTESIAN_POINT('',(1.48041759735157,-1.07805873241763,0.00190011154270845));
#9168=CARTESIAN_POINT('Origin',(1.36686364128498,-1.31345655516529,0.00190011154270845));
#9169=CARTESIAN_POINT('',(1.36686364128498,-1.31345655516529,0.00190011154270845));
#9170=CARTESIAN_POINT('',(1.36686364128498,-1.31345655516529,0.00190011154270845));
#9171=CARTESIAN_POINT('',(1.4243197889391,-1.32168351746898,0.00190011154270845));
#9172=CARTESIAN_POINT('Origin',(1.53521815847242,-0.330063479424107,0.201900111542708));
#9173=CARTESIAN_POINT('',(1.69521815847242,-0.330063479424107,0.00190011154270845));
#9174=CARTESIAN_POINT('',(1.69521815847242,-0.330063479424107,0.201900111542708));
#9175=CARTESIAN_POINT('Origin',(1.53521815847242,-0.330063479424107,0.00190011154270845));
#9176=CARTESIAN_POINT('Origin',(1.09185375142806,-1.22395203555595,0.00190011154270845));
#9177=CARTESIAN_POINT('',(1.09185375142806,-1.22395203555595,0.00190011154270845));
#9178=CARTESIAN_POINT('',(1.09185375142806,-1.22395203555595,0.00190011154270845));
#9179=CARTESIAN_POINT('',(1.28305485243158,-0.92915751802452,0.00190011154270845));
#9180=CARTESIAN_POINT('',(1.22789303193647,-1.01420620327613,0.00190011154270845));
#9181=CARTESIAN_POINT('',(1.28305485243158,-0.92915751802452,0.00190011154270845));
#9182=CARTESIAN_POINT('Origin',(1.04067642028494,-1.19657005993208,0.00190011154270845));
#9183=CARTESIAN_POINT('',(1.04067642028494,-1.19657005993208,0.00190011154270845));
#9184=CARTESIAN_POINT('',(1.04067642028494,-1.19657005993208,0.00190011154270845));
#9185=CARTESIAN_POINT('',(1.09185375142806,-1.22395203555595,0.00190011154270845));
#9186=CARTESIAN_POINT('Origin',(1.13826861388146,-0.966405415060157,0.00190011154270845));
#9187=CARTESIAN_POINT('',(1.17786593289852,-0.873017793227196,0.00190011154270845));
#9188=CARTESIAN_POINT('',(1.17786593289852,-0.873017793227196,0.00190011154270845));
#9189=CARTESIAN_POINT('',(1.13826861388146,-0.966405415060157,0.00190011154270845));
#9190=CARTESIAN_POINT('Origin',(1.53521815847242,-0.330063479424107,0.00190011154270845));
#9191=CARTESIAN_POINT('',(1.09335993160519,-0.80678279658018,0.00190011154270845));
#9192=CARTESIAN_POINT('',(1.09335993160519,-0.80678279658018,0.00190011154270845));
#9193=CARTESIAN_POINT('Origin',(1.53521815847242,-0.330063479424107,0.00190011154270845));
#9194=CARTESIAN_POINT('Origin',(0.812864004768324,-1.01840440138335,0.00190011154270845));
#9195=CARTESIAN_POINT('',(0.812864004768324,-1.01840440138335,0.00190011154270845));
#9196=CARTESIAN_POINT('',(0.812864004768324,-1.01840440138335,0.00190011154270845));
#9197=CARTESIAN_POINT('',(1.01243641241741,-0.86783596476682,0.00190011154270845));
#9198=CARTESIAN_POINT('Origin',(0.774138231569036,-0.975170082814473,0.00190011154270845));
#9199=CARTESIAN_POINT('',(0.774138231569036,-0.975170082814473,0.00190011154270845));
#9200=CARTESIAN_POINT('',(0.774138231569036,-0.975170082814473,0.00190011154270845));
#9201=CARTESIAN_POINT('',(0.812864004768324,-1.01840440138335,0.00190011154270845));
#9202=CARTESIAN_POINT('Origin',(0.944565840565596,-0.792264560503868,0.00190011154270845));
#9203=CARTESIAN_POINT('',(1.01371559685298,-0.718051982120216,0.00190011154270845));
#9204=CARTESIAN_POINT('',(1.01371559685298,-0.718051982120215,0.00190011154270845));
#9205=CARTESIAN_POINT('',(0.944565840565596,-0.792264560503868,0.00190011154270845));
#9206=CARTESIAN_POINT('Origin',(1.53521815847242,-0.330063479424107,0.00190011154270845));
#9207=CARTESIAN_POINT('',(0.956959634071906,-0.626908689859012,0.00190011154270845));
#9208=CARTESIAN_POINT('',(0.956959634071906,-0.626908689859012,0.00190011154270845));
#9209=CARTESIAN_POINT('Origin',(1.53521815847242,-0.330063479424107,0.00190011154270845));
#9210=CARTESIAN_POINT('Origin',(0.621000829857207,-0.729832693192413,0.00190011154270845));
#9211=CARTESIAN_POINT('',(0.621000829857207,-0.729832693192413,0.00190011154270845));
#9212=CARTESIAN_POINT('',(0.621000829857207,-0.729832693192413,0.00190011154270845));
#9213=CARTESIAN_POINT('',(0.860034986909439,-0.656602427848576,0.00190011154270845));
#9214=CARTESIAN_POINT('Origin',(0.599397514381123,-0.675960728568511,0.00190011154270845));
#9215=CARTESIAN_POINT('',(0.599397514381123,-0.675960728568511,0.00190011154270845));
#9216=CARTESIAN_POINT('',(0.599397514381123,-0.675960728568511,0.00190011154270845));
#9217=CARTESIAN_POINT('',(0.621000829857207,-0.729832693192413,0.00190011154270845));
#9218=CARTESIAN_POINT('Origin',(0.822104453889106,-0.562375434207897,0.00190011154270845));
#9219=CARTESIAN_POINT('',(0.912466166296852,-0.516289031487631,0.00190011154270845));
#9220=CARTESIAN_POINT('',(0.912466166296852,-0.516289031487631,0.00190011154270845));
#9221=CARTESIAN_POINT('',(0.822104453889106,-0.562375434207897,0.00190011154270845));
#9222=CARTESIAN_POINT('Origin',(1.53521815847242,-0.330063479424107,0.00190011154270845));
#9223=CARTESIAN_POINT('',(0.890305848768224,-0.411230669790675,0.00190011154270845));
#9224=CARTESIAN_POINT('',(0.890305848768224,-0.411230669790674,0.00190011154270845));
#9225=CARTESIAN_POINT('Origin',(1.53521815847242,-0.330063479424107,0.00190011154270845));
#9226=CARTESIAN_POINT('Origin',(0.539405757187872,-0.393042917855785,0.00190011154270845));
#9227=CARTESIAN_POINT('',(0.539405757187872,-0.393042917855785,0.00190011154270845));
#9228=CARTESIAN_POINT('',(0.539405757187872,-0.393042917855785,0.00190011154270845));
#9229=CARTESIAN_POINT('',(0.789070616534311,-0.405983474548721,0.00190011154270845));
#9230=CARTESIAN_POINT('Origin',(0.537530578112388,-0.335031061176025,0.00190011154270845));
#9231=CARTESIAN_POINT('',(0.537530578112388,-0.335031061176025,0.00190011154270845));
#9232=CARTESIAN_POINT('',(0.537530578112388,-0.335031061176025,0.00190011154270845));
#9233=CARTESIAN_POINT('',(0.539405757187872,-0.393042917855785,0.00190011154270845));
#9234=CARTESIAN_POINT('Origin',(0.785655104422759,-0.304466057605702,0.00190011154270845));
#9235=CARTESIAN_POINT('',(0.886329816837646,-0.29206453087975,0.00190011154270845));
#9236=CARTESIAN_POINT('',(0.886329816837646,-0.29206453087975,0.00190011154270845));
#9237=CARTESIAN_POINT('',(0.785655104422759,-0.304466057605702,0.00190011154270845));
#9238=CARTESIAN_POINT('Origin',(1.53521815847242,-0.330063479424107,0.00190011154270845));
#9239=CARTESIAN_POINT('',(0.901438005906875,-0.185762688663979,0.00190011154270845));
#9240=CARTESIAN_POINT('',(0.901438005906875,-0.18576268866398,0.00190011154270845));
#9241=CARTESIAN_POINT('Origin',(1.53521815847242,-0.330063479424107,0.00190011154270845));
#9242=CARTESIAN_POINT('Origin',(0.577920356739262,-0.0486568927667763,0.00190011154270845));
#9243=CARTESIAN_POINT('',(0.577920356739262,-0.0486568927667763,0.00190011154270845));
#9244=CARTESIAN_POINT('',(0.577920356739262,-0.0486568927667763,0.00190011154270845));
#9245=CARTESIAN_POINT('',(0.80810265168183,-0.146207449377042,0.00190011154270845));
#9246=CARTESIAN_POINT('Origin',(0.595999488335577,0.00649776988944228,0.00190011154270845));
#9247=CARTESIAN_POINT('',(0.595999488335577,0.00649776988944228,0.00190011154270845));
#9248=CARTESIAN_POINT('',(0.595999488335577,0.00649776988944228,0.00190011154270845));
#9249=CARTESIAN_POINT('',(0.577920356739262,-0.0486568927667763,0.00190011154270845));
#9250=CARTESIAN_POINT('Origin',(0.839614121647303,-0.0496441078525172,0.00190011154270845));
#9251=CARTESIAN_POINT('',(0.938458977951583,-0.0724232642710708,0.00190011154270845));
#9252=CARTESIAN_POINT('',(0.938458977951583,-0.0724232642710715,0.00190011154270845));
#9253=CARTESIAN_POINT('',(0.839614121647303,-0.0496441078525172,0.00190011154270845));
#9254=CARTESIAN_POINT('Origin',(1.53521815847242,-0.330063479424107,0.00190011154270845));
#9255=CARTESIAN_POINT('',(0.989013403043796,0.0223004874441872,0.00190011154270845));
#9256=CARTESIAN_POINT('',(0.989013403043796,0.0223004874441872,0.00190011154270845));
#9257=CARTESIAN_POINT('Origin',(1.53521815847242,-0.330063479424107,0.00190011154270845));
#9258=CARTESIAN_POINT('Origin',(0.731899199390527,0.261787344852459,0.00190011154270845));
#9259=CARTESIAN_POINT('',(0.731899199390527,0.261787344852459,0.00190011154270845));
#9260=CARTESIAN_POINT('',(0.731899199390527,0.261787344852459,0.00190011154270845));
#9261=CARTESIAN_POINT('',(0.914835548030282,0.0913928251449448,0.00190011154270845));
#9262=CARTESIAN_POINT('Origin',(0.76775203156856,0.307432347172668,0.00190011154270845));
#9263=CARTESIAN_POINT('',(0.76775203156856,0.307432347172668,0.00190011154270845));
#9264=CARTESIAN_POINT('',(0.76775203156856,0.307432347172668,0.00190011154270845));
#9265=CARTESIAN_POINT('',(0.731899199390527,0.261787344852459,0.00190011154270845));
#9266=CARTESIAN_POINT('Origin',(0.977473251735177,0.171355127139977,0.00190011154270845));
#9267=CARTESIAN_POINT('',(1.06256610346384,0.116142790025539,0.00190011154270845));
#9268=CARTESIAN_POINT('',(1.06256610346384,0.116142790025539,0.00190011154270845));
#9269=CARTESIAN_POINT('',(0.977473251735177,0.171355127139977,0.00190011154270845));
#9270=CARTESIAN_POINT('Origin',(1.53521815847242,-0.330063479424107,0.00190011154270845));
#9271=CARTESIAN_POINT('',(1.14246915480907,0.187863368809738,0.00190011154270845));
#9272=CARTESIAN_POINT('',(1.14246915480907,0.187863368809738,0.00190011154270845));
#9273=CARTESIAN_POINT('Origin',(1.53521815847242,-0.330063479424107,0.00190011154270845));
#9274=CARTESIAN_POINT('Origin',(0.982770164232234,0.500845638276055,0.00190011154270845));
#9275=CARTESIAN_POINT('',(0.982770164232234,0.500845638276055,0.00190011154270845));
#9276=CARTESIAN_POINT('',(0.982770164232234,0.500845638276055,0.00190011154270845));
#9277=CARTESIAN_POINT('',(1.09639574307026,0.278159249303301,0.00190011154270845));
#9278=CARTESIAN_POINT('Origin',(1.03207231629987,0.531475519331948,0.00190011154270845));
#9279=CARTESIAN_POINT('',(1.03207231629987,0.531475519331948,0.00190011154270845));
#9280=CARTESIAN_POINT('',(1.03207231629987,0.531475519331948,0.00190011154270845));
#9281=CARTESIAN_POINT('',(0.982770164232234,0.500845638276055,0.00190011154270845));
#9282=CARTESIAN_POINT('Origin',(1.18260464901371,0.331875878030347,0.00190011154270845));
#9283=CARTESIAN_POINT('',(1.24368204241154,0.250889782923339,0.00190011154270845));
#9284=CARTESIAN_POINT('',(1.24368204241154,0.250889782923339,0.00190011154270845));
#9285=CARTESIAN_POINT('',(1.18260464901371,0.331875878030347,0.00190011154270845));
#9286=CARTESIAN_POINT('Origin',(1.53521815847242,-0.330063479424107,0.00190011154270845));
#9287=CARTESIAN_POINT('',(1.3432962327741,0.290956628492094,0.00190011154270845));
#9288=CARTESIAN_POINT('',(1.3432962327741,0.290956628492093,0.00190011154270845));
#9289=CARTESIAN_POINT('Origin',(1.53521815847242,-0.330063479424107,0.00190011154270845));
#9290=CARTESIAN_POINT('Origin',(1.30027451044336,0.63968402919247,0.00190011154270845));
#9291=CARTESIAN_POINT('',(1.30027451044336,0.63968402919247,0.00190011154270845));
#9292=CARTESIAN_POINT('',(1.30027451044336,0.63968402919247,0.00190011154270845));
#9293=CARTESIAN_POINT('',(1.33088439773684,0.391565035965671,0.00190011154270845));
#9294=CARTESIAN_POINT('Origin',(1.35707941523896,0.651604373279808,0.00190011154270845));
#9295=CARTESIAN_POINT('',(1.35707941523896,0.651604373279808,0.00190011154270845));
#9296=CARTESIAN_POINT('',(1.35707941523896,0.651604373279808,0.00190011154270845));
#9297=CARTESIAN_POINT('',(1.30027451044336,0.63968402919247,0.00190011154270845));
#9298=CARTESIAN_POINT('Origin',(1.43026643955412,0.412556973227243,0.00190011154270845));
#9299=CARTESIAN_POINT('',(1.45996153957102,0.315565238425037,0.00190011154270845));
#9300=CARTESIAN_POINT('',(1.45996153957102,0.315565238425037,0.00190011154270845));
#9301=CARTESIAN_POINT('',(1.43026643955412,0.412556973227243,0.00190011154270845));
#9302=CARTESIAN_POINT('Origin',(1.53521815847242,-0.330063479424107,0.00190011154270845));
#9303=CARTESIAN_POINT('',(1.56727192744431,0.319145697879092,0.00190011154270845));
#9304=CARTESIAN_POINT('',(1.56727192744431,0.319145697879092,0.00190011154270845));
#9305=CARTESIAN_POINT('Origin',(1.53521815847242,-0.330063479424107,0.00190011154270845));
#9306=CARTESIAN_POINT('Origin',(1.64611652800574,0.661556558620764,0.00190011154270845));
#9307=CARTESIAN_POINT('',(1.64611652800574,0.661556558620764,0.00190011154270845));
#9308=CARTESIAN_POINT('',(1.64611652800574,0.661556558620764,0.00190011154270845));
#9309=CARTESIAN_POINT('',(1.59001871959326,0.417931773569414,0.00190011154270845));
#9310=CARTESIAN_POINT('Origin',(1.70357267565986,0.653329596317072,0.00190011154270845));
#9311=CARTESIAN_POINT('',(1.64611652800574,0.661556558620764,0.00190011154270845));
#9312=CARTESIAN_POINT('Origin',(1.37984936062635,-1.06379404077198,0.00190011154270845));
#9313=CARTESIAN_POINT('',(1.38511822130543,-0.962495300937277,0.00190011154270845));
#9314=CARTESIAN_POINT('',(1.38511822130543,-0.962495300937277,0.00190011154270845));
#9315=CARTESIAN_POINT('',(1.37984936062635,-1.06379404077198,0.00190011154270845));
#9316=CARTESIAN_POINT('Origin',(1.53521815847242,-0.330063479424107,0.00190011154270845));
#9317=CARTESIAN_POINT('Origin',(1.53521815847242,-0.330063479424107,0.00190011154270845));
#9318=CARTESIAN_POINT('Origin',(1.53521815847242,-0.330063479424107,0.00190011154270845));
#9319=UNCERTAINTY_MEASURE_WITH_UNIT(LENGTH_MEASURE(0.000393700787401575),
#9324,'DISTANCE_ACCURACY_VALUE',
'Maximum model space distance between geometric entities at asserted c
onnectivities');
#9320=UNCERTAINTY_MEASURE_WITH_UNIT(LENGTH_MEASURE(0.000393700787401575),
#9324,'DISTANCE_ACCURACY_VALUE',
'Maximum model space distance between geometric entities at asserted c
onnectivities');
#9321=(
GEOMETRIC_REPRESENTATION_CONTEXT(3)
GLOBAL_UNCERTAINTY_ASSIGNED_CONTEXT((#9319))
GLOBAL_UNIT_ASSIGNED_CONTEXT((#9324,#9328,#9329))
REPRESENTATION_CONTEXT('','3D')
);
#9322=(
GEOMETRIC_REPRESENTATION_CONTEXT(3)
GLOBAL_UNCERTAINTY_ASSIGNED_CONTEXT((#9320))
GLOBAL_UNIT_ASSIGNED_CONTEXT((#9324,#9328,#9329))
REPRESENTATION_CONTEXT('','3D')
);
#9323=DIMENSIONAL_EXPONENTS(1.,0.,0.,0.,0.,0.,0.);
#9324=(
CONVERSION_BASED_UNIT('inch',#9327)
LENGTH_UNIT()
NAMED_UNIT(#9323)
);
#9325=(
LENGTH_UNIT()
NAMED_UNIT(*)
SI_UNIT(.MILLI.,.METRE.)
);
#9326=(
LENGTH_UNIT()
NAMED_UNIT(*)
SI_UNIT($,.METRE.)
);
#9327=LENGTH_MEASURE_WITH_UNIT(LENGTH_MEASURE(25.4),#9325);
#9328=(
NAMED_UNIT(*)
PLANE_ANGLE_UNIT()
SI_UNIT($,.RADIAN.)
);
#9329=(
NAMED_UNIT(*)
SI_UNIT($,.STERADIAN.)
SOLID_ANGLE_UNIT()
);
#9330=SHAPE_DEFINITION_REPRESENTATION(#9331,#9332);
#9331=PRODUCT_DEFINITION_SHAPE('',$,#9334);
#9332=SHAPE_REPRESENTATION('',(#5699),#9321);
#9333=PRODUCT_DEFINITION_CONTEXT('part definition',#9338,'design');
#9334=PRODUCT_DEFINITION('2026-03-18-13-44-59-232','finger_gears',#9335,
#9333);
#9335=PRODUCT_DEFINITION_FORMATION('',$,#9340);
#9336=PRODUCT_RELATED_PRODUCT_CATEGORY('finger_gears','finger_gears',(#9340));
#9337=APPLICATION_PROTOCOL_DEFINITION('international standard',
'automotive_design',2009,#9338);
#9338=APPLICATION_CONTEXT(
'Core Data for Automotive Mechanical Design Process');
#9339=PRODUCT_CONTEXT('part definition',#9338,'mechanical');
#9340=PRODUCT('2026-03-18-13-44-59-232','finger_gears',$,(#9339));
#9341=PRESENTATION_STYLE_ASSIGNMENT((#9342));
#9342=SURFACE_STYLE_USAGE(.BOTH.,#9343);
#9343=SURFACE_SIDE_STYLE('',(#9344));
#9344=SURFACE_STYLE_FILL_AREA(#9345);
#9345=FILL_AREA_STYLE('Steel - Satin',(#9346));
#9346=FILL_AREA_STYLE_COLOUR('Steel - Satin',#9347);
#9347=COLOUR_RGB('Steel - Satin',0.627450980392157,0.627450980392157,0.627450980392157);
ENDSEC;
END-ISO-10303-21;
